project_id,ministry,sector,agency,state,sanctioned_cost,revised_cost,cumulative_expenditure,physical_progress_pct,planned_start,planned_end,expected_completion_date,max_milestone_delay_months,cost_growth_pct,delayed_flag,overrun_flag,label_overrun,label_delay,label_impl_risk,update_date
PRJ-0001,Central Sector,Infrastructure,ministry of housing and urban affairs,Gujarat,200.0,200.0,100.0,0.0,2020-07-01,2026-03-01,2023-06-01,0,0.0,0,0,0,0,0,2026-09-30
PRJ-0002,Central Sector,Infrastructure,Ministry of Housing & Urban Affairs,Haryana,213.19,213.19,180.32,0.0,2017-03-01,2026-04-01,2026-04-01,0,0.0,0,0,0,0,0,2026-09-30
PRJ-0003,Central Sector,Infrastructure,Ministry of Housing & Urban Affairs,Karnataka,174.96,174.96,171.6,0.0,2016-11-01,2026-05-01,2026-05-01,0,0.0,0,0,0,0,0,2026-09-30
PRJ-0004,Central Sector,Infrastructure,Ministry of Housing & Urban Affairs,Madhya Pradesh,362.31,362.31,332.05,0.0,2018-10-01,2026-04-01,2026-04-01,0,0.0,0,0,0,0,0,2026-09-30
PRJ-0005,Central Sector,Infrastructure,Employee's State Insurance Company [ESIC],Tamil Nadu,152.95,177.01,130.22,0.0,2015-02-01,2026-05-01,2026-05-01,0,15.73,0,1,1,0,1,2026-09-30
PRJ-0006,Central Sector,Infrastructure,Power Grid Corporation of India Limited [POWERGRID],Gujarat,334.0,334.0,334.0,0.0,2023-07-01,2026-04-01,2026-04-01,0,0.0,0,0,0,0,0,2026-09-30
PRJ-0007,Central Sector,Infrastructure,Power Grid Corporation of India Limited [POWERGRID],Rajasthan,688.74,688.74,688.74,0.0,2021-12-01,2026-04-01,2026-04-01,0,0.0,0,0,0,0,0,2026-09-30
PRJ-0008,Central Sector,Infrastructure,Central Railway,Maharashtra,4027.53,4872.52,4924.05,0.0,2016-06-01,2025-02-01,2025-08-01,6,20.98,1,1,1,1,1,2026-09-30
PRJ-0009,Central Sector,Infrastructure,National Highways Authority of India [NHAI],Maharashtra,1097.81,758.4,316.23,0.0,2015-12-01,2019-03-01,2026-04-01,85,-30.92,1,0,0,1,1,2026-09-30
PRJ-0001,Central Sector,Infrastructure,Adani Airport Holdings Limited,Assam,1712.0,2520.0,2627.39,98.0,2016-12-01,2025-03-01,2026-06-01,15,47.2,1,1,1,1,1,2026-09-30
PRJ-0002,Central Sector,Infrastructure,Airport Authority of India [AAI],Manipur,499.0,499.0,201.99,50.69,2021-11-01,2024-07-01,2026-12-01,29,0.0,1,0,0,1,1,2026-09-30
PRJ-0003,Central Sector,Infrastructure,Airport Authority of India [AAI],Sikkim,323.26,323.26,80.84,34.25,2023-11-01,2026-06-01,2027-06-01,12,0.0,1,0,0,1,1,2026-09-30
PRJ-0004,Central Sector,Infrastructure,MIS MoCoal Integration Logins,Assam,159.77,159.77,111.47,88.18,2022-07-01,2031-07-01,2031-07-01,0,0.0,0,0,0,0,0,2026-09-30
PRJ-0005,Central Sector,Infrastructure,MIS MoCoal Integration Logins,Assam,289.46,289.46,105.61,3.26,2022-11-01,2030-11-01,2030-11-01,0,0.0,0,0,0,0,0,2026-09-30
PRJ-0006,Central Sector,Infrastructure,"National Institute of Technology, Arunachal Pradesh",Arunachal Pradesh,592.61,592.61,551.3,80.0,2009-09-01,2026-08-01,2024-08-01,0,0.0,0,0,0,0,0,2026-09-30
PRJ-0007,Central Sector,Infrastructure,Tezpur University,Assam,153.71,153.71,137.84,97.7,2019-05-01,2023-11-01,2025-12-01,25,0.0,1,0,0,1,1,2026-09-30
PRJ-0008,Central Sector,Infrastructure,"National Institute of Technology, Meghalaya",Meghalaya,494.52,429.7,368.98,95.0,2009-09-01,2022-03-01,2026-10-01,55,-13.11,1,0,0,1,1,2026-09-30
PRJ-0009,Central Sector,Infrastructure,NIT Mizoram,Mizoram,474.23,474.23,167.55,4.0,2009-09-01,2029-12-01,2022-03-01,0,0.0,0,0,0,0,0,2026-09-30
PRJ-0010,Central Sector,Infrastructure,NIT Nagaland,Nagaland,275.63,275.63,263.25,98.0,2009-09-01,2025-12-01,2025-12-01,0,0.0,0,0,0,0,0,2026-09-30
PRJ-0011,Central Sector,Infrastructure,Sikkim University,Sikkim,314.06,314.06,292.0,95.0,2020-08-01,2025-01-01,2026-03-01,14,0.0,1,0,0,1,1,2026-09-30
PRJ-0012,Central Sector,Infrastructure,NIT Sikkim,Sikkim,685.76,610.76,283.56,34.5,2024-02-01,2028-02-01,2026-12-01,0,-10.94,0,0,0,0,0,2026-09-30
PRJ-0013,Central Sector,Infrastructure,Department of Sports & Youth Affairs,Manipur,906.47,611.74,574.12,97.0,2022-01-01,2024-08-01,2026-08-01,24,-32.51,1,0,0,1,1,2026-09-30
PRJ-0014,Central Sector,Infrastructure,National Hydroelectric Power Corporation Limited [NHPC],Arunachal Pradesh,31876.39,31876.4,4593.04,17.43,2023-02-01,2032-02-01,2032-02-01,0,0.0,0,1,1,0,0,2026-09-30
PRJ-0015,Central Sector,Infrastructure,THDC India Limited,Arunachal Pradesh,14105.83,14105.8,187.16,0.0,2026-04-01,2032-10-01,2032-10-01,0,-0.0,0,0,0,0,0,2026-09-30
PRJ-0016,Central Sector,Infrastructure,North Eastern Electric Power Corporation Limited,Arunachal Pradesh,1938.85,1938.85,96.94,4.95,2024-12-01,2029-07-01,2029-07-01,0,0.0,0,0,0,0,0,2026-09-30
PRJ-0017,Central Sector,Infrastructure,North Eastern Electric Power Corporation Limited,Arunachal Pradesh,1750.07,1750.07,73.91,5.04,2024-12-01,2029-07-01,2029-07-01,0,0.0,0,0,0,0,0,2026-09-30
PRJ-0018,Central Sector,Infrastructure,North Eastern Electric Power Corporation Limited,Arunachal Pradesh,8146.21,8146.21,243.25,6.41,2025-09-01,2031-09-01,2031-09-01,0,0.0,0,0,0,0,0,2026-09-30
PRJ-0019,Central Sector,Infrastructure,National Hydroelectric Power Corporation Limited [NHPC],"Multi-States (Assam, Arunachal Pradesh)",6285.33,26075.5,26150.32,97.64,2003-09-01,2010-09-01,2026-05-01,188,314.86,1,1,1,1,1,2026-09-30
PRJ-0020,Central Sector,Infrastructure,National Hydroelectric Power Corporation Limited [NHPC],Sikkim,5748.04,5748.04,4356.15,72.51,2019-03-01,2024-03-01,2027-12-01,45,0.0,1,0,0,1,1,2026-09-30
PRJ-0021,Central Sector,Infrastructure,National Hydroelectric Power Corporation Limited [NHPC],Sikkim,938.29,1828.11,1625.93,96.53,2021-03-01,2024-05-01,2025-12-01,19,94.83,1,1,1,1,1,2026-09-30
PRJ-0022,Central Sector,Infrastructure,Power Grid Corporation of India Limited [POWERGRID],Arunachal Pradesh,209.38,209.38,3.14,1.5,2025-08-01,2028-02-01,2028-02-01,0,0.0,0,0,0,0,0,2026-09-30
PRJ-0023,Central Sector,Infrastructure,Power Grid Corporation of India Limited [POWERGRID],"Multi-States (Arunachal Pradesh, Sikkim)",4754.42,9129.32,8069.4,83.4,2014-10-01,2018-12-01,2027-03-01,99,92.02,1,1,1,1,1,2026-09-30
PRJ-0024,Central Sector,Infrastructure,Power Grid Corporation of India Limited [POWERGRID],"Multi-States (Mizoram, Manipur, Tripura, Assam, Meghalaya, Nagaland)",5111.33,6700.0,5577.75,98.5,2014-12-01,2018-12-01,2027-03-01,99,31.08,1,1,1,1,1,2026-09-30
PRJ-0025,Central Sector,Infrastructure,Hindustan Petroleum Corporation Limited [HPCL],Assam,384.04,384.04,216.85,82.4,2023-03-01,2027-07-01,2027-07-01,0,0.0,0,0,0,0,0,2026-09-30
PRJ-0026,Central Sector,Infrastructure,Hindustan Petroleum Corporation Limited,Assam,156.36,156.36,102.07,75.5,2023-03-01,2027-07-01,2027-07-01,0,0.0,0,0,0,0,0,2026-09-30
PRJ-0027,Central Sector,Infrastructure,Ministry of Petroleum & Natural Gas,Assam,10228.0,11407.0,10912.42,92.4,2019-01-01,2024-07-01,2026-10-01,27,11.53,1,1,1,1,1,2026-09-30
PRJ-0028,Central Sector,Infrastructure,Ministry of Petroleum & Natural Gas,Mizoram,225.71,225.71,22.78,32.0,2024-07-01,2028-10-01,2027-11-01,0,0.0,0,0,0,0,0,2026-09-30
PRJ-0029,Central Sector,Infrastructure,Indian Oil Corporation Limited [IOCL],Tripura,656.0,656.0,537.17,97.0,2022-06-01,2025-09-01,2026-06-01,9,0.0,1,0,0,1,1,2026-09-30
PRJ-0030,Central Sector,Infrastructure,NRL,Assam,293.5,293.5,81.84,99.0,2023-04-01,2024-12-01,2026-09-01,21,0.0,1,0,0,1,1,2026-09-30
PRJ-0031,Central Sector,Infrastructure,NRL,Assam,370.0,370.0,281.31,76.3,2021-08-01,2024-07-01,2026-10-01,27,0.0,1,0,0,1,1,2026-09-30
PRJ-0032,Central Sector,Infrastructure,Ministry of Petroleum & Natural Gas,Assam,198.7,198.7,96.22,55.7,2023-09-01,2026-05-01,2026-09-01,4,0.0,1,0,0,1,0,2026-09-30
PRJ-0033,Central Sector,Infrastructure,Ministry of Petroleum & Natural Gas,Assam,481.03,481.03,235.37,54.1,2023-01-01,2026-04-01,2027-04-01,12,0.0,1,0,0,1,1,2026-09-30
PRJ-0034,Central Sector,Infrastructure,Ministry of Petroleum & Natural Gas,Assam,12366.0,22494.0,19522.33,84.6,2020-07-01,2024-07-01,2027-03-01,32,81.9,1,1,1,1,1,2026-09-30
PRJ-0035,Central Sector,Infrastructure,Ministry of Petroleum & Natural Gas,Assam,682.9,726.93,598.62,94.3,2018-01-01,2020-02-01,2026-06-01,76,6.45,1,1,1,1,1,2026-09-30
PRJ-0036,Central Sector,Infrastructure,MinistryofPetroleumNaturalGas,Assam,768.0,740.0,174.5,56.0,2022-06-01,2026-03-01,2027-07-01,16,-3.65,1,0,0,1,1,2026-09-30
PRJ-0037,Central Sector,Infrastructure,Ministry of Petroleum & Natural Gas,Assam,412.3,577.0,457.64,94.9,2021-05-01,2023-10-01,2026-05-01,31,39.95,1,1,1,1,1,2026-09-30
PRJ-0038,Central Sector,Infrastructure,MinistryofPetroleumNaturalGas,Assam,277.0,323.09,226.36,81.2,2022-04-01,2026-09-01,2026-09-01,0,16.64,0,1,1,0,1,2026-09-30
PRJ-0039,Central Sector,Infrastructure,Ministry of Petroleum & Natural Gas,Assam,430.76,430.76,346.97,92.4,2020-12-01,2024-03-01,2026-06-01,27,0.0,1,0,0,1,1,2026-09-30
PRJ-0040,Central Sector,Infrastructure,Ministry of Petroleum & Natural Gas,Assam,680.0,680.0,8.19,24.0,2024-12-01,2029-12-01,2029-12-01,0,0.0,0,0,0,0,0,2026-09-30
PRJ-0041,Central Sector,Infrastructure,Ministry of Petroleum & Natural Gas,Assam,635.28,635.28,453.66,60.6,2022-12-01,2025-12-01,2026-09-01,9,0.0,1,0,0,1,1,2026-09-30
PRJ-0042,Central Sector,Infrastructure,Ministry of Petroleum & Natural Gas,Assam,495.59,495.59,18.04,5.7,2025-10-01,2027-10-01,2027-10-01,0,0.0,0,0,0,0,0,2026-09-30
PRJ-0043,Central Sector,Infrastructure,Ministry of Petroleum & Natural Gas,"Multi-States (Arunachal Pradesh, Meghalaya, Assam, Nagaland, Sikkim, Tripura, Mizoram, Manipur)",9265.0,9265.0,6877.97,87.6,2020-04-01,2024-03-01,2026-07-01,28,0.0,1,0,0,1,1,2026-09-30
PRJ-0044,Central Sector,Infrastructure,MinistryofPetroleumNaturalGas,Nagaland,227.62,227.62,25.94,41.0,2023-08-01,2027-11-01,2027-11-01,0,0.0,0,0,0,0,0,2026-09-30
PRJ-0045,Central Sector,Infrastructure,Oil and Natural Gas Corporation Limited [ONGC],Tripura,209.33,131.51,78.98,68.9,2022-03-01,2024-05-01,2026-08-01,27,-37.18,1,0,0,1,1,2026-09-30
PRJ-0046,Central Sector,Infrastructure,"Medical Education, Ministry of Health and Family Welfare",Sikkim,250.0,635.21,666.21,92.0,2018-10-01,2026-12-01,2026-12-01,0,154.08,0,1,1,0,1,2026-09-30
PRJ-0047,Central Sector,Infrastructure,Employee's State Insurance Company [ESIC],Assam,143.23,154.75,130.08,98.0,2017-12-01,2025-04-01,2026-06-01,14,8.04,1,1,1,1,1,2026-09-30
PRJ-0048,Central Sector,Infrastructure,Northeast Frontier Railway [NFR],Assam,4060.0,4961.0,3797.35,95.13,2016-09-01,2026-03-01,2026-03-01,0,22.19,0,1,1,0,1,2026-09-30
PRJ-0049,Central Sector,Infrastructure,Central Organisation for Railway Electrification [CORE],Assam,890.36,889.36,391.73,89.0,2020-09-01,2020-09-01,2024-06-01,45,-0.11,1,0,0,1,1,2026-09-30
PRJ-0050,Central Sector,Infrastructure,GM/C/ NFR,Assam,183.99,183.99,0.0,0.0,2018-09-01,2024-05-01,2024-05-01,0,0.0,0,0,0,0,0,2026-09-30
PRJ-0051,Central Sector,Infrastructure,GM/C/ NFR,Assam,237.52,237.52,0.0,0.0,2018-09-01,2024-05-01,2024-05-01,0,0.0,0,0,0,0,0,2026-09-30
PRJ-0052,Central Sector,Infrastructure,Northeast Frontier Railway [NFR],Assam,3633.58,3633.58,0.0,0.0,2025-09-01,2029-06-01,2029-06-01,0,0.0,0,0,0,0,0,2026-09-30
PRJ-0053,Central Sector,Infrastructure,Northeast Frontier Railway [NFR],Manipur,14323.0,21885.9,16020.78,72.1,2013-03-01,2026-12-01,2029-06-01,30,52.8,1,1,1,1,1,2026-09-30
PRJ-0054,Central Sector,Infrastructure,Northeast Frontier Railway [NFR],Meghalaya,8324.28,8342.28,266.12,2.04,2011-04-01,2021-03-01,2027-03-01,72,0.22,1,1,1,1,1,2026-09-30
PRJ-0055,Central Sector,Infrastructure,Northeast Frontier Railway [NFR] - II,"Multi-States (Arunachal Pradesh, Assam)",435.0,1250.0,853.0,68.0,2011-02-01,2025-03-01,2026-12-01,21,187.36,1,1,1,1,1,2026-09-30
PRJ-0056,Central Sector,Infrastructure,Northeast Frontier Railway [NFR] - II,"Multi-States (Assam, Nagaland)",6663.0,6663.0,6282.3,43.0,2015-08-01,2025-03-01,2029-12-01,57,0.0,1,0,0,1,1,2026-09-30
PRJ-0057,Central Sector,Infrastructure,Northeast Frontier Railway [NFR],"Multi-States (Meghalaya, Assam)",1304.62,1304.62,1254.47,86.16,2010-08-01,2011-11-01,2027-06-01,187,0.0,1,0,0,1,1,2026-09-30
PRJ-0058,Central Sector,Infrastructure,Northeast Frontier Railway [NFR],"Multi-States (Nagaland, Assam)",2123.7,2123.7,121.34,10.0,2024-02-01,2028-02-01,2028-02-01,0,0.0,0,0,0,0,0,2026-09-30
PRJ-0059,Central Sector,Infrastructure,Indian Railway Construction International Limited [IRCON],Sikkim,7877.0,11775.0,10770.42,93.0,2009-10-01,2015-05-01,2027-12-01,151,49.49,1,1,1,1,1,2026-09-30
PRJ-0060,Central Sector,Infrastructure,MoRTH,Arunachal Pradesh,450.65,450.65,308.61,96.61,2019-03-01,2023-11-01,2026-05-01,30,0.0,1,0,0,1,1,2026-09-30
PRJ-0061,Central Sector,Infrastructure,MoRTH,Arunachal Pradesh,496.47,496.47,165.43,51.37,2020-06-01,2024-12-01,2026-07-01,19,0.0,1,0,0,1,1,2026-09-30
PRJ-0062,Central Sector,Infrastructure,NHIDCL,Arunachal Pradesh,316.73,316.73,0.0,0.0,2023-12-01,2028-02-01,2028-02-01,0,0.0,0,0,0,0,0,2026-09-30
PRJ-0063,Central Sector,Infrastructure,NHIDCL,Arunachal Pradesh,353.9,353.9,0.0,17.91,2020-08-01,2027-12-01,2027-12-01,0,0.0,0,0,0,0,0,2026-09-30
PRJ-0064,Central Sector,Infrastructure,NHIDCL,Arunachal Pradesh,1418.67,1418.67,0.0,1.7,2024-02-01,2028-07-01,2028-07-01,0,0.0,0,0,0,0,0,2026-09-30
PRJ-0065,Central Sector,Infrastructure,NHIDCL,Arunachal Pradesh,1262.43,1262.43,233.81,16.75,2024-02-01,2028-02-01,2028-03-01,1,0.0,1,0,0,1,0,2026-09-30
PRJ-0066,Central Sector,Infrastructure,NHIDCL,Arunachal Pradesh,275.5,275.5,0.0,49.23,2024-02-01,2027-01-01,2027-01-01,0,0.0,0,0,0,0,0,2026-09-30
PRJ-0067,Central Sector,Infrastructure,NHIDCL,Arunachal Pradesh,625.61,625.61,0.0,21.37,2023-12-01,2027-11-01,2027-11-01,0,0.0,0,0,0,0,0,2026-09-30
PRJ-0068,Central Sector,Infrastructure,NHIDCL,Arunachal Pradesh,898.19,898.19,0.0,39.1,2024-01-01,2027-07-01,2027-07-01,0,0.0,0,0,0,0,0,2026-09-30
PRJ-0069,Central Sector,Infrastructure,NHIDCL,Arunachal Pradesh,1718.59,1718.59,178.83,82.04,2017-02-01,2022-03-01,2026-06-01,51,0.0,1,0,0,1,1,2026-09-30
PRJ-0070,Central Sector,Infrastructure,NHIDCL,Arunachal Pradesh,184.89,184.89,0.0,99.69,2017-02-01,2022-04-01,2026-04-01,48,0.0,1,0,0,1,1,2026-09-30
PRJ-0071,Central Sector,Infrastructure,NHIDCL,Arunachal Pradesh,228.72,228.72,0.0,99.52,2017-02-01,2022-04-01,2023-07-01,15,0.0,1,0,0,1,1,2026-09-30
PRJ-0072,Central Sector,Infrastructure,NHIDCL,Assam,279.01,279.01,0.0,94.73,2024-01-01,2024-08-01,2024-08-01,0,0.0,0,0,0,0,0,2026-09-30
PRJ-0073,Central Sector,Infrastructure,NHIDCL,Assam,693.97,693.97,37.6,93.23,2020-02-01,2022-06-01,2024-09-01,27,0.0,1,0,0,1,1,2026-09-30
PRJ-0074,Central Sector,Infrastructure,NHIDCL,Assam,693.97,693.97,296.96,100.0,2020-02-01,2022-04-01,2024-09-01,29,0.0,1,0,0,1,1,2026-09-30
PRJ-0075,Central Sector,Infrastructure,National Highways Authority of India [NHAI],Assam,280.75,255.53,211.79,99.04,2022-03-01,2024-06-01,2024-06-01,0,-8.98,0,0,0,0,0,2026-09-30
PRJ-0076,Central Sector,Infrastructure,National Highways Authority of India [NHAI],Assam,5729.47,5729.47,3.15,0.0,2024-08-01,2030-01-01,2030-01-01,0,0.0,0,0,0,0,0,2026-09-30
PRJ-0077,Central Sector,Infrastructure,National Highways Authority of India [NHAI],Assam,1200.14,1200.14,0.0,52.0,2017-12-01,2023-06-01,2027-07-01,49,0.0,1,0,0,1,1,2026-09-30
PRJ-0078,Central Sector,Infrastructure,NHIDCL,Assam,4997.04,4997.04,2808.4,74.36,2019-05-01,2028-09-01,2028-09-01,0,0.0,0,0,0,0,0,2026-09-30
PRJ-0079,Central Sector,Infrastructure,NHIDCL,Assam,909.02,909.02,638.5,100.0,2022-03-01,2025-01-01,2025-06-01,5,0.0,1,0,0,1,0,2026-09-30
PRJ-0080,Central Sector,Infrastructure,NHIDCL,Assam,613.89,613.89,260.02,78.09,2022-03-01,2026-11-01,2026-11-01,0,0.0,0,0,0,0,0,2026-09-30
PRJ-0081,Central Sector,Infrastructure,NHIDCL,Assam,438.44,438.44,0.0,95.86,2024-01-01,2024-08-01,2024-08-01,0,0.0,0,0,0,0,0,2026-09-30
PRJ-0082,Central Sector,Infrastructure,NHIDCL,Assam,358.72,358.72,0.07,99.05,2024-01-01,2024-08-01,2024-08-01,0,0.0,0,0,0,0,0,2026-09-30
PRJ-0083,Central Sector,Infrastructure,NHIDCL,Assam,467.79,476.5,72.13,0.0,2016-01-01,2025-09-01,2025-09-01,0,1.86,0,1,1,0,0,2026-09-30
PRJ-0084,Central Sector,Infrastructure,NHIDCL,Assam,187.09,100.22,0.0,0.0,2016-01-01,2025-10-01,2025-10-01,0,-46.43,0,0,0,0,0,2026-09-30
PRJ-0085,Central Sector,Infrastructure,NHIDCL,Assam,478.3,478.3,0.0,96.79,2024-01-01,2024-08-01,2024-08-01,0,0.0,0,0,0,0,0,2026-09-30
PRJ-0086,Central Sector,Infrastructure,NHIDCL,Assam,508.76,542.87,58.12,47.34,2014-10-01,2026-01-01,2026-01-01,0,6.7,0,1,1,0,0,2026-09-30
PRJ-0087,Central Sector,Infrastructure,NHIDCL,Assam,574.26,574.26,316.32,71.09,2023-02-01,2026-08-01,2026-08-01,0,0.0,0,0,0,0,0,2026-09-30
PRJ-0088,Central Sector,Infrastructure,NHIDCL,Assam,385.57,385.57,145.89,100.0,2016-01-01,2024-07-01,2025-08-01,13,0.0,1,0,0,1,1,2026-09-30
PRJ-0089,Central Sector,Infrastructure,NHIDCL,Assam,274.34,274.34,90.6,100.0,2016-01-01,2025-03-01,2025-08-01,5,0.0,1,0,0,1,0,2026-09-30
PRJ-0090,Central Sector,Infrastructure,NHIDCL,Assam,344.71,619.7,46.37,62.9,2014-10-01,2025-09-01,2025-09-01,0,79.77,0,1,1,0,1,2026-09-30
PRJ-0091,Central Sector,Infrastructure,NHAI,Assam,1909.98,2745.74,1307.33,93.08,2022-03-01,2026-01-01,2026-06-01,5,43.76,1,1,1,1,1,2026-09-30
PRJ-0092,Central Sector,Infrastructure,NHIDCL,Assam,599.0,599.0,405.02,100.0,2015-03-01,2019-06-01,2025-07-01,73,0.0,1,0,0,1,1,2026-09-30
PRJ-0093,Central Sector,Infrastructure,NHIDCL,Assam,386.51,386.51,352.16,97.13,2016-01-01,2020-04-01,2026-06-01,74,0.0,1,0,0,1,1,2026-09-30
PRJ-0094,Central Sector,Infrastructure,MoRTH,Assam,421.15,421.15,0.0,17.9,2024-03-01,2026-10-01,2026-10-01,0,0.0,0,0,0,0,0,2026-09-30
PRJ-0095,Central Sector,Infrastructure,MoRTH,Assam,535.03,535.03,161.56,70.71,2022-03-01,2025-04-01,2026-12-01,20,0.0,1,0,0,1,1,2026-09-30
PRJ-0096,Central Sector,Infrastructure,NHIDCL,Assam,846.82,846.82,0.0,85.29,2023-12-01,2026-03-01,2026-06-01,3,0.0,1,0,0,1,0,2026-09-30
PRJ-0097,Central Sector,Infrastructure,NHIDCL,Assam,904.04,904.04,520.05,85.2,2023-03-01,2025-08-01,2026-06-01,10,0.0,1,0,0,1,1,2026-09-30
PRJ-0098,Central Sector,Infrastructure,NHIDCL,Assam,860.37,614.43,528.46,87.5,2023-03-01,2025-08-01,2026-06-01,10,-28.59,1,0,0,1,1,2026-09-30
PRJ-0099,Central Sector,Infrastructure,NHIDCL,Assam,890.33,693.15,569.61,81.9,2023-03-01,2025-08-01,2026-06-01,10,-22.15,1,0,0,1,1,2026-09-30
PRJ-0100,Central Sector,Infrastructure,MoRTH,Assam,173.65,173.65,8.07,20.0,2023-03-01,2026-08-01,2026-08-01,0,0.0,0,0,0,0,0,2026-09-30
PRJ-0101,Central Sector,Infrastructure,MoRTH,Assam,382.1,382.1,25.58,0.0,2024-02-01,2027-03-01,2027-03-01,0,0.0,0,0,0,0,0,2026-09-30
PRJ-0102,Central Sector,Infrastructure,MoRTH,Assam,1019.17,1019.17,0.0,1.82,2025-03-01,2027-12-01,2027-12-01,0,0.0,0,0,0,0,0,2026-09-30
PRJ-0103,Central Sector,Infrastructure,NHIDCL,Assam,1264.9,1264.9,469.24,56.91,2023-03-01,2026-06-01,2027-03-01,9,0.0,1,0,0,1,1,2026-09-30
PRJ-0104,Central Sector,Infrastructure,NHIDCL,Assam,1000.27,1000.27,416.11,50.92,2023-03-01,2026-06-01,2027-03-01,9,0.0,1,0,0,1,1,2026-09-30
PRJ-0105,Central Sector,Infrastructure,NHIDCL,Assam,1457.59,1457.59,793.68,79.46,2023-03-01,2026-12-01,2026-12-01,0,0.0,0,0,0,0,0,2026-09-30
PRJ-0106,Central Sector,Infrastructure,NHIDCL,Assam,286.72,286.72,186.64,100.0,2021-03-01,2025-10-01,2026-01-01,3,0.0,1,0,0,1,0,2026-09-30
PRJ-0107,Central Sector,Infrastructure,NHIDCL,Assam,746.76,746.76,410.28,76.47,2021-09-01,2024-11-01,2026-12-01,25,0.0,1,0,0,1,1,2026-09-30
PRJ-0108,Central Sector,Infrastructure,NHIDCL,Assam,1338.61,1338.61,0.0,12.45,2023-11-01,2027-06-01,2027-06-01,0,0.0,0,0,0,0,0,2026-09-30
PRJ-0109,Central Sector,Infrastructure,NHIDCL,Assam,1081.15,1081.15,0.0,28.74,2024-02-01,2027-08-01,2027-08-01,0,0.0,0,0,0,0,0,2026-09-30
PRJ-0110,Central Sector,Infrastructure,NHIDCL,Assam,224.85,224.85,204.31,97.76,2020-03-01,2022-12-01,2026-03-01,39,0.0,1,0,0,1,1,2026-09-30
PRJ-0111,Central Sector,Infrastructure,NHIDCL,Assam,676.18,728.97,0.0,57.17,2023-03-01,2027-02-01,2027-02-01,0,7.81,0,1,1,0,0,2026-09-30
PRJ-0112,Central Sector,Infrastructure,NHIDCL,Assam,1319.55,1319.55,0.0,14.6,2024-02-01,2027-08-01,2027-08-01,0,0.0,0,0,0,0,0,2026-09-30
PRJ-0113,Central Sector,Infrastructure,NHIDCL,Assam,791.79,791.79,0.06,40.4,2024-02-01,2027-02-01,2027-02-01,0,0.0,0,0,0,0,0,2026-09-30
PRJ-0114,Central Sector,Infrastructure,NHIDCL,Assam,870.0,870.0,0.0,31.83,2024-03-01,2027-03-01,2027-03-01,0,0.0,0,0,0,0,0,2026-09-30
PRJ-0115,Central Sector,Infrastructure,NHIDCL,Assam,1258.13,1258.13,0.0,11.0,2024-02-01,2027-10-01,2027-10-01,0,0.0,0,0,0,0,0,2026-09-30
PRJ-0116,Central Sector,Infrastructure,NHIDCL,Assam,1181.55,1181.55,0.0,0.0,2024-03-01,2027-09-01,2027-09-01,0,0.0,0,0,0,0,0,2026-09-30
PRJ-0117,Central Sector,Infrastructure,NHIDCL,Assam,1716.21,1716.21,918.32,79.34,2023-03-01,2026-08-01,2026-08-01,0,0.0,0,0,0,0,0,2026-09-30
PRJ-0118,Central Sector,Infrastructure,NHIDCL,Assam,1256.9,1256.9,550.91,55.46,2023-02-01,2026-07-01,2026-07-01,0,0.0,0,0,0,0,0,2026-09-30
PRJ-0119,Central Sector,Infrastructure,NHIDCL,Assam,204.1,204.1,0.0,0.0,2021-11-01,2024-07-01,2025-12-01,17,0.0,1,0,0,1,1,2026-09-30
PRJ-0120,Central Sector,Infrastructure,NHIDCL,Assam,516.88,516.88,0.0,97.96,2023-01-01,2025-11-01,2026-05-01,6,0.0,1,0,0,1,0,2026-09-30
PRJ-0121,Central Sector,Infrastructure,NHIDCL,Assam,625.64,625.64,0.0,0.0,2021-09-01,2024-07-01,2025-03-01,8,0.0,1,0,0,1,1,2026-09-30
PRJ-0122,Central Sector,Infrastructure,NHIDCL,Assam,511.02,511.02,647.21,100.0,2018-03-01,2022-11-01,2025-09-01,34,0.0,1,0,0,1,1,2026-09-30
PRJ-0123,Central Sector,Infrastructure,NHIDCL,Assam,957.95,957.95,149.51,36.56,2024-01-01,2028-01-01,2028-01-01,0,0.0,0,0,0,0,0,2026-09-30
PRJ-0124,Central Sector,Infrastructure,NHIDCL,Assam,356.65,356.65,0.0,20.45,2023-01-01,2026-12-01,2026-12-01,0,0.0,0,0,0,0,0,2026-09-30
PRJ-0125,Central Sector,Infrastructure,NHIDCL,Assam,458.59,458.59,217.2,83.39,2023-01-01,2025-05-01,2026-07-01,14,0.0,1,0,0,1,1,2026-09-30
PRJ-0126,Central Sector,Infrastructure,NHIDCL,Manipur,760.16,760.16,414.38,90.52,2023-01-01,2025-12-01,2026-06-01,6,0.0,1,0,0,1,0,2026-09-30
PRJ-0127,Central Sector,Infrastructure,NHIDCL,Manipur,504.76,504.76,308.06,95.0,2021-12-01,2025-02-01,2026-05-01,15,0.0,1,0,0,1,1,2026-09-30
PRJ-0128,Central Sector,Infrastructure,NHIDCL,Manipur,410.68,410.68,339.14,89.95,2021-12-01,2024-05-01,2026-06-01,25,0.0,1,0,0,1,1,2026-09-30
PRJ-0129,Central Sector,Infrastructure,NHIDCL,Manipur,579.63,579.63,377.13,84.86,2021-09-01,2023-12-01,2026-07-01,31,0.0,1,0,0,1,1,2026-09-30
PRJ-0130,Central Sector,Infrastructure,NHIDCL,Manipur,311.18,311.18,230.69,86.73,2021-09-01,2023-05-01,2025-12-01,31,0.0,1,0,0,1,1,2026-09-30
PRJ-0131,Central Sector,Infrastructure,NHIDCL,Manipur,477.86,477.86,330.1,84.87,2021-09-01,2023-05-01,2026-01-01,32,0.0,1,0,0,1,1,2026-09-30
PRJ-0132,Central Sector,Infrastructure,NHIDCL,Manipur,234.08,234.08,196.29,100.0,2021-03-01,2022-12-01,2026-04-01,40,0.0,1,0,0,1,1,2026-09-30
PRJ-0133,Central Sector,Infrastructure,NHIDCL,Manipur,483.87,483.87,361.96,95.28,2021-07-01,2023-03-01,2026-03-01,36,0.0,1,0,0,1,1,2026-09-30
PRJ-0134,Central Sector,Infrastructure,NHIDCL,Manipur,564.05,564.05,72.58,14.08,2023-03-01,2027-03-01,2027-05-01,2,0.0,1,0,0,1,0,2026-09-30
PRJ-0135,Central Sector,Infrastructure,NHIDCL,Manipur,554.66,554.66,201.52,22.55,2023-03-01,2026-12-01,2026-12-01,0,0.0,0,0,0,0,0,2026-09-30
PRJ-0136,Central Sector,Infrastructure,NHIDCL,Manipur,164.89,164.89,125.76,23.56,2023-03-01,2026-06-01,2026-10-01,4,0.0,1,0,0,1,0,2026-09-30
PRJ-0137,Central Sector,Infrastructure,NHIDCL,Manipur,222.77,222.77,0.0,88.85,2020-03-01,2022-06-01,2026-04-01,46,0.0,1,0,0,1,1,2026-09-30
PRJ-0138,Central Sector,Infrastructure,NHIDCL,Manipur,256.04,256.04,0.0,97.12,2020-03-01,2022-06-01,2026-06-01,48,0.0,1,0,0,1,1,2026-09-30
PRJ-0139,Central Sector,Infrastructure,NHIDCL,Manipur,228.97,228.97,33.76,48.16,2020-09-01,2026-08-01,2026-08-01,0,0.0,0,0,0,0,0,2026-09-30
PRJ-0140,Central Sector,Infrastructure,NHIDCL,Manipur,379.39,379.39,301.89,91.31,2020-09-01,2022-04-01,2026-08-01,52,0.0,1,0,0,1,1,2026-09-30
PRJ-0141,Central Sector,Infrastructure,NHIDCL,Manipur,268.98,268.98,0.0,55.15,2020-09-01,2026-06-01,2026-06-01,0,0.0,0,0,0,0,0,2026-09-30
PRJ-0142,Central Sector,Infrastructure,NHIDCL,Manipur,578.98,578.98,249.29,79.5,2023-03-01,2026-03-01,2026-04-01,1,0.0,1,0,0,1,0,2026-09-30
PRJ-0143,Central Sector,Infrastructure,NHIDCL,Manipur,315.56,315.56,227.98,90.91,2021-09-01,2025-01-01,2026-07-01,18,0.0,1,0,0,1,1,2026-09-30
PRJ-0144,Central Sector,Infrastructure,NHIDCL,Manipur,310.76,310.76,247.28,96.8,2021-09-01,2024-02-01,2026-05-01,27,0.0,1,0,0,1,1,2026-09-30
PRJ-0145,Central Sector,Infrastructure,NHIDCL,Manipur,211.7,211.7,227.95,90.96,2021-03-01,2023-01-01,2026-06-01,41,0.0,1,0,0,1,1,2026-09-30
PRJ-0146,Central Sector,Infrastructure,NHIDCL,Manipur,467.0,467.0,568.72,86.33,2021-03-01,2023-03-01,2026-03-01,36,0.0,1,0,0,1,1,2026-09-30
PRJ-0147,Central Sector,Infrastructure,NHIDCL,Manipur,195.14,195.14,0.0,76.18,2021-03-01,2026-03-01,2026-05-01,2,0.0,1,0,0,1,0,2026-09-30
PRJ-0148,Central Sector,Infrastructure,NHIDCL,Manipur,204.12,204.12,0.0,21.39,2020-04-01,2026-08-01,2026-08-01,0,0.0,0,0,0,0,0,2026-09-30
PRJ-0149,Central Sector,Infrastructure,NHIDCL,Manipur,177.76,177.76,1.41,0.97,2020-06-01,2026-11-01,2026-11-01,0,0.0,0,0,0,0,0,2026-09-30
PRJ-0150,Central Sector,Infrastructure,NHIDCL,Manipur,188.36,188.36,0.0,100.0,2021-02-01,2022-12-01,2026-03-01,39,0.0,1,0,0,1,1,2026-09-30
PRJ-0151,Central Sector,Infrastructure,NHIDCL,Manipur,226.32,226.32,179.09,74.58,2021-02-01,2022-12-01,2026-07-01,43,0.0,1,0,0,1,1,2026-09-30
PRJ-0152,Central Sector,Infrastructure,NHIDCL,Manipur,241.52,241.52,152.85,96.54,2020-04-01,2022-06-01,2026-03-01,45,0.0,1,0,0,1,1,2026-09-30
PRJ-0153,Central Sector,Infrastructure,NHIDCL,Manipur,232.99,232.99,149.21,96.35,2020-04-01,2022-06-01,2026-03-01,45,0.0,1,0,0,1,1,2026-09-30
PRJ-0154,Central Sector,Infrastructure,NHIDCL,Manipur,365.53,365.53,187.39,85.09,2020-06-01,2022-08-01,2026-05-01,45,0.0,1,0,0,1,1,2026-09-30
PRJ-0155,Central Sector,Infrastructure,NHIDCL,Manipur,673.27,673.27,500.96,82.93,2021-03-01,2023-08-01,2026-12-01,40,0.0,1,0,0,1,1,2026-09-30
PRJ-0156,Central Sector,Infrastructure,MoRTH,Meghalaya,302.88,302.88,182.58,99.1,2020-08-01,2023-08-01,2026-05-01,33,0.0,1,0,0,1,1,2026-09-30
PRJ-0157,Central Sector,Infrastructure,NHIDCL,Meghalaya,620.3,620.3,215.93,68.85,2023-03-01,2026-09-01,2026-09-01,0,0.0,0,0,0,0,0,2026-09-30
PRJ-0158,Central Sector,Infrastructure,MoRTH,Meghalaya,504.0,350.67,0.0,2.5,2023-12-01,2027-05-01,2027-05-01,0,-30.42,0,0,0,0,0,2026-09-30
PRJ-0159,Central Sector,Infrastructure,NHIDCL,Meghalaya,801.07,801.07,64.53,24.13,2023-03-01,2027-09-01,2027-09-01,0,0.0,0,0,0,0,0,2026-09-30
PRJ-0160,Central Sector,Infrastructure,NHIDCL,Meghalaya,705.83,705.83,0.0,38.75,2023-03-01,2027-03-01,2027-03-01,0,0.0,0,0,0,0,0,2026-09-30
PRJ-0161,Central Sector,Infrastructure,NHIDCL,Meghalaya,686.03,686.03,228.79,46.51,2023-03-01,2026-09-01,2026-09-01,0,0.0,0,0,0,0,0,2026-09-30
PRJ-0162,Central Sector,Infrastructure,NHIDCL,Meghalaya,562.48,562.48,85.88,50.91,2023-03-01,2026-09-01,2026-09-01,0,0.0,0,0,0,0,0,2026-09-30
PRJ-0163,Central Sector,Infrastructure,NHIDCL,Meghalaya,359.86,359.86,214.12,80.49,2021-09-01,2024-05-01,2026-05-01,24,0.0,1,0,0,1,1,2026-09-30
PRJ-0164,Central Sector,Infrastructure,NHIDCL,Meghalaya,284.21,284.21,0.0,38.77,2020-07-01,2026-11-01,2026-11-01,0,0.0,0,0,0,0,0,2026-09-30
PRJ-0165,Central Sector,Infrastructure,NHIDCL,Meghalaya,445.51,445.51,42.32,49.05,2020-07-01,2026-04-01,2026-10-01,6,0.0,1,0,0,1,0,2026-09-30
PRJ-0166,Central Sector,Infrastructure,NHIDCL,Meghalaya,525.67,525.67,0.0,49.31,2020-07-01,2026-08-01,2026-12-01,4,0.0,1,0,0,1,0,2026-09-30
PRJ-0167,Central Sector,Infrastructure,NHIDCL,Meghalaya,351.12,351.12,0.0,93.06,2020-07-01,2025-10-01,2026-05-01,7,0.0,1,0,0,1,1,2026-09-30
PRJ-0168,Central Sector,Infrastructure,NHIDCL,Mizoram,491.39,491.39,32.46,17.86,2021-12-01,2027-01-01,2026-12-01,0,0.0,0,0,0,0,0,2026-09-30
PRJ-0169,Central Sector,Infrastructure,NHIDCL,Mizoram,561.91,561.91,0.0,17.12,2021-12-01,2027-01-01,2026-12-01,0,0.0,0,0,0,0,0,2026-09-30
PRJ-0170,Central Sector,Infrastructure,NHIDCL,Mizoram,720.4,720.4,40.29,11.86,2021-11-01,2027-07-01,2027-06-01,0,0.0,0,0,0,0,0,2026-09-30
PRJ-0171,Central Sector,Infrastructure,NHIDCL,Mizoram,595.65,595.65,21.02,6.72,2021-12-01,2027-01-01,2026-12-01,0,0.0,0,0,0,0,0,2026-09-30
PRJ-0172,Central Sector,Infrastructure,NHIDCL,Mizoram,866.32,866.32,0.0,18.9,2024-02-01,2028-10-01,2028-10-01,0,0.0,0,0,0,0,0,2026-09-30
PRJ-0173,Central Sector,Infrastructure,NHIDCL,Mizoram,875.79,875.79,0.0,13.95,2024-02-01,2028-11-01,2028-11-01,0,0.0,0,0,0,0,0,2026-09-30
PRJ-0174,Central Sector,Infrastructure,NHIDCL,Mizoram,1313.28,1313.28,0.0,0.0,2024-01-01,2028-12-01,2028-12-01,0,0.0,0,0,0,0,0,2026-09-30
PRJ-0175,Central Sector,Infrastructure,NHIDCL,Mizoram,720.72,720.72,0.0,15.1,2023-02-01,2028-11-01,2028-11-01,0,0.0,0,0,0,0,0,2026-09-30
PRJ-0176,Central Sector,Infrastructure,NHIDCL,Mizoram,523.78,523.78,394.29,95.31,2021-09-01,2025-02-01,2026-06-01,16,0.0,1,0,0,1,1,2026-09-30
PRJ-0177,Central Sector,Infrastructure,NHIDCL,Mizoram,206.9,206.9,0.0,0.0,2020-03-01,2022-06-01,2024-06-01,24,0.0,1,0,0,1,1,2026-09-30
PRJ-0178,Central Sector,Infrastructure,NHIDCL,Mizoram,292.23,292.23,0.0,0.0,2020-03-01,2022-06-01,2024-12-01,30,0.0,1,0,0,1,1,2026-09-30
PRJ-0179,Central Sector,Infrastructure,NHIDCL,Mizoram,698.45,698.45,556.91,64.78,2021-03-01,2022-12-01,2026-06-01,42,0.0,1,0,0,1,1,2026-09-30
PRJ-0180,Central Sector,Infrastructure,NHIDCL,Mizoram,740.58,740.58,430.45,61.34,2021-06-01,2023-01-01,2026-12-01,47,0.0,1,0,0,1,1,2026-09-30
PRJ-0181,Central Sector,Infrastructure,NHIDCL,Mizoram,500.88,500.88,305.45,75.35,2021-12-01,2025-05-01,2025-07-01,2,0.0,1,0,0,1,0,2026-09-30
PRJ-0182,Central Sector,Infrastructure,NHIDCL,Mizoram,752.89,752.89,125.62,95.35,2019-09-01,2023-04-01,2023-04-01,0,0.0,0,0,0,0,0,2026-09-30
PRJ-0183,Central Sector,Infrastructure,NHIDCL,Mizoram,781.85,781.85,20.64,4.71,2023-02-01,2026-12-01,2027-07-01,7,0.0,1,0,0,1,1,2026-09-30
PRJ-0184,Central Sector,Infrastructure,NHIDCL,Mizoram,899.45,899.45,191.59,99.88,2019-09-01,2023-04-01,2025-04-01,24,0.0,1,0,0,1,1,2026-09-30
PRJ-0185,Central Sector,Infrastructure,NHIDCL,Mizoram,867.09,867.09,159.47,97.51,2019-09-01,2023-04-01,2025-04-01,24,0.0,1,0,0,1,1,2026-09-30
PRJ-0186,Central Sector,Infrastructure,NHIDCL,Mizoram,637.06,637.06,101.89,99.82,2019-09-01,2023-09-01,2025-06-01,21,0.0,1,0,0,1,1,2026-09-30
PRJ-0187,Central Sector,Infrastructure,NHIDCL,Mizoram,605.76,750.32,0.01,100.0,2019-09-01,2024-04-01,2025-05-01,13,23.86,1,1,1,1,1,2026-09-30
PRJ-0188,Central Sector,Infrastructure,NHIDCL,Mizoram,768.76,768.76,168.78,98.73,2019-09-01,2023-06-01,2025-05-01,23,0.0,1,0,0,1,1,2026-09-30
PRJ-0189,Central Sector,Infrastructure,NHIDCL,"Multi-States (Arunachal Pradesh, Assam)",665.47,665.47,295.3,96.7,2023-03-01,2027-03-01,2027-03-01,0,0.0,0,0,0,0,0,2026-09-30
PRJ-0190,Central Sector,Infrastructure,MoRTH,Nagaland,297.25,297.25,149.19,100.0,2021-03-01,2024-07-01,2026-03-01,20,0.0,1,0,0,1,1,2026-09-30
PRJ-0191,Central Sector,Infrastructure,NHIDCL,Nagaland,161.73,161.73,14.12,99.5,2021-03-01,2025-09-01,2026-04-01,7,0.0,1,0,0,1,1,2026-09-30
PRJ-0192,Central Sector,Infrastructure,NHIDCL,Nagaland,202.36,202.36,94.2,45.52,2020-07-01,2022-04-01,2026-12-01,56,0.0,1,0,0,1,1,2026-09-30
PRJ-0193,Central Sector,Infrastructure,NHIDCL,Nagaland,159.85,342.29,84.22,37.38,2020-07-01,2025-06-01,2026-12-01,18,114.13,1,1,1,1,1,2026-09-30
PRJ-0194,Central Sector,Infrastructure,NHIDCL,Nagaland,277.44,277.44,192.45,69.82,2020-07-01,2022-10-01,2026-06-01,44,0.0,1,0,0,1,1,2026-09-30
PRJ-0195,Central Sector,Infrastructure,NHIDCL,Nagaland,232.29,350.88,12.48,25.61,2020-07-01,2026-11-01,2026-11-01,0,51.05,0,1,1,0,1,2026-09-30
PRJ-0196,Central Sector,Infrastructure,NHIDCL,Nagaland,215.79,215.79,28.64,100.0,2018-03-01,2025-08-01,2026-03-01,7,0.0,1,0,0,1,1,2026-09-30
PRJ-0197,Central Sector,Infrastructure,NHIDCL,Nagaland,330.8,330.8,0.0,93.04,2020-03-01,2025-11-01,2026-05-01,6,0.0,1,0,0,1,0,2026-09-30
PRJ-0198,Central Sector,Infrastructure,NHIDCL,Nagaland,355.79,355.79,0.0,40.88,2020-03-01,2026-01-01,2026-12-01,11,0.0,1,0,0,1,1,2026-09-30
PRJ-0199,Central Sector,Infrastructure,NHIDCL,Nagaland,258.52,258.52,60.72,96.53,2021-01-01,2025-09-01,2025-09-01,0,0.0,0,0,0,0,0,2026-09-30
PRJ-0200,Central Sector,Infrastructure,NHIDCL,Nagaland,177.77,199.02,0.0,93.37,2021-02-01,2025-06-01,2026-06-01,12,11.95,1,1,1,1,1,2026-09-30
PRJ-0201,Central Sector,Infrastructure,NHIDCL,Nagaland,562.98,794.75,119.71,82.59,2016-03-01,2025-09-01,2025-09-01,0,41.17,0,1,1,0,1,2026-09-30
PRJ-0202,Central Sector,Infrastructure,NHIDCL,Nagaland,819.39,819.39,0.0,0.0,2017-02-01,2020-09-01,2023-02-01,29,0.0,1,0,0,1,1,2026-09-30
PRJ-0203,Central Sector,Infrastructure,MoRTH,Nagaland,252.2,252.2,0.0,44.46,2020-06-01,2026-06-01,2026-12-01,6,0.0,1,0,0,1,0,2026-09-30
PRJ-0204,Central Sector,Infrastructure,MoRTH,Nagaland,192.93,192.93,99.65,0.0,2021-02-01,2025-06-01,2025-06-01,0,0.0,0,0,0,0,0,2026-09-30
PRJ-0205,Central Sector,Infrastructure,NHIDCL,Nagaland,430.24,430.24,0.0,87.0,2022-12-01,2026-02-01,2026-02-01,0,0.0,0,0,0,0,0,2026-09-30
PRJ-0206,Central Sector,Infrastructure,NHIDCL,Nagaland,497.18,497.18,0.0,85.67,2022-12-01,2026-02-01,2026-02-01,0,0.0,0,0,0,0,0,2026-09-30
PRJ-0207,Central Sector,Infrastructure,NHIDCL,Nagaland,442.54,442.54,0.0,54.66,2022-12-01,2026-02-01,2026-02-01,0,0.0,0,0,0,0,0,2026-09-30
PRJ-0208,Central Sector,Infrastructure,NHIDCL,Nagaland,323.98,323.98,70.46,75.05,2018-03-01,2025-09-01,2026-12-01,15,0.0,1,0,0,1,1,2026-09-30
PRJ-0209,Central Sector,Infrastructure,NHIDCL,Sikkim,493.42,478.79,0.0,77.07,2020-10-01,2024-05-01,2026-06-01,25,-2.97,1,0,0,1,1,2026-09-30
PRJ-0210,Central Sector,Infrastructure,NHIDCL,Sikkim,264.84,380.94,61.11,97.57,2021-01-01,2023-04-01,2026-05-01,37,43.84,1,1,1,1,1,2026-09-30
PRJ-0211,Central Sector,Infrastructure,NHIDCL,Sikkim,264.84,380.94,0.0,85.15,2018-03-01,2024-07-01,2026-12-01,29,43.84,1,1,1,1,1,2026-09-30
PRJ-0212,Central Sector,Infrastructure,NHIDCL,Sikkim,410.6,379.3,0.0,81.83,2021-01-01,2024-02-01,2026-05-01,27,-7.62,1,0,0,1,1,2026-09-30
PRJ-0213,Central Sector,Infrastructure,NHIDCL,Sikkim,816.79,786.6,32.28,60.88,2020-10-01,2023-12-01,2026-10-01,34,-3.7,1,0,0,1,1,2026-09-30
PRJ-0214,Central Sector,Infrastructure,NHIDCL,Sikkim,230.45,244.91,0.0,80.46,2020-07-01,2023-04-01,2026-09-01,41,6.27,1,1,1,1,1,2026-09-30
PRJ-0215,Central Sector,Infrastructure,NHIDCL,Sikkim,292.8,292.8,1.91,65.1,2020-07-01,2022-05-01,2026-06-01,49,0.0,1,0,0,1,1,2026-09-30
PRJ-0216,Central Sector,Infrastructure,MoRTH,Sikkim,385.15,342.89,0.0,90.0,2021-10-01,2024-05-01,2026-06-01,25,-10.97,1,0,0,1,1,2026-09-30
PRJ-0217,Central Sector,Infrastructure,NHIDCL,Tripura,920.66,920.66,0.0,43.8,2023-12-01,2026-09-01,2027-03-01,6,0.0,1,0,0,1,0,2026-09-30
PRJ-0218,Central Sector,Infrastructure,NHIDCL,Tripura,174.43,174.43,0.0,41.9,2020-02-01,2026-03-01,2026-03-01,0,0.0,0,0,0,0,0,2026-09-30
PRJ-0219,Central Sector,Infrastructure,NHIDCL,Tripura,277.5,302.03,0.0,0.0,2020-02-01,2022-01-01,2024-10-01,33,8.84,1,1,1,1,1,2026-09-30
PRJ-0220,Central Sector,Infrastructure,NHIDCL,Tripura,195.95,195.95,86.26,69.78,2023-01-01,2024-11-01,2026-06-01,19,0.0,1,0,0,1,1,2026-09-30
PRJ-0221,Central Sector,Infrastructure,NHIDCL,Tripura,2026.05,2026.05,292.55,9.2,2023-03-01,2027-03-01,2027-03-01,0,0.0,0,0,0,0,0,2026-09-30
PRJ-0222,Central Sector,Infrastructure,NHIDCL,Tripura,726.9,726.9,194.74,8.65,2024-01-01,2026-12-01,2026-12-01,0,0.0,0,0,0,0,0,2026-09-30
PRJ-0223,Central Sector,Infrastructure,NHIDCL,Tripura,670.9,670.9,0.0,14.0,2024-01-01,2026-09-01,2026-09-01,0,0.0,0,0,0,0,0,2026-09-30
PRJ-0224,Central Sector,Infrastructure,NHIDCL,Tripura,657.21,657.21,0.0,57.95,2024-01-01,2026-09-01,2026-09-01,0,0.0,0,0,0,0,0,2026-09-30
PRJ-0225,Central Sector,Infrastructure,NHIDCL,Tripura,431.78,431.78,0.0,58.12,2024-01-01,2026-07-01,2026-12-01,5,0.0,1,0,0,1,0,2026-09-30
PRJ-0226,Central Sector,Infrastructure,Department of Telecommunications,Meghalaya,971.96,971.96,232.79,99.84,2019-09-01,2022-03-01,2026-06-01,51,0.0,1,0,0,1,1,2026-09-30
PRJ-0227,Central Sector,Infrastructure,Department of Telecommunications,"Multi-States (Assam, Arunachal Pradesh)",1255.49,1255.49,332.43,99.43,2020-12-01,2023-04-01,2026-03-01,35,0.0,1,0,0,1,1,2026-09-30
PRJ-0228,Central Sector,Infrastructure,"Department of Water Resources, River Development & GR",Assam,256.16,256.16,44.7,55.44,1996-04-01,2022-12-01,2026-03-01,39,0.0,1,0,0,1,1,2026-09-30
PRJ-0229,Central Sector,Infrastructure,Water Resources Department-MN,Manipur,1449.44,1822.24,1837.91,98.9,1997-04-01,2019-12-01,2026-03-01,75,25.72,1,1,1,1,1,2026-09-30
PRJ-0001,Central Sector,Infrastructure,Airport Authority of India [AAI],Andhra Pradesh,265.91,265.91,129.07,65.0,2023-03-01,2026-01-01,2026-07-01,6,0.0,1,0,0,1,0,2026-09-30
PRJ-0002,Central Sector,Infrastructure,Airport Authority of India [AAI],Andhra Pradesh,611.8,611.8,523.14,87.2,2020-06-01,2022-09-01,2026-10-01,49,0.0,1,0,0,1,1,2026-09-30
PRJ-0003,Central Sector,Infrastructure,Airport Authority of India [AAI],Andhra Pradesh,347.15,347.15,170.79,90.0,2022-12-01,2025-08-01,2026-06-01,10,0.0,1,0,0,1,1,2026-09-30
PRJ-0004,Central Sector,Infrastructure,Adani Airport Holdings Limited,Assam,1712.0,2520.0,2627.39,98.0,2016-12-01,2025-03-01,2026-06-01,15,47.2,1,1,1,1,1,2026-09-30
PRJ-0005,Central Sector,Infrastructure,Airport Authority of India [AAI],Bihar,1413.0,1413.0,7.64,1.28,2024-08-01,2027-03-01,2027-03-01,0,0.0,0,0,0,0,0,2026-09-30
PRJ-0006,Central Sector,Infrastructure,Airport Authority of India [AAI],Bihar,911.66,911.66,374.49,65.0,2024-07-01,2026-07-01,2026-11-01,4,0.0,1,0,0,1,0,2026-09-30
PRJ-0007,Central Sector,Infrastructure,Airport Authority of India [AAI],Bihar,1216.9,1216.9,1200.67,98.22,2018-10-01,2026-05-01,2026-05-01,0,0.0,0,0,0,0,0,2026-09-30
PRJ-0008,Central Sector,Infrastructure,Airport Authority of India [AAI],Goa,255.69,255.69,156.7,100.0,2017-11-01,2021-12-01,2026-04-01,52,0.0,1,0,0,1,1,2026-09-30
PRJ-0009,Central Sector,Infrastructure,Airport Authority of India [AAI],Gujarat,363.1,363.1,87.88,33.13,2024-01-01,2027-01-01,2027-01-01,0,0.0,0,0,0,0,0,2026-09-30
PRJ-0010,Central Sector,Infrastructure,Airport Authority of India [AAI],Gujarat,1305.0,1551.0,896.82,82.0,2022-06-01,2026-06-01,2026-06-01,0,18.85,0,1,1,0,1,2026-09-30
PRJ-0011,Central Sector,Infrastructure,Airport Authority of India [AAI],Jammu and Kashmir,861.37,861.37,319.5,51.35,2023-10-01,2026-06-01,2026-11-01,5,0.0,1,0,0,1,0,2026-09-30
PRJ-0012,Central Sector,Infrastructure,Airport Authority of India [AAI],Karnataka,320.47,320.47,148.68,77.0,2023-06-01,2026-01-01,2026-06-01,5,0.0,1,0,0,1,0,2026-09-30
PRJ-0013,Central Sector,Infrastructure,Airport Authority of India [AAI],Karnataka,322.45,322.45,204.5,87.0,2023-06-01,2026-02-01,2026-06-01,4,0.0,1,0,0,1,0,2026-09-30
PRJ-0014,Central Sector,Infrastructure,Airport Authority of India [AAI],Kerala,484.57,484.57,204.6,59.0,2023-06-01,2025-09-01,2026-12-01,15,0.0,1,0,0,1,1,2026-09-30
PRJ-0015,Central Sector,Infrastructure,Airport Authority of India [AAI],Ladakh,480.0,640.0,501.81,78.9,2018-07-01,2021-09-01,2026-07-01,58,33.33,1,1,1,1,1,2026-09-30
PRJ-0016,Central Sector,Infrastructure,Airport Authority of India [AAI],Manipur,499.0,499.0,201.99,50.69,2021-11-01,2024-07-01,2026-12-01,29,0.0,1,0,0,1,1,2026-09-30
PRJ-0017,Central Sector,Infrastructure,Airport Authority of India [AAI],"Multi-States (Karnataka, Maharashtra, Telangana, Uttar Pradesh)",500.48,500.48,381.2,78.0,2020-12-01,2025-09-01,2026-08-01,11,0.0,1,0,0,1,1,2026-09-30
PRJ-0018,Central Sector,Infrastructure,Airport Authority of India [AAI],Rajasthan,1507.0,1507.0,40.4,12.8,2025-08-01,2027-10-01,2027-11-01,1,0.0,1,0,0,1,0,2026-09-30
PRJ-0019,Central Sector,Infrastructure,Airport Authority of India [AAI],Rajasthan,480.0,480.0,339.96,97.35,2022-06-01,2026-03-01,2026-04-01,1,0.0,1,0,0,1,0,2026-09-30
PRJ-0020,Central Sector,Infrastructure,Airport Authority of India [AAI],Rajasthan,887.0,887.0,523.61,68.71,2023-06-01,2026-03-01,2026-09-01,6,0.0,1,0,0,1,0,2026-09-30
PRJ-0021,Central Sector,Infrastructure,Airport Authority of India [AAI],Sikkim,323.26,323.26,80.84,34.25,2023-11-01,2026-06-01,2027-06-01,12,0.0,1,0,0,1,1,2026-09-30
PRJ-0022,Central Sector,Infrastructure,Airport Authority of India [AAI],Tamil Nadu,1207.0,1207.0,289.5,38.0,2018-05-01,2025-07-01,2026-12-01,17,0.0,1,0,0,1,1,2026-09-30
PRJ-0023,Central Sector,Infrastructure,Airport Authority of India [AAI],Uttar Pradesh,2869.65,2869.65,572.04,27.0,2024-07-01,2027-07-01,2027-07-01,0,0.0,0,0,0,0,0,2026-09-30
PRJ-0024,Central Sector,Infrastructure,Airport Authority of India [AAI],Uttar Pradesh,579.0,579.0,197.61,40.03,2024-06-01,2026-07-01,2026-11-01,4,0.0,1,0,0,1,0,2026-09-30
PRJ-0025,Central Sector,Infrastructure,Airport Authority of India [AAI],West Bengal,1549.0,1549.0,441.41,34.6,2024-08-01,2027-03-01,2027-01-01,0,0.0,0,0,0,0,0,2026-09-30
PRJ-0026,Central Sector,Infrastructure,Airport Authority of India [AAI],West Bengal,328.3,328.3,139.77,64.5,2023-03-01,2025-10-01,2026-08-01,10,0.0,1,0,0,1,1,2026-09-30
PRJ-0027,Central Sector,Infrastructure,MIS MoCoal Integration Logins,Assam,159.77,159.77,111.47,88.18,2022-07-01,2031-07-01,2031-07-01,0,0.0,0,0,0,0,0,2026-09-30
PRJ-0028,Central Sector,Infrastructure,MIS MoCoal Integration Logins,Assam,289.46,289.46,105.61,3.26,2022-11-01,2030-11-01,2030-11-01,0,0.0,0,0,0,0,0,2026-09-30
PRJ-0029,Central Sector,Infrastructure,South Eastern Coalfields Limited [SECL],Chhattisgarh,2310.12,2310.12,113.83,11.81,2020-12-01,2029-03-01,2029-03-01,0,0.0,0,0,0,0,0,2026-09-30
PRJ-0030,Central Sector,Infrastructure,South Eastern Coalfields Limited [SECL],Chhattisgarh,2309.8,2309.8,993.79,55.95,2020-08-01,2029-03-01,2029-03-01,0,0.0,0,0,0,0,0,2026-09-30
PRJ-0031,Central Sector,Infrastructure,South Eastern Coalfields Limited [SECL],Chhattisgarh,5241.4,5241.4,2910.11,38.0,2020-12-01,2029-03-01,2029-03-01,0,0.0,0,0,0,0,0,2026-09-30
PRJ-0032,Central Sector,Infrastructure,South Eastern Coalfields Limited [SECL],Chhattisgarh,11816.4,11816.4,6905.46,78.48,2016-03-01,2023-03-01,2027-03-01,48,0.0,1,0,0,1,1,2026-09-30
PRJ-0033,Central Sector,Infrastructure,South Eastern Coalfields Limited [SECL],Chhattisgarh,335.97,335.97,90.88,42.47,2015-02-01,2026-03-01,2026-03-01,0,0.0,0,0,0,0,0,2026-09-30
PRJ-0034,Central Sector,Infrastructure,South Eastern Coalfields Limited [SECL],Chhattisgarh,316.11,316.11,191.5,78.86,2015-07-01,2026-03-01,2026-03-01,0,0.0,0,0,0,0,0,2026-09-30
PRJ-0035,Central Sector,Infrastructure,South Eastern Coalfields Limited [SECL],Chhattisgarh,459.49,459.49,276.8,96.15,2016-07-01,2025-03-01,2027-03-01,24,0.0,1,0,0,1,1,2026-09-30
PRJ-0036,Central Sector,Infrastructure,South Eastern Coalfields Limited [SECL],Chhattisgarh,410.26,410.26,187.63,54.6,2018-05-01,2026-03-01,2028-03-01,24,0.0,1,0,0,1,1,2026-09-30
PRJ-0037,Central Sector,Infrastructure,South Eastern Coalfields Limited [SECL],Chhattisgarh,329.21,329.21,62.03,2.01,2023-01-01,2029-03-01,2029-03-01,0,0.0,0,0,0,0,0,2026-09-30
PRJ-0038,Central Sector,Infrastructure,South Eastern Coalfields Limited [SECL],Chhattisgarh,1725.04,1725.04,16.71,40.34,2022-10-01,2033-03-01,2033-03-01,0,0.0,0,0,0,0,0,2026-09-30
PRJ-0039,Central Sector,Infrastructure,SECL - CIL,Chhattisgarh,4516.88,4516.88,817.06,22.0,2024-11-01,2030-03-01,2030-03-01,0,0.0,0,0,0,0,0,2026-09-30
PRJ-0040,Central Sector,Infrastructure,South Eastern Coalfields Limited [SECL],Chhattisgarh,382.61,382.61,116.09,21.29,2025-01-01,2029-03-01,2029-03-01,0,0.0,0,0,0,0,0,2026-09-30
PRJ-0041,Central Sector,Infrastructure,SECL - CIL,Chhattisgarh,2415.91,2415.91,2.35,0.01,2025-09-01,2032-03-01,2032-03-01,0,0.0,0,0,0,0,0,2026-09-30
PRJ-0042,Central Sector,Infrastructure,SECL - CIL,Chhattisgarh,1859.19,1859.19,0.45,0.0,2024-12-01,2029-03-01,2029-03-01,0,0.0,0,0,0,0,0,2026-09-30
PRJ-0043,Central Sector,Infrastructure,ECL - CIL,Jharkhand,859.41,859.41,455.25,63.22,2022-08-01,2029-03-01,2029-03-01,0,0.0,0,0,0,0,0,2026-09-30
PRJ-0044,Central Sector,Infrastructure,Ministry of Coal,Jharkhand,799.34,799.34,433.64,53.47,2022-01-01,2032-03-01,2032-03-01,0,0.0,0,0,0,0,0,2026-09-30
PRJ-0045,Central Sector,Infrastructure,Ministry of Coal,Jharkhand,908.47,908.47,289.45,23.57,2022-01-01,2029-03-01,2029-03-01,0,0.0,0,0,0,0,0,2026-09-30
PRJ-0046,Central Sector,Infrastructure,Ministry of Coal,Jharkhand,2660.0,2660.0,16.1,16.77,2024-03-01,2032-03-01,2032-03-01,0,0.0,0,0,0,0,0,2026-09-30
PRJ-0047,Central Sector,Infrastructure,Ministry of Coal,Jharkhand,973.5,973.5,440.75,24.86,2020-08-01,2032-03-01,2032-03-01,0,0.0,0,0,0,0,0,2026-09-30
PRJ-0048,Central Sector,Infrastructure,Ministry of Coal,Jharkhand,861.06,625.4,455.95,47.95,2020-08-01,2032-03-01,2032-03-01,0,-27.37,0,0,0,0,0,2026-09-30
PRJ-0049,Central Sector,Infrastructure,NLC India Limited [NLCIL],Jharkhand,2242.9,2242.9,1365.83,87.0,2016-03-01,2028-09-01,2028-09-01,0,0.0,0,0,0,0,0,2026-09-30
PRJ-0050,Central Sector,Infrastructure,Ministry of Coal,Jharkhand,7254.37,7254.37,1688.4,40.21,2020-08-01,2028-03-01,2028-03-01,0,0.0,0,0,0,0,0,2026-09-30
PRJ-0051,Central Sector,Infrastructure,Ministry of Coal,Jharkhand,778.8,778.8,605.7,71.38,2021-07-01,2029-03-01,2029-03-01,0,0.0,0,0,0,0,0,2026-09-30
PRJ-0052,Central Sector,Infrastructure,Ministry of Coal,Jharkhand,1020.42,1020.42,84.94,22.84,2021-01-01,2028-03-01,2028-03-01,0,0.0,0,0,0,0,0,2026-09-30
PRJ-0053,Central Sector,Infrastructure,Ministry of Coal,Jharkhand,713.35,713.35,236.58,10.19,2020-11-01,2027-03-01,2027-03-01,0,0.0,0,0,0,0,0,2026-09-30
PRJ-0054,Central Sector,Infrastructure,Ministry of Coal,Jharkhand,2898.28,2898.28,185.19,28.85,2021-05-01,2031-03-01,2031-03-01,0,0.0,0,0,0,0,0,2026-09-30
PRJ-0055,Central Sector,Infrastructure,Ministry of Coal,Jharkhand,5136.15,5136.15,1326.01,44.45,2020-02-01,2028-03-01,2028-03-01,0,0.0,0,0,0,0,0,2026-09-30
PRJ-0056,Central Sector,Infrastructure,Ministry of Coal,Jharkhand,510.85,510.85,488.71,78.25,2009-12-01,2016-03-01,2027-03-01,132,0.0,1,0,0,1,1,2026-09-30
PRJ-0057,Central Sector,Infrastructure,Eastern Coal Fields Limited [ECL],Jharkhand,513.99,513.99,239.88,53.03,2018-08-01,2026-03-01,2028-03-01,24,0.0,1,0,0,1,1,2026-09-30
PRJ-0058,Central Sector,Infrastructure,Ministry of Coal,Jharkhand,764.57,764.57,145.81,32.23,2020-08-01,2031-03-01,2031-03-01,0,0.0,0,0,0,0,0,2026-09-30
PRJ-0059,Central Sector,Infrastructure,Bharat Coking Coal Limited (BCCL,Jharkhand,1230.27,1230.27,709.81,82.45,2011-08-01,2019-03-01,2026-08-01,89,0.0,1,0,0,1,1,2026-09-30
PRJ-0060,Central Sector,Infrastructure,Ministry of Coal,Jharkhand,334.27,334.27,162.75,51.81,2015-10-01,2018-04-01,2026-12-01,104,0.0,1,0,0,1,1,2026-09-30
PRJ-0061,Central Sector,Infrastructure,Bharat Coking Coal Limited (BCCL,Jharkhand,4011.85,4011.85,414.93,29.7,2023-01-01,2030-03-01,2030-03-01,0,0.0,0,0,0,0,0,2026-09-30
PRJ-0062,Central Sector,Infrastructure,Bharat Coking Coal Limited (BCCL,Jharkhand,339.87,339.87,191.0,70.47,2011-02-01,2014-04-01,2026-12-01,152,0.0,1,0,0,1,1,2026-09-30
PRJ-0063,Central Sector,Infrastructure,Ministry of Coal,Jharkhand,230.41,230.41,22.02,22.76,2020-11-01,2028-03-01,2028-03-01,0,0.0,0,0,0,0,0,2026-09-30
PRJ-0064,Central Sector,Infrastructure,Ministry of Coal,Jharkhand,222.82,222.82,140.72,63.52,2020-05-01,2028-03-01,2028-03-01,0,0.0,0,0,0,0,0,2026-09-30
PRJ-0065,Central Sector,Infrastructure,Ministry of Coal,Jharkhand,243.52,243.52,50.82,31.27,2019-11-01,2025-03-01,2027-03-01,24,0.0,1,0,0,1,1,2026-09-30
PRJ-0066,Central Sector,Infrastructure,Eastern Coal Fields Limited [ECL],Jharkhand,979.08,979.08,0.0,0.05,2023-12-01,2037-03-01,2037-03-01,0,0.0,0,0,0,0,0,2026-09-30
PRJ-0067,Central Sector,Infrastructure,CCL - CIL,Jharkhand,414.37,414.37,85.6,34.18,2020-02-01,2029-03-01,2029-03-01,0,0.0,0,0,0,0,0,2026-09-30
PRJ-0068,Central Sector,Infrastructure,Ministry of Coal,Jharkhand,5850.83,5850.83,20.32,4.17,2024-03-01,2029-03-01,2029-03-01,0,0.0,0,0,0,0,0,2026-09-30
PRJ-0069,Central Sector,Infrastructure,Bharat Coking Coal Limited [BCCL],Jharkhand,5940.47,5940.47,262.83,26.0,2025-06-01,2028-12-01,2028-12-01,0,0.0,0,0,0,0,0,2026-09-30
PRJ-0070,Central Sector,Infrastructure,NLC India Limited [NLCIL],Jharkhand,1354.2,1354.2,141.98,40.0,2023-10-01,2029-03-01,2029-03-01,0,0.0,0,0,0,0,0,2026-09-30
PRJ-0071,Central Sector,Infrastructure,Ministry of Coal,Madhya Pradesh,869.44,869.44,325.4,75.15,2016-03-01,2021-03-01,2027-03-01,72,0.0,1,0,0,1,1,2026-09-30
PRJ-0072,Central Sector,Infrastructure,Northern Coalfields Limited [NCL],Madhya Pradesh,998.71,998.71,518.17,50.0,2019-07-01,2023-03-01,2027-03-01,48,0.0,1,0,0,1,1,2026-09-30
PRJ-0073,Central Sector,Infrastructure,Northern Coalfields Limited [NCL],Madhya Pradesh,1729.68,1729.68,929.02,48.76,2020-11-01,2025-03-01,2028-03-01,36,0.0,1,0,0,1,1,2026-09-30
PRJ-0074,Central Sector,Infrastructure,South Eastern Coalfields Limited [SECL],Madhya Pradesh,371.04,371.04,148.87,58.2,2014-12-01,2026-03-01,2028-03-01,24,0.0,1,0,0,1,1,2026-09-30
PRJ-0075,Central Sector,Infrastructure,South Eastern Coalfields Limited [SECL],Madhya Pradesh,366.94,366.94,35.57,41.29,2024-01-01,2029-03-01,2029-03-01,0,0.0,0,0,0,0,0,2026-09-30
PRJ-0076,Central Sector,Infrastructure,Western Coalfields Limited [WCL],Madhya Pradesh,314.09,314.09,17.89,17.78,2021-12-01,2027-03-01,2027-03-01,0,0.0,0,0,0,0,0,2026-09-30
PRJ-0077,Central Sector,Infrastructure,Western Coalfields Limited [WCL],Madhya Pradesh,399.2,399.2,100.03,67.13,2022-09-01,2027-03-01,2027-03-01,0,0.0,0,0,0,0,0,2026-09-30
PRJ-0078,Central Sector,Infrastructure,Western Coalfields Limited [WCL],Madhya Pradesh,220.62,220.62,0.0,11.2,2022-11-01,2029-03-01,2029-03-01,0,0.0,0,0,0,0,0,2026-09-30
PRJ-0079,Central Sector,Infrastructure,Western Coalfields Limited [WCL],Madhya Pradesh,206.88,206.88,27.32,2.02,2022-07-01,2031-03-01,2031-03-01,0,0.0,0,0,0,0,0,2026-09-30
PRJ-0080,Central Sector,Infrastructure,Western Coalfields Limited [WCL],Madhya Pradesh,166.25,166.25,5.19,9.39,2022-07-01,2028-03-01,2028-03-01,0,0.0,0,0,0,0,0,2026-09-30
PRJ-0081,Central Sector,Infrastructure,Western Coalfields Limited [WCL],Madhya Pradesh,414.15,414.15,22.11,56.88,2019-08-01,2026-03-01,2026-03-01,0,0.0,0,0,0,0,0,2026-09-30
PRJ-0082,Central Sector,Infrastructure,Northern Coalfields Limited [NCL],Madhya Pradesh,25560.48,25560.5,126.68,1.32,2025-02-01,2032-03-01,2032-03-01,0,0.0,0,1,1,0,0,2026-09-30
PRJ-0083,Central Sector,Infrastructure,SECL - CIL,Madhya Pradesh,1604.69,1604.69,74.71,0.3,2025-05-01,2030-03-01,2030-03-01,0,0.0,0,0,0,0,0,2026-09-30
PRJ-0084,Central Sector,Infrastructure,Western Coalfields Limited [WCL],Maharashtra,580.61,580.61,112.17,33.91,2020-02-01,2028-03-01,2028-03-01,0,0.0,0,0,0,0,0,2026-09-30
PRJ-0085,Central Sector,Infrastructure,Western Coalfields Limited [WCL],Maharashtra,727.28,727.28,563.25,80.77,2015-08-01,2025-03-01,2026-03-01,12,0.0,1,0,0,1,1,2026-09-30
PRJ-0086,Central Sector,Infrastructure,Western Coalfields Limited [WCL],Maharashtra,822.88,822.88,652.67,40.54,2020-02-01,2027-03-01,2027-03-01,0,0.0,0,0,0,0,0,2026-09-30
PRJ-0087,Central Sector,Infrastructure,Western Coalfields Limited [WCL],Maharashtra,711.01,711.01,174.62,19.02,2019-02-01,2028-03-01,2028-03-01,0,0.0,0,0,0,0,0,2026-09-30
PRJ-0088,Central Sector,Infrastructure,Western Coalfields Limited [WCL],Maharashtra,228.64,228.64,150.47,69.33,2022-01-01,2028-03-01,2028-03-01,0,0.0,0,0,0,0,0,2026-09-30
PRJ-0089,Central Sector,Infrastructure,Western Coalfields Limited [WCL],Maharashtra,319.04,319.04,111.17,32.21,2020-08-01,2026-03-01,2026-03-01,0,0.0,0,0,0,0,0,2026-09-30
PRJ-0090,Central Sector,Infrastructure,Western Coalfields Limited [WCL],Maharashtra,402.27,402.27,67.11,24.17,2019-05-01,2027-03-01,2027-03-01,0,0.0,0,0,0,0,0,2026-09-30
PRJ-0091,Central Sector,Infrastructure,Western Coalfields Limited [WCL],Maharashtra,361.87,361.87,96.64,12.2,2022-06-01,2026-03-01,2026-03-01,0,0.0,0,0,0,0,0,2026-09-30
PRJ-0092,Central Sector,Infrastructure,Western Coalfields Limited [WCL],Maharashtra,335.75,335.75,49.75,9.57,2022-05-01,2029-03-01,2029-03-01,0,0.0,0,0,0,0,0,2026-09-30
PRJ-0093,Central Sector,Infrastructure,Western Coalfields Limited [WCL],Maharashtra,309.58,309.58,57.46,8.44,2021-04-01,2026-03-01,2026-03-01,0,0.0,0,0,0,0,0,2026-09-30
PRJ-0094,Central Sector,Infrastructure,Western Coalfields Limited [WCL],Maharashtra,198.71,198.71,23.54,2.82,2023-01-01,2027-03-01,2027-03-01,0,0.0,0,0,0,0,0,2026-09-30
PRJ-0095,Central Sector,Infrastructure,Western Coalfields Limited [WCL],Maharashtra,360.81,360.81,3.84,5.17,2022-12-01,2029-03-01,2029-03-01,0,0.0,0,0,0,0,0,2026-09-30
PRJ-0096,Central Sector,Infrastructure,Western Coalfields Limited [WCL],Maharashtra,497.41,497.41,27.55,2.19,2023-10-01,2030-03-01,2030-03-01,0,0.0,0,0,0,0,0,2026-09-30
PRJ-0097,Central Sector,Infrastructure,Western Coalfields Limited [WCL],Maharashtra,184.71,184.71,15.72,12.83,2021-03-01,2029-03-01,2029-03-01,0,0.0,0,0,0,0,0,2026-09-30
PRJ-0098,Central Sector,Infrastructure,Western Coalfields Limited [WCL],Maharashtra,1225.21,1225.21,88.88,4.21,2024-04-01,2030-03-01,2030-03-01,0,0.0,0,0,0,0,0,2026-09-30
PRJ-0099,Central Sector,Infrastructure,Western Coalfields Limited [WCL],Maharashtra,973.07,973.07,1.55,2.31,2023-08-01,2030-03-01,2030-03-01,0,0.0,0,0,0,0,0,2026-09-30
PRJ-0100,Central Sector,Infrastructure,Western Coalfields Limited [WCL],Maharashtra,405.2,405.2,35.03,15.95,2017-02-01,2028-03-01,2028-03-01,0,0.0,0,0,0,0,0,2026-09-30
PRJ-0101,Central Sector,Infrastructure,Western Coalfields Limited [WCL],Maharashtra,1024.91,1024.91,217.01,27.92,2024-06-01,2029-03-01,2029-03-01,0,0.0,0,0,0,0,0,2026-09-30
PRJ-0102,Central Sector,Infrastructure,Western Coalfields Limited [WCL],Maharashtra,319.75,319.75,196.86,79.83,2016-08-01,2022-03-01,2026-03-01,48,0.0,1,0,0,1,1,2026-09-30
PRJ-0103,Central Sector,Infrastructure,Western Coalfields Limited [WCL],Maharashtra,237.06,237.06,166.87,93.51,2018-11-01,2021-03-01,2026-03-01,60,0.0,1,0,0,1,1,2026-09-30
PRJ-0104,Central Sector,Infrastructure,Western Coalfields Limited [WCL],Maharashtra,235.9,235.9,127.42,98.97,2018-09-01,2024-03-01,2026-03-01,24,0.0,1,0,0,1,1,2026-09-30
PRJ-0105,Central Sector,Infrastructure,Western Coalfields Limited [WCL],Maharashtra,316.0,316.0,209.35,86.49,2018-11-01,2024-03-01,2026-03-01,24,0.0,1,0,0,1,1,2026-09-30
PRJ-0106,Central Sector,Infrastructure,Western Coalfields Limited [WCL],Maharashtra,668.54,668.54,2.94,2.52,2024-09-01,2029-03-01,2029-03-01,0,0.0,0,0,0,0,0,2026-09-30
PRJ-0107,Central Sector,Infrastructure,Western Coalfields Limited [WCL],Maharashtra,379.3,379.3,0.0,0.01,2024-01-01,2030-03-01,2030-03-01,0,0.0,0,0,0,0,0,2026-09-30
PRJ-0108,Central Sector,Infrastructure,Western Coalfields Limited [WCL],Maharashtra,630.37,630.37,0.61,0.35,2024-06-01,2030-03-01,2030-03-01,0,0.0,0,0,0,0,0,2026-09-30
PRJ-0109,Central Sector,Infrastructure,Western Coalfields Limited [WCL],Maharashtra,444.42,444.42,0.0,0.0,2025-08-01,2032-03-01,2032-03-01,0,0.0,0,0,0,0,0,2026-09-30
PRJ-0110,Central Sector,Infrastructure,Northern Coalfields Limited [NCL],"Multi-States (Madhya Pradesh, Uttar Pradesh)",836.42,836.42,835.34,89.9,2020-08-01,2024-03-01,2027-03-01,36,0.0,1,0,0,1,1,2026-09-30
PRJ-0111,Central Sector,Infrastructure,Northern Coalfields Limited [NCL],"Multi-States (Madhya Pradesh, Uttar Pradesh)",491.67,491.67,276.75,55.57,2021-06-01,2025-03-01,2027-03-01,24,0.0,1,0,0,1,1,2026-09-30
PRJ-0112,Central Sector,Infrastructure,Mahanadi Coalfields Limited [MCL],Odisha,1693.81,1693.81,1329.14,45.57,2021-05-01,2032-04-01,2032-04-01,0,0.0,0,0,0,0,0,2026-09-30
PRJ-0113,Central Sector,Infrastructure,Mahanadi Coalfields Limited [MCL],Odisha,5194.95,5194.95,3490.38,59.5,2021-02-01,2029-03-01,2029-03-01,0,0.0,0,0,0,0,0,2026-09-30
PRJ-0114,Central Sector,Infrastructure,Mahanadi Coalfields Limited [MCL],Odisha,3504.21,3504.21,958.0,57.15,2020-08-01,2029-03-01,2029-03-01,0,0.0,0,0,0,0,0,2026-09-30
PRJ-0115,Central Sector,Infrastructure,MCL - CIL,Odisha,8416.19,6107.87,1771.98,34.54,2022-04-01,2030-03-01,2030-03-01,0,-27.43,0,0,0,0,0,2026-09-30
PRJ-0116,Central Sector,Infrastructure,Mahanadi Coalfields Limited [MCL],Odisha,2434.75,2434.75,2002.75,79.05,2018-05-01,2027-03-01,2027-03-01,0,0.0,0,0,0,0,0,2026-09-30
PRJ-0117,Central Sector,Infrastructure,Mahanadi Coalfields Limited [MCL],Odisha,2838.86,2838.86,1711.38,52.0,2018-11-01,2029-03-01,2029-03-01,0,0.0,0,0,0,0,0,2026-09-30
PRJ-0118,Central Sector,Infrastructure,MCL - CIL,Odisha,479.15,479.15,281.57,67.58,2014-05-01,2019-03-01,2029-03-01,120,0.0,1,0,0,1,1,2026-09-30
PRJ-0119,Central Sector,Infrastructure,Singareni Collieries Company Limited [SCCL],Odisha,494.3,494.3,491.33,80.0,2020-03-01,2026-03-01,2026-03-01,0,0.0,0,0,0,0,0,2026-09-30
PRJ-0120,Central Sector,Infrastructure,Mahanadi Coalfields Limited [MCL],Odisha,3563.5,3563.5,672.78,6.18,2023-04-01,2033-03-01,2033-03-01,0,0.0,0,0,0,0,0,2026-09-30
PRJ-0121,Central Sector,Infrastructure,MCL - CIL,Odisha,5366.27,5366.27,477.39,32.47,2024-03-01,2033-03-01,2033-03-01,0,0.0,0,0,0,0,0,2026-09-30
PRJ-0122,Central Sector,Infrastructure,MCL - CIL,Odisha,1561.85,1561.85,279.32,29.19,2022-11-01,2029-03-01,2029-03-01,0,0.0,0,0,0,0,0,2026-09-30
PRJ-0123,Central Sector,Infrastructure,MCL - CIL,Odisha,978.44,978.44,251.55,15.24,2023-04-01,2030-03-01,2030-03-01,0,0.0,0,0,0,0,0,2026-09-30
PRJ-0124,Central Sector,Infrastructure,NLC India Limited [NLCIL],Odisha,522.45,522.45,324.74,72.65,2022-10-01,2026-06-01,2026-06-01,0,0.0,0,0,0,0,0,2026-09-30
PRJ-0125,Central Sector,Infrastructure,Singareni Collieries Company Limited [SCCL],Telangana,297.88,297.88,47.48,20.0,2021-12-01,2025-03-01,2027-03-01,24,0.0,1,0,0,1,1,2026-09-30
PRJ-0126,Central Sector,Infrastructure,Singareni Collieries Company Limited [SCCL],Telangana,384.32,384.32,291.01,75.0,2016-03-01,2026-03-01,2026-03-01,0,0.0,0,0,0,0,0,2026-09-30
PRJ-0127,Central Sector,Infrastructure,Singareni Collieries Company Limited [SCCL],Telangana,607.04,607.04,200.06,71.0,2019-07-01,2025-03-01,2026-03-01,12,0.0,1,0,0,1,1,2026-09-30
PRJ-0128,Central Sector,Infrastructure,Singareni Collieries Company Limited [SCCL],Telangana,424.81,424.81,406.81,81.0,2017-08-01,2025-03-01,2026-03-01,12,0.0,1,0,0,1,1,2026-09-30
PRJ-0129,Central Sector,Infrastructure,Singareni Collieries Company Limited [SCCL],Telangana,345.6,345.6,111.15,32.0,2021-07-01,2026-03-01,2026-03-01,0,0.0,0,0,0,0,0,2026-09-30
PRJ-0130,Central Sector,Infrastructure,Singareni Collieries Company Limited [SCCL],Telangana,484.5,484.5,477.14,97.0,2020-10-01,2026-03-01,2026-03-01,0,0.0,0,0,0,0,0,2026-09-30
PRJ-0131,Central Sector,Infrastructure,Singareni Collieries Company Limited [SCCL],Telangana,442.42,442.42,252.26,63.0,2017-08-01,2025-03-01,2026-03-01,12,0.0,1,0,0,1,1,2026-09-30
PRJ-0132,Central Sector,Infrastructure,Eastern Coal Fields Limited [ECL],West Bengal,888.99,888.99,142.55,31.52,2020-11-01,2026-03-01,2030-03-01,48,0.0,1,0,0,1,1,2026-09-30
PRJ-0133,Central Sector,Infrastructure,Eastern Coal Fields Limited [ECL],West Bengal,570.11,570.11,88.78,17.1,2021-08-01,2026-03-01,2030-03-01,48,0.0,1,0,0,1,1,2026-09-30
PRJ-0134,Central Sector,Infrastructure,Eastern Coal Fields Limited [ECL],West Bengal,502.68,502.67,83.8,27.52,2018-08-01,2029-03-01,2029-03-01,0,-0.0,0,0,0,0,0,2026-09-30
PRJ-0135,Central Sector,Infrastructure,ECL - CIL,West Bengal,535.18,535.17,5.74,14.61,2018-05-01,2027-03-01,2030-03-01,36,-0.0,1,0,0,1,1,2026-09-30
PRJ-0136,Central Sector,Infrastructure,Eastern Coal Fields Limited [ECL],West Bengal,749.08,749.07,53.88,11.9,2023-01-01,2029-03-01,2029-03-01,0,-0.0,0,0,0,0,0,2026-09-30
PRJ-0137,Central Sector,Infrastructure,Eastern Coal Fields Limited [ECL],West Bengal,1210.12,1210.12,619.6,45.48,2020-04-01,2029-03-01,2029-03-01,0,0.0,0,0,0,0,0,2026-09-30
PRJ-0138,Central Sector,Infrastructure,Eastern Coal Fields Limited [ECL],West Bengal,5365.88,5365.88,623.88,18.47,2021-07-01,2029-03-01,2029-03-01,0,0.0,0,0,0,0,0,2026-09-30
PRJ-0139,Central Sector,Infrastructure,Ministry of Coal,West Bengal,384.57,384.57,363.14,97.6,2015-12-01,2020-09-01,2026-05-01,68,0.0,1,0,0,1,1,2026-09-30
PRJ-0140,Central Sector,Infrastructure,Eastern Coal Fields Limited [ECL],West Bengal,929.1,929.1,71.23,8.35,2023-12-01,2030-03-01,2030-03-01,0,0.0,0,0,0,0,0,2026-09-30
PRJ-0141,Central Sector,Infrastructure,Eastern Coal Fields Limited [ECL],West Bengal,483.65,483.65,77.79,16.79,2020-04-01,2026-03-01,2028-03-01,24,0.0,1,0,0,1,1,2026-09-30
PRJ-0142,Central Sector,Infrastructure,Eastern Coal Fields Limited [ECL],West Bengal,389.1,389.1,132.48,22.13,2023-01-01,2028-03-01,2028-03-01,0,0.0,0,0,0,0,0,2026-09-30
PRJ-0143,Central Sector,Infrastructure,Eastern Coal Fields Limited [ECL],West Bengal,1193.55,1193.55,11.42,0.22,2024-11-01,2037-03-01,2037-03-01,0,0.0,0,0,0,0,0,2026-09-30
PRJ-0144,Central Sector,Infrastructure,NLC India Limited [NLCIL],Gujarat,383.84,383.84,328.56,51.0,2022-07-01,2025-06-01,2026-01-01,7,0.0,1,0,0,1,1,2026-09-30
PRJ-0145,Central Sector,Infrastructure,NLC India Limited [NLCIL],Gujarat,3335.85,3335.85,2171.16,40.0,2023-08-01,2026-06-01,2026-06-01,0,0.0,0,0,0,0,0,2026-09-30
PRJ-0146,Central Sector,Infrastructure,NLC India Limited [NLCIL],Gujarat,1221.41,1221.41,64.03,0.0,2022-07-01,2026-12-01,2026-12-01,0,0.0,0,0,0,0,0,2026-09-30
PRJ-0147,Central Sector,Infrastructure,NLC India Limited [NLCIL],Gujarat,480.68,480.68,2.62,1.2,2022-07-01,2026-12-01,2026-12-01,0,0.0,0,0,0,0,0,2026-09-30
PRJ-0148,Central Sector,Infrastructure,NLC India Limited [NLCIL],Odisha,27212.96,27213.0,3454.06,2.1,2017-01-01,2030-03-01,2030-03-01,0,0.0,0,1,1,0,0,2026-09-30
PRJ-0149,Central Sector,Infrastructure,NLC India Limited [NLCIL],Rajasthan,1813.0,1813.0,1753.07,100.0,2022-07-01,2024-09-01,2025-12-01,15,0.0,1,0,0,1,1,2026-09-30
PRJ-0150,Central Sector,Infrastructure,NLC India Limited [NLCIL],Rajasthan,4147.07,4147.07,224.77,0.0,2024-10-01,2028-03-01,2028-03-01,0,0.0,0,0,0,0,0,2026-09-30
PRJ-0151,Central Sector,Infrastructure,NLC India Limited [NLCIL],Tamil Nadu,218.03,218.03,169.95,100.0,2023-08-01,2025-03-01,2025-12-01,9,0.0,1,0,0,1,1,2026-09-30
PRJ-0152,Central Sector,Infrastructure,NLC India Limited [NLCIL],Uttar Pradesh,17237.8,21780.9,21237.52,95.68,2016-07-01,2020-11-01,2026-03-01,64,26.36,1,1,1,1,1,2026-09-30
PRJ-0153,Central Sector,Infrastructure,Railway,Chhattisgarh,1686.22,2438.53,625.77,43.5,2018-05-01,2026-12-01,2026-08-01,0,44.62,0,1,1,0,1,2026-09-30
PRJ-0154,Central Sector,Infrastructure,Ministry of Coal,Jharkhand,1799.64,2564.34,1713.19,71.0,2018-02-01,2025-06-01,2026-06-01,12,42.49,1,1,1,1,1,2026-09-30
PRJ-0155,Central Sector,Infrastructure,Damodar Valley Corporation,Jharkhand,1581.0,1581.0,601.03,36.0,2016-07-01,2026-05-01,2026-05-01,0,0.0,0,0,0,0,0,2026-09-30
PRJ-0156,Central Sector,Infrastructure,National Thermal Power Corporation [NTPC],Jharkhand,502.0,784.0,471.08,67.86,2019-02-01,2056-12-01,2027-04-01,0,56.18,0,1,1,0,1,2026-09-30
PRJ-0157,Central Sector,Infrastructure,National Hydroelectric Power Corporation Limited [NHPC],Arunachal Pradesh,31876.39,31876.4,4593.04,17.43,2023-02-01,2032-02-01,2032-02-01,0,0.0,0,1,1,0,0,2026-09-30
PRJ-0158,Central Sector,Infrastructure,North Eastern Electric Power Corporation Limited,Arunachal Pradesh,1938.85,1938.85,96.94,4.95,2024-12-01,2029-07-01,2029-07-01,0,0.0,0,0,0,0,0,2026-09-30
PRJ-0159,Central Sector,Infrastructure,North Eastern Electric Power Corporation Limited,Arunachal Pradesh,1750.07,1750.07,73.91,5.04,2024-12-01,2029-07-01,2029-07-01,0,0.0,0,0,0,0,0,2026-09-30
PRJ-0160,Central Sector,Infrastructure,North Eastern Electric Power Corporation Limited,Arunachal Pradesh,8146.21,8146.21,243.25,6.41,2025-09-01,2031-09-01,2031-09-01,0,0.0,0,0,0,0,0,2026-09-30
PRJ-0161,Central Sector,Infrastructure,THDC India Limited,Arunachal Pradesh,14105.83,14105.8,187.16,0.0,2026-04-01,2032-10-01,2032-10-01,0,-0.0,0,0,0,0,0,2026-09-30
PRJ-0162,Central Sector,Infrastructure,Satluj Jal Vidyut Nigam [SJVN] Thermal Limited,Bihar,10439.09,13756.6,13370.07,94.33,2019-03-01,2024-01-01,2026-05-01,28,31.78,1,1,1,1,1,2026-09-30
PRJ-0163,Central Sector,Infrastructure,National Thermal Power Corporation [NTPC],Bihar,29948.0,29948.0,2676.55,10.17,2024-11-01,2030-07-01,2030-07-01,0,0.0,0,0,0,0,0,2026-09-30
PRJ-0164,Central Sector,Infrastructure,National Thermal Power Corporation [NTPC],Chhattisgarh,15530.0,16106.0,4787.3,28.6,2023-08-01,2028-06-01,2028-09-01,3,3.71,1,1,1,1,0,2026-09-30
PRJ-0165,Central Sector,Infrastructure,National Thermal Power Corporation [NTPC],Chhattisgarh,9791.0,9791.0,1619.63,18.91,2024-09-01,2029-09-01,2029-09-01,0,0.0,0,0,0,0,0,2026-09-30
PRJ-0166,Central Sector,Infrastructure,Satluj Jal Vidyut Nigam [SJVN] Thermal Limited,Gujarat,339.35,339.35,370.0,51.86,2021-03-01,2025-12-01,2025-12-01,0,0.0,0,0,0,0,0,2026-09-30
PRJ-0167,Central Sector,Infrastructure,Satluj Jal Vidyut Nigam [SJVN] Thermal Limited,Himachal Pradesh,687.97,1561.21,1107.31,77.51,2020-10-01,2025-11-01,2027-03-01,16,126.93,1,1,1,1,1,2026-09-30
PRJ-0168,Central Sector,Infrastructure,Satluj Jal Vidyut Nigam [SJVN] Thermal Limited,Himachal Pradesh,1810.56,4681.64,1924.48,51.32,2020-11-01,2026-01-01,2030-02-01,49,158.57,1,1,1,1,1,2026-09-30
PRJ-0169,Central Sector,Infrastructure,Satluj Jal Vidyut Nigam [SJVN] Thermal Limited,Himachal Pradesh,2614.51,4925.87,1083.85,33.98,2023-01-01,2028-04-01,2029-12-01,20,88.41,1,1,1,1,1,2026-09-30
PRJ-0170,Central Sector,Infrastructure,National Hydroelectric Power Corporation Limited [NHPC],Jammu and Kashmir,8112.12,12728.0,9114.12,80.5,2014-10-01,2020-04-01,2026-12-01,80,56.9,1,1,1,1,1,2026-09-30
PRJ-0171,Central Sector,Infrastructure,National Hydroelectric Power Corporation Limited [NHPC],Jammu and Kashmir,4287.59,5409.0,3733.26,83.46,2019-03-01,2023-09-01,2026-12-01,39,26.15,1,1,1,1,1,2026-09-30
PRJ-0172,Central Sector,Infrastructure,National Hydroelectric Power Corporation Limited [NHPC],Jammu and Kashmir,5281.94,5281.94,1566.39,29.85,2021-02-01,2026-02-01,2028-11-01,33,0.0,1,0,0,1,1,2026-09-30
PRJ-0173,Central Sector,Infrastructure,National Hydroelectric Power Corporation Limited [NHPC],Jammu and Kashmir,4526.12,4526.12,1569.55,34.21,2022-05-01,2026-11-01,2028-03-01,16,0.0,1,0,0,1,1,2026-09-30
PRJ-0174,Central Sector,Infrastructure,National Thermal Power Corporation [NTPC],Jharkhand,18668.0,20302.0,18690.0,88.74,2017-11-01,2023-03-01,2027-02-01,47,8.75,1,1,1,1,1,2026-09-30
PRJ-0175,Central Sector,Infrastructure,Damodar Valley Corporation,Jharkhand,14358.0,14358.0,1890.03,11.0,2023-04-01,2029-03-01,2029-03-01,0,0.0,0,0,0,0,0,2026-09-30
PRJ-0176,Central Sector,Infrastructure,National Thermal Power Corporation [NTPC],Madhya Pradesh,20446.0,20446.0,1721.18,7.5,2024-11-01,2030-03-01,2030-03-01,0,0.0,0,0,0,0,0,2026-09-30
PRJ-0177,Central Sector,Infrastructure,National Hydroelectric Power Corporation Limited [NHPC],"Multi-States (Arunachal Pradesh, Assam)",6285.33,26075.5,26150.32,97.64,2003-09-01,2010-09-01,2026-05-01,188,314.86,1,1,1,1,1,2026-09-30
PRJ-0178,Central Sector,Infrastructure,National Thermal Power Corporation [NTPC],Odisha,11843.75,12543.0,6454.35,50.2,2022-08-01,2027-05-01,2028-03-01,10,5.9,1,1,1,1,1,2026-09-30
PRJ-0179,Central Sector,Infrastructure,National Thermal Power Corporation [NTPC],Odisha,11131.0,11131.0,460.85,1.95,2025-11-01,2031-01-01,2031-01-01,0,0.0,0,0,0,0,0,2026-09-30
PRJ-0180,Central Sector,Infrastructure,National Hydroelectric Power Corporation Limited [NHPC],Sikkim,5748.04,5748.04,4356.15,72.51,2019-03-01,2024-03-01,2027-12-01,45,0.0,1,0,0,1,1,2026-09-30
PRJ-0181,Central Sector,Infrastructure,National Hydroelectric Power Corporation Limited [NHPC],Sikkim,938.29,1828.11,1625.93,96.53,2021-03-01,2024-05-01,2025-12-01,19,94.83,1,1,1,1,1,2026-09-30
PRJ-0182,Central Sector,Infrastructure,National Thermal Power Corporation [NTPC],Uttar Pradesh,17195.0,17195.0,3306.21,19.8,2024-03-01,2030-02-01,2030-02-01,0,0.0,0,0,0,0,0,2026-09-30
PRJ-0183,Central Sector,Infrastructure,National Thermal Power Corporation [NTPC],Uttarakhand,2978.0,10907.3,7715.24,77.0,2006-11-01,2013-03-01,2029-04-01,193,266.26,1,1,1,1,1,2026-09-30
PRJ-0184,Central Sector,Infrastructure,THDC India Limited,Uttarakhand,3860.35,6405.08,5429.35,80.0,2008-08-01,2022-12-01,2027-09-01,57,65.92,1,1,1,1,1,2026-09-30
PRJ-0185,Central Sector,Infrastructure,Damodar Valley Corporation,West Bengal,17673.0,17673.0,1950.25,9.4,2023-01-01,2029-06-01,2029-06-01,0,0.0,0,0,0,0,0,2026-09-30
PRJ-0186,Central Sector,Infrastructure,National Thermal Power Corporation [NTPC],West Bengal,1381.84,2865.56,1568.56,55.06,2014-09-01,2019-09-01,2029-03-01,114,107.37,1,1,1,1,1,2026-09-30
PRJ-0187,Central Sector,Infrastructure,Damodar Valley Corporation,West Bengal,1037.0,1106.0,1133.78,96.0,2019-06-01,2024-01-01,2026-05-01,28,6.65,1,1,1,1,1,2026-09-30
PRJ-0188,Central Sector,Infrastructure,Power Grid Corporation of India Limited [POWERGRID],Andhra Pradesh,823.0,823.0,798.31,98.34,2023-09-01,2025-09-01,2026-05-01,8,0.0,1,0,0,1,1,2026-09-30
PRJ-0189,Central Sector,Infrastructure,Power Grid Corporation of India Limited [POWERGRID],Andhra Pradesh,2886.0,2886.0,721.48,26.19,2025-03-01,2027-12-01,2027-12-01,0,0.0,0,0,0,0,0,2026-09-30
PRJ-0190,Central Sector,Infrastructure,Power Grid Corporation of India Limited [POWERGRID],Arunachal Pradesh,209.38,209.38,3.14,1.5,2025-08-01,2028-02-01,2028-02-01,0,0.0,0,0,0,0,0,2026-09-30
PRJ-0191,Central Sector,Infrastructure,Power Grid Corporation of India Limited [POWERGRID],Delhi,284.0,284.0,22.72,7.75,2023-11-01,2026-02-01,2026-12-01,10,0.0,1,0,0,1,1,2026-09-30
PRJ-0192,Central Sector,Infrastructure,Power Grid Corporation of India Limited [POWERGRID],Gujarat,4231.0,4231.0,2538.6,62.0,2023-12-01,2025-12-01,2026-12-01,12,0.0,1,0,0,1,1,2026-09-30
PRJ-0193,Central Sector,Infrastructure,Power Grid Corporation of India Limited [POWERGRID],Gujarat,697.0,697.0,369.41,56.0,2024-05-01,2026-05-01,2026-06-01,1,0.0,1,0,0,1,0,2026-09-30
PRJ-0194,Central Sector,Infrastructure,Power Grid Corporation of India Limited [POWERGRID],Gujarat,329.0,329.0,36.19,13.5,2024-10-01,2026-07-01,2027-04-01,9,0.0,1,0,0,1,1,2026-09-30
PRJ-0195,Central Sector,Infrastructure,Power Grid Corporation of India Limited [POWERGRID],Gujarat,501.0,501.0,25.05,6.0,2024-11-01,2026-11-01,2026-11-01,0,0.0,0,0,0,0,0,2026-09-30
PRJ-0196,Central Sector,Infrastructure,Power Grid Corporation of India Limited [POWERGRID],Gujarat,4766.0,4766.0,1239.16,27.59,2024-10-01,2026-10-01,2027-10-01,12,0.0,1,0,0,1,1,2026-09-30
PRJ-0197,Central Sector,Infrastructure,Power Grid Corporation of India Limited [POWERGRID],Gujarat,466.0,466.0,93.2,22.5,2025-02-01,2027-02-01,2027-02-01,0,0.0,0,0,0,0,0,2026-09-30
PRJ-0198,Central Sector,Infrastructure,Power Grid Corporation of India Limited [POWERGRID],Gujarat,172.0,172.0,58.48,36.0,2025-03-01,2027-03-01,2027-03-01,0,0.0,0,0,0,0,0,2026-09-30
PRJ-0199,Central Sector,Infrastructure,Power Grid Corporation of India Limited [POWERGRID],Gujarat,488.29,488.29,5.86,1.5,2025-02-01,2026-11-01,2027-06-01,7,0.0,1,0,0,1,1,2026-09-30
PRJ-0200,Central Sector,Infrastructure,Adani Transmission Limited,Gujarat,4000.0,4000.0,537.0,18.0,2024-10-01,2026-10-01,2026-10-01,0,0.0,0,0,0,0,0,2026-09-30
PRJ-0201,Central Sector,Infrastructure,Power Grid Corporation of India Limited [POWERGRID],Gujarat,581.74,581.74,7.08,1.5,2025-03-01,2026-12-01,2027-06-01,6,0.0,1,0,0,1,0,2026-09-30
PRJ-0202,Central Sector,Infrastructure,Adani Transmission Limited,Gujarat,19000.0,19000.0,20.0,1.0,2025-12-01,2029-12-01,2029-12-01,0,0.0,0,0,0,0,0,2026-09-30
PRJ-0203,Central Sector,Infrastructure,Power Grid Corporation of India Limited [POWERGRID],Gujarat,319.42,319.42,51.1,18.0,2024-09-01,2026-03-01,2026-12-01,9,0.0,1,0,0,1,1,2026-09-30
PRJ-0204,Central Sector,Infrastructure,Adani Transmission Limited,Gujarat,4500.0,4500.0,2263.7,58.0,2024-08-01,2026-08-01,2026-08-01,0,0.0,0,0,0,0,0,2026-09-30
PRJ-0205,Central Sector,Infrastructure,Power Grid Corporation of India Limited [POWERGRID],Jammu and Kashmir,218.6,218.6,3.72,1.7,2024-07-01,2026-07-01,2027-06-01,11,0.0,1,0,0,1,1,2026-09-30
PRJ-0206,Central Sector,Infrastructure,Power Grid Corporation of India Limited [POWERGRID],Jharkhand,1842.25,1842.25,1648.05,96.0,2012-02-01,2026-03-01,2026-08-01,5,0.0,1,0,0,1,0,2026-09-30
PRJ-0207,Central Sector,Infrastructure,Power Grid Corporation of India Limited [POWERGRID],Karnataka,4445.0,4445.0,3733.8,86.0,2023-12-01,2025-12-01,2026-09-01,9,0.0,1,0,0,1,1,2026-09-30
PRJ-0208,Central Sector,Infrastructure,Power Grid Corporation of India Limited [POWERGRID],Karnataka,1354.0,1354.0,270.8,22.5,2025-01-01,2027-06-01,2027-06-01,0,0.0,0,0,0,0,0,2026-09-30
PRJ-0209,Central Sector,Infrastructure,Power Grid Corporation of India Limited [POWERGRID],Karnataka,288.0,288.0,20.16,7.2,2025-02-01,2027-06-01,2027-06-01,0,0.0,0,0,0,0,0,2026-09-30
PRJ-0210,Central Sector,Infrastructure,Power Grid Corporation of India Limited [POWERGRID],Karnataka,3453.0,3453.0,414.36,13.41,2025-03-01,2027-09-01,2027-09-01,0,0.0,0,0,0,0,0,2026-09-30
PRJ-0211,Central Sector,Infrastructure,Power Grid Corporation of India Limited [POWERGRID],Karnataka,379.0,379.0,17.06,2.5,2025-09-01,2027-09-01,2027-09-01,0,0.0,0,0,0,0,0,2026-09-30
PRJ-0212,Central Sector,Infrastructure,Power Grid Corporation of India Limited [POWERGRID],Karnataka,1111.0,1111.0,5.5,1.0,2026-02-01,2028-02-01,2028-02-01,0,0.0,0,0,0,0,0,2026-09-30
PRJ-0213,Central Sector,Infrastructure,Power Grid Corporation of India Limited [POWERGRID],Kerala,173.14,173.14,2.08,1.5,2025-08-01,2027-08-01,2027-08-01,0,0.0,0,0,0,0,0,2026-09-30
PRJ-0214,Central Sector,Infrastructure,Power Grid Corporation of India Limited [POWERGRID],Madhya Pradesh,3674.0,3674.0,1396.12,39.24,2024-10-01,2026-10-01,2027-06-01,8,0.0,1,0,0,1,1,2026-09-30
PRJ-0215,Central Sector,Infrastructure,Power Grid Corporation of India Limited [POWERGRID],Madhya Pradesh,2708.0,2708.0,1489.4,57.8,2024-08-01,2026-08-01,2027-02-01,6,0.0,1,0,0,1,0,2026-09-30
PRJ-0216,Central Sector,Infrastructure,Power Grid Corporation of India Limited [POWERGRID],Madhya Pradesh,370.0,370.0,114.7,35.03,2024-06-01,2026-12-01,2026-12-01,0,0.0,0,0,0,0,0,2026-09-30
PRJ-0217,Central Sector,Infrastructure,Power Grid Corporation of India Limited [POWERGRID],Madhya Pradesh,558.0,558.0,50.22,9.75,2025-06-01,2027-12-01,2027-12-01,0,0.0,0,0,0,0,0,2026-09-30
PRJ-0218,Central Sector,Infrastructure,Power Grid Corporation of India Limited [POWERGRID],Madhya Pradesh,319.0,319.0,12.76,2.5,2025-10-01,2028-03-01,2028-03-01,0,0.0,0,0,0,0,0,2026-09-30
PRJ-0219,Central Sector,Infrastructure,Adani Transmission Limited,Madhya Pradesh,3125.32,3125.32,286.79,17.0,2025-03-01,2027-04-01,2027-04-01,0,0.0,0,0,0,0,0,2026-09-30
PRJ-0220,Central Sector,Infrastructure,Power Grid Corporation of India Limited [POWERGRID],Maharashtra,224.41,224.41,206.45,94.8,2023-11-01,2025-07-01,2026-04-01,9,0.0,1,0,0,1,1,2026-09-30
PRJ-0221,Central Sector,Infrastructure,Adani Transmission Limited,Maharashtra,2000.0,2000.0,36.0,5.0,2025-05-01,2028-01-01,2028-01-01,0,0.0,0,0,0,0,0,2026-09-30
PRJ-0222,Central Sector,Infrastructure,Power Grid Corporation of India Limited [POWERGRID],Maharashtra,1420.0,1420.0,2.84,0.5,2026-03-01,2028-03-01,2028-03-01,0,0.0,0,0,0,0,0,2026-09-30
PRJ-0223,Central Sector,Infrastructure,Power Grid Corporation of India Limited [POWERGRID],"Multi-States (Andhra Pradesh, Karnataka)",5550.0,5550.0,943.5,17.86,2025-03-01,2027-03-01,2027-09-01,6,0.0,1,0,0,1,0,2026-09-30
PRJ-0224,Central Sector,Infrastructure,Sterlite Power,"Multi-States (Andhra Pradesh, Karnataka)",4535.99,4535.99,677.57,40.0,2024-08-01,2027-03-01,2027-03-01,0,0.0,0,0,0,0,0,2026-09-30
PRJ-0225,Central Sector,Infrastructure,Power Grid Corporation of India Limited [POWERGRID],"Multi-States (Andhra Pradesh, Odisha)",2722.5,2722.5,13.4,1.0,2026-02-01,2028-08-01,2028-08-01,0,0.0,0,0,0,0,0,2026-09-30
PRJ-0226,Central Sector,Infrastructure,Power Grid Corporation of India Limited [POWERGRID],"Multi-States (Andhra Pradesh, Telangana)",3546.94,3546.94,3532.75,99.69,2022-11-01,2024-11-01,2026-05-01,18,0.0,1,0,0,1,1,2026-09-30
PRJ-0227,Central Sector,Infrastructure,Power Grid Corporation of India Limited [POWERGRID],"Multi-States (Arunachal Pradesh, Sikkim)",4754.42,9129.32,8069.4,83.4,2014-10-01,2018-12-01,2027-03-01,99,92.02,1,1,1,1,1,2026-09-30
PRJ-0228,Central Sector,Infrastructure,Power Grid Corporation of India Limited [POWERGRID],"Multi-States (Assam, Manipur, Meghalaya, Mizoram, Nagaland, Tripura)",5111.33,6700.0,5577.75,98.5,2014-12-01,2018-12-01,2027-03-01,99,31.08,1,1,1,1,1,2026-09-30
PRJ-0229,Central Sector,Infrastructure,Power Grid Corporation of India Limited [POWERGRID],"Multi-States (Bihar, Odisha, West Bengal)",342.69,342.69,102.8,29.73,2024-09-01,2026-03-01,2026-09-01,6,0.0,1,0,0,1,0,2026-09-30
PRJ-0230,Central Sector,Infrastructure,Power Grid Corporation of India Limited [POWERGRID],"Multi-States (Bihar, Uttar Pradesh)",2368.0,2368.0,35.52,2.0,2025-10-01,2027-10-01,2027-10-01,0,0.0,0,0,0,0,0,2026-09-30
PRJ-0231,Central Sector,Infrastructure,Power Grid Corporation of India Limited [POWERGRID],"Multi-States (Bihar, West Bengal)",408.94,408.94,6.13,1.5,2024-11-01,2026-05-01,2027-06-01,13,0.0,1,0,0,1,1,2026-09-30
PRJ-0232,Central Sector,Infrastructure,Power Grid Corporation of India Limited [POWERGRID],"Multi-States (Dadra & Nagar Haveli and Daman & Diu, Gujarat, Maharashtra)",4546.26,4546.26,4528.07,99.9,2022-01-01,2023-06-01,2026-05-01,35,0.0,1,0,0,1,1,2026-09-30
PRJ-0233,Central Sector,Infrastructure,Power Grid Corporation of India Limited [POWERGRID],"Multi-States (Delhi, Rajasthan)",331.0,331.0,197.71,56.75,2022-12-01,2025-03-01,2026-12-01,21,0.0,1,0,0,1,1,2026-09-30
PRJ-0234,Central Sector,Infrastructure,Power Grid Corporation of India Limited [POWERGRID],"Multi-States (Delhi, Rajasthan)",2423.0,2423.0,2035.32,85.45,2024-02-01,2025-08-01,2026-09-01,13,0.0,1,0,0,1,1,2026-09-30
PRJ-0235,Central Sector,Infrastructure,Power Grid Corporation of India Limited [POWERGRID],"Multi-States (Gujarat, Maharashtra)",24819.0,24819.0,2481.9,9.67,2024-11-01,2029-05-01,2029-05-01,0,0.0,0,0,0,0,0,2026-09-30
PRJ-0236,Central Sector,Infrastructure,Power Grid Corporation of India Limited [POWERGRID],"Multi-States (Haryana, Punjab, Rajasthan)",5969.0,5969.0,1313.18,24.07,2024-11-01,2026-11-01,2027-04-01,5,0.0,1,0,0,1,0,2026-09-30
PRJ-0237,Central Sector,Infrastructure,Power Grid Corporation of India Limited [POWERGRID],"Multi-States (Haryana, Rajasthan)",5357.0,5357.0,1446.39,28.27,2024-11-01,2026-11-01,2027-06-01,7,0.0,1,0,0,1,1,2026-09-30
PRJ-0238,Central Sector,Infrastructure,Power Grid Corporation of India Limited [POWERGRID],"Multi-States (Karnataka, Maharashtra)",1007.0,1007.0,20.14,2.5,2025-10-01,2027-10-01,2027-10-01,0,0.0,0,0,0,0,0,2026-09-30
PRJ-0239,Central Sector,Infrastructure,Power Grid Corporation of India Limited [POWERGRID],"Multi-States (Karnataka, Telangana)",1368.0,1368.0,1190.16,89.46,2024-02-01,2026-02-01,2026-06-01,4,0.0,1,0,0,1,0,2026-09-30
PRJ-0240,Central Sector,Infrastructure,Power Grid Corporation of India Limited [POWERGRID],"Multi-States (Madhya Pradesh, Rajasthan)",2227.0,2227.0,979.88,38.74,2024-08-01,2026-08-01,2026-12-01,4,0.0,1,0,0,1,0,2026-09-30
PRJ-0241,Central Sector,Infrastructure,Power Grid Corporation of India Limited [POWERGRID],"Multi-States (Madhya Pradesh, Rajasthan)",3251.0,3251.0,1592.99,39.4,2024-08-01,2026-08-01,2027-04-01,8,0.0,1,0,0,1,1,2026-09-30
PRJ-0242,Central Sector,Infrastructure,Power Grid Corporation of India Limited [POWERGRID],"Multi-States (Madhya Pradesh, Rajasthan)",5028.0,5028.0,1054.2,24.07,2025-03-01,2027-03-01,2027-06-01,3,0.0,1,0,0,1,0,2026-09-30
PRJ-0243,Central Sector,Infrastructure,Adani Transmission Limited,"Multi-States (Madhya Pradesh, Rajasthan, Uttar Pradesh)",25000.0,25000.0,230.05,2.0,2025-01-01,2029-07-01,2029-07-01,0,0.0,0,0,0,0,0,2026-09-30
PRJ-0244,Central Sector,Infrastructure,Power Grid Corporation of India Limited [POWERGRID],"Multi-States (Rajasthan, Uttar Pradesh)",3271.0,3271.0,2731.28,72.16,2023-12-01,2025-12-01,2026-12-01,12,0.0,1,0,0,1,1,2026-09-30
PRJ-0245,Central Sector,Infrastructure,Power Grid Corporation of India Limited [POWERGRID],"Multi-States (Rajasthan, Uttar Pradesh)",5846.0,5846.0,1636.88,31.37,2024-12-01,2026-12-01,2027-06-01,6,0.0,1,0,0,1,0,2026-09-30
PRJ-0246,Central Sector,Infrastructure,Power Grid Corporation of India Limited [POWERGRID],Rajasthan,428.3,428.3,415.45,98.4,2023-11-01,2025-06-01,2026-06-01,12,0.0,1,0,0,1,1,2026-09-30
PRJ-0247,Central Sector,Infrastructure,Power Grid Corporation of India Limited [POWERGRID],Rajasthan,1910.0,1910.0,1851.81,98.33,2023-10-01,2025-04-01,2026-06-01,14,0.0,1,0,0,1,1,2026-09-30
PRJ-0248,Central Sector,Infrastructure,Power Grid Corporation of India Limited [POWERGRID],Rajasthan,1160.0,1160.0,1136.8,99.0,2023-10-01,2025-04-01,2026-05-01,13,0.0,1,0,0,1,1,2026-09-30
PRJ-0249,Central Sector,Infrastructure,Power Grid Corporation of India Limited [POWERGRID],Rajasthan,4741.0,4741.0,3650.57,72.22,2023-12-01,2025-12-01,2026-12-01,12,0.0,1,0,0,1,1,2026-09-30
PRJ-0250,Central Sector,Infrastructure,Power Grid Corporation of India Limited [POWERGRID],Rajasthan,3279.0,3279.0,1508.34,47.13,2024-08-01,2026-08-01,2027-03-01,7,0.0,1,0,0,1,1,2026-09-30
PRJ-0251,Central Sector,Infrastructure,Power Grid Corporation of India Limited [POWERGRID],Rajasthan,1382.0,1382.0,552.8,42.0,2024-08-01,2026-08-01,2027-03-01,7,0.0,1,0,0,1,1,2026-09-30
PRJ-0252,Central Sector,Infrastructure,Power Grid Corporation of India Limited [POWERGRID],Rajasthan,369.0,369.0,210.33,63.85,2024-08-01,2026-02-01,2026-09-01,7,0.0,1,0,0,1,1,2026-09-30
PRJ-0253,Central Sector,Infrastructure,Power Grid Corporation of India Limited [POWERGRID],Rajasthan,2735.0,2735.0,875.2,31.48,2024-11-01,2026-11-01,2027-06-01,7,0.0,1,0,0,1,1,2026-09-30
PRJ-0254,Central Sector,Infrastructure,Power Grid Corporation of India Limited [POWERGRID],Rajasthan,404.0,404.0,28.28,9.8,2025-03-01,2026-12-01,2027-06-01,6,0.0,1,0,0,1,0,2026-09-30
PRJ-0255,Central Sector,Infrastructure,Power Grid Corporation of India Limited [POWERGRID],Tamil Nadu,548.0,548.0,120.56,18.72,2025-01-01,2026-12-01,2027-03-01,3,0.0,1,0,0,1,0,2026-09-30
PRJ-0256,Central Sector,Infrastructure,Power Grid Corporation of India Limited [POWERGRID],Uttar Pradesh,212.81,212.81,6.38,3.0,2024-12-01,2026-06-01,2026-08-01,2,0.0,1,0,0,1,0,2026-09-30
PRJ-0257,Central Sector,Infrastructure,Central Public Works Department - CPWD,Telangana,644.0,644.0,161.57,21.0,2024-03-01,2027-09-01,2027-09-01,0,0.0,0,0,0,0,0,2026-09-30
PRJ-0258,Central Sector,Infrastructure,ministry of housing and urban affairs,Andaman & Nicobar,209.88,209.88,0.0,70.0,2021-07-01,2023-05-01,2023-05-01,0,0.0,0,0,0,0,0,2026-09-30
PRJ-0259,Central Sector,Infrastructure,National Buildings Construction Corporation [NBCC],Delhi,32850.0,32841.0,13885.72,46.8,2016-07-01,2025-12-01,2025-12-01,0,-0.03,0,0,0,0,0,2026-09-30
PRJ-0260,Central Sector,Infrastructure,ministry of housing and urban affairs,Gujarat,539.0,539.0,599.76,98.5,2016-02-01,2022-07-01,2026-05-01,46,0.0,1,0,0,1,1,2026-09-30
PRJ-0261,Central Sector,Infrastructure,ministry of housing and urban affairs,Uttarakhand,150.97,206.0,54.01,40.0,2019-11-01,2023-11-01,2026-12-01,37,36.45,1,1,1,1,1,2026-09-30
PRJ-0262,Central Sector,Infrastructure,Patna Metro Rail Corporation Ltd. [PMRCL],Bihar,13365.77,13365.8,5197.09,50.0,2019-02-01,2024-02-01,2027-06-01,40,0.0,1,1,1,1,1,2026-09-30
PRJ-0263,Central Sector,Infrastructure,Delhi Metro Rail Corporation Limited [DMRC],Delhi,8399.81,8399.81,94.53,3.64,2024-03-01,2029-03-01,2029-03-01,0,0.0,0,0,0,0,0,2026-09-30
PRJ-0264,Central Sector,Infrastructure,Delhi Metro Rail Corporation Limited [DMRC],Delhi,12014.91,12014.9,17.4,5.34,2026-01-01,2028-12-01,2028-12-01,0,-0.0,0,0,0,0,0,2026-09-30
PRJ-0265,Central Sector,Infrastructure,Delhi Metro Rail Corporation Limited [DMRC],Delhi,24948.65,24948.7,20350.75,80.56,2019-07-01,2025-03-01,2026-12-01,21,0.0,1,1,1,1,1,2026-09-30
PRJ-0266,Central Sector,Infrastructure,Gujarat Metro Rail Corporation Limited [GMRCL],Gujarat,12020.32,12020.3,8929.65,79.5,2019-03-01,2024-03-01,2026-06-01,27,-0.0,1,0,0,1,1,2026-09-30
PRJ-0267,Central Sector,Infrastructure,Gujarat Metro Rail Corporation Limited [GMRCL],Gujarat,10773.0,12924.5,12520.65,99.99,2014-11-01,2018-03-01,2026-05-01,98,19.97,1,1,1,1,1,2026-09-30
PRJ-0268,Central Sector,Infrastructure,Gurugram Metro Rail Limited [GMRL],Haryana,5452.72,5452.72,92.12,0.0,2023-07-01,2027-07-01,2027-07-01,0,0.0,0,0,0,0,0,2026-09-30
PRJ-0269,Central Sector,Infrastructure,Bengaluru Metro Rail,Karnataka,15611.0,15611.0,0.0,0.0,2026-06-01,2031-05-01,2031-05-01,0,0.0,0,0,0,0,0,2026-09-30
PRJ-0270,Central Sector,Infrastructure,Bengaluru Metro Rail,Karnataka,26405.14,30695.1,29802.97,95.5,2014-02-01,2021-03-01,2026-09-01,66,16.25,1,1,1,1,1,2026-09-30
PRJ-0271,Central Sector,Infrastructure,Bengaluru Metro Rail,Karnataka,14788.1,14788.1,10276.44,65.0,2021-06-01,2026-06-01,2026-06-01,0,0.0,0,0,0,0,0,2026-09-30
PRJ-0272,Central Sector,Infrastructure,CSPCC Projects,Kerala,1957.05,1957.05,746.33,36.17,2022-11-01,2026-11-01,2026-11-01,0,0.0,0,0,0,0,0,2026-09-30
PRJ-0273,Central Sector,Infrastructure,Madhya Pradesh Metro Rail Co Limited [MPMRCL],Madhya Pradesh,6941.4,6941.4,4259.25,59.94,2018-11-01,2022-11-01,2028-06-01,67,0.0,1,0,0,1,1,2026-09-30
PRJ-0274,Central Sector,Infrastructure,Madhya Pradesh Metro Rail Co Limited [MPMRCL],Madhya Pradesh,7500.8,7500.8,4923.05,64.15,2018-11-01,2022-11-01,2028-12-01,73,0.0,1,0,0,1,1,2026-09-30
PRJ-0275,Central Sector,Infrastructure,Maharashtra Metro Rail Corporation Limited [MMRCL],Maharashtra,910.18,960.18,269.74,41.58,2023-10-01,2027-01-01,2027-01-01,0,5.49,0,1,1,0,0,2026-09-30
PRJ-0276,Central Sector,Infrastructure,Maharashtra Metro Rail Corporation Limited [MMRCL],Maharashtra,2954.53,2954.53,46.13,5.2,2024-09-01,2029-03-01,2029-03-01,0,0.0,0,0,0,0,0,2026-09-30
PRJ-0277,Central Sector,Infrastructure,Maharashtra Metro Rail Corporation Limited [MMRCL],Maharashtra,12200.1,12200.1,81.63,8.25,2024-09-01,2029-09-01,2029-09-01,0,0.0,0,0,0,0,0,2026-09-30
PRJ-0278,Central Sector,Infrastructure,Maharashtra Metro Rail Corporation Limited [MMRCL],Maharashtra,3626.24,3626.24,2.65,1.38,2025-07-01,2029-07-01,2029-07-01,0,0.0,0,0,0,0,0,2026-09-30
PRJ-0279,Central Sector,Infrastructure,Maharashtra Metro Rail Corporation Limited [MMRCL],Maharashtra,9857.85,9857.85,3.94,0.48,2025-12-01,2030-12-01,2030-12-01,0,0.0,0,0,0,0,0,2026-09-30
PRJ-0280,Central Sector,Infrastructure,ministry of housing and urban affairs,Maharashtra,262.76,262.76,17.62,6.0,2018-04-01,2022-07-01,2022-07-01,0,0.0,0,0,0,0,0,2026-09-30
PRJ-0281,Central Sector,Infrastructure,ministry of housing and urban affairs,Maharashtra,600.0,723.7,492.82,82.0,2018-04-01,2023-07-01,2026-06-01,35,20.62,1,1,1,1,1,2026-09-30
PRJ-0282,Central Sector,Infrastructure,Mumbai Metro Rail Corporation Limited [MMRC],Maharashtra,23136.0,37276.0,33526.69,97.79,2013-07-01,2023-03-01,2025-08-01,29,61.12,1,1,1,1,1,2026-09-30
PRJ-0283,Central Sector,Infrastructure,Maharashtra Metro Rail Corporation Limited [MMRCL],Maharashtra,6708.0,6708.0,1912.03,38.0,2022-12-01,2027-12-01,2027-12-01,0,0.0,0,0,0,0,0,2026-09-30
PRJ-0284,Central Sector,Infrastructure,Delhi Metro Rail Corporation Limited [DMRC],"Multi-States (Delhi, Haryana)",6230.99,6230.99,72.98,0.0,2025-01-01,2029-01-01,2029-01-01,0,0.0,0,0,0,0,0,2026-09-30
PRJ-0285,Central Sector,Infrastructure,Chennai Metro Rail Limited [CMRL],Tamil Nadu,63246.0,63246.0,33129.33,52.55,2024-10-01,2029-08-01,2029-08-01,0,0.0,0,0,0,0,0,2026-09-30
PRJ-0286,Central Sector,Infrastructure,Uttar Pradesh metro rail corporation [UPMRC],Uttar Pradesh,5801.05,5801.05,0.0,1.0,2025-09-01,2031-04-01,2031-04-01,0,0.0,0,0,0,0,0,2026-09-30
PRJ-0287,Central Sector,Infrastructure,Uttar Pradesh metro rail corporation [UPMRC],Uttar Pradesh,11076.48,11076.5,9101.15,80.9,2019-05-01,2024-05-01,2027-03-01,34,0.0,1,1,1,1,1,2026-09-30
PRJ-0288,Central Sector,Infrastructure,Uttar Pradesh metro rail corporation [UPMRC],Uttar Pradesh,8379.62,8379.62,6071.78,69.5,2019-05-01,2024-05-01,2027-06-01,37,0.0,1,0,0,1,1,2026-09-30
PRJ-0289,Central Sector,Infrastructure,Ministry of Housing & Urban Affairs,Andhra Pradesh,172.22,172.22,88.86,82.0,2017-02-01,2023-03-01,2026-06-01,39,0.0,1,0,0,1,1,2026-09-30
PRJ-0290,Central Sector,Infrastructure,Ministry of Housing & Urban Affairs,Bihar,158.78,158.78,135.72,84.0,2016-11-01,2023-10-01,2026-06-01,32,0.0,1,0,0,1,1,2026-09-30
PRJ-0291,Central Sector,Infrastructure,ministry of housing and urban affairs,Dadra & Nagar Haveli and Daman & Diu,210.0,210.0,0.0,20.0,2020-08-01,2024-03-01,2024-03-01,0,0.0,0,0,0,0,0,2026-09-30
PRJ-0292,Central Sector,Infrastructure,Ministry of Housing & Urban Affairs,Haryana,278.01,278.01,228.49,88.0,2017-03-01,2023-09-01,2026-09-01,36,0.0,1,0,0,1,1,2026-09-30
PRJ-0293,Central Sector,Infrastructure,Ministry of Housing & Urban Affairs,Jharkhand,216.55,216.55,129.16,76.0,2017-02-01,2023-03-01,2026-06-01,39,0.0,1,0,0,1,1,2026-09-30
PRJ-0294,Central Sector,Infrastructure,Ministry of Housing & Urban Affairs,Jharkhand,159.31,159.31,87.5,67.0,2017-02-01,2023-10-01,2026-06-01,32,0.0,1,0,0,1,1,2026-09-30
PRJ-0295,Central Sector,Infrastructure,Ministry of Housing & Urban Affairs,Jharkhand,278.28,278.28,186.5,81.0,2017-02-01,2023-03-01,2026-06-01,39,0.0,1,0,0,1,1,2026-09-30
PRJ-0296,Central Sector,Infrastructure,Ministry of Housing & Urban Affairs,Karnataka,162.73,162.73,79.5,80.0,2015-12-01,2023-07-01,2026-06-01,35,0.0,1,0,0,1,1,2026-09-30
PRJ-0297,Central Sector,Infrastructure,Ministry of Housing & Urban Affairs,Madhya Pradesh,287.17,287.17,252.5,99.0,2016-12-01,2023-03-01,2026-06-01,39,0.0,1,0,0,1,1,2026-09-30
PRJ-0298,Central Sector,Infrastructure,Ministry of Housing & Urban Affairs,Madhya Pradesh,191.56,215.89,200.32,96.0,2015-11-01,2024-03-01,2026-05-01,26,12.7,1,1,1,1,1,2026-09-30
PRJ-0299,Central Sector,Infrastructure,Ministry of Housing & Urban Affairs,Madhya Pradesh,402.01,438.1,357.68,90.0,2016-05-01,2023-03-01,2026-06-01,39,8.98,1,1,1,1,1,2026-09-30
PRJ-0300,Central Sector,Infrastructure,Ministry of Housing & Urban Affairs,Maharashtra,194.2,194.2,136.56,75.0,2016-07-01,2023-10-01,2026-06-01,32,0.0,1,0,0,1,1,2026-09-30
PRJ-0301,Central Sector,Infrastructure,Ministry of Housing & Urban Affairs,Maharashtra,204.55,204.55,186.13,99.0,2016-11-01,2023-03-01,2026-05-01,38,0.0,1,0,0,1,1,2026-09-30
PRJ-0302,Central Sector,Infrastructure,Ministry of Housing & Urban Affairs,Maharashtra,235.95,235.95,220.77,95.0,2017-03-01,2023-03-01,2026-05-01,38,0.0,1,0,0,1,1,2026-09-30
PRJ-0303,Central Sector,Infrastructure,Ministry of Housing & Urban Affairs,Maharashtra,180.24,180.24,172.22,98.0,2017-03-01,2023-03-01,2026-06-01,39,0.0,1,0,0,1,1,2026-09-30
PRJ-0304,Central Sector,Infrastructure,Ministry of Housing & Urban Affairs,Punjab,258.53,266.64,161.02,58.0,2016-11-01,2023-08-01,2026-06-01,34,3.14,1,1,1,1,1,2026-09-30
PRJ-0305,Central Sector,Infrastructure,Ministry of Housing & Urban Affairs,Punjab,287.0,287.0,213.64,99.0,2016-11-01,2023-10-01,2026-06-01,32,0.0,1,0,0,1,1,2026-09-30
PRJ-0306,Central Sector,Infrastructure,Ministry of Housing & Urban Affairs,Uttar Pradesh,561.74,561.74,500.04,95.0,2017-03-01,2023-07-01,2026-05-01,34,0.0,1,0,0,1,1,2026-09-30
PRJ-0307,Central Sector,Infrastructure,Ministry of Housing & Urban Affairs,Uttar Pradesh,142.46,173.21,152.65,95.0,2019-05-01,2023-03-01,2026-05-01,38,21.59,1,1,1,1,1,2026-09-30
PRJ-0308,Central Sector,Infrastructure,Central Public Works Department [CPWD],West Bengal,255.37,255.37,98.92,64.0,2019-04-01,2026-08-01,2026-08-01,0,0.0,0,0,0,0,0,2026-09-30
PRJ-0309,Central Sector,Infrastructure,Hindustan Copper Limited [HCL],Madhya Pradesh,1856.36,3800.0,965.07,84.87,2011-09-01,2020-04-01,2029-03-01,107,104.7,1,1,1,1,1,2026-09-30
PRJ-0310,Central Sector,Infrastructure,National Aluminium Company Limited [NALCO],Odisha,4103.0,5677.4,4887.6,94.2,2017-04-01,2022-12-01,2026-06-01,42,38.37,1,1,1,1,1,2026-09-30
PRJ-0311,Central Sector,Infrastructure,National Aluminium Company Limited [NALCO],Odisha,1381.0,1960.77,770.08,52.1,2018-05-01,2025-03-01,2026-05-01,14,41.98,1,1,1,1,1,2026-09-30
PRJ-0312,Central Sector,Infrastructure,National Aluminium Company Limited [NALCO],Odisha,483.0,483.0,446.16,92.35,2017-11-01,2025-05-01,2026-06-01,13,0.0,1,0,0,1,1,2026-09-30
PRJ-0313,Central Sector,Infrastructure,National Aluminium Company Limited [NALCO],Tamil Nadu,166.0,166.0,135.0,66.73,2017-09-01,2025-03-01,2026-03-01,12,0.0,1,0,0,1,1,2026-09-30
PRJ-0314,Central Sector,Infrastructure,Central Tribal University of Andhra Pradesh,Andhra Pradesh,305.0,305.0,64.25,44.0,2019-09-01,2027-06-01,2027-06-01,0,0.0,0,0,0,0,0,2026-09-30
PRJ-0315,Central Sector,Infrastructure,"National Institute of Technology, Arunachal Pradesh",Arunachal Pradesh,592.61,592.61,551.3,80.0,2009-09-01,2026-08-01,2024-08-01,0,0.0,0,0,0,0,0,2026-09-30
PRJ-0316,Central Sector,Infrastructure,Tezpur University,Assam,153.71,153.71,137.84,97.7,2019-05-01,2023-11-01,2025-12-01,25,0.0,1,0,0,1,1,2026-09-30
PRJ-0317,Central Sector,Infrastructure,NIT Patna,Bihar,499.21,499.21,449.96,98.5,2022-07-01,2024-07-01,2026-01-01,18,0.0,1,0,0,1,1,2026-09-30
PRJ-0318,Central Sector,Infrastructure,"Indian Institute of Technology, Bhilai",Chhattisgarh,1188.97,1188.97,0.0,0.0,2025-05-01,2028-10-01,2028-10-01,0,0.0,0,0,0,0,0,2026-09-30
PRJ-0319,Central Sector,Infrastructure,National Institute of Technology Delhi,Delhi,333.49,336.42,321.76,99.72,2009-09-01,2025-09-01,2026-01-01,4,0.88,1,1,1,1,0,2026-09-30
PRJ-0320,Central Sector,Infrastructure,Delhi University,Delhi,373.0,373.0,28.13,12.0,2024-09-01,2026-10-01,2026-10-01,0,0.0,0,0,0,0,0,2026-09-30
PRJ-0321,Central Sector,Infrastructure,Central University of Gujarat,Gujarat,490.63,490.63,335.08,85.0,2020-12-01,2025-03-01,2026-03-01,12,0.0,1,0,0,1,1,2026-09-30
PRJ-0322,Central Sector,Infrastructure,"Indian Institute of Management, Sirmaur",Himachal Pradesh,392.51,454.78,336.71,97.5,2018-09-01,2023-10-01,2026-05-01,31,15.86,1,1,1,1,1,2026-09-30
PRJ-0323,Central Sector,Infrastructure,"Indian Institute of Technology, Mandi",Himachal Pradesh,166.66,166.66,122.26,82.0,2023-03-01,2026-03-01,2026-07-01,4,0.0,1,0,0,1,0,2026-09-30
PRJ-0324,Central Sector,Infrastructure,"Central University, Himachal Pradesh",Himachal Pradesh,251.98,300.45,223.21,85.0,2021-03-01,2024-11-01,2026-03-01,16,19.24,1,1,1,1,1,2026-09-30
PRJ-0325,Central Sector,Infrastructure,"Indian Institute of Management, Jammu",Jammu and Kashmir,424.93,500.91,484.52,96.0,2019-03-01,2023-06-01,2025-11-01,29,17.88,1,1,1,1,1,2026-09-30
PRJ-0326,Central Sector,Infrastructure,INDIAN INSTITUTE OF TECHNOLOGY PALAKKAD,Kerala,1006.45,1217.4,680.69,86.0,2017-07-01,2022-06-01,2026-06-01,48,20.96,1,1,1,1,1,2026-09-30
PRJ-0327,Central Sector,Infrastructure,INDIAN INSTITUTE OF TECHNOLOGY PALAKKAD,Kerala,1527.0,1527.0,9.8,0.0,2025-05-01,2028-10-01,2028-10-01,0,0.0,0,0,0,0,0,2026-09-30
PRJ-0328,Central Sector,Infrastructure,"Indian Institute of Technology, Indore",Madhya Pradesh,496.28,496.28,78.35,58.0,2023-12-01,2027-02-01,2027-02-01,0,0.0,0,0,0,0,0,2026-09-30
PRJ-0329,Central Sector,Infrastructure,"National Institute of Technology, Meghalaya",Meghalaya,494.52,429.7,368.98,95.0,2009-09-01,2022-03-01,2026-10-01,55,-13.11,1,0,0,1,1,2026-09-30
PRJ-0330,Central Sector,Infrastructure,NIT Mizoram,Mizoram,474.23,474.23,167.55,4.0,2009-09-01,2029-12-01,2022-03-01,0,0.0,0,0,0,0,0,2026-09-30
PRJ-0331,Central Sector,Infrastructure,NIT Nagaland,Nagaland,275.63,275.63,263.25,98.0,2009-09-01,2025-12-01,2025-12-01,0,0.0,0,0,0,0,0,2026-09-30
PRJ-0332,Central Sector,Infrastructure,"Indian Institutes of Science Education and Research, Behrampur",Odisha,1229.32,843.09,874.09,98.5,2018-10-01,2021-03-01,2026-06-01,63,-31.42,1,0,0,1,1,2026-09-30
PRJ-0333,Central Sector,Infrastructure,"Indian Institute of Technology, Bhubaneshwar",Odisha,454.27,454.27,100.77,7.0,2024-02-01,2026-11-01,2026-11-01,0,0.0,0,0,0,0,0,2026-09-30
PRJ-0334,Central Sector,Infrastructure,NIT Rourkela,Odisha,198.97,198.97,42.55,42.0,2023-09-01,2026-06-01,2026-06-01,0,0.0,0,0,0,0,0,2026-09-30
PRJ-0335,Central Sector,Infrastructure,"National Institute of Technology, Puducherry",Puducherry,618.34,544.34,543.74,98.5,2009-09-01,2024-12-01,2026-05-01,17,-11.97,1,0,0,1,1,2026-09-30
PRJ-0336,Central Sector,Infrastructure,"Indian intitue of Management, Amritsar",Punjab,348.31,348.31,293.1,91.7,2019-10-01,2023-06-01,2026-09-01,39,0.0,1,0,0,1,1,2026-09-30
PRJ-0337,Central Sector,Infrastructure,Central University of Punjab,Punjab,210.99,210.99,74.96,45.0,2024-08-01,2027-10-01,2027-10-01,0,0.0,0,0,0,0,0,2026-09-30
PRJ-0338,Central Sector,Infrastructure,Sikkim University,Sikkim,314.06,314.06,292.0,95.0,2020-08-01,2025-01-01,2026-03-01,14,0.0,1,0,0,1,1,2026-09-30
PRJ-0339,Central Sector,Infrastructure,NIT Sikkim,Sikkim,685.76,610.76,283.56,34.5,2024-02-01,2028-02-01,2026-12-01,0,-10.94,0,0,0,0,0,2026-09-30
PRJ-0340,Central Sector,Infrastructure,"Indian Institute of Technology, Hyderabad",Telangana,262.0,262.0,213.89,87.44,2022-09-01,2024-10-01,2026-01-01,15,0.0,1,0,0,1,1,2026-09-30
PRJ-0341,Central Sector,Infrastructure,Banaras Hindu University,Uttar Pradesh,246.0,246.0,207.02,99.0,2020-06-01,2022-09-01,2026-03-01,42,0.0,1,0,0,1,1,2026-09-30
PRJ-0342,Central Sector,Infrastructure,National Institute of Technology Uttarakhand,Uttarakhand,650.85,650.85,345.85,56.0,2020-06-01,2027-09-01,2027-09-01,0,0.0,0,0,0,0,0,2026-09-30
PRJ-0343,Central Sector,Infrastructure,"Indian Institute of Technology, Kharagpur",West Bengal,500.0,442.0,415.35,96.0,2018-06-01,2023-03-01,2026-03-01,36,-11.6,1,0,0,1,1,2026-09-30
PRJ-0344,Central Sector,Infrastructure,Department of Sports & Youth Affairs,Manipur,906.47,611.74,574.12,97.0,2022-01-01,2024-08-01,2026-08-01,24,-32.51,1,0,0,1,1,2026-09-30
PRJ-0345,Central Sector,Infrastructure,Hindustan Petroleum Corporation Limited,Assam,156.36,156.36,102.07,75.5,2023-03-01,2027-07-01,2027-07-01,0,0.0,0,0,0,0,0,2026-09-30
PRJ-0346,Central Sector,Infrastructure,Hindustan Petroleum Corporation Limited [HPCL],Assam,384.04,384.04,216.85,82.4,2023-03-01,2027-07-01,2027-07-01,0,0.0,0,0,0,0,0,2026-09-30
PRJ-0347,Central Sector,Infrastructure,Ministry of Petroleum & Natural Gas,Gujarat,356.86,304.4,72.32,66.0,2023-05-01,2026-07-01,2026-07-01,0,-14.7,0,0,0,0,0,2026-09-30
PRJ-0348,Central Sector,Infrastructure,Ministry of Petroleum & Natural Gas,Maharashtra,281.35,389.67,270.49,79.5,2017-06-01,2025-05-01,2026-06-01,13,38.5,1,1,1,1,1,2026-09-30
PRJ-0349,Central Sector,Infrastructure,MinistryofPetroleumNaturalGas,Maharashtra,483.14,483.14,287.79,57.9,2023-05-01,2027-04-01,2027-04-01,0,0.0,0,0,0,0,0,2026-09-30
PRJ-0350,Central Sector,Infrastructure,Ministry of Petroleum & Natural Gas,Mizoram,225.71,225.71,22.78,32.0,2024-07-01,2028-10-01,2027-11-01,0,0.0,0,0,0,0,0,2026-09-30
PRJ-0351,Central Sector,Infrastructure,Ministry of Petroleum & Natural Gas,"Multi-States (Andhra Pradesh, Odisha)",2658.34,2810.0,2315.2,97.6,2019-09-01,2022-07-01,2026-06-01,47,5.71,1,1,1,1,1,2026-09-30
PRJ-0352,Central Sector,Infrastructure,Ministry of Petroleum & Natural Gas,"Multi-States (Assam, Bihar, Jharkhand, Odisha, West Bengal)",10228.0,11407.0,10912.42,92.4,2019-01-01,2024-07-01,2026-10-01,27,11.53,1,1,1,1,1,2026-09-30
PRJ-0353,Central Sector,Infrastructure,Ministry of Petroleum & Natural Gas,"Multi-States (Gujarat, Haryana, Rajasthan)",9028.0,9028.0,7160.82,91.4,2021-12-01,2024-12-01,2026-06-01,18,0.0,1,0,0,1,1,2026-09-30
PRJ-0354,Central Sector,Infrastructure,Ministry of Petroleum & Natural Gas,"Multi-States (Gujarat, Madhya Pradesh, Uttar Pradesh)",10088.0,10088.0,8529.58,95.2,2018-12-01,2021-12-01,2026-06-01,54,0.0,1,0,0,1,1,2026-09-30
PRJ-0355,Central Sector,Infrastructure,"Department of Water Resources, River Development & GR","Multi-States (Karnataka, Tamil Nadu)",678.0,1732.0,1118.26,82.6,2012-11-01,2017-02-01,2026-09-01,115,155.46,1,1,1,1,1,2026-09-30
PRJ-0356,Central Sector,Infrastructure,MinistryofPetroleumNaturalGas,Rajasthan,43129.0,79459.0,69202.21,91.9,2017-10-01,2022-10-01,2026-06-01,44,84.24,1,1,1,1,1,2026-09-30
PRJ-0357,Central Sector,Infrastructure,Hindustan Petroleum Corporation Limited [HPCL],Rajasthan,461.05,461.05,225.25,89.8,2023-12-01,2026-12-01,2026-12-01,0,0.0,0,0,0,0,0,2026-09-30
PRJ-0358,Central Sector,Infrastructure,Ministry of Petroleum & Natural Gas,Tamil Nadu,829.0,829.0,350.21,76.2,2022-01-01,2026-05-01,2026-05-01,0,0.0,0,0,0,0,0,2026-09-30
PRJ-0359,Central Sector,Infrastructure,Indian Oil Corporation Limited [IOCL],Tripura,656.0,656.0,537.17,97.0,2022-06-01,2025-09-01,2026-06-01,9,0.0,1,0,0,1,1,2026-09-30
PRJ-0360,Central Sector,Infrastructure,Ministry of Petroleum & Natural Gas,Uttar Pradesh,980.45,980.45,293.88,75.0,2022-09-01,2026-11-01,2026-11-01,0,0.0,0,0,0,0,0,2026-09-30
PRJ-0361,Central Sector,Infrastructure,Oil and Natural Gas Corporation Limited [ONGC],Andhra Pradesh,34012.0,34012.0,33006.7,96.5,2016-03-01,2020-06-01,2026-09-01,75,0.0,1,0,0,1,1,2026-09-30
PRJ-0362,Central Sector,Infrastructure,Ministry of Petroleum and Natural Gas,Andhra Pradesh,258.34,258.34,1.65,10.5,2025-09-01,2028-03-01,2028-03-01,0,0.0,0,0,0,0,0,2026-09-30
PRJ-0363,Central Sector,Infrastructure,Hindustan Petroleum Corporation Limited,Andhra Pradesh,160.0,220.0,135.52,91.6,2021-09-01,2024-06-01,2027-02-01,32,37.5,1,1,1,1,1,2026-09-30
PRJ-0364,Central Sector,Infrastructure,Ministry of Petroleum & Natural Gas,Assam,12366.0,22494.0,19522.33,84.6,2020-07-01,2024-07-01,2027-03-01,32,81.9,1,1,1,1,1,2026-09-30
PRJ-0365,Central Sector,Infrastructure,Ministry of Petroleum & Natural Gas,Assam,682.9,726.93,598.62,94.3,2018-01-01,2020-02-01,2026-06-01,76,6.45,1,1,1,1,1,2026-09-30
PRJ-0366,Central Sector,Infrastructure,Ministry of Petroleum & Natural Gas,Assam,412.3,577.0,457.64,94.9,2021-05-01,2023-10-01,2026-05-01,31,39.95,1,1,1,1,1,2026-09-30
PRJ-0367,Central Sector,Infrastructure,Ministry of Petroleum & Natural Gas,Assam,430.76,430.76,346.97,92.4,2020-12-01,2024-03-01,2026-06-01,27,0.0,1,0,0,1,1,2026-09-30
PRJ-0368,Central Sector,Infrastructure,Ministry of Petroleum & Natural Gas,Assam,635.28,635.28,453.66,60.6,2022-12-01,2025-12-01,2026-09-01,9,0.0,1,0,0,1,1,2026-09-30
PRJ-0369,Central Sector,Infrastructure,Ministry of Petroleum & Natural Gas,Assam,495.59,495.59,18.04,5.7,2025-10-01,2027-10-01,2027-10-01,0,0.0,0,0,0,0,0,2026-09-30
PRJ-0370,Central Sector,Infrastructure,MinistryofPetroleumNaturalGas,Assam,277.0,323.09,226.36,81.2,2022-04-01,2026-09-01,2026-09-01,0,16.64,0,1,1,0,1,2026-09-30
PRJ-0371,Central Sector,Infrastructure,MinistryofPetroleumNaturalGas,Assam,768.0,740.0,174.5,56.0,2022-06-01,2026-03-01,2027-07-01,16,-3.65,1,0,0,1,1,2026-09-30
PRJ-0372,Central Sector,Infrastructure,Ministry of Petroleum & Natural Gas,Assam,481.03,481.03,235.37,54.1,2023-01-01,2026-04-01,2027-04-01,12,0.0,1,0,0,1,1,2026-09-30
PRJ-0373,Central Sector,Infrastructure,Ministry of Petroleum & Natural Gas,Assam,198.7,198.7,96.22,55.7,2023-09-01,2026-05-01,2026-09-01,4,0.0,1,0,0,1,0,2026-09-30
PRJ-0374,Central Sector,Infrastructure,NRL,Assam,370.0,370.0,281.31,76.3,2021-08-01,2024-07-01,2026-10-01,27,0.0,1,0,0,1,1,2026-09-30
PRJ-0375,Central Sector,Infrastructure,NRL,Assam,293.5,293.5,81.84,99.0,2023-04-01,2024-12-01,2026-09-01,21,0.0,1,0,0,1,1,2026-09-30
PRJ-0376,Central Sector,Infrastructure,MinistryofPetroleumNaturalGas,Bihar,340.15,340.15,167.24,51.0,2023-10-01,2027-03-01,2027-03-01,0,0.0,0,0,0,0,0,2026-09-30
PRJ-0377,Central Sector,Infrastructure,Ministry of Petroleum & Natural Gas,Bihar,14810.0,16724.0,12872.04,90.9,2020-01-01,2023-04-01,2026-08-01,40,12.92,1,1,1,1,1,2026-09-30
PRJ-0378,Central Sector,Infrastructure,MinistryofPetroleumNaturalGas,Bihar,389.35,340.0,115.69,60.8,2022-01-01,2025-04-01,2027-01-01,21,-12.67,1,0,0,1,1,2026-09-30
PRJ-0379,Central Sector,Infrastructure,Bharat Petroleum Corporation Limited [BPCL],Bihar,3638.0,3638.0,472.43,33.3,2022-12-01,2030-03-01,2030-03-01,0,0.0,0,0,0,0,0,2026-09-30
PRJ-0380,Central Sector,Infrastructure,Bharat Petroleum Corporation Limited [BPCL],Bihar,3919.0,3919.0,510.08,30.1,2022-12-01,2030-06-01,2030-06-01,0,0.0,0,0,0,0,0,2026-09-30
PRJ-0381,Central Sector,Infrastructure,Ministry of Petroleum & Natural Gas,Chhattisgarh,557.04,557.04,8.76,2.2,2022-06-01,2030-06-01,2030-06-01,0,0.0,0,0,0,0,0,2026-09-30
PRJ-0382,Central Sector,Infrastructure,Oil and Natural Gas Corporation Limited [ONGC],Gujarat,885.63,1347.61,990.06,87.5,2021-08-01,2027-03-01,2027-03-01,0,52.16,0,1,1,0,1,2026-09-30
PRJ-0383,Central Sector,Infrastructure,Oil and Natural Gas Corporation Limited [ONGC],Gujarat,1162.56,1162.56,1152.51,95.9,2017-02-01,2026-03-01,2026-12-01,9,0.0,1,0,0,1,1,2026-09-30
PRJ-0384,Central Sector,Infrastructure,Oil and Natural Gas Corporation Limited [ONGC],Gujarat,631.03,845.42,612.97,90.0,2021-04-01,2025-03-01,2026-07-01,16,33.97,1,1,1,1,1,2026-09-30
PRJ-0385,Central Sector,Infrastructure,Ministry of Petroleum & Natural Gas,Gujarat,18936.0,17825.0,13579.35,88.3,2020-09-01,2024-08-01,2026-11-01,27,-5.87,1,0,0,1,1,2026-09-30
PRJ-0386,Central Sector,Infrastructure,MinistryofPetroleumNaturalGas,Gujarat,328.29,344.36,214.63,84.1,2022-01-01,2025-08-01,2026-12-01,16,4.9,1,1,1,1,1,2026-09-30
PRJ-0387,Central Sector,Infrastructure,Oil and Natural Gas Corporation Limited [ONGC],Gujarat,621.4,739.02,222.8,42.0,2022-01-01,2024-11-01,2027-05-01,30,18.93,1,1,1,1,1,2026-09-30
PRJ-0388,Central Sector,Infrastructure,Oil and Natural Gas Corporation Limited [ONGC],Gujarat,249.43,249.43,210.5,97.1,2022-05-01,2025-02-01,2026-07-01,17,0.0,1,0,0,1,1,2026-09-30
PRJ-0389,Central Sector,Infrastructure,Oil and Natural Gas Corporation Limited [ONGC],Gujarat,173.03,169.84,164.86,93.5,2021-07-01,2025-07-01,2026-07-01,12,-1.84,1,0,0,1,1,2026-09-30
PRJ-0390,Central Sector,Infrastructure,Oil and Natural Gas Corporation Limited [ONGC],Gujarat,1487.41,1487.41,940.5,64.0,2022-08-01,2027-03-01,2027-03-01,0,0.0,0,0,0,0,0,2026-09-30
PRJ-0391,Central Sector,Infrastructure,Oil and Natural Gas Corporation Limited [ONGC],Gujarat,837.34,837.34,445.89,67.7,2022-11-01,2026-08-01,2026-08-01,0,0.0,0,0,0,0,0,2026-09-30
PRJ-0392,Central Sector,Infrastructure,Ministry of Petroleum & Natural Gas,Haryana,2281.94,3200.0,1879.93,65.0,2019-06-01,2022-12-01,2026-10-01,46,40.23,1,1,1,1,1,2026-09-30
PRJ-0393,Central Sector,Infrastructure,Indian Oil Corporation Limited [IOCL],Haryana,1459.0,2531.44,1473.41,85.9,2022-03-01,2025-03-01,2026-12-01,21,73.51,1,1,1,1,1,2026-09-30
PRJ-0394,Central Sector,Infrastructure,IOCL,Haryana,359.0,359.0,10.37,35.3,2025-05-01,2027-03-01,2027-03-01,0,0.0,0,0,0,0,0,2026-09-30
PRJ-0395,Central Sector,Infrastructure,Ministry of Petroleum & Natural Gas,Haryana,34627.0,36225.0,27035.45,93.2,2021-02-01,2024-09-01,2026-12-01,27,4.61,1,1,1,1,1,2026-09-30
PRJ-0396,Central Sector,Infrastructure,MinistryofPetroleumNaturalGas,Haryana,165.13,247.69,174.93,87.1,2020-12-01,2023-06-01,2026-06-01,36,50.0,1,1,1,1,1,2026-09-30
PRJ-0397,Central Sector,Infrastructure,MinistryofPetroleumNaturalGas,Jammu and Kashmir,538.0,538.0,4.32,0.6,2022-03-01,2032-03-01,2034-09-01,30,0.0,1,0,0,1,1,2026-09-30
PRJ-0398,Central Sector,Infrastructure,Oil and Natural Gas Corporation Limited [ONGC],Jharkhand,431.0,431.0,261.97,65.3,2019-11-01,2024-01-01,2026-05-01,28,0.0,1,0,0,1,1,2026-09-30
PRJ-0399,Central Sector,Infrastructure,MinistryofPetroleumNaturalGas,Jharkhand,202.07,202.07,63.8,56.5,2023-02-01,2026-02-01,2027-03-01,13,0.0,1,0,0,1,1,2026-09-30
PRJ-0400,Central Sector,Infrastructure,Mangalore Refinary and Petrochemicals Limited,Karnataka,385.0,385.0,260.92,82.5,2023-10-01,2025-11-01,2026-09-01,10,0.0,1,0,0,1,1,2026-09-30
PRJ-0401,Central Sector,Infrastructure,Ministry of Petroleum & Natural Gas,Karnataka,364.0,364.0,71.1,47.4,2024-03-01,2027-01-01,2027-01-01,0,0.0,0,0,0,0,0,2026-09-30
PRJ-0402,Central Sector,Infrastructure,Ministry of Petroleum & Natural Gas,Karnataka,463.0,500.62,302.1,83.0,2022-01-01,2025-12-01,2027-06-01,18,8.13,1,1,1,1,1,2026-09-30
PRJ-0403,Central Sector,Infrastructure,Ministry of Petroleum & Natural Gas,Kerala,1130.0,1130.0,268.98,36.2,2024-09-01,2028-08-01,2028-08-01,0,0.0,0,0,0,0,0,2026-09-30
PRJ-0404,Central Sector,Infrastructure,MinistryofPetroleumNaturalGas,Kerala,4460.0,4850.0,818.9,32.2,2023-12-01,2027-10-01,2027-10-01,0,8.74,0,1,1,0,0,2026-09-30
PRJ-0405,Central Sector,Infrastructure,Ministry of Petroleum & Natural Gas,Madhya Pradesh,1792.0,1792.0,488.0,65.2,2024-05-01,2027-01-01,2027-01-01,0,0.0,0,0,0,0,0,2026-09-30
PRJ-0406,Central Sector,Infrastructure,MinistryofPetroleumNaturalGas,Madhya Pradesh,43367.0,43367.0,4802.7,25.5,2023-05-01,2028-05-01,2028-05-01,0,0.0,0,0,0,0,0,2026-09-30
PRJ-0407,Central Sector,Infrastructure,Ministry of Petroleum & Natural Gas,Maharashtra,8797.0,11256.0,8003.66,90.7,2021-04-01,2025-04-01,2027-04-01,24,27.95,1,1,1,1,1,2026-09-30
PRJ-0408,Central Sector,Infrastructure,Ministry of Petroleum and Natural Gas,Maharashtra,4679.0,4679.0,270.1,10.7,2024-12-01,2028-03-01,2028-03-01,0,0.0,0,0,0,0,0,2026-09-30
PRJ-0409,Central Sector,Infrastructure,Ministry of Petroleum & Natural Gas,Maharashtra,13626.0,13626.0,55.4,4.4,2025-05-01,2029-09-01,2029-09-01,0,0.0,0,0,0,0,0,2026-09-30
PRJ-0410,Central Sector,Infrastructure,Ministry of Petroleum & Natural Gas,Maharashtra,844.0,844.0,0.61,6.1,2025-06-01,2028-03-01,2028-03-01,0,0.0,0,0,0,0,0,2026-09-30
PRJ-0411,Central Sector,Infrastructure,Ministry of Petroleum & Natural Gas,Maharashtra,260.2,260.2,0.0,0.0,2025-04-01,2027-04-01,2027-04-01,0,0.0,0,0,0,0,0,2026-09-30
PRJ-0412,Central Sector,Infrastructure,Hindustan Petroleum Corporation Limited,Maharashtra,240.0,240.0,151.04,85.0,2024-06-01,2026-04-01,2026-06-01,2,0.0,1,0,0,1,0,2026-09-30
PRJ-0413,Central Sector,Infrastructure,MinistryofPetroleumNaturalGas,Maharashtra,865.0,865.0,78.67,3.4,2022-03-01,2031-09-01,2031-09-01,0,0.0,0,0,0,0,0,2026-09-30
PRJ-0414,Central Sector,Infrastructure,MinistryofPetroleumNaturalGas,Maharashtra,341.43,436.14,300.5,70.9,2022-04-01,2026-08-01,2026-08-01,0,27.74,0,1,1,0,1,2026-09-30
PRJ-0415,Central Sector,Infrastructure,Indian Oil Corporation Limited [IOCL],Maharashtra,165.0,165.0,101.62,97.8,2022-08-01,2025-08-01,2026-06-01,10,0.0,1,0,0,1,1,2026-09-30
PRJ-0416,Central Sector,Infrastructure,Bharat Petroleum Corporation Limited [BPCL],Maharashtra,2585.0,2585.0,1288.41,80.6,2023-05-01,2026-05-01,2026-05-01,0,0.0,0,0,0,0,0,2026-09-30
PRJ-0417,Central Sector,Infrastructure,Ministry of Petroleum and Natural Gas,"Multi-States (Andhra Pradesh, Chhattisgarh, Odisha)",2212.0,2212.0,498.11,34.0,2024-09-01,2027-09-01,2027-09-01,0,0.0,0,0,0,0,0,2026-09-30
PRJ-0418,Central Sector,Infrastructure,Ministry of Petroleum & Natural Gas,"Multi-States (Arunachal Pradesh, Assam, Manipur, Meghalaya, Mizoram, Nagaland, Sikkim, Tripura, West Bengal)",9265.0,9265.0,6877.97,87.6,2020-04-01,2024-03-01,2026-07-01,28,0.0,1,0,0,1,1,2026-09-30
PRJ-0419,Central Sector,Infrastructure,Ministry of Petroleum & Natural Gas,"Multi-States (Assam, Bihar, West Bengal)",680.0,680.0,8.19,24.0,2024-12-01,2029-12-01,2029-12-01,0,0.0,0,0,0,0,0,2026-09-30
PRJ-0420,Central Sector,Infrastructure,Hindustan Petroleum Corporation Limited,"Multi-States (Bihar, Jharkhand)",1377.0,1377.0,375.17,37.0,2022-06-01,2030-06-01,2030-06-01,0,0.0,0,0,0,0,0,2026-09-30
PRJ-0421,Central Sector,Infrastructure,Ministry of Petroleum & Natural Gas,"Multi-States (Chhattisgarh, Madhya Pradesh, Maharashtra, Odisha)",7844.25,8255.0,7070.1,98.9,2020-06-01,2023-05-01,2026-06-01,37,5.24,1,1,1,1,1,2026-09-30
PRJ-0422,Central Sector,Infrastructure,Ministry of Petroleum & Natural Gas,"Multi-States (Gujarat, Haryana, Punjab, Rajasthan)",7392.0,7392.0,6354.05,90.2,2011-07-01,2024-06-01,2026-12-01,30,0.0,1,0,0,1,1,2026-09-30
PRJ-0423,Central Sector,Infrastructure,Gas Authority of India Limited [GAIL],"Multi-States (Jammu and Kashmir, Punjab)",521.9,521.9,302.5,47.6,2023-07-01,2026-07-01,2026-07-01,0,0.0,0,0,0,0,0,2026-09-30
PRJ-0424,Central Sector,Infrastructure,Ministry of Petroleum & Natural Gas,"Multi-States (Karnataka, Kerala, Tamil Nadu)",2915.0,5909.0,4790.3,96.6,2009-06-01,2012-12-01,2026-09-01,165,102.71,1,1,1,1,1,2026-09-30
PRJ-0425,Central Sector,Infrastructure,Ministry of Petroleum & Natural Gas,"Multi-States (Karnataka, Maharashtra)",5535.0,5535.0,4230.6,47.0,2006-01-01,2031-06-01,2031-06-01,0,0.0,0,0,0,0,0,2026-09-30
PRJ-0426,Central Sector,Infrastructure,Ministry of Petroleum & Natural Gas,"Multi-States (Odisha, West Bengal)",1030.65,1125.0,916.9,93.7,2020-03-01,2022-11-01,2026-09-01,46,9.15,1,1,1,1,1,2026-09-30
PRJ-0427,Central Sector,Infrastructure,Bharat Petroleum Corporation Limited [BPCL],"Multi-States (Punjab, Rajasthan)",3207.0,3207.0,414.52,30.8,2022-12-01,2030-06-01,2030-06-01,0,0.0,0,0,0,0,0,2026-09-30
PRJ-0428,Central Sector,Infrastructure,MinistryofPetroleumNaturalGas,Nagaland,227.62,227.62,25.94,41.0,2023-08-01,2027-11-01,2027-11-01,0,0.0,0,0,0,0,0,2026-09-30
PRJ-0429,Central Sector,Infrastructure,Ministry of Petroleum & Natural Gas,Odisha,13805.0,11783.0,8450.45,93.9,2020-07-01,2024-01-01,2026-08-01,31,-14.65,1,0,0,1,1,2026-09-30
PRJ-0430,Central Sector,Infrastructure,Ministry of Petroleum & Natural Gas,Odisha,514.91,514.91,22.08,5.9,2022-02-01,2030-02-01,2031-12-01,22,0.0,1,0,0,1,1,2026-09-30
PRJ-0431,Central Sector,Infrastructure,MinistryofPetroleumNaturalGas,Odisha,393.54,393.54,218.63,80.9,2021-04-01,2026-03-01,2026-06-01,3,0.0,1,0,0,1,0,2026-09-30
PRJ-0432,Central Sector,Infrastructure,Oil and Natural Gas Corporation Limited [ONGC],Offshore,3190.69,3375.9,3123.2,90.0,2015-12-01,2018-04-01,2026-08-01,100,5.8,1,1,1,1,1,2026-09-30
PRJ-0433,Central Sector,Infrastructure,Ministry of Petroleum & Natural Gas,Offshore,1486.4,1486.4,529.96,53.8,2024-09-01,2026-02-01,2026-12-01,10,0.0,1,0,0,1,1,2026-09-30
PRJ-0434,Central Sector,Infrastructure,Ministry of Petroleum & Natural Gas,Offshore,6175.0,6175.0,520.71,11.3,2025-08-01,2027-05-01,2027-05-01,0,0.0,0,0,0,0,0,2026-09-30
PRJ-0435,Central Sector,Infrastructure,Oil and Natural Gas Corporation Limited [ONGC],Offshore,4144.41,6406.9,6136.43,99.9,2022-06-01,2025-10-01,2026-12-01,14,54.59,1,1,1,1,1,2026-09-30
PRJ-0436,Central Sector,Infrastructure,Ministry of Petroleum & Natural Gas,Offshore,2329.45,2354.23,1613.16,92.7,2022-06-01,2026-05-01,2026-05-01,0,1.06,0,1,1,0,0,2026-09-30
PRJ-0437,Central Sector,Infrastructure,Ministry of Petroleum & Natural Gas,Offshore,2379.84,3165.53,2654.5,97.6,2024-06-01,2026-02-01,2026-05-01,3,33.01,1,1,1,1,1,2026-09-30
PRJ-0438,Central Sector,Infrastructure,Ministry of Petroleum & Natural Gas,Offshore,6183.79,6183.79,1555.0,40.4,2023-05-01,2027-04-01,2027-04-01,0,0.0,0,0,0,0,0,2026-09-30
PRJ-0439,Central Sector,Infrastructure,Hindustan Petroleum Corporation Limited [HPCL],Punjab,1421.46,1421.46,1263.61,95.8,2020-05-01,2023-02-01,2026-12-01,46,0.0,1,0,0,1,1,2026-09-30
PRJ-0440,Central Sector,Infrastructure,MinistryofPetroleumNaturalGas,Punjab,151.0,151.0,8.89,2.0,2022-03-01,2033-09-01,2033-09-01,0,0.0,0,0,0,0,0,2026-09-30
PRJ-0441,Central Sector,Infrastructure,Chennai Petroleum Corporation Limited [CPCL],Tamil Nadu,31580.0,36354.0,1570.83,10.2,2021-09-01,2025-06-01,2028-10-01,40,15.12,1,1,1,1,1,2026-09-30
PRJ-0442,Central Sector,Infrastructure,Chennai Petroleum Corporation Limited [CPCL],Tamil Nadu,205.0,205.0,92.93,70.6,2024-01-01,2025-09-01,2026-12-01,15,0.0,1,0,0,1,1,2026-09-30
PRJ-0443,Central Sector,Infrastructure,Bharat Petroleum Corporation Limited [BPCL],Tamil Nadu,3685.0,3685.0,288.66,25.4,2022-12-01,2030-03-01,2030-03-01,0,0.0,0,0,0,0,0,2026-09-30
PRJ-0444,Central Sector,Infrastructure,MinistryofPetroleumNaturalGas,Telangana,215.0,215.0,45.69,24.7,2025-03-01,2027-09-01,2027-09-01,0,0.0,0,0,0,0,0,2026-09-30
PRJ-0445,Central Sector,Infrastructure,Oil and Natural Gas Corporation Limited [ONGC],Tripura,209.33,131.51,78.98,68.9,2022-03-01,2024-05-01,2026-08-01,27,-37.18,1,0,0,1,1,2026-09-30
PRJ-0446,Central Sector,Infrastructure,MinistryofPetroleumNaturalGas,Uttar Pradesh,202.0,202.0,125.69,54.0,2025-09-01,2027-09-01,2027-09-01,0,0.0,0,0,0,0,0,2026-09-30
PRJ-0447,Central Sector,Infrastructure,MinistryofPetroleumNaturalGas,Uttar Pradesh,186.0,186.0,92.47,54.0,2025-09-01,2027-09-01,2027-09-01,0,0.0,0,0,0,0,0,2026-09-30
PRJ-0448,Central Sector,Infrastructure,MinistryofPetroleumNaturalGas,Uttar Pradesh,260.12,260.12,20.15,52.3,2022-04-01,2027-06-01,2026-12-01,0,0.0,0,0,0,0,0,2026-09-30
PRJ-0449,Central Sector,Infrastructure,Bharat Petroleum Corporation Limited [BPCL],Uttar Pradesh,16654.0,16654.0,713.77,17.9,2022-12-01,2030-06-01,2030-06-01,0,0.0,0,0,0,0,0,2026-09-30
PRJ-0450,Central Sector,Infrastructure,Ministry of Petroleum & Natural Gas,West Bengal,1740.0,2493.15,2363.6,94.7,2017-03-01,2020-12-01,2026-09-01,69,43.28,1,1,1,1,1,2026-09-30
PRJ-0451,Central Sector,Infrastructure,Indian Oil Corporation Limited [IOCL],West Bengal,267.0,267.0,1.92,11.2,2024-09-01,2029-03-01,2029-08-01,5,0.0,1,0,0,1,0,2026-09-30
PRJ-0452,Central Sector,Infrastructure,Ministry of Petroleum & Natural Gas,West Bengal,484.0,484.0,310.0,87.9,2021-11-01,2025-12-01,2026-09-01,9,0.0,1,0,0,1,1,2026-09-30
PRJ-0453,Central Sector,Infrastructure,Hindustan Petroleum Corporation Limited,West Bengal,1010.0,1107.0,846.32,95.0,2022-11-01,2025-11-01,2026-05-01,6,9.6,1,1,1,1,0,2026-09-30
PRJ-0454,Central Sector,Infrastructure,Hindustan Petroleum Corporation Limited,West Bengal,2628.0,2628.0,388.06,36.3,2022-06-01,2030-06-01,2030-06-01,0,0.0,0,0,0,0,0,2026-09-30
PRJ-0455,Central Sector,Infrastructure,MinistryofPetroleumNaturalGas,West Bengal,609.0,609.0,62.42,2.8,2022-03-01,2031-06-01,2031-06-01,0,0.0,0,0,0,0,0,2026-09-30
PRJ-0456,Central Sector,Infrastructure,Bharat Petroleum Corporation Limited [BPCL],West Bengal,1017.0,1017.0,227.8,43.6,2022-12-01,2030-03-01,2030-03-01,0,0.0,0,0,0,0,0,2026-09-30
PRJ-0457,Central Sector,Infrastructure,PMSSY AND Institute of NATIONAL Importance,Bihar,1264.0,1264.0,0.0,0.0,2020-09-01,2024-09-01,2024-09-01,0,0.0,0,0,0,0,0,2026-09-30
PRJ-0458,Central Sector,Infrastructure,"Medical Education, Ministry of Health and Family Welfare",Bihar,250.0,500.0,102.21,50.0,2019-03-01,2025-10-01,2025-10-01,0,100.0,0,1,1,0,1,2026-09-30
PRJ-0459,Central Sector,Infrastructure,"Medical Education, Ministry of Health and Family Welfare",Chhattisgarh,325.0,322.85,177.49,54.0,2023-02-01,2026-12-01,2026-12-01,0,-0.66,0,0,0,0,0,2026-09-30
PRJ-0460,Central Sector,Infrastructure,"Medical Education, Ministry of Health and Family Welfare",Chhattisgarh,325.0,325.0,321.5,82.0,2023-10-01,2026-05-01,2026-05-01,0,0.0,0,0,0,0,0,2026-09-30
PRJ-0461,Central Sector,Infrastructure,"Medical Education, Ministry of Health and Family Welfare",Chhattisgarh,325.0,325.0,35.0,59.0,2020-02-01,2027-03-01,2027-03-01,0,0.0,0,0,0,0,0,2026-09-30
PRJ-0462,Central Sector,Infrastructure,PMSSY AND Institute of NATIONAL Importance,Delhi,358.19,358.19,0.0,0.0,2025-09-01,2026-09-01,2026-09-01,0,0.0,0,0,0,0,0,2026-09-30
PRJ-0463,Central Sector,Infrastructure,PMSSY AND Institute of NATIONAL Importance,Delhi,4441.0,4441.0,24.68,61.0,2016-10-01,2027-06-01,2027-06-01,0,0.0,0,0,0,0,0,2026-09-30
PRJ-0464,Central Sector,Infrastructure,PMSSY AND Institute of NATIONAL Importance,Gujarat,1195.0,1195.0,775.6,93.7,2019-01-01,2026-03-01,2026-03-01,0,0.0,0,0,0,0,0,2026-09-30
PRJ-0465,Central Sector,Infrastructure,"Medical Education, Ministry of Health and Family Welfare",Gujarat,325.0,663.5,455.34,87.5,2022-09-01,2026-03-01,2026-03-01,0,104.15,0,1,1,0,1,2026-09-30
PRJ-0466,Central Sector,Infrastructure,"Medical Education, Ministry of Health and Family Welfare",Gujarat,325.0,618.98,934.64,78.0,2022-04-01,2024-09-01,2024-09-01,0,90.46,0,1,1,0,1,2026-09-30
PRJ-0467,Central Sector,Infrastructure,PMSSY AND Institute of NATIONAL Importance,Haryana,1299.0,1646.43,651.42,57.2,2019-02-01,2026-12-01,2026-12-01,0,26.75,0,1,1,0,1,2026-09-30
PRJ-0468,Central Sector,Infrastructure,PMSSY AND Institute of NATIONAL Importance,Jammu and Kashmir,1828.0,2160.84,1545.05,76.0,2019-01-01,2025-12-01,2026-12-01,12,18.21,1,1,1,1,1,2026-09-30
PRJ-0469,Central Sector,Infrastructure,"Medical Education, Ministry of Health and Family Welfare",Jharkhand,250.0,504.8,270.0,40.0,2023-09-01,2026-08-01,2026-08-01,0,101.92,0,1,1,0,1,2026-09-30
PRJ-0470,Central Sector,Infrastructure,"Medical Education, Ministry of Health and Family Welfare",Jharkhand,250.0,454.1,64.0,57.0,2018-06-01,2025-09-01,2025-09-01,0,81.64,0,1,1,0,1,2026-09-30
PRJ-0471,Central Sector,Infrastructure,"Medical Education, Ministry of Health and Family Welfare",Madhya Pradesh,325.0,325.0,178.0,84.0,2021-12-01,2024-04-01,2024-04-01,0,0.0,0,0,0,0,0,2026-09-30
PRJ-0472,Central Sector,Infrastructure,"Medical Education, Ministry of Health and Family Welfare",Madhya Pradesh,325.0,325.0,82.41,43.0,2023-08-01,2026-04-01,2026-04-01,0,0.0,0,0,0,0,0,2026-09-30
PRJ-0473,Central Sector,Infrastructure,"Medical Education, Ministry of Health and Family Welfare",Punjab,325.0,550.0,0.0,0.0,2019-11-01,2028-12-01,2028-12-01,0,69.23,0,1,1,0,1,2026-09-30
PRJ-0474,Central Sector,Infrastructure,"Medical Education, Ministry of Health and Family Welfare",Punjab,325.0,374.75,1.0,1.0,2020-01-01,2028-12-01,2028-12-01,0,15.31,0,1,1,0,1,2026-09-30
PRJ-0475,Central Sector,Infrastructure,"Medical Education, Ministry of Health and Family Welfare",Sikkim,250.0,635.21,666.21,92.0,2018-10-01,2026-12-01,2026-12-01,0,154.08,0,1,1,0,1,2026-09-30
PRJ-0476,Central Sector,Infrastructure,PMSSY AND Institute of NATIONAL Importance,Tamil Nadu,1264.0,2021.51,485.02,48.0,2018-12-01,2022-08-01,2026-10-01,50,59.93,1,1,1,1,1,2026-09-30
PRJ-0477,Central Sector,Infrastructure,PMSSY AND Institute of NATIONAL Importance,Telangana,1028.0,1365.95,989.98,87.21,2018-12-01,2026-06-01,2026-06-01,0,32.87,0,1,1,0,1,2026-09-30
PRJ-0478,Central Sector,Infrastructure,"Medical Education, Ministry of Health and Family Welfare",Uttarakhand,325.0,325.0,272.0,60.0,2022-10-01,2026-12-01,2026-12-01,0,0.0,0,0,0,0,0,2026-09-30
PRJ-0479,Central Sector,Infrastructure,"Medical Education, Ministry of Health and Family Welfare",Uttarakhand,325.0,768.89,325.08,84.0,2021-08-01,2026-12-01,2026-12-01,0,136.58,0,1,1,0,1,2026-09-30
PRJ-0480,Central Sector,Infrastructure,Employee's State Insurance Company [ESIC],Andhra Pradesh,384.27,384.27,253.37,88.0,2021-02-01,2025-10-01,2026-03-01,5,0.0,1,0,0,1,0,2026-09-30
PRJ-0481,Central Sector,Infrastructure,Employee's State Insurance Company [ESIC],Assam,143.23,154.75,130.08,98.0,2017-12-01,2025-04-01,2026-06-01,14,8.04,1,1,1,1,1,2026-09-30
PRJ-0482,Central Sector,Infrastructure,Employee's State Insurance Company [ESIC],Gujarat,558.12,558.12,55.81,21.0,2022-06-01,2026-03-01,2027-05-01,14,0.0,1,0,0,1,1,2026-09-30
PRJ-0483,Central Sector,Infrastructure,Employee's State Insurance Company [ESIC],Gujarat,205.87,205.87,51.74,46.0,2022-08-01,2025-10-01,2026-11-01,13,0.0,1,0,0,1,1,2026-09-30
PRJ-0484,Central Sector,Infrastructure,Employee's State Insurance Company [ESIC],Karnataka,278.0,278.0,68.23,23.0,2015-02-01,2027-01-01,2027-05-01,4,0.0,1,0,0,1,0,2026-09-30
PRJ-0485,Central Sector,Infrastructure,Employee's State Insurance Company [ESIC],Karnataka,150.92,150.92,6.76,10.0,2019-07-01,2027-02-01,2027-02-01,0,0.0,0,0,0,0,0,2026-09-30
PRJ-0486,Central Sector,Infrastructure,Employee's State Insurance Company [ESIC],Maharashtra,429.25,429.25,341.9,78.0,2018-05-01,2025-09-01,2026-08-01,11,0.0,1,0,0,1,1,2026-09-30
PRJ-0487,Central Sector,Infrastructure,Employee's State Insurance Company [ESIC],Maharashtra,194.93,196.7,114.39,65.5,2013-10-01,2025-08-01,2026-09-01,13,0.91,1,1,1,1,1,2026-09-30
PRJ-0488,Central Sector,Infrastructure,Employee's State Insurance Company [ESIC],Maharashtra,260.13,260.13,216.46,89.0,2008-12-01,2025-08-01,2026-09-01,13,0.0,1,0,0,1,1,2026-09-30
PRJ-0489,Central Sector,Infrastructure,Employee's State Insurance Company [ESIC],Odisha,164.6,164.6,16.4,7.2,2010-12-01,2027-06-01,2027-06-01,0,0.0,0,0,0,0,0,2026-09-30
PRJ-0490,Central Sector,Infrastructure,Employee's State Insurance Company [ESIC],Uttarakhand,102.4,297.63,334.86,84.0,2021-02-01,2024-10-01,2026-03-01,17,190.65,1,1,1,1,1,2026-09-30
PRJ-0491,Central Sector,Infrastructure,Inland Waterways Authority of India [IWAI],"Multi-States (Bihar, Jharkhand, Uttar Pradesh, West Bengal)",5369.18,5061.15,3990.06,81.2,2018-01-01,2023-12-01,2025-12-01,24,-5.74,1,0,0,1,1,2026-09-30
PRJ-0492,Central Sector,Infrastructure,Deendayal Port Trust,Gujarat,4243.64,4243.64,2244.0,60.0,2022-10-01,2027-03-01,2027-09-01,6,0.0,1,0,0,1,0,2026-09-30
PRJ-0493,Central Sector,Infrastructure,Deendayal Port Trust [DPT],Gujarat,171.0,211.61,149.5,91.0,2021-09-01,2023-09-01,2025-03-01,18,23.75,1,1,1,1,1,2026-09-30
PRJ-0494,Central Sector,Infrastructure,New Mangalore Port Authority,Karnataka,153.23,153.23,58.93,58.0,2023-12-01,2027-03-01,2027-03-01,0,0.0,0,0,0,0,0,2026-09-30
PRJ-0495,Central Sector,Infrastructure,Reliance Industries Ltd,Maharashtra,6000.0,6000.0,5999.89,88.0,2019-12-01,2023-03-01,2023-03-01,0,0.0,0,0,0,0,0,2026-09-30
PRJ-0496,Central Sector,Infrastructure,Paradip Port Trust [PPT],Odisha,3004.63,3004.63,2117.12,70.0,2022-05-01,2027-12-01,2028-10-01,10,0.0,1,0,0,1,1,2026-09-30
PRJ-0497,Central Sector,Infrastructure,Indian Port Rail & Ropeway Corporation Ltd. [IPRCL],Gujarat,573.0,1238.05,614.91,76.12,2019-02-01,2024-03-01,2026-03-01,24,116.06,1,1,1,1,1,2026-09-30
PRJ-0498,Central Sector,Infrastructure,National Highways & Infrastructure Development Corporation Ltd. [NHIDCL],Haryana,763.0,763.0,430.0,60.0,2018-05-01,2023-12-01,2028-05-01,53,0.0,1,0,0,1,1,2026-09-30
PRJ-0499,Central Sector,Infrastructure,NICDC,Andhra Pradesh,2786.0,2786.0,112.0,6.14,2024-08-01,2028-10-01,2028-10-01,0,0.0,0,0,0,0,0,2026-09-30
PRJ-0500,Central Sector,Infrastructure,NICDC,Andhra Pradesh,2136.0,2136.0,39.75,3.0,2024-08-01,2028-10-01,2028-10-01,0,0.0,0,0,0,0,0,2026-09-30
PRJ-0501,Central Sector,Infrastructure,National Industrial Corridor Development Corporation,Andhra Pradesh,2139.44,2139.44,814.26,39.14,2020-12-01,2028-02-01,2028-02-01,0,0.0,0,0,0,0,0,2026-09-30
PRJ-0502,Central Sector,Infrastructure,National Highways & Infrastructure Development Corporation Ltd. [NHIDCL],Karnataka,1701.81,1701.81,278.35,23.18,2020-12-01,2026-09-01,2026-09-01,0,0.0,0,0,0,0,0,2026-09-30
PRJ-0503,Central Sector,Infrastructure,National Industrial Corridor Development Corporation,Kerala,3805.0,3805.0,0.0,1.0,2024-08-01,2029-04-01,2029-04-01,0,0.0,0,0,0,0,0,2026-09-30
PRJ-0504,Central Sector,Infrastructure,National Industrial Corridor Development Corporation,Telangana,2360.0,2360.0,0.0,0.3,2024-08-01,2029-01-01,2029-01-01,0,0.0,0,0,0,0,0,2026-09-30
PRJ-0505,Central Sector,Infrastructure,National Industrial Corridor Development Corporation,Uttar Pradesh,658.0,658.0,0.0,6.5,2024-08-01,2028-12-01,2028-12-01,0,0.0,0,0,0,0,0,2026-09-30
PRJ-0506,Central Sector,Infrastructure,National Mineral Development Corporation Limited [NMDC],Chhattisgarh,1700.0,1756.2,258.41,20.3,2021-08-01,2028-12-01,2028-03-01,0,3.31,0,1,1,0,0,2026-09-30
PRJ-0507,Central Sector,Infrastructure,Steel Authority of India Limited [SAIL],Chhattisgarh,198.62,198.62,75.16,79.73,2024-07-01,2026-07-01,2026-07-01,0,0.0,0,0,0,0,0,2026-09-30
PRJ-0508,Central Sector,Infrastructure,Steel Authority of India Limited [SAIL],Chhattisgarh,471.83,471.83,239.59,67.07,2023-10-01,2026-06-01,2026-06-01,0,0.0,0,0,0,0,0,2026-09-30
PRJ-0509,Central Sector,Infrastructure,Steel Authority of India Limited [SAIL],Chhattisgarh,884.1,884.1,601.25,89.99,2023-11-01,2025-10-01,2026-03-01,5,0.0,1,0,0,1,0,2026-09-30
PRJ-0510,Central Sector,Infrastructure,National Mineral Development Corporation Limited [NMDC],Chhattisgarh,2907.0,5427.0,3607.64,94.1,2015-11-01,2023-06-01,2026-05-01,35,86.69,1,1,1,1,1,2026-09-30
PRJ-0511,Central Sector,Infrastructure,National Mineral Development Corporation Limited [NMDC],Chhattisgarh,2718.84,2718.84,1524.61,82.17,2009-01-01,2026-01-01,2027-07-01,18,0.0,1,0,0,1,1,2026-09-30
PRJ-0512,Central Sector,Infrastructure,Steel Authority of India Limited [SAIL],Jharkhand,1034.01,1752.3,980.24,59.78,2015-03-01,2017-10-01,2027-06-01,116,69.47,1,1,1,1,1,2026-09-30
PRJ-0513,Central Sector,Infrastructure,Steel Authority of India Limited [SAIL],Jharkhand,211.94,211.94,58.64,47.5,2025-01-01,2027-01-01,2027-01-01,0,0.0,0,0,0,0,0,2026-09-30
PRJ-0514,Central Sector,Infrastructure,Steel Authority of India Limited [SAIL],Jharkhand,207.13,207.13,57.34,39.92,2025-01-01,2026-10-01,2026-10-01,0,0.0,0,0,0,0,0,2026-09-30
PRJ-0515,Central Sector,Infrastructure,Steel Authority of India Limited [SAIL],Jharkhand,513.82,513.82,408.4,97.3,2023-08-01,2025-07-01,2026-05-01,10,0.0,1,0,0,1,1,2026-09-30
PRJ-0516,Central Sector,Infrastructure,Steel Authority of India Limited [SAIL],Jharkhand,260.37,260.37,102.86,44.17,2024-03-01,2026-06-01,2027-04-01,10,0.0,1,0,0,1,1,2026-09-30
PRJ-0517,Central Sector,Infrastructure,Steel Authority of India Limited [SAIL],Jharkhand,627.31,627.31,330.82,61.84,2023-11-01,2026-11-01,2026-11-01,0,0.0,0,0,0,0,0,2026-09-30
PRJ-0518,Central Sector,Infrastructure,National Mineral Development Corporation Limited [NMDC],Karnataka,1043.63,1043.63,609.8,63.1,2014-11-01,2026-08-01,2026-08-01,0,0.0,0,0,0,0,0,2026-09-30
PRJ-0519,Central Sector,Infrastructure,Steel Authority of India Limited [SAIL],West Bengal,916.78,916.78,206.54,33.66,2023-09-01,2026-12-01,2027-09-01,9,0.0,1,0,0,1,1,2026-09-30
PRJ-0520,Central Sector,Infrastructure,Steel Authority of India Limited [SAIL],West Bengal,2115.44,2115.44,564.14,57.55,2024-07-01,2027-06-01,2027-06-01,0,0.0,0,0,0,0,0,2026-09-30
PRJ-0521,Central Sector,Infrastructure,Steel Authority of India Limited [SAIL],West Bengal,758.09,758.09,219.33,38.12,2024-09-01,2026-06-01,2027-10-01,16,0.0,1,0,0,1,1,2026-09-30
PRJ-0522,Central Sector,Infrastructure,Steel Authority of India Limited [SAIL],West Bengal,227.96,227.96,75.66,66.37,2024-11-01,2026-07-01,2026-07-01,0,0.0,0,0,0,0,0,2026-09-30
PRJ-0523,Central Sector,Infrastructure,Steel Authority of India Limited [SAIL],West Bengal,196.4,196.4,35.36,24.8,2024-07-01,2026-05-01,2026-05-01,0,0.0,0,0,0,0,0,2026-09-30
PRJ-0524,Central Sector,Infrastructure,Steel Authority of India Limited [SAIL],West Bengal,2518.39,2518.39,375.65,22.5,2025-01-01,2028-07-01,2028-07-01,0,0.0,0,0,0,0,0,2026-09-30
PRJ-0525,Central Sector,Infrastructure,South Central Railway [SCR] - II,Andhra Pradesh,2312.0,5932.0,3069.35,55.01,2012-03-01,2027-05-01,2028-03-01,10,156.57,1,1,1,1,1,2026-09-30
PRJ-0526,Central Sector,Infrastructure,South Central Railway [SCR] - II,Andhra Pradesh,351.83,351.83,330.25,3.03,2023-03-01,2027-03-01,2027-03-01,0,0.0,0,0,0,0,0,2026-09-30
PRJ-0527,Central Sector,Infrastructure,South Central Railway [SCR] - II,Andhra Pradesh,293.3,293.3,267.51,0.23,2023-07-01,2026-07-01,2026-07-01,0,0.0,0,0,0,0,0,2026-09-30
PRJ-0528,Central Sector,Infrastructure,WPO/Patna,Andhra Pradesh,560.72,560.72,276.66,65.0,2014-01-01,2023-12-01,2023-12-01,0,0.0,0,0,0,0,0,2026-09-30
PRJ-0529,Central Sector,Infrastructure,East Coast Railway [ECoR] - II,Andhra Pradesh,183.65,183.65,14.79,15.0,2023-04-01,2027-04-01,2027-04-01,0,0.0,0,0,0,0,0,2026-09-30
PRJ-0530,Central Sector,Infrastructure,East Coast Railway [ECoR] - II,Andhra Pradesh,154.28,154.28,58.16,75.0,2023-04-01,2026-06-01,2026-06-01,0,0.0,0,0,0,0,0,2026-09-30
PRJ-0531,Central Sector,Infrastructure,South Central Railway [SCR] - II,Andhra Pradesh,1215.56,1215.56,0.16,0.05,2025-04-01,2029-03-01,2029-03-01,0,0.0,0,0,0,0,0,2026-09-30
PRJ-0532,Central Sector,Infrastructure,South Central Railway [SCR] - II,Andhra Pradesh,877.34,877.34,205.35,0.16,2024-10-01,2027-03-01,2027-03-01,0,0.0,0,0,0,0,0,2026-09-30
PRJ-0533,Central Sector,Infrastructure,South Central Railway [SCR] - II,Andhra Pradesh,563.0,560.72,949.34,75.0,2016-05-01,2020-12-01,2026-12-01,72,-0.4,1,0,0,1,1,2026-09-30
PRJ-0534,Central Sector,Infrastructure,South Central Railway [SCR] - II,Andhra Pradesh,2501.0,2501.0,1417.65,30.01,2009-03-01,2028-03-01,2028-03-01,0,0.0,0,0,0,0,0,2026-09-30
PRJ-0535,Central Sector,Infrastructure,South Central Railway [SCR] - II,Andhra Pradesh,3733.0,4295.0,5523.6,94.01,2017-03-01,2025-12-01,2026-12-01,12,15.05,1,1,1,1,1,2026-09-30
PRJ-0536,Central Sector,Infrastructure,RVNL - II,Andhra Pradesh,6654.0,6654.0,6170.32,96.0,2016-08-01,2024-11-01,2026-03-01,16,0.0,1,0,0,1,1,2026-09-30
PRJ-0537,Central Sector,Infrastructure,Northeast Frontier Railway [NFR],Assam,3633.58,3633.58,0.0,0.0,2025-09-01,2029-06-01,2029-06-01,0,0.0,0,0,0,0,0,2026-09-30
PRJ-0538,Central Sector,Infrastructure,Northeast Frontier Railway [NFR],Assam,4060.0,4961.0,3797.35,95.13,2016-09-01,2026-03-01,2026-03-01,0,22.19,0,1,1,0,1,2026-09-30
PRJ-0539,Central Sector,Infrastructure,Central Organisation for Railway Electrification [CORE],Assam,890.36,889.36,391.73,89.0,2020-09-01,2020-09-01,2024-06-01,45,-0.11,1,0,0,1,1,2026-09-30
PRJ-0540,Central Sector,Infrastructure,GM/C/ NFR,Assam,183.99,183.99,0.0,0.0,2018-09-01,2024-05-01,2024-05-01,0,0.0,0,0,0,0,0,2026-09-30
PRJ-0541,Central Sector,Infrastructure,GM/C/ NFR,Assam,237.52,237.52,0.0,0.0,2018-09-01,2024-05-01,2024-05-01,0,0.0,0,0,0,0,0,2026-09-30
PRJ-0542,Central Sector,Infrastructure,East Central Railway [ECR] - I,Bihar,735.2,735.2,589.37,84.2,2023-12-01,2024-12-01,2027-03-01,27,0.0,1,0,0,1,1,2026-09-30
PRJ-0543,Central Sector,Infrastructure,East Central Railway [ECR] - I,Bihar,611.74,611.74,0.0,0.0,2024-06-01,2028-06-01,2028-06-01,0,0.0,0,0,0,0,0,2026-09-30
PRJ-0544,Central Sector,Infrastructure,East Central Railway [ECR] - I,Bihar,4079.95,4079.95,2.67,0.0,2024-11-01,2029-11-01,2029-11-01,0,0.0,0,0,0,0,0,2026-09-30
PRJ-0545,Central Sector,Infrastructure,East Central Railway [ECR] - I,Bihar,614.0,1384.16,491.2,55.7,2019-04-01,2024-12-01,2027-03-01,27,125.43,1,1,1,1,1,2026-09-30
PRJ-0546,Central Sector,Infrastructure,East Central Railway [ECR] - I,Bihar,2067.0,2087.0,2084.14,75.3,2007-10-01,2020-03-01,2027-06-01,87,0.97,1,1,1,1,1,2026-09-30
PRJ-0547,Central Sector,Infrastructure,East Central Railway [ECR] - I,Bihar,1605.0,2514.0,1711.89,46.7,2018-06-01,2024-03-01,2027-01-01,34,56.64,1,1,1,1,1,2026-09-30
PRJ-0548,Central Sector,Infrastructure,East Central Railway [ECR] - I,Bihar,1473.0,2882.0,2641.14,98.0,2002-08-01,2023-03-01,2025-08-01,29,95.66,1,1,1,1,1,2026-09-30
PRJ-0549,Central Sector,Infrastructure,Indian Railway Construction International Limited [IRCON],Bihar,402.0,486.0,369.28,86.26,2010-06-01,2022-03-01,2026-12-01,57,20.9,1,1,1,1,1,2026-09-30
PRJ-0550,Central Sector,Infrastructure,East Central Railway [ECR] - I,Bihar,519.0,519.0,401.84,97.0,2015-11-01,2025-03-01,2025-10-01,7,0.0,1,0,0,1,1,2026-09-30
PRJ-0551,Central Sector,Infrastructure,East Central Railway [ECR] - I,Bihar,1216.0,2222.0,2097.52,92.8,2018-03-01,2025-12-01,2025-12-01,0,82.73,0,1,1,0,1,2026-09-30
PRJ-0552,Central Sector,Infrastructure,East Central Railway [ECR] - I,Bihar,1586.0,1586.0,1494.93,99.0,2018-03-01,2024-06-01,2026-06-01,24,0.0,1,0,0,1,1,2026-09-30
PRJ-0553,Central Sector,Infrastructure,Indian Railway Construction International Limited [IRCON],Bihar,2373.64,1700.24,1610.45,98.5,2016-03-01,2024-12-01,2025-12-01,12,-28.37,1,0,0,1,1,2026-09-30
PRJ-0554,Central Sector,Infrastructure,East Central Railway [ECR] - I,Bihar,645.0,645.0,47.53,56.7,2022-10-01,2025-08-01,2026-10-01,14,0.0,1,0,0,1,1,2026-09-30
PRJ-0555,Central Sector,Infrastructure,East Central Railway [ECR] - I,Bihar,588.18,588.18,2.38,0.1,2023-03-01,2028-03-01,2030-01-01,22,0.0,1,0,0,1,1,2026-09-30
PRJ-0556,Central Sector,Infrastructure,Indian Railway Construction International Limited [IRCON],Chhattisgarh,3055.0,3798.06,2695.19,95.1,2016-03-01,2018-09-01,2026-12-01,99,24.32,1,1,1,1,1,2026-09-30
PRJ-0557,Central Sector,Infrastructure,East Coast Railway [ECoR] - II,Chhattisgarh,1589.0,1798.0,1656.54,97.6,2013-02-01,2020-03-01,2027-04-01,85,13.15,1,1,1,1,1,2026-09-30
PRJ-0558,Central Sector,Infrastructure,SECR,Chhattisgarh,1171.0,1171.0,404.58,100.0,2011-07-01,2025-02-01,2026-06-01,16,0.0,1,0,0,1,1,2026-09-30
PRJ-0559,Central Sector,Infrastructure,South East Central Railway [SECR] - II,Chhattisgarh,170.49,170.49,9.56,15.0,2022-12-01,2027-03-01,2027-03-01,0,0.0,0,0,0,0,0,2026-09-30
PRJ-0560,Central Sector,Infrastructure,CAO/C/SECR,Chhattisgarh,7853.84,7853.84,0.64,0.0,2025-04-01,2031-03-01,2031-03-01,0,0.0,0,0,0,0,0,2026-09-30
PRJ-0561,Central Sector,Infrastructure,Rail Vikas Nigam Limited,Chhattisgarh,1516.45,1881.26,2124.32,98.0,2009-07-01,2025-03-01,2026-02-01,11,24.06,1,1,1,1,1,2026-09-30
PRJ-0562,Central Sector,Infrastructure,Rail Vikas Nigam Limited,Chhattisgarh,1628.0,1628.0,1440.85,82.0,2009-07-01,2025-09-01,2025-12-01,3,0.0,1,0,0,1,0,2026-09-30
PRJ-0563,Central Sector,Infrastructure,Indian Railway Construction International Limited [IRCON],Chhattisgarh,4970.0,7448.52,5152.72,82.0,2014-04-01,2022-03-01,2026-12-01,57,49.87,1,1,1,1,1,2026-09-30
PRJ-0564,Central Sector,Infrastructure,South East Central Railway [SECR] - II,Chhattisgarh,1376.0,1576.72,258.97,27.0,2022-06-01,2030-06-01,2030-06-01,0,14.59,0,1,1,0,0,2026-09-30
PRJ-0565,Central Sector,Infrastructure,SECR,Chhattisgarh,177.03,177.03,4.8,16.0,2022-09-01,2027-01-01,2027-12-01,11,0.0,1,0,0,1,1,2026-09-30
PRJ-0566,Central Sector,Infrastructure,SECR,Chhattisgarh,177.34,177.34,1.91,7.0,2022-09-01,2027-02-01,2027-02-01,0,0.0,0,0,0,0,0,2026-09-30
PRJ-0567,Central Sector,Infrastructure,SECR,Chhattisgarh,169.06,169.06,22.52,65.0,2022-09-01,2026-11-01,2026-11-01,0,0.0,0,0,0,0,0,2026-09-30
PRJ-0568,Central Sector,Infrastructure,SECR,Chhattisgarh,328.34,328.34,78.66,33.0,2022-09-01,2027-01-01,2027-01-01,0,0.0,0,0,0,0,0,2026-09-30
PRJ-0569,Central Sector,Infrastructure,SECR,Chhattisgarh,167.64,167.64,20.13,8.0,2022-09-01,2026-12-01,2026-12-01,0,0.0,0,0,0,0,0,2026-09-30
PRJ-0570,Central Sector,Infrastructure,Rail Land Development Authority,Delhi,4744.0,4744.0,257.53,3.0,2023-01-01,2028-12-01,2028-12-01,0,0.0,0,0,0,0,0,2026-09-30
PRJ-0571,Central Sector,Infrastructure,Northern Railways,Delhi,446.21,446.21,553.14,80.0,2008-02-01,2020-03-01,2026-12-01,81,0.0,1,0,0,1,1,2026-09-30
PRJ-0572,Central Sector,Infrastructure,CAO/C/NR,Delhi,667.0,667.0,312.74,23.0,2013-03-01,2023-03-01,2027-12-01,57,0.0,1,0,0,1,1,2026-09-30
PRJ-0573,Central Sector,Infrastructure,South Western Railway [SWR] - II,Goa,1892.0,1892.0,0.0,0.0,2026-04-01,2031-03-01,2031-03-01,0,0.0,0,0,0,0,0,2026-09-30
PRJ-0574,Central Sector,Infrastructure,PCE/WR,Gujarat,468.0,468.0,44.62,9.0,2023-07-01,2027-03-01,2027-03-01,0,0.0,0,0,0,0,0,2026-09-30
PRJ-0575,Central Sector,Infrastructure,Western Railway [WR] - II,Gujarat,410.26,410.26,11.23,5.0,2023-02-01,2028-01-01,2028-02-01,1,0.0,1,0,0,1,0,2026-09-30
PRJ-0576,Central Sector,Infrastructure,Western Railway,Gujarat,307.11,307.11,18.9,17.0,2022-05-01,2030-05-01,2030-05-01,0,0.0,0,0,0,0,0,2026-09-30
PRJ-0577,Central Sector,Infrastructure,PCE/WR,Gujarat,670.17,670.17,45.86,12.0,2023-02-01,2030-03-01,2030-03-01,0,0.0,0,0,0,0,0,2026-09-30
PRJ-0578,Central Sector,Infrastructure,PCE/WR,Gujarat,350.0,349.93,71.06,31.0,2022-05-01,2030-03-01,2030-03-01,0,-0.02,0,0,0,0,0,2026-09-30
PRJ-0579,Central Sector,Infrastructure,Western Railway [WR] - II,Gujarat,1430.0,1430.0,519.4,35.0,2023-08-01,2026-12-01,2027-12-01,12,0.0,1,0,0,1,1,2026-09-30
PRJ-0580,Central Sector,Infrastructure,PCE/WR,Gujarat,487.0,487.0,222.88,53.0,2022-05-01,2025-02-01,2025-02-01,0,0.0,0,0,0,0,0,2026-09-30
PRJ-0581,Central Sector,Infrastructure,PCE/WR,Gujarat,158.0,158.0,51.87,10.0,2022-11-01,2025-03-01,2025-03-01,0,0.0,0,0,0,0,0,2026-09-30
PRJ-0582,Central Sector,Infrastructure,Western Railway [WR] - II,Gujarat,250.0,250.0,181.53,88.0,2023-01-01,2025-06-01,2026-05-01,11,0.0,1,0,0,1,1,2026-09-30
PRJ-0583,Central Sector,Infrastructure,Western Railway WR - II,Gujarat,961.67,961.67,507.6,21.0,2023-02-01,2027-03-01,2028-07-01,16,0.0,1,0,0,1,1,2026-09-30
PRJ-0584,Central Sector,Infrastructure,Rail Land Development Authority,Gujarat,2379.0,2379.0,977.35,31.4,2023-01-01,2028-03-01,2028-03-01,0,0.0,0,0,0,0,0,2026-09-30
PRJ-0585,Central Sector,Infrastructure,Ministry of Railways-,Gujarat,467.58,467.58,70.54,16.0,2023-07-01,2027-06-01,2027-06-01,0,0.0,0,0,0,0,0,2026-09-30
PRJ-0586,Central Sector,Infrastructure,Western Railway [WR] - II,Gujarat,2526.47,2526.47,0.0,0.0,2025-09-01,2028-09-01,2028-09-01,0,0.0,0,0,0,0,0,2026-09-30
PRJ-0587,Central Sector,Infrastructure,Western Railway [WR] - II,Gujarat,1456.77,1456.77,0.0,0.0,2025-12-01,2028-12-01,2028-12-01,0,0.0,0,0,0,0,0,2026-09-30
PRJ-0588,Central Sector,Infrastructure,Western Railway [WR] - II,Gujarat,483.88,1039.13,716.47,45.0,2017-01-01,2021-03-01,2026-12-01,69,114.75,1,1,1,1,1,2026-09-30
PRJ-0589,Central Sector,Infrastructure,Western Railway WR - II,Gujarat,262.0,262.0,383.67,64.0,2012-09-01,2025-03-01,2026-03-01,12,0.0,1,0,0,1,1,2026-09-30
PRJ-0590,Central Sector,Infrastructure,Western Railway WR - II,Gujarat,1080.58,1080.58,952.06,81.0,2021-10-01,2026-10-01,2026-06-01,0,0.0,0,0,0,0,0,2026-09-30
PRJ-0591,Central Sector,Infrastructure,Railway,Gujarat,461.91,461.91,186.78,8.0,2022-05-01,2030-06-01,2030-06-01,0,0.0,0,0,0,0,0,2026-09-30
PRJ-0592,Central Sector,Infrastructure,Western Railway [WR] - II,Gujarat,437.21,437.21,117.87,21.0,2022-10-01,2028-06-01,2027-10-01,0,0.0,0,0,0,0,0,2026-09-30
PRJ-0593,Central Sector,Infrastructure,North Western Railway [NWR],Haryana,471.0,471.0,263.12,72.0,2023-02-01,2028-02-01,2028-02-01,0,0.0,0,0,0,0,0,2026-09-30
PRJ-0594,Central Sector,Infrastructure,East Central Railway [ECR] - I,Jharkhand,349.22,349.22,125.71,71.5,2022-11-01,2025-12-01,2026-03-01,3,0.0,1,0,0,1,0,2026-09-30
PRJ-0595,Central Sector,Infrastructure,East Central Railway [ECR] - I,Jharkhand,2887.11,2887.11,0.0,0.0,2025-06-01,2029-12-01,2029-12-01,0,0.0,0,0,0,0,0,2026-09-30
PRJ-0596,Central Sector,Infrastructure,East Central Railway [ECR] - I,Jharkhand,902.86,902.86,0.0,0.1,2019-03-01,2024-03-01,2026-03-01,24,0.0,1,0,0,1,1,2026-09-30
PRJ-0597,Central Sector,Infrastructure,East Central Railway [ECR] - I,Jharkhand,686.0,686.0,631.52,66.5,2018-01-01,2026-03-01,2026-03-01,0,0.0,0,0,0,0,0,2026-09-30
PRJ-0598,Central Sector,Infrastructure,South Eastern Railway [SER] - I,Jharkhand,473.0,473.0,306.22,10.0,2021-08-01,2026-06-01,2027-05-01,11,0.0,1,0,0,1,1,2026-09-30
PRJ-0599,Central Sector,Infrastructure,East Central Railway [ECR] - I,Jharkhand,349.22,349.22,125.71,71.5,2022-11-01,2027-11-01,2027-11-01,0,0.0,0,0,0,0,0,2026-09-30
PRJ-0600,Central Sector,Infrastructure,South Western Railway [SWR] - II,Karnataka,749.0,749.0,0.94,0.3,2019-03-01,2028-04-01,2027-04-01,0,0.0,0,0,0,0,0,2026-09-30
PRJ-0601,Central Sector,Infrastructure,Karnataka Rail Infrastructure Development Company Limited [K-RIDE],Karnataka,314.1,683.57,171.0,56.5,2019-04-01,2024-03-01,2026-03-01,24,117.63,1,1,1,1,1,2026-09-30
PRJ-0602,Central Sector,Infrastructure,South Western Railway [SWR] - II,Karnataka,2565.0,3034.98,2293.26,70.0,2008-03-01,2019-03-01,2027-03-01,96,18.32,1,1,1,1,1,2026-09-30
PRJ-0603,Central Sector,Infrastructure,South Western Railway [SWR] - II,Karnataka,1382.78,1382.78,0.0,0.0,1999-02-01,2031-12-01,2031-12-01,0,0.0,0,0,0,0,0,2026-09-30
PRJ-0604,Central Sector,Infrastructure,South Western Railway [SWR] - II,Karnataka,2842.0,6700.0,1539.51,34.5,2013-04-01,2027-03-01,2027-12-01,9,135.75,1,1,1,1,1,2026-09-30
PRJ-0605,Central Sector,Infrastructure,South Western Railway [SWR] - II,Karnataka,825.0,825.0,774.11,84.2,2014-01-01,2025-06-01,2025-12-01,6,0.0,1,0,0,1,0,2026-09-30
PRJ-0606,Central Sector,Infrastructure,South Western Railway [SWR] - II,Karnataka,5174.0,5174.0,178.42,4.7,1999-01-01,2005-03-01,2030-03-01,300,0.0,1,0,0,1,1,2026-09-30
PRJ-0607,Central Sector,Infrastructure,South Western Railway [SWR] - II,Karnataka,1378.0,1649.0,797.87,36.0,2013-10-01,2027-03-01,2027-01-01,0,19.67,0,1,1,0,1,2026-09-30
PRJ-0608,Central Sector,Infrastructure,South Western Railway [SWR] - II,Karnataka,1876.0,1876.0,563.37,15.5,2013-10-01,2019-03-01,2027-12-01,105,0.0,1,0,0,1,1,2026-09-30
PRJ-0609,Central Sector,Infrastructure,South Western Railway [SWR] - II,Karnataka,493.0,493.0,318.39,85.5,2018-02-01,2026-02-01,2026-02-01,0,0.0,0,0,0,0,0,2026-09-30
PRJ-0610,Central Sector,Infrastructure,South Western Railway [SWR] - II,Karnataka,1454.0,1454.0,97.75,13.5,2019-09-01,2027-12-01,2028-06-01,6,0.0,1,0,0,1,0,2026-09-30
PRJ-0611,Central Sector,Infrastructure,South Western Railway [SWR] - II,Karnataka,748.86,748.86,1.15,0.3,2019-06-01,2027-04-01,2027-12-01,8,0.0,1,0,0,1,1,2026-09-30
PRJ-0612,Central Sector,Infrastructure,Karnataka Rail Infrastructure Development Company Limited [K-RIDE],Karnataka,15767.0,15767.0,3224.09,19.95,2020-10-01,2026-12-01,2030-03-01,39,0.0,1,0,0,1,1,2026-09-30
PRJ-0613,Central Sector,Infrastructure,South Western Railway [SWR] - II,Karnataka,1591.0,1591.0,0.38,0.0,2020-09-01,2027-12-01,2029-03-01,15,0.0,1,0,0,1,1,2026-09-30
PRJ-0614,Central Sector,Infrastructure,Ministry of Railways,Kerala,813.0,802.8,126.48,30.5,2023-04-01,2027-03-01,2027-03-01,0,-1.25,0,0,0,0,0,2026-09-30
PRJ-0615,Central Sector,Infrastructure,SR-ERS,Kerala,601.0,595.39,308.42,25.0,2023-04-01,2028-03-01,2027-02-01,0,-0.93,0,0,0,0,0,2026-09-30
PRJ-0616,Central Sector,Infrastructure,North Central Railway,Madhya Pradesh,8914.0,8914.0,6806.95,74.0,2007-01-01,2027-03-01,2027-12-01,9,0.0,1,0,0,1,1,2026-09-30
PRJ-0617,Central Sector,Infrastructure,West Central Railway [WCR] - II,Madhya Pradesh,500.0,584.0,566.56,86.0,2015-11-01,2026-03-01,2026-03-01,0,16.8,0,1,1,0,1,2026-09-30
PRJ-0618,Central Sector,Infrastructure,Indian Railway Construction International Limited [IRCON],Madhya Pradesh,2445.0,4377.0,3306.78,81.1,2016-03-01,2025-12-01,2025-12-01,0,79.02,0,1,1,0,1,2026-09-30
PRJ-0619,Central Sector,Infrastructure,Indian Railway Construction International Limited [IRCON],Madhya Pradesh,1248.0,1248.0,1817.51,95.0,2016-03-01,2024-09-01,2026-09-01,24,0.0,1,0,0,1,1,2026-09-30
PRJ-0620,Central Sector,Infrastructure,RVNL - II,Madhya Pradesh,7474.0,7474.0,2529.21,36.0,2019-08-01,2030-09-01,2030-09-01,0,0.0,0,0,0,0,0,2026-09-30
PRJ-0621,Central Sector,Infrastructure,Western Railway [WR] - II,Madhya Pradesh,1095.88,1095.88,1284.91,94.0,2021-10-01,2027-10-01,2027-10-01,0,0.0,0,0,0,0,0,2026-09-30
PRJ-0622,Central Sector,Infrastructure,Central Railway,Maharashtra,492.76,1170.83,519.29,25.0,2019-01-01,2026-12-01,2027-09-01,9,137.61,1,1,1,1,1,2026-09-30
PRJ-0623,Central Sector,Infrastructure,Central Railway [CR] - II,Maharashtra,3445.0,3445.0,3002.93,50.0,2017-12-01,2025-03-01,2026-12-01,21,0.0,1,0,0,1,1,2026-09-30
PRJ-0624,Central Sector,Infrastructure,South Central Railway [SCR] - II,Maharashtra,960.64,960.64,1304.54,2.02,2023-05-01,2027-03-01,2027-03-01,0,0.0,0,0,0,0,0,2026-09-30
PRJ-0625,Central Sector,Infrastructure,Central Railway [CR] - II,Maharashtra,955.39,955.39,13.97,10.0,2022-08-01,2028-07-01,2028-07-01,0,0.0,0,0,0,0,0,2026-09-30
PRJ-0626,Central Sector,Infrastructure,Rail Land Development Authority,Maharashtra,1813.0,1813.0,833.84,23.0,2023-04-01,2027-03-01,2027-03-01,0,0.0,0,0,0,0,0,2026-09-30
PRJ-0627,Central Sector,Infrastructure,South East Central Railway,Maharashtra,4373.04,4373.04,1.0,1.0,2025-04-01,2031-03-01,2031-03-01,0,0.0,0,0,0,0,0,2026-09-30
PRJ-0628,Central Sector,Infrastructure,South Central Railway [SCR] - II,Maharashtra,769.93,769.93,197.06,0.19,2023-12-01,2028-03-01,2028-03-01,0,0.0,0,0,0,0,0,2026-09-30
PRJ-0629,Central Sector,Infrastructure,CentralRailway,Maharashtra,362.81,362.81,0.48,0.0,2024-10-01,2028-03-01,2028-03-01,0,0.0,0,0,0,0,0,2026-09-30
PRJ-0630,Central Sector,Infrastructure,CentralRailway,Maharashtra,338.33,205.0,24.04,24.0,2025-01-01,2028-07-01,2028-07-01,0,-39.41,0,0,0,0,0,2026-09-30
PRJ-0631,Central Sector,Infrastructure,Central Railway [CR] - II,Maharashtra,2538.67,4957.27,5180.78,98.0,1999-01-01,2026-03-01,2026-03-01,0,95.27,0,1,1,0,1,2026-09-30
PRJ-0632,Central Sector,Infrastructure,Central Railway,Maharashtra,138.48,1843.9,1007.49,60.0,2016-03-01,2027-03-01,2027-03-01,0,1231.53,0,1,1,0,1,2026-09-30
PRJ-0633,Central Sector,Infrastructure,South East Central Railway,Maharashtra,1886.0,1886.0,809.55,66.0,2017-05-01,2027-03-01,2027-03-01,0,0.0,0,0,0,0,0,2026-09-30
PRJ-0634,Central Sector,Infrastructure,Central Railways,Maharashtra,3445.34,4030.69,3608.59,47.0,2008-02-01,2026-12-01,2026-12-01,0,16.99,0,1,1,0,1,2026-09-30
PRJ-0635,Central Sector,Infrastructure,Central Railway,Maharashtra,792.89,1395.79,1077.37,73.0,2015-09-01,2026-12-01,2026-12-01,0,76.04,0,1,1,0,1,2026-09-30
PRJ-0636,Central Sector,Infrastructure,Central Railway [CR] - II,Maharashtra,540.02,916.53,835.39,88.0,2015-09-01,2025-12-01,2026-10-01,10,69.72,1,1,1,1,1,2026-09-30
PRJ-0637,Central Sector,Infrastructure,Central Railway [CR] - II,Maharashtra,1384.72,2033.59,1813.52,98.0,2016-03-01,2025-12-01,2026-02-01,2,46.86,1,1,1,1,1,2026-09-30
PRJ-0638,Central Sector,Infrastructure,Central Railway,Maharashtra,2081.27,3267.06,3077.28,92.0,2017-10-01,2025-12-01,2026-03-01,3,56.97,1,1,1,1,1,2026-09-30
PRJ-0639,Central Sector,Infrastructure,Central Railway [CR] - II,Maharashtra,637.95,1214.69,1047.02,88.0,2017-04-01,2025-12-01,2026-10-01,10,90.41,1,1,1,1,1,2026-09-30
PRJ-0640,Central Sector,Infrastructure,Central Railway [CR] - II,Maharashtra,1035.16,1870.0,1865.44,100.0,2017-05-01,2024-12-01,2025-08-01,8,80.65,1,1,1,1,1,2026-09-30
PRJ-0641,Central Sector,Infrastructure,Central Railway,Maharashtra,904.92,3295.74,1216.56,12.0,2018-08-01,2027-03-01,2028-03-01,12,264.2,1,1,1,1,1,2026-09-30
PRJ-0642,Central Sector,Infrastructure,MRIDC,Maharashtra,1400.0,1400.0,1472.0,80.0,2019-10-01,2025-12-01,2025-12-01,0,0.0,0,0,0,0,0,2026-09-30
PRJ-0643,Central Sector,Infrastructure,Mumbai Rail Vikas Corporation Ltd.[MRVC],Maharashtra,8087.0,8087.0,7504.75,90.0,2008-05-01,2014-03-01,2027-12-01,165,0.0,1,0,0,1,1,2026-09-30
PRJ-0644,Central Sector,Infrastructure,Mumbai Rail Vikas Corporation Ltd.[MRVC],Maharashtra,33690.0,33690.0,3577.36,22.0,2019-04-01,2027-12-01,2027-12-01,0,0.0,0,0,0,0,0,2026-09-30
PRJ-0645,Central Sector,Infrastructure,Mumbai Rail Vikas Corporation Ltd.[MRVC],Maharashtra,10947.0,10947.0,6609.95,75.0,2016-11-01,2022-03-01,2026-12-01,57,0.0,1,0,0,1,1,2026-09-30
PRJ-0646,Central Sector,Infrastructure,Northeast Frontier Railway [NFR],Manipur,14323.0,21885.9,16020.78,72.1,2013-03-01,2026-12-01,2029-06-01,30,52.8,1,1,1,1,1,2026-09-30
PRJ-0647,Central Sector,Infrastructure,Northeast Frontier Railway [NFR],Meghalaya,8324.28,8342.28,266.12,2.04,2011-04-01,2021-03-01,2027-03-01,72,0.22,1,1,1,1,1,2026-09-30
PRJ-0648,Central Sector,Infrastructure,South Western Railway [SWR] - II,"Multi-States (Andhra Pradesh, Karnataka)",297.0,297.0,145.78,21.0,2012-04-01,2026-06-01,2026-06-01,0,0.0,0,0,0,0,0,2026-09-30
PRJ-0649,Central Sector,Infrastructure,South Western Railway [SWR] - II,"Multi-States (Andhra Pradesh, Karnataka)",2496.0,2496.0,1898.7,72.0,2008-03-01,2015-09-01,2028-02-01,149,0.0,1,0,0,1,1,2026-09-30
PRJ-0650,Central Sector,Infrastructure,South Central Railway [SCR] - II,"Multi-States (Andhra Pradesh, Karnataka)",302.0,543.0,635.72,89.03,2016-04-01,2025-12-01,2026-03-01,3,79.8,1,1,1,1,1,2026-09-30
PRJ-0651,Central Sector,Infrastructure,South Central Railway [SCR] - II,"Multi-States (Andhra Pradesh, Maharashtra, Telangana)",4686.09,4686.09,1938.02,2.08,2023-08-01,2029-03-01,2029-03-01,0,0.0,0,0,0,0,0,2026-09-30
PRJ-0652,Central Sector,Infrastructure,RVNL - II,"Multi-States (Andhra Pradesh, Odisha)",4803.0,6669.91,6211.43,97.0,2016-06-01,2025-12-01,2026-12-01,12,38.87,1,1,1,1,1,2026-09-30
PRJ-0653,Central Sector,Infrastructure,East Coast Railway [ECoR] - II,"Multi-States (Andhra Pradesh, Odisha)",2500.0,2500.0,2163.97,73.0,2015-12-01,2022-03-01,2028-03-01,72,0.0,1,0,0,1,1,2026-09-30
PRJ-0654,Central Sector,Infrastructure,Ministry of Railways,"Multi-States (Andhra Pradesh, Tamil Nadu)",3631.0,3631.0,1259.7,16.5,2008-07-01,2025-09-01,2028-03-01,30,0.0,1,0,0,1,1,2026-09-30
PRJ-0655,Central Sector,Infrastructure,South Central Railway [SCR] - II,"Multi-States (Andhra Pradesh, Telangana)",1595.55,1595.55,212.11,2.04,2024-02-01,2029-03-01,2029-03-01,0,0.0,0,0,0,0,0,2026-09-30
PRJ-0656,Central Sector,Infrastructure,South Central Railway [SCR] - II,"Multi-States (Andhra Pradesh, Telangana)",2853.23,2853.23,348.95,2.5,2023-08-01,2029-03-01,2029-03-01,0,0.0,0,0,0,0,0,2026-09-30
PRJ-0657,Central Sector,Infrastructure,South Central Railway [SCR] - II,"Multi-States (Andhra Pradesh, Telangana)",2047.4,2047.4,208.59,0.16,2024-11-01,2027-03-01,2027-03-01,0,0.0,0,0,0,0,0,2026-09-30
PRJ-0658,Central Sector,Infrastructure,South Central Railway [SCR] - II,"Multi-States (Andhra Pradesh, Telangana)",1953.0,3363.0,5178.65,95.01,2013-03-01,2025-02-01,2025-12-01,10,72.2,1,1,1,1,1,2026-09-30
PRJ-0659,Central Sector,Infrastructure,South Central Railway [SCR] - II,"Multi-States (Andhra Pradesh, Telangana)",647.0,904.0,1242.64,95.01,2016-04-01,2025-01-01,2025-12-01,11,39.72,1,1,1,1,1,2026-09-30
PRJ-0660,Central Sector,Infrastructure,Northeast Frontier Railway [NFR] - II,"Multi-States (Arunachal Pradesh, Assam)",435.0,1250.0,853.0,68.0,2011-02-01,2025-03-01,2026-12-01,21,187.36,1,1,1,1,1,2026-09-30
PRJ-0661,Central Sector,Infrastructure,Northeast Frontier Railway [NFR],"Multi-States (Assam, Meghalaya)",1304.62,1304.62,1254.47,86.16,2010-08-01,2011-11-01,2027-06-01,187,0.0,1,0,0,1,1,2026-09-30
PRJ-0662,Central Sector,Infrastructure,Northeast Frontier Railway [NFR],"Multi-States (Assam, Nagaland)",2123.7,2123.7,121.34,10.0,2024-02-01,2028-02-01,2028-02-01,0,0.0,0,0,0,0,0,2026-09-30
PRJ-0663,Central Sector,Infrastructure,Northeast Frontier Railway [NFR] - II,"Multi-States (Assam, Nagaland)",6663.0,6663.0,6282.3,43.0,2015-08-01,2025-03-01,2029-12-01,57,0.0,1,0,0,1,1,2026-09-30
PRJ-0664,Central Sector,Infrastructure,PCE/NCR,"Multi-States (Bihar, Delhi, Jharkhand, Uttar Pradesh, West Bengal)",6684.81,6684.81,127.03,0.0,2019-09-01,2024-03-01,2024-03-01,0,0.0,0,0,0,0,0,2026-09-30
PRJ-0665,Central Sector,Infrastructure,East Central Railway [ECR] - I,"Multi-States (Bihar, Jharkhand)",12333.57,12333.6,816.82,17.5,2023-08-01,2028-03-01,2028-03-01,0,0.0,0,1,1,0,0,2026-09-30
PRJ-0666,Central Sector,Infrastructure,East Central Railway [ECR] - I,"Multi-States (Bihar, Jharkhand)",1626.0,2486.62,2215.44,95.5,2004-11-01,2025-02-01,2026-02-01,12,52.93,1,1,1,1,1,2026-09-30
PRJ-0667,Central Sector,Infrastructure,Eastern Railway [ER] - I,"Multi-States (Bihar, Jharkhand)",2555.0,2555.0,1113.67,61.8,2014-03-01,2028-03-01,2028-03-01,0,0.0,0,0,0,0,0,2026-09-30
PRJ-0668,Central Sector,Infrastructure,North Eastern Railway [NER],"Multi-States (Bihar, Uttar Pradesh)",380.47,380.47,256.53,20.0,2022-05-01,2027-03-01,2028-03-01,12,0.0,1,0,0,1,1,2026-09-30
PRJ-0669,Central Sector,Infrastructure,NER,"Multi-States (Bihar, Uttar Pradesh)",1120.0,1120.0,401.82,26.4,2023-08-01,2027-12-01,2027-12-01,0,0.0,0,0,0,0,0,2026-09-30
PRJ-0670,Central Sector,Infrastructure,North Eastern Railway [NER],"Multi-States (Bihar, Uttar Pradesh)",963.0,1046.0,917.1,95.9,2013-03-01,2025-02-01,2026-05-01,15,8.62,1,1,1,1,1,2026-09-30
PRJ-0671,Central Sector,Infrastructure,Northeast Frontier Railway [NFR],"Multi-States (Bihar, West Bengal)",942.64,942.64,611.19,65.0,2022-08-01,2026-08-01,2027-02-01,6,0.0,1,0,0,1,0,2026-09-30
PRJ-0672,Central Sector,Infrastructure,South Eastern Central Railway,"Multi-States (Chhattisgarh, Maharashtra)",2222.53,2222.53,0.0,0.0,2025-10-01,2030-10-01,2030-10-01,0,0.0,0,0,0,0,0,2026-09-30
PRJ-0673,Central Sector,Infrastructure,South East Central Railway [SECR] - II,"Multi-States (Chhattisgarh, Maharashtra)",3545.0,3545.0,3639.58,96.0,2016-09-01,2024-12-01,2026-06-01,18,0.0,1,0,0,1,1,2026-09-30
PRJ-0674,Central Sector,Infrastructure,SECR,"Multi-States (Chhattisgarh, Odisha)",1281.81,1281.81,128.07,4.0,2024-09-01,2028-03-01,2028-03-01,0,0.0,0,0,0,0,0,2026-09-30
PRJ-0675,Central Sector,Infrastructure,East Coast Railway [ECoR] - II,"Multi-States (Chhattisgarh, Odisha)",1547.0,1547.0,1379.69,94.46,2015-12-01,2024-03-01,2026-12-01,33,0.0,1,0,0,1,1,2026-09-30
PRJ-0676,Central Sector,Infrastructure,SECR,"Multi-States (Chhattisgarh, Odisha)",2140.0,2979.0,2260.48,97.0,2016-09-01,2024-10-01,2026-03-01,17,39.21,1,1,1,1,1,2026-09-30
PRJ-0677,Central Sector,Infrastructure,National High Speed Rail Corporation [NHSRC],"Multi-States (Dadra & Nagar Haveli and Daman & Diu, Gujarat, Maharashtra)",108000.0,108000.0,90501.89,59.86,2015-03-01,2027-08-01,2029-12-01,28,0.0,1,0,0,1,1,2026-09-30
PRJ-0678,Central Sector,Infrastructure,PCE/WR,"Multi-States (Delhi, Gujarat, Madhya Pradesh, Maharashtra, Rajasthan)",6806.44,8095.12,9480.86,66.32,2019-09-01,2024-03-01,2026-03-01,24,18.93,1,1,1,1,1,2026-09-30
PRJ-0679,Central Sector,Infrastructure,RVNL - II,"Multi-States (Goa, Karnataka)",5060.0,5060.0,5304.19,86.13,2010-03-01,2027-03-01,2027-12-01,9,0.0,1,0,0,1,1,2026-09-30
PRJ-0680,Central Sector,Infrastructure,RVNL,"Multi-States (Goa, Karnataka)",744.49,1122.62,1163.14,99.65,2015-07-01,2023-03-01,2026-06-01,39,50.79,1,1,1,1,1,2026-09-30
PRJ-0681,Central Sector,Infrastructure,DFCCIL,"Multi-States (Gujarat, Haryana, Maharashtra, Rajasthan, Uttar Pradesh)",51101.0,124005.0,124623.0,96.0,2008-02-01,2022-03-01,2025-12-01,45,142.67,1,1,1,1,1,2026-09-30
PRJ-0682,Central Sector,Infrastructure,Western Railway [WR] - II,"Multi-States (Gujarat, Madhya Pradesh)",456.07,3516.77,4157.76,55.0,2012-06-01,2027-02-01,2027-02-01,0,671.1,0,1,1,0,1,2026-09-30
PRJ-0683,Central Sector,Infrastructure,Western Railway [WR] - II,"Multi-States (Gujarat, Madhya Pradesh)",1794.0,1794.0,1819.63,80.3,2008-11-01,2025-12-01,2025-12-01,0,0.0,0,0,0,0,0,2026-09-30
PRJ-0684,Central Sector,Infrastructure,Western Railway,"Multi-States (Gujarat, Maharashtra)",311.0,311.0,263.42,93.0,2019-09-01,2025-12-01,2026-12-01,12,0.0,1,0,0,1,1,2026-09-30
PRJ-0685,Central Sector,Infrastructure,North Western Railway [NWR],"Multi-States (Gujarat, Rajasthan)",2798.0,2798.0,2439.32,37.0,2022-07-01,2030-07-01,2030-07-01,0,0.0,0,0,0,0,0,2026-09-30
PRJ-0686,Central Sector,Infrastructure,North Western Railway [NWR],"Multi-States (Gujarat, Rajasthan)",3085.59,3085.59,778.73,30.0,2024-02-01,2027-07-01,2027-07-01,0,0.0,0,0,0,0,0,2026-09-30
PRJ-0687,Central Sector,Infrastructure,Northen Railway [NR],"Multi-States (Haryana, Himachal Pradesh)",1540.0,1540.13,590.11,43.0,2018-02-01,2026-12-01,2026-12-01,0,0.01,0,1,1,0,0,2026-09-30
PRJ-0688,Central Sector,Infrastructure,North Western Railway [NWR],"Multi-States (Haryana, Rajasthan)",352.0,352.0,315.28,73.0,2023-02-01,2027-06-01,2027-06-01,0,0.0,0,0,0,0,0,2026-09-30
PRJ-0689,Central Sector,Infrastructure,Northen Railway [NR],"Multi-States (Himachal Pradesh, Punjab)",2018.0,2018.0,2384.29,84.0,1983-03-01,2025-12-01,2027-12-01,24,0.0,1,0,0,1,1,2026-09-30
PRJ-0690,Central Sector,Infrastructure,RVNL - II,"Multi-States (Himachal Pradesh, Punjab)",13447.0,13447.0,7558.16,63.0,2009-03-01,2026-12-01,2027-12-01,12,0.0,1,0,0,1,1,2026-09-30
PRJ-0691,Central Sector,Infrastructure,South Eastern Railway - JH,"Multi-States (Jharkhand, Odisha)",3029.0,3029.04,2629.17,92.0,2016-03-01,2025-06-01,2026-06-01,12,0.0,1,1,1,1,1,2026-09-30
PRJ-0692,Central Sector,Infrastructure,South Eastern Railway [SER] - I,"Multi-States (Jharkhand, Odisha, West Bengal)",1459.13,1459.13,7.58,0.0,2024-08-01,2029-12-01,2029-12-01,0,0.0,0,0,0,0,0,2026-09-30
PRJ-0693,Central Sector,Infrastructure,CAO/C/SER,"Multi-States (Jharkhand, West Bengal)",1932.01,1932.01,4.51,0.0,2024-09-01,2029-09-01,2029-09-01,0,0.0,0,0,0,0,0,2026-09-30
PRJ-0694,Central Sector,Infrastructure,RVNL - I,"Multi-States (Jharkhand, West Bengal)",3250.0,3250.0,3287.18,97.5,2016-09-01,2025-03-01,2026-06-01,15,0.0,1,0,0,1,1,2026-09-30
PRJ-0695,Central Sector,Infrastructure,Karnataka Rail Infrastructure Development Company Limited [K-RIDE],"Multi-States (Karnataka, Tamil Nadu)",498.7,748.7,698.51,88.0,2019-04-01,2024-03-01,2026-01-01,22,50.13,1,1,1,1,1,2026-09-30
PRJ-0696,Central Sector,Infrastructure,Southern Railway [SR] - I,"Multi-States (Kerala, Tamil Nadu)",1432.0,3785.45,2909.77,56.0,2017-08-01,2025-03-01,2028-06-01,39,164.35,1,1,1,1,1,2026-09-30
PRJ-0697,Central Sector,Infrastructure,Western Railway [WR] - II,"Multi-States (Madhya Pradesh, Maharashtra)",1656.25,6499.86,4606.71,83.0,2008-04-01,2027-03-01,2028-09-01,18,292.44,1,1,1,1,1,2026-09-30
PRJ-0698,Central Sector,Infrastructure,Central Railway [CR] - II,"Multi-States (Madhya Pradesh, Maharashtra)",2449.91,2506.68,2155.76,55.0,2016-09-01,2027-03-01,2027-12-01,9,2.32,1,1,1,1,1,2026-09-30
PRJ-0699,Central Sector,Infrastructure,North Western Railway [NWR],"Multi-States (Madhya Pradesh, Rajasthan)",2417.24,2417.24,7.19,8.0,2015-10-01,2028-03-01,2028-03-01,0,0.0,0,0,0,0,0,2026-09-30
PRJ-0700,Central Sector,Infrastructure,North Central Railway,"Multi-States (Madhya Pradesh, Rajasthan)",2913.0,2913.0,2213.55,92.0,2011-03-01,2025-03-01,2026-02-01,11,0.0,1,0,0,1,1,2026-09-30
PRJ-0701,Central Sector,Infrastructure,West Central Railway [WCR] - II,"Multi-States (Madhya Pradesh, Rajasthan)",3032.0,5073.0,4139.87,81.0,2001-03-01,2025-12-01,2027-12-01,24,67.32,1,1,1,1,1,2026-09-30
PRJ-0702,Central Sector,Infrastructure,Western Railway [WR] - II,"Multi-States (Madhya Pradesh, Rajasthan)",495.0,825.0,261.69,60.0,2017-04-01,2026-03-01,2026-06-01,3,66.67,1,1,1,1,1,2026-09-30
PRJ-0703,Central Sector,Infrastructure,RVNL - II,"Multi-States (Madhya Pradesh, Rajasthan, Uttar Pradesh)",5961.0,5961.0,5121.42,95.48,2015-12-01,2024-12-01,2026-12-01,24,0.0,1,0,0,1,1,2026-09-30
PRJ-0704,Central Sector,Infrastructure,CAO/C/NCR,"Multi-States (Madhya Pradesh, Uttar Pradesh)",2002.0,2002.0,1939.11,96.0,2016-09-01,2022-03-01,2026-03-01,48,0.0,1,0,0,1,1,2026-09-30
PRJ-0705,Central Sector,Infrastructure,North Central Railway,"Multi-States (Madhya Pradesh, Uttar Pradesh)",4330.0,4330.0,2895.52,68.0,2018-03-01,2026-03-01,2026-03-01,0,0.0,0,0,0,0,0,2026-09-30
PRJ-0706,Central Sector,Infrastructure,South Central Railway [SCR] - II,"Multi-States (Maharashtra, Telangana)",2595.0,3071.0,4141.26,94.7,2016-09-01,2025-01-01,2025-11-01,10,18.34,1,1,1,1,1,2026-09-30
PRJ-0707,Central Sector,Infrastructure,South Eastern Railway [SER] - I,"Multi-States (Odisha, West Bengal)",2400.0,3425.32,2655.21,77.0,2019-03-01,2025-12-01,2027-01-01,13,42.72,1,1,1,1,1,2026-09-30
PRJ-0708,Central Sector,Infrastructure,Ministry of Railways,"Multi-States (Puducherry, Tamil Nadu)",713.0,981.0,635.3,80.0,2008-07-01,2027-03-01,2028-03-01,12,37.59,1,1,1,1,1,2026-09-30
PRJ-0709,Central Sector,Infrastructure,Indian Railway Construction International Limited [IRCON],"Multi-States (Sikkim, West Bengal)",7877.0,11775.0,10770.42,93.0,2009-10-01,2015-05-01,2027-12-01,151,49.49,1,1,1,1,1,2026-09-30
PRJ-0710,Central Sector,Infrastructure,Eastern Railway [ER] - I,"Multi-States (Uttar Pradesh, West Bengal)",461.64,461.64,291.24,31.85,2017-08-01,2027-03-01,2027-03-01,0,0.0,0,0,0,0,0,2026-09-30
PRJ-0711,Central Sector,Infrastructure,South Eastern Railway [SER] - I,Odisha,808.99,808.99,701.15,38.0,2021-10-01,2025-10-01,2026-12-01,14,0.0,1,0,0,1,1,2026-09-30
PRJ-0712,Central Sector,Infrastructure,East Coast Railway [ECoR] - II,Odisha,168.32,168.32,69.85,82.0,2022-08-01,2025-03-01,2025-01-01,0,0.0,0,0,0,0,0,2026-09-30
PRJ-0713,Central Sector,Infrastructure,East Coast Railway [ECoR] - II,Odisha,210.0,210.0,39.31,52.0,2022-08-01,2024-12-01,2026-12-01,24,0.0,1,0,0,1,1,2026-09-30
PRJ-0714,Central Sector,Infrastructure,East Coast Railway [ECoR] - II,Odisha,186.21,186.21,100.97,88.0,2022-09-01,2024-12-01,2027-06-01,30,0.0,1,0,0,1,1,2026-09-30
PRJ-0715,Central Sector,Infrastructure,East Coast Railway [ECoR] - II,Odisha,297.0,297.0,232.73,56.0,2014-01-01,2026-12-01,2026-12-01,0,0.0,0,0,0,0,0,2026-09-30
PRJ-0716,Central Sector,Infrastructure,East Coast Railway [ECoR] - II,Odisha,252.0,252.0,117.3,86.0,2023-04-01,2025-12-01,2025-12-01,0,0.0,0,0,0,0,0,2026-09-30
PRJ-0717,Central Sector,Infrastructure,CAO/C/SER,Odisha,244.99,244.99,95.42,31.0,2022-09-01,2026-03-01,2026-03-01,0,0.0,0,0,0,0,0,2026-09-30
PRJ-0718,Central Sector,Infrastructure,CAO/C/SER,Odisha,2269.49,2269.49,7.14,0.0,2024-08-01,2029-12-01,2029-12-01,0,0.0,0,0,0,0,0,2026-09-30
PRJ-0719,Central Sector,Infrastructure,CAO/C/SER,Odisha,1875.72,1875.72,2.15,0.0,2024-08-01,2029-12-01,2029-12-01,0,0.0,0,0,0,0,0,2026-09-30
PRJ-0720,Central Sector,Infrastructure,East Coast Railway [ECoR] - II,Odisha,200.77,200.77,34.06,5.5,2023-04-01,2028-07-01,2028-07-01,0,0.0,0,0,0,0,0,2026-09-30
PRJ-0721,Central Sector,Infrastructure,East Coast Railway [ECoR] - II,Odisha,300.15,300.15,0.89,10.5,2023-08-01,2028-11-01,2028-11-01,0,0.0,0,0,0,0,0,2026-09-30
PRJ-0722,Central Sector,Infrastructure,Indian Railway,Odisha,1165.89,1165.89,0.0,0.0,2024-08-01,2029-12-01,2029-12-01,0,0.0,0,0,0,0,0,2026-09-30
PRJ-0723,Central Sector,Infrastructure,Indian Railway,Odisha,2864.51,2864.51,0.0,0.0,2024-08-01,2030-08-01,2030-08-01,0,0.0,0,0,0,0,0,2026-09-30
PRJ-0724,Central Sector,Infrastructure,East Coast Railway [ECoR] - II,Odisha,3792.0,5089.0,5671.96,92.0,1994-03-01,2026-12-01,2026-12-01,0,34.2,0,1,1,0,1,2026-09-30
PRJ-0725,Central Sector,Infrastructure,East Coast Railway [ECoR] - II,Odisha,1928.0,1928.0,2120.08,56.0,2004-03-01,2025-03-01,2029-03-01,48,0.0,1,0,0,1,1,2026-09-30
PRJ-0726,Central Sector,Infrastructure,East Coast Railway [ECoR] - II,Odisha,1284.0,1284.0,1352.81,95.0,2015-10-01,2024-11-01,2026-01-01,14,0.0,1,0,0,1,1,2026-09-30
PRJ-0727,Central Sector,Infrastructure,East Coast Railway [ECoR] - II,Odisha,2362.0,2362.0,1962.43,74.6,2015-12-01,2027-12-01,2028-03-01,3,0.0,1,0,0,1,0,2026-09-30
PRJ-0728,Central Sector,Infrastructure,East Coast Railway [ECoR] - II,Odisha,1000.0,810.02,455.8,59.0,2015-11-01,2018-11-01,2028-03-01,112,-19.0,1,0,0,1,1,2026-09-30
PRJ-0729,Central Sector,Infrastructure,East Coast Railway [ECoR] - II,Odisha,1173.0,2092.0,2120.58,89.0,2013-07-01,2026-03-01,2026-03-01,0,78.35,0,1,1,0,1,2026-09-30
PRJ-0730,Central Sector,Infrastructure,East Coast Railway [ECoR] - II,Odisha,748.0,748.0,15.91,1.97,2017-07-01,2028-07-01,2029-12-01,17,0.0,1,0,0,1,1,2026-09-30
PRJ-0731,Central Sector,Infrastructure,East Coast Railway [ECoR] - II,Odisha,2344.0,2344.0,549.72,23.1,2018-02-01,2033-07-01,2033-07-01,0,0.0,0,0,0,0,0,2026-09-30
PRJ-0732,Central Sector,Infrastructure,Ministry of Railways,Odisha,267.61,267.61,0.0,0.0,2018-09-01,2021-03-01,2021-03-01,0,0.0,0,0,0,0,0,2026-09-30
PRJ-0733,Central Sector,Infrastructure,East Coast Railway [ECoR] - II,Odisha,190.0,189.93,3.4,5.0,2022-09-01,2027-09-01,2027-09-01,0,-0.04,0,0,0,0,0,2026-09-30
PRJ-0734,Central Sector,Infrastructure,East Central Railway [ECR] - I,Offshore,819.0,819.0,580.51,75.0,2015-08-01,2022-03-01,2026-03-01,48,0.0,1,0,0,1,1,2026-09-30
PRJ-0735,Central Sector,Infrastructure,RCIL,PAN India,274.39,274.39,0.0,48.0,2020-06-01,2024-03-01,2024-03-01,0,0.0,0,0,0,0,0,2026-09-30
PRJ-0736,Central Sector,Infrastructure,CAO/C/NR,Punjab,234.78,234.78,10.0,0.0,2022-10-01,2024-06-01,2024-06-01,0,0.0,0,0,0,0,0,2026-09-30
PRJ-0737,Central Sector,Infrastructure,Railway,Punjab,237.64,238.0,137.05,57.0,2019-03-01,2025-03-01,2027-02-01,23,0.15,1,1,1,1,1,2026-09-30
PRJ-0738,Central Sector,Infrastructure,North Western Railway [NWR],Rajasthan,968.92,968.92,708.25,73.0,2023-01-01,2027-01-01,2027-01-01,0,0.0,0,0,0,0,0,2026-09-30
PRJ-0739,Central Sector,Infrastructure,WPO/Patna,Rajasthan,166.86,166.86,0.0,0.0,2022-09-01,2024-12-01,2024-12-01,0,0.0,0,0,0,0,0,2026-09-30
PRJ-0740,Central Sector,Infrastructure,North Western Railway [NWR],Rajasthan,799.64,799.64,131.75,8.0,2024-02-01,2026-12-01,2026-12-01,0,0.0,0,0,0,0,0,2026-09-30
PRJ-0741,Central Sector,Infrastructure,North Western Railway [NWR],Rajasthan,1634.79,1634.79,377.37,12.0,2024-02-01,2027-06-01,2027-06-01,0,0.0,0,0,0,0,0,2026-09-30
PRJ-0742,Central Sector,Infrastructure,North Western Railway [NWR],Rajasthan,468.64,468.64,188.7,90.0,2024-01-01,2026-06-01,2026-06-01,0,0.0,0,0,0,0,0,2026-09-30
PRJ-0743,Central Sector,Infrastructure,North Western Railway [NWR],Rajasthan,189.21,189.21,0.0,0.0,2025-04-01,2028-03-01,2028-03-01,0,0.0,0,0,0,0,0,2026-09-30
PRJ-0744,Central Sector,Infrastructure,North Western Railway [NWR],Rajasthan,166.33,166.33,109.96,15.0,2019-03-01,2027-03-01,2027-03-01,0,0.0,0,0,0,0,0,2026-09-30
PRJ-0745,Central Sector,Infrastructure,North Central Railway,Rajasthan,747.0,747.0,491.95,49.5,2022-03-01,2019-02-01,2027-02-01,96,0.0,1,0,0,1,1,2026-09-30
PRJ-0746,Central Sector,Infrastructure,North Western Railway [NWR],Rajasthan,819.48,967.06,400.92,94.0,2019-04-01,2026-11-01,2026-11-01,0,18.01,0,1,1,0,1,2026-09-30
PRJ-0747,Central Sector,Infrastructure,North Western Railway [NWR],Rajasthan,1203.89,1203.89,207.11,19.0,2024-02-01,2027-03-01,2027-03-01,0,0.0,0,0,0,0,0,2026-09-30
PRJ-0748,Central Sector,Infrastructure,CAO/C/NCR,Rajasthan,1390.0,1390.0,477.04,54.0,2022-06-01,2027-06-01,2027-06-01,0,0.0,0,0,0,0,0,2026-09-30
PRJ-0749,Central Sector,Infrastructure,North Western Railway [NWR],Rajasthan,466.42,466.42,533.9,98.0,2021-11-01,2026-03-01,2026-03-01,0,0.0,0,0,0,0,0,2026-09-30
PRJ-0750,Central Sector,Infrastructure,North Western Railway [NWR],Rajasthan,304.0,304.0,83.03,72.0,2022-12-01,2026-03-01,2027-05-01,14,0.0,1,0,0,1,1,2026-09-30
PRJ-0751,Central Sector,Infrastructure,Ministry of Railways,Tamil Nadu,734.0,734.01,486.53,99.9,2007-11-01,2025-07-01,2025-09-01,2,0.0,1,1,1,1,0,2026-09-30
PRJ-0752,Central Sector,Infrastructure,Ministry of Railways,Tamil Nadu,842.0,842.0,340.0,0.0,2022-05-01,2026-03-01,2026-03-01,0,0.0,0,0,0,0,0,2026-09-30
PRJ-0753,Central Sector,Infrastructure,CPM/ICF,Tamil Nadu,520.0,520.0,192.25,0.0,2017-12-01,2021-12-01,2021-12-01,0,0.0,0,0,0,0,0,2026-09-30
PRJ-0754,Central Sector,Infrastructure,Ministry of Railways,Tamil Nadu,601.43,2084.48,641.26,0.0,2011-04-01,2021-07-01,2027-12-01,77,246.59,1,1,1,1,1,2026-09-30
PRJ-0755,Central Sector,Infrastructure,South Central Railway [SCR] - II,Telangana,770.12,770.12,87.93,0.05,2023-08-01,2029-04-01,2029-04-01,0,0.0,0,0,0,0,0,2026-09-30
PRJ-0756,Central Sector,Infrastructure,RVNL - II,Telangana,521.36,521.36,491.87,90.0,2016-07-01,2026-12-01,2026-03-01,0,0.0,0,0,0,0,0,2026-09-30
PRJ-0757,Central Sector,Infrastructure,RVNL,Telangana,385.0,385.0,0.0,0.0,2017-09-01,2023-12-01,2023-12-01,0,0.0,0,0,0,0,0,2026-09-30
PRJ-0758,Central Sector,Infrastructure,South Central Railway [SCR] - II,Telangana,1160.0,2781.0,3040.86,72.01,2016-07-01,2027-03-01,2027-12-01,9,139.74,1,1,1,1,1,2026-09-30
PRJ-0759,Central Sector,Infrastructure,North Eastern Railway [NER],Uttar Pradesh,4939.78,4939.78,1055.82,8.9,2018-10-01,2030-10-01,2030-10-01,0,0.0,0,0,0,0,0,2026-09-30
PRJ-0760,Central Sector,Infrastructure,North Eastern Railway [NER],Uttar Pradesh,1319.75,1319.75,492.3,4.0,2019-08-01,2029-03-01,2029-03-01,0,0.0,0,0,0,0,0,2026-09-30
PRJ-0761,Central Sector,Infrastructure,Northern Railways,Uttar Pradesh,2464.46,2464.46,59.82,2.42,2024-10-01,2029-10-01,2029-10-01,0,0.0,0,0,0,0,0,2026-09-30
PRJ-0762,Central Sector,Infrastructure,Construction NER,Uttar Pradesh,958.27,958.27,635.41,23.8,2023-10-01,2028-03-01,2028-03-01,0,0.0,0,0,0,0,0,2026-09-30
PRJ-0763,Central Sector,Infrastructure,North Central Railway,Uttar Pradesh,1423.96,1423.96,123.09,17.0,2023-08-01,2028-03-01,2028-03-01,0,0.0,0,0,0,0,0,2026-09-30
PRJ-0764,Central Sector,Infrastructure,East Central Railway [ECR] - I,Uttar Pradesh,199.96,199.96,5.19,0.5,2022-10-01,2027-02-01,2027-02-01,0,0.0,0,0,0,0,0,2026-09-30
PRJ-0765,Central Sector,Infrastructure,M/S SRC company Infra Private Limited,Uttar Pradesh,180.66,180.66,43.65,10.5,2023-03-01,2027-01-01,2027-01-01,0,0.0,0,0,0,0,0,2026-09-30
PRJ-0766,Central Sector,Infrastructure,North Eastern Railway [NER],Uttar Pradesh,1016.0,1118.0,1050.11,88.4,2017-11-01,2025-03-01,2026-05-01,14,10.04,1,1,1,1,1,2026-09-30
PRJ-0767,Central Sector,Infrastructure,CAO/C/II/NR,Uttar Pradesh,722.0,1194.0,1691.52,70.0,2017-11-01,2025-03-01,2026-03-01,12,65.37,1,1,1,1,1,2026-09-30
PRJ-0768,Central Sector,Infrastructure,North Central Railway,Uttar Pradesh,304.44,356.0,255.32,86.0,2017-03-01,2024-12-01,2026-01-01,13,16.94,1,1,1,1,1,2026-09-30
PRJ-0769,Central Sector,Infrastructure,North Central Railway,Uttar Pradesh,494.0,494.0,397.57,78.0,2019-04-01,2026-03-01,2026-03-01,0,0.0,0,0,0,0,0,2026-09-30
PRJ-0770,Central Sector,Infrastructure,North Central Railway,Uttar Pradesh,2649.0,2649.44,1930.12,71.0,2015-12-01,2026-12-01,2027-03-01,3,0.02,1,1,1,1,0,2026-09-30
PRJ-0771,Central Sector,Infrastructure,CAO/C/NCR,Uttar Pradesh,758.0,779.49,484.51,83.0,2019-04-01,2025-01-01,2027-03-01,26,2.84,1,1,1,1,1,2026-09-30
PRJ-0772,Central Sector,Infrastructure,North Central Railway [NCR] - II,Uttar Pradesh,250.18,250.18,139.49,9.0,2020-07-01,2026-02-01,2027-02-01,12,0.0,1,0,0,1,1,2026-09-30
PRJ-0773,Central Sector,Infrastructure,RVNL - I,Uttar Pradesh,2529.0,2529.46,2164.72,96.5,2018-03-01,2024-12-01,2026-06-01,18,0.02,1,1,1,1,1,2026-09-30
PRJ-0774,Central Sector,Infrastructure,Ministry of Railways,Uttar Pradesh,407.0,407.0,409.54,77.0,2019-01-01,2025-03-01,2026-08-01,17,0.0,1,0,0,1,1,2026-09-30
PRJ-0775,Central Sector,Infrastructure,North Central Railway,Uttar Pradesh,1457.0,1457.0,400.19,36.0,2020-04-01,2026-10-01,2027-03-01,5,0.0,1,0,0,1,0,2026-09-30
PRJ-0776,Central Sector,Infrastructure,RVNL - II,Uttarakhand,38953.0,38953.0,28286.15,74.0,2016-11-01,2025-12-01,2028-12-01,36,0.0,1,0,0,1,1,2026-09-30
PRJ-0777,Central Sector,Infrastructure,Eastern Railway [ER] - I,West Bengal,1000.0,1000.0,1065.08,74.5,2015-07-01,2027-02-01,2028-03-01,13,0.0,1,0,0,1,1,2026-09-30
PRJ-0778,Central Sector,Infrastructure,Eastern Railway [ER] - I,West Bengal,1189.0,1542.0,1390.59,96.9,2001-03-01,2019-03-01,2026-02-01,83,29.69,1,1,1,1,1,2026-09-30
PRJ-0779,Central Sector,Infrastructure,RVNL - II,West Bengal,8964.0,8964.0,8621.5,86.6,2010-03-01,2025-12-01,2027-12-01,24,0.0,1,0,0,1,1,2026-09-30
PRJ-0780,Central Sector,Infrastructure,Northeast Frontier Railway [NFR],West Bengal,1209.0,1181.57,491.05,16.0,2010-12-01,2027-03-01,2027-03-01,0,-2.27,0,0,0,0,0,2026-09-30
PRJ-0781,Central Sector,Infrastructure,South Eastern Railway - JH,West Bengal,226.87,226.87,86.69,50.0,2024-03-01,2026-10-01,2026-10-01,0,0.0,0,0,0,0,0,2026-09-30
PRJ-0782,Central Sector,Infrastructure,RVNL - II,West Bengal,4835.0,10362.0,4932.47,51.0,2010-03-01,2026-12-01,2029-12-01,36,114.31,1,1,1,1,1,2026-09-30
PRJ-0783,Central Sector,Infrastructure,"Metro Railway, Kolkata",West Bengal,4830.0,4830.0,3258.95,32.0,2010-11-01,2026-08-01,2029-03-01,31,0.0,1,0,0,1,1,2026-09-30
PRJ-0784,Central Sector,Infrastructure,RVNL - II,West Bengal,2298.0,2734.0,393.02,17.0,2010-03-01,2026-12-01,2030-12-01,48,18.97,1,1,1,1,1,2026-09-30
PRJ-0785,Central Sector,Infrastructure,NHIDCL,Andaman & Nicobar,207.45,376.48,0.0,78.01,2018-02-01,2025-09-01,2026-05-01,8,81.48,1,1,1,1,1,2026-09-30
PRJ-0786,Central Sector,Infrastructure,NHIDCL,Andaman & Nicobar,183.56,333.12,0.0,47.28,2018-02-01,2025-10-01,2026-05-01,7,81.48,1,1,1,1,1,2026-09-30
PRJ-0787,Central Sector,Infrastructure,NHIDCL,Andaman & Nicobar,262.96,371.88,0.0,12.64,2015-03-01,2026-02-01,2026-12-01,10,41.42,1,1,1,1,1,2026-09-30
PRJ-0788,Central Sector,Infrastructure,MoRTH,Andhra Pradesh,436.09,436.09,221.22,100.0,2021-12-01,2024-09-01,2026-04-01,19,0.0,1,0,0,1,1,2026-09-30
PRJ-0789,Central Sector,Infrastructure,MoRTH,Andhra Pradesh,159.66,159.66,59.26,100.0,2023-03-01,2026-03-01,2026-03-01,0,0.0,0,0,0,0,0,2026-09-30
PRJ-0790,Central Sector,Infrastructure,MoRTH,Andhra Pradesh,317.22,317.22,0.0,73.46,2022-03-01,2025-05-01,2026-11-01,18,0.0,1,0,0,1,1,2026-09-30
PRJ-0791,Central Sector,Infrastructure,MoRTH,Andhra Pradesh,529.54,588.65,0.0,69.62,2020-03-01,2023-11-01,2027-05-01,42,11.16,1,1,1,1,1,2026-09-30
PRJ-0792,Central Sector,Infrastructure,MoRTH,Andhra Pradesh,292.63,292.63,0.0,82.57,2023-03-01,2026-12-01,2026-12-01,0,0.0,0,0,0,0,0,2026-09-30
PRJ-0793,Central Sector,Infrastructure,MoRTH,Andhra Pradesh,691.81,691.81,0.0,40.49,2024-10-01,2027-09-01,2027-09-01,0,0.0,0,0,0,0,0,2026-09-30
PRJ-0794,Central Sector,Infrastructure,MoRTH,Andhra Pradesh,776.17,644.14,0.0,20.94,2024-10-01,2027-07-01,2027-07-01,0,-17.01,0,0,0,0,0,2026-09-30
PRJ-0795,Central Sector,Infrastructure,MoRTH,Andhra Pradesh,242.0,242.0,78.49,95.94,2023-03-01,2025-11-01,2025-11-01,0,0.0,0,0,0,0,0,2026-09-30
PRJ-0796,Central Sector,Infrastructure,MoRTH,Andhra Pradesh,290.15,290.15,140.23,91.9,2016-11-01,2019-05-01,2026-10-01,89,0.0,1,0,0,1,1,2026-09-30
PRJ-0797,Central Sector,Infrastructure,MoRTH,Andhra Pradesh,1318.59,909.19,341.52,79.5,2022-10-01,2025-11-01,2026-06-01,7,-31.05,1,0,0,1,1,2026-09-30
PRJ-0798,Central Sector,Infrastructure,MoRTH,Andhra Pradesh,439.82,359.52,178.83,82.0,2021-12-01,2024-05-01,2026-06-01,25,-18.26,1,0,0,1,1,2026-09-30
PRJ-0799,Central Sector,Infrastructure,MoRTH,Andhra Pradesh,808.7,808.7,0.0,18.72,2024-10-01,2027-08-01,2027-08-01,0,0.0,0,0,0,0,0,2026-09-30
PRJ-0800,Central Sector,Infrastructure,MoRTH,Andhra Pradesh,1019.97,1019.97,0.0,20.63,2024-10-01,2027-08-01,2027-08-01,0,0.0,0,0,0,0,0,2026-09-30
PRJ-0801,Central Sector,Infrastructure,MoRTH,Andhra Pradesh,244.83,244.83,0.0,99.64,2022-12-01,2025-09-01,2026-01-01,4,0.0,1,0,0,1,0,2026-09-30
PRJ-0802,Central Sector,Infrastructure,MoRTH,Andhra Pradesh,881.61,881.61,0.0,36.82,2024-10-01,2027-04-01,2027-04-01,0,0.0,0,0,0,0,0,2026-09-30
PRJ-0803,Central Sector,Infrastructure,MoRTH,Andhra Pradesh,279.29,279.29,155.02,88.25,2022-03-01,2026-04-01,2026-06-01,2,0.0,1,0,0,1,0,2026-09-30
PRJ-0804,Central Sector,Infrastructure,MoRTH,Andhra Pradesh,228.32,228.32,44.45,100.0,2018-03-01,2020-03-01,2025-10-01,67,0.0,1,0,0,1,1,2026-09-30
PRJ-0805,Central Sector,Infrastructure,MoRTH,Andhra Pradesh,568.12,568.12,303.13,98.63,2022-03-01,2025-01-01,2026-04-01,15,0.0,1,0,0,1,1,2026-09-30
PRJ-0806,Central Sector,Infrastructure,MoRTH,Andhra Pradesh,839.98,839.98,355.56,99.45,2022-03-01,2025-12-01,2026-04-01,4,0.0,1,0,0,1,0,2026-09-30
PRJ-0807,Central Sector,Infrastructure,MoRTH,Andhra Pradesh,403.22,403.22,227.13,99.06,2022-01-01,2025-01-01,2026-03-01,14,0.0,1,0,0,1,1,2026-09-30
PRJ-0808,Central Sector,Infrastructure,MoRTH,Andhra Pradesh,423.67,423.67,0.0,94.65,2021-03-01,2024-07-01,2026-04-01,21,0.0,1,0,0,1,1,2026-09-30
PRJ-0809,Central Sector,Infrastructure,MoRTH,Andhra Pradesh,368.63,368.63,37.37,22.55,2024-01-01,2026-12-01,2026-12-01,0,0.0,0,0,0,0,0,2026-09-30
PRJ-0810,Central Sector,Infrastructure,MoRTH,Andhra Pradesh,294.13,285.29,312.39,98.52,2018-03-01,2020-02-01,2025-09-01,67,-3.01,1,0,0,1,1,2026-09-30
PRJ-0811,Central Sector,Infrastructure,MoRTH,Andhra Pradesh,316.06,288.76,220.75,100.0,2016-02-01,2018-05-01,2023-11-01,66,-8.64,1,0,0,1,1,2026-09-30
PRJ-0812,Central Sector,Infrastructure,MoRTH,Andhra Pradesh,263.45,263.45,151.56,98.4,2017-03-01,2019-09-01,2025-09-01,72,0.0,1,0,0,1,1,2026-09-30
PRJ-0813,Central Sector,Infrastructure,MoRTH,Andhra Pradesh,350.61,432.91,233.92,98.2,2016-08-01,2018-07-01,2026-07-01,96,23.47,1,1,1,1,1,2026-09-30
PRJ-0814,Central Sector,Infrastructure,MoRTH,Andhra Pradesh,445.22,459.37,0.0,98.6,2016-03-01,2018-09-01,2025-07-01,82,3.18,1,1,1,1,1,2026-09-30
PRJ-0815,Central Sector,Infrastructure,MoRTH,Andhra Pradesh,244.43,244.43,11.67,13.0,2023-03-01,2026-07-01,2026-12-01,5,0.0,1,0,0,1,0,2026-09-30
PRJ-0816,Central Sector,Infrastructure,MoRTH,Andhra Pradesh,361.24,358.05,109.5,43.22,2020-04-01,2025-11-01,2026-11-01,12,-0.88,1,0,0,1,1,2026-09-30
PRJ-0817,Central Sector,Infrastructure,MoRTH,Andhra Pradesh,311.22,311.22,195.13,91.25,2020-08-01,2024-10-01,2026-05-01,19,0.0,1,0,0,1,1,2026-09-30
PRJ-0818,Central Sector,Infrastructure,MoRTH,Andhra Pradesh,349.29,349.29,242.02,100.0,2020-08-01,2024-07-01,2026-03-01,20,0.0,1,0,0,1,1,2026-09-30
PRJ-0819,Central Sector,Infrastructure,MoRTH,Andhra Pradesh,296.66,289.11,237.52,91.5,2020-08-01,2023-09-01,2024-04-01,7,-2.55,1,0,0,1,1,2026-09-30
PRJ-0820,Central Sector,Infrastructure,MoRTH,Andhra Pradesh,222.61,222.61,122.52,100.0,2020-08-01,2023-03-01,2024-03-01,12,0.0,1,0,0,1,1,2026-09-30
PRJ-0821,Central Sector,Infrastructure,NHIDCL,Andhra Pradesh,6808.69,6808.69,3214.27,66.05,2018-01-01,2026-09-01,2028-02-01,17,0.0,1,0,0,1,1,2026-09-30
PRJ-0822,Central Sector,Infrastructure,National Highways Authority of India [NHAI],Andhra Pradesh,2548.04,2548.04,1226.85,92.14,2021-02-01,2025-06-01,2026-09-01,15,0.0,1,0,0,1,1,2026-09-30
PRJ-0823,Central Sector,Infrastructure,National Highways Authority of India [NHAI],Andhra Pradesh,1407.33,1407.33,689.49,99.46,2020-11-01,2024-10-01,2026-05-01,19,0.0,1,0,0,1,1,2026-09-30
PRJ-0824,Central Sector,Infrastructure,National Highways Authority of India [NHAI],Andhra Pradesh,257.98,192.85,46.41,34.5,2024-07-01,2027-03-01,2027-03-01,0,-25.25,0,0,0,0,0,2026-09-30
PRJ-0825,Central Sector,Infrastructure,National Highways Authority of India [NHAI],Andhra Pradesh,326.61,223.29,13.18,8.8,2025-03-01,2027-10-01,2027-10-01,0,-31.63,0,0,0,0,0,2026-09-30
PRJ-0826,Central Sector,Infrastructure,National Highways Authority of India [NHAI],Andhra Pradesh,665.59,665.59,512.09,95.73,2018-10-01,2021-07-01,2026-05-01,58,0.0,1,0,0,1,1,2026-09-30
PRJ-0827,Central Sector,Infrastructure,National Highways Authority of India [NHAI],Andhra Pradesh,1194.57,1757.82,853.14,99.92,2020-01-01,2024-01-01,2026-05-01,28,47.15,1,1,1,1,1,2026-09-30
PRJ-0828,Central Sector,Infrastructure,National Highways Authority of India [NHAI],Andhra Pradesh,2527.0,2957.25,994.53,100.0,2018-01-01,2021-07-01,2026-05-01,58,17.03,1,1,1,1,1,2026-09-30
PRJ-0829,Central Sector,Infrastructure,National Highways Authority of India [NHAI],Andhra Pradesh,416.07,444.58,110.65,98.47,2017-11-01,2019-06-01,2026-05-01,83,6.85,1,1,1,1,1,2026-09-30
PRJ-0830,Central Sector,Infrastructure,National Highways Authority of India [NHAI],Andhra Pradesh,1732.66,1732.66,0.03,0.0,2022-12-01,2028-03-01,2028-03-01,0,0.0,0,0,0,0,0,2026-09-30
PRJ-0831,Central Sector,Infrastructure,National Highways Authority of India [NHAI],Andhra Pradesh,1112.7,1127.63,822.68,99.26,2021-02-01,2024-02-01,2026-07-01,29,1.34,1,1,1,1,1,2026-09-30
PRJ-0832,Central Sector,Infrastructure,National Highways Authority of India [NHAI],Andhra Pradesh,1863.09,2510.14,1488.04,98.6,2020-03-01,2024-01-01,2026-05-01,28,34.73,1,1,1,1,1,2026-09-30
PRJ-0833,Central Sector,Infrastructure,National Highways Authority of India [NHAI],Andhra Pradesh,912.94,798.25,333.15,85.01,2023-01-01,2026-02-01,2026-12-01,10,-12.56,1,0,0,1,1,2026-09-30
PRJ-0834,Central Sector,Infrastructure,National Highways Authority of India [NHAI],Andhra Pradesh,1200.42,1019.69,218.52,38.41,2023-02-01,2026-02-01,2027-04-01,14,-15.06,1,0,0,1,1,2026-09-30
PRJ-0835,Central Sector,Infrastructure,National Highways Authority of India [NHAI],Andhra Pradesh,1253.26,1095.78,339.28,62.02,2022-02-01,2026-02-01,2026-12-01,10,-12.57,1,0,0,1,1,2026-09-30
PRJ-0836,Central Sector,Infrastructure,National Highways Authority of India [NHAI],Andhra Pradesh,1058.9,946.1,377.77,73.93,2023-01-01,2026-02-01,2027-02-01,12,-10.65,1,0,0,1,1,2026-09-30
PRJ-0837,Central Sector,Infrastructure,National Highways Authority of India [NHAI],Andhra Pradesh,992.91,888.07,319.82,73.1,2022-12-01,2026-03-01,2026-12-01,9,-10.56,1,0,0,1,1,2026-09-30
PRJ-0838,Central Sector,Infrastructure,National Highways Authority of India [NHAI],Andhra Pradesh,750.81,626.91,226.46,82.18,2023-01-01,2026-03-01,2026-11-01,8,-16.5,1,0,0,1,1,2026-09-30
PRJ-0839,Central Sector,Infrastructure,National Highways Authority of India [NHAI],Andhra Pradesh,1092.18,956.4,178.93,36.0,2023-02-01,2027-02-01,2027-04-01,2,-12.43,1,0,0,1,0,2026-09-30
PRJ-0840,Central Sector,Infrastructure,National Highways Authority of India [NHAI],Andhra Pradesh,909.02,751.81,257.58,56.01,2023-02-01,2026-02-01,2027-01-01,11,-17.29,1,0,0,1,1,2026-09-30
PRJ-0841,Central Sector,Infrastructure,National Highways Authority of India [NHAI],Andhra Pradesh,987.1,848.06,297.0,65.77,2023-02-01,2026-03-01,2027-02-01,11,-14.09,1,0,0,1,1,2026-09-30
PRJ-0842,Central Sector,Infrastructure,National Highways Authority of India [NHAI],Andhra Pradesh,1292.65,1110.33,319.82,58.42,2023-02-01,2026-02-01,2027-01-01,11,-14.1,1,0,0,1,1,2026-09-30
PRJ-0843,Central Sector,Infrastructure,National Highways Authority of India [NHAI],Andhra Pradesh,569.37,752.02,355.88,100.0,2020-11-01,2024-09-01,2025-05-01,8,32.08,1,1,1,1,1,2026-09-30
PRJ-0844,Central Sector,Infrastructure,National Highways Authority of India [NHAI],Andhra Pradesh,711.94,926.48,422.97,99.66,2020-12-01,2024-09-01,2026-06-01,21,30.13,1,1,1,1,1,2026-09-30
PRJ-0845,Central Sector,Infrastructure,National Highways Authority of India [NHAI],Andhra Pradesh,1063.57,1103.87,502.6,90.4,2022-05-01,2025-09-01,2026-05-01,8,3.79,1,1,1,1,1,2026-09-30
PRJ-0846,Central Sector,Infrastructure,National Highways Authority of India [NHAI],Andhra Pradesh,1877.47,592.85,246.22,98.84,2022-03-01,2025-11-01,2026-06-01,7,-68.42,1,0,0,1,1,2026-09-30
PRJ-0847,Central Sector,Infrastructure,National Highways Authority of India [NHAI],Andhra Pradesh,1877.47,1994.1,1145.97,94.9,2022-02-01,2025-01-01,2026-06-01,17,6.21,1,1,1,1,1,2026-09-30
PRJ-0848,Central Sector,Infrastructure,National Highways Authority of India [NHAI],Andhra Pradesh,645.63,750.2,595.09,90.5,2022-09-01,2025-08-01,2026-05-01,9,16.2,1,1,1,1,1,2026-09-30
PRJ-0849,Central Sector,Infrastructure,National Highways Authority of India [NHAI],Andhra Pradesh,348.72,341.36,184.68,77.93,2018-03-01,2020-12-01,2026-08-01,68,-2.11,1,0,0,1,1,2026-09-30
PRJ-0850,Central Sector,Infrastructure,National Highways Authority of India [NHAI],Andhra Pradesh,977.33,977.33,64.7,4.0,2024-12-01,2028-02-01,2028-02-01,0,0.0,0,0,0,0,0,2026-09-30
PRJ-0851,Central Sector,Infrastructure,National Highways Authority of India [NHAI],Andhra Pradesh,685.99,680.21,460.16,79.0,2023-01-01,2026-02-01,2026-06-01,4,-0.84,1,0,0,1,0,2026-09-30
PRJ-0852,Central Sector,Infrastructure,National Highways Authority of India [NHAI],Andhra Pradesh,609.43,559.98,505.16,78.62,2022-08-01,2025-09-01,2026-06-01,9,-8.11,1,0,0,1,1,2026-09-30
PRJ-0853,Central Sector,Infrastructure,National Highways Authority of India [NHAI],Andhra Pradesh,907.76,905.98,448.53,91.4,2022-10-01,2025-07-01,2026-05-01,10,-0.2,1,0,0,1,1,2026-09-30
PRJ-0854,Central Sector,Infrastructure,National Highways Authority of India [NHAI],Andhra Pradesh,1097.57,1055.23,356.89,70.68,2022-10-01,2025-08-01,2026-07-01,11,-3.86,1,0,0,1,1,2026-09-30
PRJ-0855,Central Sector,Infrastructure,National Highways Authority of India [NHAI],Andhra Pradesh,887.28,913.03,374.39,99.94,2023-03-01,2025-11-01,2025-11-01,0,2.9,0,1,1,0,0,2026-09-30
PRJ-0856,Central Sector,Infrastructure,National Highways Authority of India [NHAI],Andhra Pradesh,1346.82,1260.37,171.16,34.98,2024-03-01,2026-12-01,2027-02-01,2,-6.42,1,0,0,1,0,2026-09-30
PRJ-0857,Central Sector,Infrastructure,National Highways Authority of India [NHAI],Andhra Pradesh,1581.24,1883.71,934.99,98.2,2020-01-01,2023-02-01,2026-05-01,39,19.13,1,1,1,1,1,2026-09-30
PRJ-0858,Central Sector,Infrastructure,National Highways Authority of India [NHAI],Andhra Pradesh,1500.11,1500.11,0.17,0.0,2022-12-01,2028-03-01,2028-03-01,0,0.0,0,0,0,0,0,2026-09-30
PRJ-0859,Central Sector,Infrastructure,National Highways Authority of India [NHAI],Andhra Pradesh,840.51,840.51,549.56,99.32,2021-02-01,2024-03-01,2026-05-01,26,0.0,1,0,0,1,1,2026-09-30
PRJ-0860,Central Sector,Infrastructure,National Highways Authority of India [NHAI],Andhra Pradesh,1012.57,1012.57,568.13,81.06,2021-02-01,2024-10-01,2026-12-01,26,0.0,1,0,0,1,1,2026-09-30
PRJ-0861,Central Sector,Infrastructure,National Highways Authority of India [NHAI],Andhra Pradesh,813.66,678.21,196.59,61.5,2023-02-01,2026-02-01,2026-12-01,10,-16.65,1,0,0,1,1,2026-09-30
PRJ-0862,Central Sector,Infrastructure,National Highways Authority of India [NHAI],Andhra Pradesh,747.29,626.83,227.96,69.6,2023-02-01,2026-02-01,2026-11-01,9,-16.12,1,0,0,1,1,2026-09-30
PRJ-0863,Central Sector,Infrastructure,National Highways Authority of India [NHAI],Andhra Pradesh,1103.9,943.66,197.36,43.16,2023-02-01,2026-02-01,2027-03-01,13,-14.52,1,0,0,1,1,2026-09-30
PRJ-0864,Central Sector,Infrastructure,National Highways Authority of India [NHAI],Andhra Pradesh,976.41,798.71,293.33,73.0,2023-02-01,2026-02-01,2026-09-01,7,-18.2,1,0,0,1,1,2026-09-30
PRJ-0865,Central Sector,Infrastructure,National Highways Authority of India [NHAI],Andhra Pradesh,1398.84,965.58,297.06,43.4,2022-08-01,2025-10-01,2027-02-01,16,-30.97,1,0,0,1,1,2026-09-30
PRJ-0866,Central Sector,Infrastructure,National Highways Authority of India [NHAI],Andhra Pradesh,864.2,844.39,305.43,50.17,2022-08-01,2025-12-01,2026-11-01,11,-2.29,1,0,0,1,1,2026-09-30
PRJ-0867,Central Sector,Infrastructure,National Highways Authority of India [NHAI],Andhra Pradesh,166.52,113.46,98.26,100.0,2022-10-01,2025-01-01,2026-01-01,12,-31.86,1,0,0,1,1,2026-09-30
PRJ-0868,Central Sector,Infrastructure,MoRTH,Arunachal Pradesh,450.65,450.65,308.61,96.61,2019-03-01,2023-11-01,2026-05-01,30,0.0,1,0,0,1,1,2026-09-30
PRJ-0869,Central Sector,Infrastructure,MoRTH,Arunachal Pradesh,496.47,496.47,165.43,51.37,2020-06-01,2024-12-01,2026-07-01,19,0.0,1,0,0,1,1,2026-09-30
PRJ-0870,Central Sector,Infrastructure,NHIDCL,Arunachal Pradesh,1418.67,1418.67,0.0,1.7,2024-02-01,2028-07-01,2028-07-01,0,0.0,0,0,0,0,0,2026-09-30
PRJ-0871,Central Sector,Infrastructure,NHIDCL,Arunachal Pradesh,1262.43,1262.43,233.81,16.75,2024-02-01,2028-02-01,2028-03-01,1,0.0,1,0,0,1,0,2026-09-30
PRJ-0872,Central Sector,Infrastructure,NHIDCL,Arunachal Pradesh,275.5,275.5,0.0,49.23,2024-02-01,2027-01-01,2027-01-01,0,0.0,0,0,0,0,0,2026-09-30
PRJ-0873,Central Sector,Infrastructure,NHIDCL,Arunachal Pradesh,625.61,625.61,0.0,21.37,2023-12-01,2027-11-01,2027-11-01,0,0.0,0,0,0,0,0,2026-09-30
PRJ-0874,Central Sector,Infrastructure,NHIDCL,Arunachal Pradesh,898.19,898.19,0.0,39.1,2024-01-01,2027-07-01,2027-07-01,0,0.0,0,0,0,0,0,2026-09-30
PRJ-0875,Central Sector,Infrastructure,NHIDCL,Arunachal Pradesh,228.72,228.72,0.0,99.52,2017-02-01,2022-04-01,2023-07-01,15,0.0,1,0,0,1,1,2026-09-30
PRJ-0876,Central Sector,Infrastructure,NHIDCL,Arunachal Pradesh,184.89,184.89,0.0,99.69,2017-02-01,2022-04-01,2026-04-01,48,0.0,1,0,0,1,1,2026-09-30
PRJ-0877,Central Sector,Infrastructure,NHIDCL,Arunachal Pradesh,1718.59,1718.59,178.83,82.04,2017-02-01,2022-03-01,2026-06-01,51,0.0,1,0,0,1,1,2026-09-30
PRJ-0878,Central Sector,Infrastructure,NHIDCL,Arunachal Pradesh,353.9,353.9,0.0,17.91,2020-08-01,2027-12-01,2027-12-01,0,0.0,0,0,0,0,0,2026-09-30
PRJ-0879,Central Sector,Infrastructure,NHIDCL,Arunachal Pradesh,316.73,316.73,0.0,0.0,2023-12-01,2028-02-01,2028-02-01,0,0.0,0,0,0,0,0,2026-09-30
PRJ-0880,Central Sector,Infrastructure,MoRTH,Assam,535.03,535.03,161.56,70.71,2022-03-01,2025-04-01,2026-12-01,20,0.0,1,0,0,1,1,2026-09-30
PRJ-0881,Central Sector,Infrastructure,MoRTH,Assam,421.15,421.15,0.0,17.9,2024-03-01,2026-10-01,2026-10-01,0,0.0,0,0,0,0,0,2026-09-30
PRJ-0882,Central Sector,Infrastructure,MoRTH,Assam,173.65,173.65,8.07,20.0,2023-03-01,2026-08-01,2026-08-01,0,0.0,0,0,0,0,0,2026-09-30
PRJ-0883,Central Sector,Infrastructure,MoRTH,Assam,382.1,382.1,25.58,0.0,2024-02-01,2027-03-01,2027-03-01,0,0.0,0,0,0,0,0,2026-09-30
PRJ-0884,Central Sector,Infrastructure,MoRTH,Assam,1019.17,1019.17,0.0,1.82,2025-03-01,2027-12-01,2027-12-01,0,0.0,0,0,0,0,0,2026-09-30
PRJ-0885,Central Sector,Infrastructure,NHIDCL,Assam,1264.9,1264.9,469.24,56.91,2023-03-01,2026-06-01,2027-03-01,9,0.0,1,0,0,1,1,2026-09-30
PRJ-0886,Central Sector,Infrastructure,NHIDCL,Assam,1000.27,1000.27,416.11,50.92,2023-03-01,2026-06-01,2027-03-01,9,0.0,1,0,0,1,1,2026-09-30
PRJ-0887,Central Sector,Infrastructure,NHIDCL,Assam,1457.59,1457.59,793.68,79.46,2023-03-01,2026-12-01,2026-12-01,0,0.0,0,0,0,0,0,2026-09-30
PRJ-0888,Central Sector,Infrastructure,NHIDCL,Assam,286.72,286.72,186.64,100.0,2021-03-01,2025-10-01,2026-01-01,3,0.0,1,0,0,1,0,2026-09-30
PRJ-0889,Central Sector,Infrastructure,NHIDCL,Assam,746.76,746.76,410.28,76.47,2021-09-01,2024-11-01,2026-12-01,25,0.0,1,0,0,1,1,2026-09-30
PRJ-0890,Central Sector,Infrastructure,NHIDCL,Assam,1338.61,1338.61,0.0,12.45,2023-11-01,2027-06-01,2027-06-01,0,0.0,0,0,0,0,0,2026-09-30
PRJ-0891,Central Sector,Infrastructure,NHIDCL,Assam,1081.15,1081.15,0.0,28.74,2024-02-01,2027-08-01,2027-08-01,0,0.0,0,0,0,0,0,2026-09-30
PRJ-0892,Central Sector,Infrastructure,NHIDCL,Assam,224.85,224.85,204.31,97.76,2020-03-01,2022-12-01,2026-03-01,39,0.0,1,0,0,1,1,2026-09-30
PRJ-0893,Central Sector,Infrastructure,NHIDCL,Assam,676.18,728.97,0.0,57.17,2023-03-01,2027-02-01,2027-02-01,0,7.81,0,1,1,0,0,2026-09-30
PRJ-0894,Central Sector,Infrastructure,NHIDCL,Assam,1319.55,1319.55,0.0,14.6,2024-02-01,2027-08-01,2027-08-01,0,0.0,0,0,0,0,0,2026-09-30
PRJ-0895,Central Sector,Infrastructure,NHIDCL,Assam,791.79,791.79,0.06,40.4,2024-02-01,2027-02-01,2027-02-01,0,0.0,0,0,0,0,0,2026-09-30
PRJ-0896,Central Sector,Infrastructure,NHIDCL,Assam,870.0,870.0,0.0,31.83,2024-03-01,2027-03-01,2027-03-01,0,0.0,0,0,0,0,0,2026-09-30
PRJ-0897,Central Sector,Infrastructure,NHIDCL,Assam,1258.13,1258.13,0.0,11.0,2024-02-01,2027-10-01,2027-10-01,0,0.0,0,0,0,0,0,2026-09-30
PRJ-0898,Central Sector,Infrastructure,NHIDCL,Assam,1181.55,1181.55,0.0,0.0,2024-03-01,2027-09-01,2027-09-01,0,0.0,0,0,0,0,0,2026-09-30
PRJ-0899,Central Sector,Infrastructure,NHIDCL,Assam,1716.21,1716.21,918.32,79.34,2023-03-01,2026-08-01,2026-08-01,0,0.0,0,0,0,0,0,2026-09-30
PRJ-0900,Central Sector,Infrastructure,NHIDCL,Assam,1256.9,1256.9,550.91,55.46,2023-02-01,2026-07-01,2026-07-01,0,0.0,0,0,0,0,0,2026-09-30
PRJ-0901,Central Sector,Infrastructure,NHIDCL,Assam,204.1,204.1,0.0,0.0,2021-11-01,2024-07-01,2025-12-01,17,0.0,1,0,0,1,1,2026-09-30
PRJ-0902,Central Sector,Infrastructure,NHIDCL,Assam,516.88,516.88,0.0,97.96,2023-01-01,2025-11-01,2026-05-01,6,0.0,1,0,0,1,0,2026-09-30
PRJ-0903,Central Sector,Infrastructure,NHIDCL,Assam,625.64,625.64,0.0,0.0,2021-09-01,2024-07-01,2025-03-01,8,0.0,1,0,0,1,1,2026-09-30
PRJ-0904,Central Sector,Infrastructure,NHIDCL,Assam,511.02,511.02,647.21,100.0,2018-03-01,2022-11-01,2025-09-01,34,0.0,1,0,0,1,1,2026-09-30
PRJ-0905,Central Sector,Infrastructure,NHIDCL,Assam,957.95,957.95,149.51,36.56,2024-01-01,2028-01-01,2028-01-01,0,0.0,0,0,0,0,0,2026-09-30
PRJ-0906,Central Sector,Infrastructure,NHIDCL,Assam,356.65,356.65,0.0,20.45,2023-01-01,2026-12-01,2026-12-01,0,0.0,0,0,0,0,0,2026-09-30
PRJ-0907,Central Sector,Infrastructure,NHIDCL,Assam,458.59,458.59,217.2,83.39,2023-01-01,2025-05-01,2026-07-01,14,0.0,1,0,0,1,1,2026-09-30
PRJ-0908,Central Sector,Infrastructure,NHIDCL,Assam,890.33,693.15,569.61,81.9,2023-03-01,2025-08-01,2026-06-01,10,-22.15,1,0,0,1,1,2026-09-30
PRJ-0909,Central Sector,Infrastructure,NHIDCL,Assam,860.37,614.43,528.46,87.5,2023-03-01,2025-08-01,2026-06-01,10,-28.59,1,0,0,1,1,2026-09-30
PRJ-0910,Central Sector,Infrastructure,NHIDCL,Assam,904.04,904.04,520.05,85.2,2023-03-01,2025-08-01,2026-06-01,10,0.0,1,0,0,1,1,2026-09-30
PRJ-0911,Central Sector,Infrastructure,NHIDCL,Assam,846.82,846.82,0.0,85.29,2023-12-01,2026-03-01,2026-06-01,3,0.0,1,0,0,1,0,2026-09-30
PRJ-0912,Central Sector,Infrastructure,NHIDCL,Assam,613.89,613.89,260.02,78.09,2022-03-01,2026-11-01,2026-11-01,0,0.0,0,0,0,0,0,2026-09-30
PRJ-0913,Central Sector,Infrastructure,NHIDCL,Assam,909.02,909.02,638.5,100.0,2022-03-01,2025-01-01,2025-06-01,5,0.0,1,0,0,1,0,2026-09-30
PRJ-0914,Central Sector,Infrastructure,NHIDCL,Assam,4997.04,4997.04,2808.4,74.36,2019-05-01,2028-09-01,2028-09-01,0,0.0,0,0,0,0,0,2026-09-30
PRJ-0915,Central Sector,Infrastructure,NHIDCL,Assam,386.51,386.51,352.16,97.13,2016-01-01,2020-04-01,2026-06-01,74,0.0,1,0,0,1,1,2026-09-30
PRJ-0916,Central Sector,Infrastructure,NHIDCL,Assam,599.0,599.0,405.02,100.0,2015-03-01,2019-06-01,2025-07-01,73,0.0,1,0,0,1,1,2026-09-30
PRJ-0917,Central Sector,Infrastructure,NHIDCL,Assam,274.34,274.34,90.6,100.0,2016-01-01,2025-03-01,2025-08-01,5,0.0,1,0,0,1,0,2026-09-30
PRJ-0918,Central Sector,Infrastructure,NHIDCL,Assam,385.57,385.57,145.89,100.0,2016-01-01,2024-07-01,2025-08-01,13,0.0,1,0,0,1,1,2026-09-30
PRJ-0919,Central Sector,Infrastructure,NHIDCL,Assam,478.3,478.3,0.0,96.79,2024-01-01,2024-08-01,2024-08-01,0,0.0,0,0,0,0,0,2026-09-30
PRJ-0920,Central Sector,Infrastructure,NHIDCL,Assam,187.09,100.22,0.0,0.0,2016-01-01,2025-10-01,2025-10-01,0,-46.43,0,0,0,0,0,2026-09-30
PRJ-0921,Central Sector,Infrastructure,NHIDCL,Assam,467.79,476.5,72.13,0.0,2016-01-01,2025-09-01,2025-09-01,0,1.86,0,1,1,0,0,2026-09-30
PRJ-0922,Central Sector,Infrastructure,NHIDCL,Assam,358.72,358.72,0.07,99.05,2024-01-01,2024-08-01,2024-08-01,0,0.0,0,0,0,0,0,2026-09-30
PRJ-0923,Central Sector,Infrastructure,NHIDCL,Assam,438.44,438.44,0.0,95.86,2024-01-01,2024-08-01,2024-08-01,0,0.0,0,0,0,0,0,2026-09-30
PRJ-0924,Central Sector,Infrastructure,NHIDCL,Assam,279.01,279.01,0.0,94.73,2024-01-01,2024-08-01,2024-08-01,0,0.0,0,0,0,0,0,2026-09-30
PRJ-0925,Central Sector,Infrastructure,NHIDCL,Assam,693.97,693.97,37.6,93.23,2020-02-01,2022-06-01,2024-09-01,27,0.0,1,0,0,1,1,2026-09-30
PRJ-0926,Central Sector,Infrastructure,NHIDCL,Assam,693.97,693.97,296.96,100.0,2020-02-01,2022-04-01,2024-09-01,29,0.0,1,0,0,1,1,2026-09-30
PRJ-0927,Central Sector,Infrastructure,National Highways Authority of India [NHAI],Assam,280.75,255.53,211.79,99.04,2022-03-01,2024-06-01,2024-06-01,0,-8.98,0,0,0,0,0,2026-09-30
PRJ-0928,Central Sector,Infrastructure,National Highways Authority of India [NHAI],Assam,5729.47,5729.47,3.15,0.0,2024-08-01,2030-01-01,2030-01-01,0,0.0,0,0,0,0,0,2026-09-30
PRJ-0929,Central Sector,Infrastructure,National Highways Authority of India [NHAI],Assam,1200.14,1200.14,0.0,52.0,2017-12-01,2023-06-01,2027-07-01,49,0.0,1,0,0,1,1,2026-09-30
PRJ-0930,Central Sector,Infrastructure,NHIDCL,Assam,508.76,542.87,58.12,47.34,2014-10-01,2026-01-01,2026-01-01,0,6.7,0,1,1,0,0,2026-09-30
PRJ-0931,Central Sector,Infrastructure,NHIDCL,Assam,574.26,574.26,316.32,71.09,2023-02-01,2026-08-01,2026-08-01,0,0.0,0,0,0,0,0,2026-09-30
PRJ-0932,Central Sector,Infrastructure,NHIDCL,Assam,344.71,619.7,46.37,62.9,2014-10-01,2025-09-01,2025-09-01,0,79.77,0,1,1,0,1,2026-09-30
PRJ-0933,Central Sector,Infrastructure,NHAI,Assam,1909.98,2745.74,1307.33,93.08,2022-03-01,2026-01-01,2026-06-01,5,43.76,1,1,1,1,1,2026-09-30
PRJ-0934,Central Sector,Infrastructure,MoRTH,Bihar,295.24,295.24,33.07,81.7,2022-03-01,2025-07-01,2026-06-01,11,0.0,1,0,0,1,1,2026-09-30
PRJ-0935,Central Sector,Infrastructure,MoRTH,Bihar,566.1,566.1,251.12,95.0,2021-03-01,2024-11-01,2026-07-01,20,0.0,1,0,0,1,1,2026-09-30
PRJ-0936,Central Sector,Infrastructure,MoRTH,Bihar,477.54,477.54,311.39,95.66,2021-03-01,2025-01-01,2025-01-01,0,0.0,0,0,0,0,0,2026-09-30
PRJ-0937,Central Sector,Infrastructure,MoRTH,Bihar,1408.85,2138.16,0.0,97.0,2014-01-01,2019-11-01,2026-07-01,80,51.77,1,1,1,1,1,2026-09-30
PRJ-0938,Central Sector,Infrastructure,MoRTH,Bihar,780.77,961.33,0.04,99.74,2014-01-01,2019-10-01,2026-05-01,79,23.13,1,1,1,1,1,2026-09-30
PRJ-0939,Central Sector,Infrastructure,MoRTH,Bihar,201.08,201.08,0.01,58.0,2023-03-01,2026-07-01,2026-07-01,0,0.0,0,0,0,0,0,2026-09-30
PRJ-0940,Central Sector,Infrastructure,MoRTH,Bihar,179.86,179.86,0.0,0.05,2022-02-01,2026-07-01,2027-04-01,9,0.0,1,0,0,1,1,2026-09-30
PRJ-0941,Central Sector,Infrastructure,MoRTH,Bihar,178.85,278.53,0.0,98.65,2016-02-01,2018-05-01,2026-06-01,97,55.73,1,1,1,1,1,2026-09-30
PRJ-0942,Central Sector,Infrastructure,MoRTH,Bihar,369.77,503.28,0.0,98.78,2016-02-01,2018-12-01,2026-06-01,90,36.11,1,1,1,1,1,2026-09-30
PRJ-0943,Central Sector,Infrastructure,MoRTH,Bihar,553.3,706.39,0.0,99.0,2016-02-01,2018-11-01,2026-06-01,91,27.67,1,1,1,1,1,2026-09-30
PRJ-0944,Central Sector,Infrastructure,MoRTH,Bihar,226.16,226.16,0.0,44.0,2024-02-01,2026-02-01,2026-12-01,10,0.0,1,0,0,1,1,2026-09-30
PRJ-0945,Central Sector,Infrastructure,MoRTH,Bihar,624.43,624.43,153.21,91.0,2022-02-01,2024-11-01,2026-06-01,19,0.0,1,0,0,1,1,2026-09-30
PRJ-0946,Central Sector,Infrastructure,MoRTH,Bihar,353.27,353.27,0.0,3.1,2022-01-01,2026-03-01,2026-03-01,0,0.0,0,0,0,0,0,2026-09-30
PRJ-0947,Central Sector,Infrastructure,MoRTH,Bihar,1060.16,1060.16,0.0,0.0,2022-09-01,2028-01-01,2028-01-01,0,0.0,0,0,0,0,0,2026-09-30
PRJ-0948,Central Sector,Infrastructure,MoRTH,Bihar,427.29,427.29,178.43,93.0,2022-02-01,2024-12-01,2026-07-01,19,0.0,1,0,0,1,1,2026-09-30
PRJ-0949,Central Sector,Infrastructure,MoRTH,Bihar,479.37,479.37,0.0,58.0,2022-11-01,2026-12-01,2026-12-01,0,0.0,0,0,0,0,0,2026-09-30
PRJ-0950,Central Sector,Infrastructure,MoRTH,Bihar,495.16,495.16,0.0,33.0,2022-01-01,2026-04-01,2027-04-01,12,0.0,1,0,0,1,1,2026-09-30
PRJ-0951,Central Sector,Infrastructure,MoRTH,Bihar,2926.42,2926.42,0.0,72.51,2019-02-01,2024-09-01,2027-06-01,33,0.0,1,0,0,1,1,2026-09-30
PRJ-0952,Central Sector,Infrastructure,MoRTH,Bihar,1478.4,1478.4,823.93,94.2,2018-09-01,2024-06-01,2027-02-01,32,0.0,1,0,0,1,1,2026-09-30
PRJ-0953,Central Sector,Infrastructure,MoRTH,Bihar,1110.23,1110.23,0.0,49.78,2020-07-01,2027-05-01,2027-05-01,0,0.0,0,0,0,0,0,2026-09-30
PRJ-0954,Central Sector,Infrastructure,MoRTH,Bihar,3064.45,3064.45,0.0,10.69,2024-01-01,2027-11-01,2028-12-01,13,0.0,1,0,0,1,1,2026-09-30
PRJ-0955,Central Sector,Infrastructure,MoRTH,Bihar,1661.25,1661.25,0.0,5.52,2023-03-01,2028-03-01,2028-03-01,0,0.0,0,0,0,0,0,2026-09-30
PRJ-0956,Central Sector,Infrastructure,National Highways Authority of India [NHAI],Bihar,210.05,358.3,116.29,64.05,2021-11-01,2024-01-01,2026-12-01,35,70.58,1,1,1,1,1,2026-09-30
PRJ-0957,Central Sector,Infrastructure,National Highways Authority of India [NHAI],Bihar,325.57,248.92,225.44,99.78,2021-10-01,2024-08-01,2026-04-01,20,-23.54,1,0,0,1,1,2026-09-30
PRJ-0958,Central Sector,Infrastructure,National Highways Authority of India [NHAI],Bihar,227.25,321.23,224.1,80.46,2022-04-01,2025-12-01,2026-07-01,7,41.36,1,1,1,1,1,2026-09-30
PRJ-0959,Central Sector,Infrastructure,National Highways Authority of India [NHAI],Bihar,1282.97,1282.97,599.36,100.0,2021-01-01,2024-01-01,2024-01-01,0,0.0,0,0,0,0,0,2026-09-30
PRJ-0960,Central Sector,Infrastructure,National Highways Authority of India [NHAI],Bihar,1358.77,1358.77,713.95,100.0,2021-01-01,2024-01-01,2024-05-01,4,0.0,1,0,0,1,0,2026-09-30
PRJ-0961,Central Sector,Infrastructure,National Highways Authority of India [NHAI],Bihar,1915.99,1920.21,64.59,10.38,2023-03-01,2027-09-01,2027-09-01,0,0.22,0,1,1,0,0,2026-09-30
PRJ-0962,Central Sector,Infrastructure,National Highways Authority of India [NHAI],Bihar,1240.93,1341.52,103.25,14.08,2023-03-01,2027-10-01,2027-10-01,0,8.11,0,1,1,0,0,2026-09-30
PRJ-0963,Central Sector,Infrastructure,National Highways Authority of India [NHAI],Bihar,1576.94,1711.44,123.3,16.0,2023-03-01,2027-10-01,2027-10-01,0,8.53,0,1,1,0,0,2026-09-30
PRJ-0964,Central Sector,Infrastructure,National Highways Authority of India [NHAI],Bihar,6291.69,3351.62,581.87,19.02,2022-09-01,2027-09-01,2029-03-01,18,-46.73,1,0,0,1,1,2026-09-30
PRJ-0965,Central Sector,Infrastructure,National Highways Authority of India [NHAI],Bihar,1390.92,1427.43,341.86,45.35,2022-02-01,2025-03-01,2026-09-01,18,2.62,1,1,1,1,1,2026-09-30
PRJ-0966,Central Sector,Infrastructure,National Highways Authority of India [NHAI],Bihar,1494.31,1546.07,264.72,43.6,2022-02-01,2025-07-01,2027-06-01,23,3.46,1,1,1,1,1,2026-09-30
PRJ-0967,Central Sector,Infrastructure,NHAI,Bihar,1857.58,1969.3,416.74,32.17,2022-03-01,2025-02-01,2027-06-01,28,6.01,1,1,1,1,1,2026-09-30
PRJ-0968,Central Sector,Infrastructure,National Highways Authority of India [NHAI],Bihar,1113.46,1113.46,1.31,0.0,2025-01-01,2028-04-01,2028-04-01,0,0.0,0,0,0,0,0,2026-09-30
PRJ-0969,Central Sector,Infrastructure,National Highways Authority of India [NHAI],Bihar,984.63,827.51,798.12,100.0,2020-08-01,2023-07-01,2025-11-01,28,-15.96,1,0,0,1,1,2026-09-30
PRJ-0970,Central Sector,Infrastructure,National Highways Authority of India [NHAI],Bihar,226.32,226.32,1.94,15.93,2025-03-01,2027-04-01,2027-04-01,0,0.0,0,0,0,0,0,2026-09-30
PRJ-0971,Central Sector,Infrastructure,NHAI,Bihar,1505.0,349.96,305.59,96.5,2022-09-01,2024-07-01,2026-05-01,22,-76.75,1,0,0,1,1,2026-09-30
PRJ-0972,Central Sector,Infrastructure,National Highways Authority of India [NHAI],Bihar,1422.37,1537.99,273.52,41.0,2023-03-01,2027-04-01,2027-09-01,5,8.13,1,1,1,1,0,2026-09-30
PRJ-0973,Central Sector,Infrastructure,National Highways Authority of India [NHAI],Bihar,1538.76,1538.76,95.18,17.16,2024-10-01,2027-12-01,2027-12-01,0,0.0,0,0,0,0,0,2026-09-30
PRJ-0974,Central Sector,Infrastructure,National Highways Authority of India [NHAI],Bihar,1309.47,2107.68,812.81,100.0,2017-01-01,2022-02-01,2026-04-01,50,60.96,1,1,1,1,1,2026-09-30
PRJ-0975,Central Sector,Infrastructure,National Highways Authority of India [NHAI],Bihar,664.02,891.64,351.77,97.67,2015-12-01,2019-04-01,2026-07-01,87,34.28,1,1,1,1,1,2026-09-30
PRJ-0976,Central Sector,Infrastructure,National Highways Authority of India [NHAI],Bihar,491.04,348.38,342.96,93.88,2021-10-01,2024-12-01,2026-06-01,18,-29.05,1,0,0,1,1,2026-09-30
PRJ-0977,Central Sector,Infrastructure,National Highways Authority of India [NHAI],Bihar,897.45,1397.47,897.09,97.85,2020-09-01,2023-07-01,2026-05-01,34,55.72,1,1,1,1,1,2026-09-30
PRJ-0978,Central Sector,Infrastructure,National Highways Authority of India [NHAI],Bihar,2156.22,3046.61,1668.28,99.14,2020-09-01,2024-06-01,2026-05-01,23,41.29,1,1,1,1,1,2026-09-30
PRJ-0979,Central Sector,Infrastructure,National Highways Authority of India [NHAI],Bihar,662.44,1311.22,933.08,85.25,2017-02-01,2021-12-01,2026-09-01,57,97.94,1,1,1,1,1,2026-09-30
PRJ-0980,Central Sector,Infrastructure,National Highways Authority of India [NHAI],Bihar,1028.28,1244.09,831.69,91.03,2017-03-01,2020-12-01,2026-09-01,69,20.99,1,1,1,1,1,2026-09-30
PRJ-0981,Central Sector,Infrastructure,National Highways Authority of India [NHAI],Bihar,2127.86,2171.6,98.07,89.81,2010-07-01,2013-07-01,2026-04-01,153,2.06,1,1,1,1,1,2026-09-30
PRJ-0982,Central Sector,Infrastructure,National Highways Authority of India [NHAI],Bihar,470.5,528.48,243.02,68.87,2024-02-01,2026-08-01,2026-08-01,0,12.32,0,1,1,0,0,2026-09-30
PRJ-0983,Central Sector,Infrastructure,National Highways Authority of India [NHAI],Bihar,4432.97,2625.4,1371.21,54.99,2022-10-01,2026-09-01,2027-08-01,11,-40.78,1,0,0,1,1,2026-09-30
PRJ-0984,Central Sector,Infrastructure,National Highways Authority of India [NHAI],Bihar,1637.29,777.2,728.91,89.01,2019-09-01,2022-11-01,2025-05-01,30,-52.53,1,0,0,1,1,2026-09-30
PRJ-0985,Central Sector,Infrastructure,National Highways Authority of India [NHAI],Bihar,1077.46,799.7,774.78,92.0,2019-09-01,2022-11-01,2025-05-01,30,-25.78,1,0,0,1,1,2026-09-30
PRJ-0986,Central Sector,Infrastructure,National Highways Authority of India [NHAI],Bihar,488.24,419.66,82.7,80.83,2023-07-01,2025-08-01,2026-06-01,10,-14.05,1,0,0,1,1,2026-09-30
PRJ-0987,Central Sector,Infrastructure,National Highways Authority of India [NHAI],Bihar,1431.36,1927.04,190.58,10.07,2022-08-01,2026-11-01,2028-11-01,24,34.63,1,1,1,1,1,2026-09-30
PRJ-0988,Central Sector,Infrastructure,NHAI,Bihar,1199.58,1223.94,1120.87,89.23,2019-02-01,2023-08-01,2027-03-01,43,2.03,1,1,1,1,1,2026-09-30
PRJ-0989,Central Sector,Infrastructure,NHAI,Bihar,1473.2,1703.02,586.95,16.41,2022-08-01,2027-07-01,2027-07-01,0,15.6,0,1,1,0,1,2026-09-30
PRJ-0990,Central Sector,Infrastructure,NHAI,Bihar,638.29,1067.51,622.86,99.66,2018-01-01,2021-11-01,2026-05-01,54,67.25,1,1,1,1,1,2026-09-30
PRJ-0991,Central Sector,Infrastructure,NHAI,Bihar,498.97,380.3,43.95,20.42,2024-02-01,2027-04-01,2027-04-01,0,-23.78,0,0,0,0,0,2026-09-30
PRJ-0992,Central Sector,Infrastructure,NHAI,Bihar,2185.75,2118.46,373.63,24.67,2022-03-01,2026-03-01,2027-08-01,17,-3.08,1,0,0,1,1,2026-09-30
PRJ-0993,Central Sector,Infrastructure,National Highways Authority of India [NHAI],Bihar,610.78,628.65,328.56,99.5,2022-06-01,2026-01-01,2026-05-01,4,2.93,1,1,1,1,0,2026-09-30
PRJ-0994,Central Sector,Infrastructure,National Highways Authority of India [NHAI],Bihar,1182.94,1898.84,843.24,99.95,2015-12-01,2019-12-01,2026-05-01,77,60.52,1,1,1,1,1,2026-09-30
PRJ-0995,Central Sector,Infrastructure,NHAI,Bihar,768.35,968.42,410.55,99.4,2022-10-01,2025-12-01,2026-05-01,5,26.04,1,1,1,1,1,2026-09-30
PRJ-0996,Central Sector,Infrastructure,NHAI,Bihar,1659.81,1696.66,506.33,78.09,2021-01-01,2024-03-01,2026-06-01,27,2.22,1,1,1,1,1,2026-09-30
PRJ-0997,Central Sector,Infrastructure,NHAI,Bihar,537.88,633.91,200.58,99.99,2013-07-01,2021-05-01,2026-06-01,61,17.85,1,1,1,1,1,2026-09-30
PRJ-0998,Central Sector,Infrastructure,NHAI,Bihar,1769.5,2024.59,574.08,75.04,2021-01-01,2024-04-01,2026-06-01,26,14.42,1,1,1,1,1,2026-09-30
PRJ-0999,Central Sector,Infrastructure,NHAI,Bihar,1020.84,1235.65,478.11,93.13,2021-02-01,2024-03-01,2026-06-01,27,21.04,1,1,1,1,1,2026-09-30
PRJ-1000,Central Sector,Infrastructure,NHAI,Bihar,2723.39,2906.78,26.74,99.45,2010-08-01,2013-02-01,2026-05-01,159,6.73,1,1,1,1,1,2026-09-30
PRJ-1001,Central Sector,Infrastructure,NHAI,Bihar,2290.72,2311.1,468.71,100.0,2011-05-01,2013-11-01,2026-06-01,151,0.89,1,1,1,1,1,2026-09-30
PRJ-1002,Central Sector,Infrastructure,MoRTH,Chhattisgarh,161.96,161.96,0.0,32.0,2024-01-01,2027-04-01,2027-04-01,0,0.0,0,0,0,0,0,2026-09-30
PRJ-1003,Central Sector,Infrastructure,MoRTH,Chhattisgarh,349.03,349.03,0.0,97.9,2018-03-01,2021-01-01,2025-08-01,55,0.0,1,0,0,1,1,2026-09-30
PRJ-1004,Central Sector,Infrastructure,MoRTH,Chhattisgarh,322.4,322.4,1.1,62.0,2022-12-01,2027-03-01,2027-03-01,0,0.0,0,0,0,0,0,2026-09-30
PRJ-1005,Central Sector,Infrastructure,MoRTH,Chhattisgarh,200.67,200.67,14.99,0.0,2022-12-01,2026-06-01,2026-06-01,0,0.0,0,0,0,0,0,2026-09-30
PRJ-1006,Central Sector,Infrastructure,MoRTH,Chhattisgarh,188.8,188.8,102.56,97.0,2017-11-01,2020-11-01,2026-02-01,63,0.0,1,0,0,1,1,2026-09-30
PRJ-1007,Central Sector,Infrastructure,MoRTH,Chhattisgarh,199.05,199.05,28.95,31.0,2022-03-01,2026-10-01,2026-10-01,0,0.0,0,0,0,0,0,2026-09-30
PRJ-1008,Central Sector,Infrastructure,MoRTH,Chhattisgarh,225.41,228.93,63.38,55.0,2022-03-01,2026-01-01,2026-12-01,11,1.56,1,1,1,1,1,2026-09-30
PRJ-1009,Central Sector,Infrastructure,MoRTH,Chhattisgarh,397.44,397.44,18.97,10.22,2022-03-01,2027-05-01,2027-05-01,0,0.0,0,0,0,0,0,2026-09-30
PRJ-1010,Central Sector,Infrastructure,MoRTH,Chhattisgarh,286.0,286.0,78.67,60.0,2022-03-01,2026-01-01,2026-12-01,11,0.0,1,0,0,1,1,2026-09-30
PRJ-1011,Central Sector,Infrastructure,MoRTH,Chhattisgarh,351.19,351.19,11.48,10.0,2022-03-01,2025-07-01,2026-12-01,17,0.0,1,0,0,1,1,2026-09-30
PRJ-1012,Central Sector,Infrastructure,MoRTH,Chhattisgarh,278.97,278.97,201.05,90.0,2020-03-01,2024-05-01,2024-05-01,0,0.0,0,0,0,0,0,2026-09-30
PRJ-1013,Central Sector,Infrastructure,MoRTH,Chhattisgarh,193.16,193.16,97.78,85.0,2020-12-01,2023-09-01,2026-02-01,29,0.0,1,0,0,1,1,2026-09-30
PRJ-1014,Central Sector,Infrastructure,National Highways Authority of India [NHAI],Chhattisgarh,1828.0,1656.73,690.27,69.87,2022-06-01,2025-07-01,2026-05-01,10,-9.37,1,0,0,1,1,2026-09-30
PRJ-1015,Central Sector,Infrastructure,National Highways Authority of India [NHAI],Chhattisgarh,1958.9,1561.97,583.62,68.7,2022-06-01,2025-05-01,2026-12-01,19,-20.26,1,0,0,1,1,2026-09-30
PRJ-1016,Central Sector,Infrastructure,National Highways Authority of India [NHAI],Chhattisgarh,1855.59,2523.86,1290.88,94.81,2020-04-01,2024-03-01,2026-07-01,28,36.01,1,1,1,1,1,2026-09-30
PRJ-1017,Central Sector,Infrastructure,National Highways Authority of India [NHAI],Chhattisgarh,2261.3,2860.36,939.34,72.77,2022-03-01,2026-08-01,2026-08-01,0,26.49,0,1,1,0,1,2026-09-30
PRJ-1018,Central Sector,Infrastructure,National Highways Authority of India [NHAI],Chhattisgarh,1368.19,1129.14,654.33,98.39,2021-11-01,2024-09-01,2027-01-01,28,-17.47,1,0,0,1,1,2026-09-30
PRJ-1019,Central Sector,Infrastructure,National Highways Authority of India [NHAI],Chhattisgarh,1470.73,1461.81,756.05,99.0,2021-12-01,2025-01-01,2026-05-01,16,-0.61,1,0,0,1,1,2026-09-30
PRJ-1020,Central Sector,Infrastructure,National Highways Authority of India [NHAI],Chhattisgarh,1307.16,1303.63,456.22,63.66,2022-03-01,2025-10-01,2027-03-01,17,-0.27,1,0,0,1,1,2026-09-30
PRJ-1021,Central Sector,Infrastructure,National Highways Authority of India [NHAI],Chhattisgarh,444.21,412.88,394.65,100.0,2022-05-01,2024-03-01,2026-05-01,26,-7.05,1,0,0,1,1,2026-09-30
PRJ-1022,Central Sector,Infrastructure,National Highways Authority of India [NHAI],Chhattisgarh,1002.33,1304.47,780.84,98.75,2021-02-01,2024-01-01,2026-05-01,28,30.14,1,1,1,1,1,2026-09-30
PRJ-1023,Central Sector,Infrastructure,National Highways Authority of India [NHAI],Chhattisgarh,1096.52,1172.36,107.31,100.0,2015-10-01,2018-04-01,2026-05-01,97,6.92,1,1,1,1,1,2026-09-30
PRJ-1024,Central Sector,Infrastructure,National Highways Authority of India [NHAI],Chhattisgarh,865.1,1275.26,587.68,93.1,2019-12-01,2022-12-01,2026-06-01,42,47.41,1,1,1,1,1,2026-09-30
PRJ-1025,Central Sector,Infrastructure,MoRTH,Dadra & Nagar Haveli and Daman & Diu,198.06,239.57,73.03,52.0,2022-10-01,2026-02-01,2026-02-01,0,20.96,0,1,1,0,1,2026-09-30
PRJ-1026,Central Sector,Infrastructure,National Highways Authority of India [NHAI],Delhi,2089.94,2203.45,1803.73,99.99,2020-07-01,2023-10-01,2026-05-01,31,5.43,1,1,1,1,1,2026-09-30
PRJ-1027,Central Sector,Infrastructure,National Highways Authority of India [NHAI],Delhi,1467.44,2510.34,1615.84,98.25,2020-07-01,2024-07-01,2026-05-01,22,71.07,1,1,1,1,1,2026-09-30
PRJ-1028,Central Sector,Infrastructure,National Highways Authority of India [NHAI],Delhi,2067.67,2670.22,1909.28,100.0,2018-01-01,2021-10-01,2026-05-01,55,29.14,1,1,1,1,1,2026-09-30
PRJ-1029,Central Sector,Infrastructure,National Highways Authority of India [NHAI],Delhi,2144.67,3929.5,3097.34,98.8,2018-03-01,2022-09-01,2026-05-01,44,83.22,1,1,1,1,1,2026-09-30
PRJ-1030,Central Sector,Infrastructure,MoRTH,Goa,398.25,398.25,0.0,0.0,2024-07-01,2028-02-01,2028-02-01,0,0.0,0,0,0,0,0,2026-09-30
PRJ-1031,Central Sector,Infrastructure,MoRTH,Goa,641.46,641.46,0.0,90.59,2023-04-01,2026-04-01,2026-10-01,6,0.0,1,0,0,1,0,2026-09-30
PRJ-1032,Central Sector,Infrastructure,National Highways Authority of India [NHAI],Goa,463.08,316.28,127.09,43.75,2024-01-01,2026-07-01,2027-05-01,10,-31.7,1,0,0,1,1,2026-09-30
PRJ-1033,Central Sector,Infrastructure,MoRTH,Gujarat,246.6,291.19,0.0,35.0,2022-10-01,2027-01-01,2027-01-01,0,18.08,0,1,1,0,1,2026-09-30
PRJ-1034,Central Sector,Infrastructure,MoRTH,Gujarat,1295.39,1295.39,0.0,26.0,2024-03-01,2028-02-01,2028-02-01,0,0.0,0,0,0,0,0,2026-09-30
PRJ-1035,Central Sector,Infrastructure,MoRTH,Gujarat,398.4,398.4,0.0,33.0,2024-03-01,2027-08-01,2027-08-01,0,0.0,0,0,0,0,0,2026-09-30
PRJ-1036,Central Sector,Infrastructure,MoRTH,Gujarat,699.19,699.19,0.0,24.0,2024-03-01,2027-09-01,2027-09-01,0,0.0,0,0,0,0,0,2026-09-30
PRJ-1037,Central Sector,Infrastructure,MoRTH,Gujarat,151.13,171.27,0.0,98.0,2022-03-01,2026-03-01,2026-06-01,3,13.33,1,1,1,1,0,2026-09-30
PRJ-1038,Central Sector,Infrastructure,MoRTH,Gujarat,530.2,530.2,58.29,80.0,2023-03-01,2026-06-01,2026-06-01,0,0.0,0,0,0,0,0,2026-09-30
PRJ-1039,Central Sector,Infrastructure,MoRTH,Gujarat,211.28,234.44,0.0,99.55,2018-04-01,2020-11-01,2022-07-01,20,10.96,1,1,1,1,1,2026-09-30
PRJ-1040,Central Sector,Infrastructure,MoRTH,Gujarat,173.06,219.08,22.53,67.0,2022-12-01,2025-08-01,2026-12-01,16,26.59,1,1,1,1,1,2026-09-30
PRJ-1041,Central Sector,Infrastructure,MoRTH,Gujarat,1155.21,1155.21,32.09,11.0,2024-02-01,2028-06-01,2028-06-01,0,0.0,0,0,0,0,0,2026-09-30
PRJ-1042,Central Sector,Infrastructure,MoRTH,Gujarat,237.28,237.28,0.0,63.0,2022-09-01,2025-12-01,2026-05-01,5,0.0,1,0,0,1,0,2026-09-30
PRJ-1043,Central Sector,Infrastructure,National Highways Authority of India [NHAI],Gujarat,1555.2,1556.4,1084.2,77.2,2020-09-01,2024-08-01,2026-05-01,21,0.08,1,1,1,1,1,2026-09-30
PRJ-1044,Central Sector,Infrastructure,National Highways Authority of India [NHAI],Gujarat,1263.38,1266.98,865.87,100.0,2020-09-01,2023-11-01,2026-05-01,30,0.28,1,1,1,1,1,2026-09-30
PRJ-1045,Central Sector,Infrastructure,National Highways Authority of India [NHAI],Gujarat,1644.85,1651.14,963.66,100.0,2019-11-01,2023-05-01,2026-05-01,36,0.38,1,1,1,1,1,2026-09-30
PRJ-1046,Central Sector,Infrastructure,National Highways Authority of India [NHAI],Gujarat,1324.84,2807.48,1248.75,91.34,2018-02-01,2021-10-01,2026-06-01,56,111.91,1,1,1,1,1,2026-09-30
PRJ-1047,Central Sector,Infrastructure,National Highways Authority of India [NHAI],Gujarat,2271.86,4297.28,2574.42,98.9,2020-05-01,2023-12-01,2026-05-01,29,89.15,1,1,1,1,1,2026-09-30
PRJ-1048,Central Sector,Infrastructure,National Highways Authority of India [NHAI],Gujarat,1710.3,3392.21,2158.87,97.05,2020-07-01,2023-11-01,2026-05-01,30,98.34,1,1,1,1,1,2026-09-30
PRJ-1049,Central Sector,Infrastructure,National Highways Authority of India [NHAI],Gujarat,3834.24,3820.2,197.13,4.85,2023-07-01,2026-03-01,2026-11-01,8,-0.37,1,0,0,1,1,2026-09-30
PRJ-1050,Central Sector,Infrastructure,National Highways Authority of India [NHAI],Gujarat,2594.17,2587.04,212.76,21.75,2023-07-01,2025-10-01,2026-06-01,8,-0.27,1,0,0,1,1,2026-09-30
PRJ-1051,Central Sector,Infrastructure,National Highways Authority of India [NHAI],Gujarat,1298.0,1421.05,1012.45,100.0,2020-05-01,2024-01-01,2026-05-01,28,9.48,1,1,1,1,1,2026-09-30
PRJ-1052,Central Sector,Infrastructure,National Highways Authority of India [NHAI],Gujarat,1415.34,1729.69,1354.93,100.0,2020-05-01,2024-01-01,2026-05-01,28,22.21,1,1,1,1,1,2026-09-30
PRJ-1053,Central Sector,Infrastructure,National Highways Authority of India [NHAI],Gujarat,1034.04,1155.41,955.74,100.0,2020-05-01,2023-07-01,2026-05-01,34,11.74,1,1,1,1,1,2026-09-30
PRJ-1054,Central Sector,Infrastructure,National Highways Authority of India [NHAI],Gujarat,1181.76,1358.73,1204.33,97.92,2020-05-01,2023-12-01,2026-05-01,29,14.98,1,1,1,1,1,2026-09-30
PRJ-1055,Central Sector,Infrastructure,National Highways Authority of India [NHAI],Gujarat,466.8,501.48,553.93,84.15,2024-06-01,2025-06-01,2026-06-01,12,7.43,1,1,1,1,1,2026-09-30
PRJ-1056,Central Sector,Infrastructure,National Highways Authority of India [NHAI],Gujarat,907.39,907.39,345.87,46.39,2024-03-01,2027-01-01,2027-01-01,0,0.0,0,0,0,0,0,2026-09-30
PRJ-1057,Central Sector,Infrastructure,National Highways Authority of India [NHAI],Gujarat,1553.76,34.34,28.18,57.59,2023-01-01,2025-12-01,2027-01-01,13,-97.79,1,0,0,1,1,2026-09-30
PRJ-1058,Central Sector,Infrastructure,National Highways Authority of India [NHAI],Gujarat,752.3,765.25,569.43,99.0,2020-02-01,2023-08-01,2026-05-01,33,1.72,1,1,1,1,1,2026-09-30
PRJ-1059,Central Sector,Infrastructure,National Highways Authority of India [NHAI],Gujarat,778.15,835.55,663.38,99.7,2020-02-01,2023-03-01,2026-05-01,38,7.38,1,1,1,1,1,2026-09-30
PRJ-1060,Central Sector,Infrastructure,National Highways Authority of India [NHAI],Gujarat,625.58,455.54,113.54,26.0,2024-03-01,2027-02-01,2027-02-01,0,-27.18,0,0,0,0,0,2026-09-30
PRJ-1061,Central Sector,Infrastructure,National Highways Authority of India [NHAI],Gujarat,819.14,1297.38,188.7,100.0,2018-03-01,2021-09-01,2021-09-01,0,58.38,0,1,1,0,1,2026-09-30
PRJ-1062,Central Sector,Infrastructure,National Highways Authority of India [NHAI],Gujarat,1373.06,1687.25,834.0,96.0,2022-03-01,2025-06-01,2026-09-01,15,22.88,1,1,1,1,1,2026-09-30
PRJ-1063,Central Sector,Infrastructure,National Highways Authority of India [NHAI],Gujarat,894.01,1127.42,457.05,98.79,2016-02-01,2020-07-01,2026-05-01,70,26.11,1,1,1,1,1,2026-09-30
PRJ-1064,Central Sector,Infrastructure,National Highways Authority of India [NHAI],Gujarat,162.73,192.01,174.82,100.0,2022-03-01,2023-09-01,2025-04-01,19,17.99,1,1,1,1,1,2026-09-30
PRJ-1065,Central Sector,Infrastructure,National Highways Authority of India [NHAI],Gujarat,698.4,735.51,418.41,100.0,2020-08-01,2022-09-01,2022-09-01,0,5.31,0,1,1,0,0,2026-09-30
PRJ-1066,Central Sector,Infrastructure,National Highways Authority of India [NHAI],Gujarat,1181.34,1098.23,876.25,84.7,2021-12-01,2025-03-01,2026-08-01,17,-7.04,1,0,0,1,1,2026-09-30
PRJ-1067,Central Sector,Infrastructure,National Highways Authority of India [NHAI],Gujarat,1188.46,898.0,79.04,13.98,2023-03-01,2027-11-01,2027-11-01,0,-24.44,0,0,0,0,0,2026-09-30
PRJ-1068,Central Sector,Infrastructure,National Highways Authority of India [NHAI],Gujarat,764.02,566.96,25.82,2.6,2023-03-01,2027-11-01,2027-11-01,0,-25.79,0,0,0,0,0,2026-09-30
PRJ-1069,Central Sector,Infrastructure,National Highways Authority of India [NHAI],Gujarat,356.6,463.03,103.23,100.0,2016-11-01,2019-05-01,2026-05-01,84,29.85,1,1,1,1,1,2026-09-30
PRJ-1070,Central Sector,Infrastructure,National Highways Authority of India [NHAI],Gujarat,2070.44,1390.29,914.03,69.66,2022-03-01,2025-09-01,2027-01-01,16,-32.85,1,0,0,1,1,2026-09-30
PRJ-1071,Central Sector,Infrastructure,National Highways Authority of India [NHAI],Gujarat,1024.69,1753.95,882.1,100.0,2019-01-01,2022-08-01,2026-05-01,45,71.17,1,1,1,1,1,2026-09-30
PRJ-1072,Central Sector,Infrastructure,National Highways Authority of India [NHAI],Gujarat,877.71,1126.66,630.51,100.0,2016-02-01,2019-08-01,2025-03-01,67,28.36,1,1,1,1,1,2026-09-30
PRJ-1073,Central Sector,Infrastructure,National Highways Authority of India [NHAI],Gujarat,750.53,955.78,363.41,97.93,2016-02-01,2019-09-01,2026-05-01,80,27.35,1,1,1,1,1,2026-09-30
PRJ-1074,Central Sector,Infrastructure,National Highways Authority of India [NHAI],Gujarat,603.08,628.49,624.41,99.71,2020-08-01,2022-09-01,2026-01-01,40,4.21,1,1,1,1,1,2026-09-30
PRJ-1075,Central Sector,Infrastructure,National Highways Authority of India [NHAI],Gujarat,1185.66,1343.16,53.18,100.0,2016-03-01,2019-08-01,2019-08-01,0,13.28,0,1,1,0,0,2026-09-30
PRJ-1076,Central Sector,Infrastructure,National Highways Authority of India [NHAI],Gujarat,1185.69,1259.27,991.08,97.0,2020-09-01,2024-02-01,2026-05-01,27,6.21,1,1,1,1,1,2026-09-30
PRJ-1077,Central Sector,Infrastructure,National Highways Authority of India [NHAI],Haryana,1866.49,2429.9,1081.52,99.91,2020-12-01,2023-12-01,2026-05-01,29,30.19,1,1,1,1,1,2026-09-30
PRJ-1078,Central Sector,Infrastructure,National Highways Authority of India [NHAI],Haryana,1533.87,1792.53,971.07,99.89,2020-12-01,2024-01-01,2026-05-01,28,16.86,1,1,1,1,1,2026-09-30
PRJ-1079,Central Sector,Infrastructure,National Highways Authority of India [NHAI],Haryana,1606.27,1813.91,631.62,79.08,2020-12-01,2023-12-01,2024-05-01,5,12.93,1,1,1,1,0,2026-09-30
PRJ-1080,Central Sector,Infrastructure,National Highways Authority of India [NHAI],Haryana,1306.95,1578.66,563.2,76.13,2021-01-01,2023-12-01,2024-03-01,3,20.79,1,1,1,1,1,2026-09-30
PRJ-1081,Central Sector,Infrastructure,National Highways Authority of India [NHAI],Haryana,401.74,240.02,93.89,45.02,2024-05-01,2027-05-01,2027-05-01,0,-40.25,0,0,0,0,0,2026-09-30
PRJ-1082,Central Sector,Infrastructure,National Highways Authority of India [NHAI],Haryana,1275.31,1957.44,734.08,97.86,2019-01-01,2022-07-01,2026-05-01,46,53.49,1,1,1,1,1,2026-09-30
PRJ-1083,Central Sector,Infrastructure,National Highways Authority of India [NHAI],Haryana,927.22,1173.66,367.54,87.05,2022-03-01,2025-05-01,2026-05-01,12,26.58,1,1,1,1,1,2026-09-30
PRJ-1084,Central Sector,Infrastructure,National Highways Authority of India [NHAI],Haryana,1330.23,1144.21,440.38,99.5,2022-11-01,2025-12-01,2026-05-01,5,-13.98,1,0,0,1,0,2026-09-30
PRJ-1085,Central Sector,Infrastructure,National Highways Authority of India [NHAI],Haryana,1269.5,919.43,679.31,63.0,2022-03-01,2025-02-01,2027-05-01,27,-27.58,1,0,0,1,1,2026-09-30
PRJ-1086,Central Sector,Infrastructure,National Highways Authority of India [NHAI],Haryana,1093.35,1225.41,429.79,79.34,2023-02-01,2025-10-01,2026-09-01,11,12.08,1,1,1,1,1,2026-09-30
PRJ-1087,Central Sector,Infrastructure,National Highways Authority of India [NHAI],Haryana,994.22,1606.82,623.68,99.97,2019-01-01,2022-07-01,2026-05-01,46,61.62,1,1,1,1,1,2026-09-30
PRJ-1088,Central Sector,Infrastructure,National Highways Authority of India [NHAI],Haryana,1810.04,1917.5,522.34,72.5,2020-05-01,2023-11-01,2026-08-01,33,5.94,1,1,1,1,1,2026-09-30
PRJ-1089,Central Sector,Infrastructure,National Highways Authority of India [NHAI],Haryana,1741.45,2041.54,461.25,91.61,2022-11-01,2025-08-01,2026-10-01,14,17.23,1,1,1,1,1,2026-09-30
PRJ-1090,Central Sector,Infrastructure,MoRTH,Himachal Pradesh,345.89,359.56,146.64,98.16,2020-08-01,2023-09-01,2024-11-01,14,3.95,1,1,1,1,1,2026-09-30
PRJ-1091,Central Sector,Infrastructure,MoRTH,Himachal Pradesh,274.36,194.0,0.0,22.26,2021-06-01,2027-06-01,2027-06-01,0,-29.29,0,0,0,0,0,2026-09-30
PRJ-1092,Central Sector,Infrastructure,MoRTH,Himachal Pradesh,230.55,203.15,15.16,23.24,2021-03-01,2026-06-01,2027-09-01,15,-11.88,1,0,0,1,1,2026-09-30
PRJ-1093,Central Sector,Infrastructure,MoRTH,Himachal Pradesh,314.67,244.15,76.97,60.02,2021-03-01,2026-05-01,2027-08-01,15,-22.41,1,0,0,1,1,2026-09-30
PRJ-1094,Central Sector,Infrastructure,MoRTH,Himachal Pradesh,314.32,314.32,0.0,67.92,2020-08-01,2025-04-01,2026-12-01,20,0.0,1,0,0,1,1,2026-09-30
PRJ-1095,Central Sector,Infrastructure,MoRTH,Himachal Pradesh,371.93,371.93,198.34,91.49,2020-08-01,2024-12-01,2026-05-01,17,0.0,1,0,0,1,1,2026-09-30
PRJ-1096,Central Sector,Infrastructure,MoRTH,Himachal Pradesh,251.62,190.02,74.12,55.85,2020-08-01,2026-05-01,2026-12-01,7,-24.48,1,0,0,1,1,2026-09-30
PRJ-1097,Central Sector,Infrastructure,MoRTH,Himachal Pradesh,870.95,896.86,0.0,0.0,2023-06-01,2029-03-01,2029-03-01,0,2.97,0,1,1,0,0,2026-09-30
PRJ-1098,Central Sector,Infrastructure,National Highways Authority of India [NHAI],Himachal Pradesh,1464.12,1651.67,848.66,100.0,2016-03-01,2020-07-01,2026-05-01,70,12.81,1,1,1,1,1,2026-09-30
PRJ-1099,Central Sector,Infrastructure,National Highways Authority of India [NHAI],Himachal Pradesh,3419.95,4465.94,1923.0,95.62,2017-06-01,2021-09-01,2026-06-01,57,30.58,1,1,1,1,1,2026-09-30
PRJ-1100,Central Sector,Infrastructure,National Highways Authority of India [NHAI],Himachal Pradesh,191.11,192.11,182.17,100.0,2022-02-01,2024-06-01,2026-05-01,23,0.52,1,1,1,1,1,2026-09-30
PRJ-1101,Central Sector,Infrastructure,National Highways Authority of India [NHAI],Himachal Pradesh,696.65,776.59,318.08,96.6,2022-03-01,2025-09-01,2026-06-01,9,11.47,1,1,1,1,1,2026-09-30
PRJ-1102,Central Sector,Infrastructure,National Highways Authority of India [NHAI],Himachal Pradesh,930.86,930.86,339.37,92.01,2022-06-01,2026-11-01,2026-11-01,0,0.0,0,0,0,0,0,2026-09-30
PRJ-1103,Central Sector,Infrastructure,National Highways Authority of India [NHAI],Himachal Pradesh,815.68,666.79,200.36,51.56,2022-07-01,2025-12-01,2027-04-01,16,-18.25,1,0,0,1,1,2026-09-30
PRJ-1104,Central Sector,Infrastructure,National Highways Authority of India [NHAI],Himachal Pradesh,1113.02,1112.39,335.79,27.8,2023-02-01,2027-09-01,2027-09-01,0,-0.06,0,0,0,0,0,2026-09-30
PRJ-1105,Central Sector,Infrastructure,National Highways Authority of India [NHAI],Himachal Pradesh,1146.19,1358.62,293.43,91.35,2022-03-01,2025-04-01,2026-06-01,14,18.53,1,1,1,1,1,2026-09-30
PRJ-1106,Central Sector,Infrastructure,National Highways Authority of India [NHAI],Himachal Pradesh,1322.95,1829.49,824.55,97.45,2021-03-01,2024-12-01,2026-06-01,18,38.29,1,1,1,1,1,2026-09-30
PRJ-1107,Central Sector,Infrastructure,National Highways Authority of India [NHAI],Himachal Pradesh,739.39,754.82,233.43,92.57,2022-08-01,2025-10-01,2026-06-01,8,2.09,1,1,1,1,1,2026-09-30
PRJ-1108,Central Sector,Infrastructure,National Highways Authority of India [NHAI],Himachal Pradesh,1244.43,786.91,80.72,20.95,2024-01-01,2027-05-01,2027-09-01,4,-36.77,1,0,0,1,0,2026-09-30
PRJ-1109,Central Sector,Infrastructure,National Highways Authority of India [NHAI],Himachal Pradesh,1703.48,2648.8,980.87,54.0,2022-03-01,2026-04-01,2027-12-01,20,55.49,1,1,1,1,1,2026-09-30
PRJ-1110,Central Sector,Infrastructure,National Highways Authority of India [NHAI],Himachal Pradesh,1956.26,2880.72,1236.15,63.17,2022-04-01,2027-03-01,2027-12-01,9,47.26,1,1,1,1,1,2026-09-30
PRJ-1111,Central Sector,Infrastructure,National Highways Authority of India [NHAI],Himachal Pradesh,881.74,1519.53,652.04,90.11,2018-03-01,2021-05-01,2026-11-01,66,72.33,1,1,1,1,1,2026-09-30
PRJ-1112,Central Sector,Infrastructure,National Highways Authority of India [NHAI],Himachal Pradesh,1002.11,1363.04,537.04,60.06,2021-03-01,2024-05-01,2026-09-01,28,36.02,1,1,1,1,1,2026-09-30
PRJ-1113,Central Sector,Infrastructure,MoRTH,Jammu and Kashmir,224.44,224.44,0.0,3.0,2024-03-01,2028-01-01,2028-01-01,0,0.0,0,0,0,0,0,2026-09-30
PRJ-1114,Central Sector,Infrastructure,MoRTH,Jammu and Kashmir,702.1,702.1,0.0,45.0,2023-09-01,2026-11-01,2026-11-01,0,0.0,0,0,0,0,0,2026-09-30
PRJ-1115,Central Sector,Infrastructure,MoRTH,Jammu and Kashmir,992.43,992.43,34.01,39.84,2023-03-01,2026-09-01,2026-09-01,0,0.0,0,0,0,0,0,2026-09-30
PRJ-1116,Central Sector,Infrastructure,MoRTH,Jammu and Kashmir,980.21,980.21,0.27,50.01,2023-03-01,2026-07-01,2026-07-01,0,0.0,0,0,0,0,0,2026-09-30
PRJ-1117,Central Sector,Infrastructure,MoRTH,Jammu and Kashmir,426.15,426.15,97.91,54.89,2021-11-01,2025-06-01,2026-07-01,13,0.0,1,0,0,1,1,2026-09-30
PRJ-1118,Central Sector,Infrastructure,MoRTH,Jammu and Kashmir,823.46,823.46,262.57,83.0,2022-06-01,2025-08-01,2026-08-01,12,0.0,1,0,0,1,1,2026-09-30
PRJ-1119,Central Sector,Infrastructure,MoRTH,Jammu and Kashmir,1404.94,1404.94,118.37,36.5,2024-03-01,2027-05-01,2027-05-01,0,0.0,0,0,0,0,0,2026-09-30
PRJ-1120,Central Sector,Infrastructure,MoRTH,Jammu and Kashmir,642.24,572.51,0.0,100.0,2021-03-01,2024-07-01,2026-03-01,20,-10.86,1,0,0,1,1,2026-09-30
PRJ-1121,Central Sector,Infrastructure,MoRTH,Jammu and Kashmir,734.64,734.64,0.0,45.41,2021-09-01,2026-07-01,2026-07-01,0,0.0,0,0,0,0,0,2026-09-30
PRJ-1122,Central Sector,Infrastructure,MoRTH,Jammu and Kashmir,562.45,562.45,137.07,70.03,2022-10-01,2026-01-01,2026-09-01,8,0.0,1,0,0,1,1,2026-09-30
PRJ-1123,Central Sector,Infrastructure,MoRTH,Jammu and Kashmir,152.93,152.93,75.64,88.94,2020-03-01,2023-09-01,2026-05-01,32,0.0,1,0,0,1,1,2026-09-30
PRJ-1124,Central Sector,Infrastructure,MoRTH,Jammu and Kashmir,796.97,796.97,432.45,92.01,2020-03-01,2024-08-01,2026-05-01,21,0.0,1,0,0,1,1,2026-09-30
PRJ-1125,Central Sector,Infrastructure,MoRTH,Jammu and Kashmir,395.25,395.25,144.04,89.05,2021-07-01,2024-07-01,2026-06-01,23,0.0,1,0,0,1,1,2026-09-30
PRJ-1126,Central Sector,Infrastructure,MoRTH,Jammu and Kashmir,272.49,272.49,157.74,94.0,2020-07-01,2024-11-01,2026-06-01,19,0.0,1,0,0,1,1,2026-09-30
PRJ-1127,Central Sector,Infrastructure,NHIDCL,Jammu and Kashmir,228.39,225.37,163.81,94.26,2020-07-01,2022-04-01,2026-10-01,54,-1.32,1,0,0,1,1,2026-09-30
PRJ-1128,Central Sector,Infrastructure,NHIDCL,Jammu and Kashmir,512.43,512.43,155.69,53.49,2021-03-01,2023-02-01,2026-10-01,44,0.0,1,0,0,1,1,2026-09-30
PRJ-1129,Central Sector,Infrastructure,NHIDCL,Jammu and Kashmir,486.45,486.45,0.0,0.0,2021-02-01,2022-08-01,2024-10-01,26,0.0,1,0,0,1,1,2026-09-30
PRJ-1130,Central Sector,Infrastructure,NHIDCL,Jammu and Kashmir,255.9,255.9,0.0,0.0,2018-03-01,2020-11-01,2022-02-01,15,0.0,1,0,0,1,1,2026-09-30
PRJ-1131,Central Sector,Infrastructure,NHIDCL,Jammu and Kashmir,210.79,210.79,174.92,96.95,2020-07-01,2022-04-01,2026-03-01,47,0.0,1,0,0,1,1,2026-09-30
PRJ-1132,Central Sector,Infrastructure,NHIDCL,Jammu and Kashmir,859.67,859.67,308.95,50.05,2021-03-01,2023-08-01,2027-06-01,46,0.0,1,0,0,1,1,2026-09-30
PRJ-1133,Central Sector,Infrastructure,NHIDCL,Jammu and Kashmir,398.51,398.51,99.35,98.55,2021-03-01,2022-12-01,2025-08-01,32,0.0,1,0,0,1,1,2026-09-30
PRJ-1134,Central Sector,Infrastructure,NHIDCL,Jammu and Kashmir,322.49,322.49,0.0,0.0,2018-03-01,2021-07-01,2022-05-01,10,0.0,1,0,0,1,1,2026-09-30
PRJ-1135,Central Sector,Infrastructure,NHIDCL,Jammu and Kashmir,245.3,245.3,82.06,68.07,2018-03-01,2025-01-01,2026-06-01,17,0.0,1,0,0,1,1,2026-09-30
PRJ-1136,Central Sector,Infrastructure,National Highways Authority of India [NHAI],Jammu and Kashmir,2714.95,3716.56,1653.54,88.87,2021-10-01,2024-09-01,2026-12-01,27,36.89,1,1,1,1,1,2026-09-30
PRJ-1137,Central Sector,Infrastructure,National Highways Authority of India [NHAI],Jammu and Kashmir,2894.74,2894.74,810.99,62.0,2022-06-01,2025-06-01,2027-03-01,21,0.0,1,0,0,1,1,2026-09-30
PRJ-1138,Central Sector,Infrastructure,National Highways Authority of India [NHAI],Jammu and Kashmir,1821.72,2522.56,1174.58,94.14,2021-09-01,2024-09-01,2026-09-01,24,38.47,1,1,1,1,1,2026-09-30
PRJ-1139,Central Sector,Infrastructure,National Highways Authority of India [NHAI],Jammu and Kashmir,975.38,975.38,564.21,62.41,2022-12-01,2025-11-01,2027-03-01,16,0.0,1,0,0,1,1,2026-09-30
PRJ-1140,Central Sector,Infrastructure,National Highways Authority of India [NHAI],Jammu and Kashmir,2919.96,2604.76,1770.97,87.0,2021-03-01,2024-02-01,2026-07-01,29,-10.79,1,0,0,1,1,2026-09-30
PRJ-1141,Central Sector,Infrastructure,National Highways Authority of India [NHAI],Jammu and Kashmir,1912.17,1034.3,357.42,27.0,2021-07-01,2025-08-01,2027-12-01,28,-45.91,1,0,0,1,1,2026-09-30
PRJ-1142,Central Sector,Infrastructure,National Highways Authority of India [NHAI],Jammu and Kashmir,1401.87,1020.99,989.45,87.1,2021-07-01,2024-06-01,2026-08-01,26,-27.17,1,0,0,1,1,2026-09-30
PRJ-1143,Central Sector,Infrastructure,National Highways Authority of India [NHAI],Jammu and Kashmir,614.48,444.76,257.32,42.8,2021-07-01,2024-08-01,2027-06-01,34,-27.62,1,0,0,1,1,2026-09-30
PRJ-1144,Central Sector,Infrastructure,National Highways Authority of India [NHAI],Jammu and Kashmir,961.0,643.64,412.37,48.8,2022-11-01,2026-06-01,2027-04-01,10,-33.02,1,0,0,1,1,2026-09-30
PRJ-1145,Central Sector,Infrastructure,National Highways Authority of India [NHAI],Jammu and Kashmir,242.65,731.59,655.27,83.87,2022-11-01,2025-06-01,2026-12-01,18,201.5,1,1,1,1,1,2026-09-30
PRJ-1146,Central Sector,Infrastructure,National Highways Authority of India [NHAI],Jammu and Kashmir,855.74,215.68,197.46,74.63,2022-06-01,2024-06-01,2026-09-01,27,-74.8,1,0,0,1,1,2026-09-30
PRJ-1147,Central Sector,Infrastructure,National Highways Authority of India [NHAI],Jammu and Kashmir,295.06,295.06,175.81,63.8,2024-03-01,2026-08-01,2026-08-01,0,0.0,0,0,0,0,0,2026-09-30
PRJ-1148,Central Sector,Infrastructure,NHIDCL,Jammu and Kashmir,497.09,497.09,240.1,99.97,2021-03-01,2023-02-01,2026-03-01,37,0.0,1,0,0,1,1,2026-09-30
PRJ-1149,Central Sector,Infrastructure,MoRTH,Jharkhand,315.21,315.21,129.54,87.0,2022-01-01,2024-07-01,2026-04-01,21,0.0,1,0,0,1,1,2026-09-30
PRJ-1150,Central Sector,Infrastructure,MoRTH,Jharkhand,458.78,458.78,0.0,3.0,2022-02-01,2026-01-01,2026-09-01,8,0.0,1,0,0,1,1,2026-09-30
PRJ-1151,Central Sector,Infrastructure,MoRTH,Jharkhand,153.01,133.67,84.74,93.0,2020-02-01,2023-08-01,2026-03-01,31,-12.64,1,0,0,1,1,2026-09-30
PRJ-1152,Central Sector,Infrastructure,MoRTH,Jharkhand,423.18,423.18,4.11,0.0,2022-03-01,2025-08-01,2025-08-01,0,0.0,0,0,0,0,0,2026-09-30
PRJ-1153,Central Sector,Infrastructure,MoRTH,Jharkhand,255.73,255.73,0.0,8.5,2023-03-01,2027-05-01,2027-05-01,0,0.0,0,0,0,0,0,2026-09-30
PRJ-1154,Central Sector,Infrastructure,MoRTH,Jharkhand,300.46,300.46,76.93,46.22,2022-05-01,2026-01-01,2026-06-01,5,0.0,1,0,0,1,0,2026-09-30
PRJ-1155,Central Sector,Infrastructure,National Highways Authority of India [NHAI],Jharkhand,687.77,442.52,33.97,11.8,2025-01-01,2028-03-01,2028-03-01,0,-35.66,0,0,0,0,0,2026-09-30
PRJ-1156,Central Sector,Infrastructure,National Highways Authority of India [NHAI],Jharkhand,1325.8,1325.8,13.83,1.0,2024-08-01,2028-02-01,2028-02-01,0,0.0,0,0,0,0,0,2026-09-30
PRJ-1157,Central Sector,Infrastructure,National Highways Authority of India [NHAI],Jharkhand,1882.93,1895.75,891.94,98.96,2020-03-01,2024-03-01,2026-05-01,26,0.68,1,1,1,1,1,2026-09-30
PRJ-1158,Central Sector,Infrastructure,National Highways Authority of India [NHAI],Jharkhand,1214.93,1462.19,837.8,86.57,2022-02-01,2025-06-01,2026-07-01,13,20.35,1,1,1,1,1,2026-09-30
PRJ-1159,Central Sector,Infrastructure,National Highways Authority of India [NHAI],Jharkhand,1007.97,1030.64,437.79,78.1,2022-02-01,2025-06-01,2026-05-01,11,2.25,1,1,1,1,1,2026-09-30
PRJ-1160,Central Sector,Infrastructure,National Highways Authority of India [NHAI],Jharkhand,936.26,832.2,281.39,43.21,2024-03-01,2027-03-01,2027-03-01,0,-11.11,0,0,0,0,0,2026-09-30
PRJ-1161,Central Sector,Infrastructure,National Highways Authority of India [NHAI],Jharkhand,303.53,5.58,3.16,0.0,2025-01-01,2027-12-01,2027-12-01,0,-98.16,0,0,0,0,0,2026-09-30
PRJ-1162,Central Sector,Infrastructure,National Highways Authority of India [NHAI],Jharkhand,1129.48,1129.48,527.11,93.45,2020-09-01,2023-10-01,2023-10-01,0,0.0,0,0,0,0,0,2026-09-30
PRJ-1163,Central Sector,Infrastructure,National Highways Authority of India [NHAI],Jharkhand,1517.87,1652.09,991.9,76.95,2022-10-01,2025-11-01,2026-06-01,7,8.84,1,1,1,1,1,2026-09-30
PRJ-1164,Central Sector,Infrastructure,National Highways Authority of India [NHAI],Jharkhand,1436.8,1301.54,200.87,26.6,2023-03-01,2026-10-01,2027-03-01,5,-9.41,1,0,0,1,0,2026-09-30
PRJ-1165,Central Sector,Infrastructure,National Highways Authority of India [NHAI],Jharkhand,1274.82,1274.82,41.83,5.0,2024-02-01,2028-01-01,2028-01-01,0,0.0,0,0,0,0,0,2026-09-30
PRJ-1166,Central Sector,Infrastructure,National Highways Authority of India [NHAI],Jharkhand,662.44,826.59,478.57,98.5,2017-02-01,2024-08-01,2026-05-01,21,24.78,1,1,1,1,1,2026-09-30
PRJ-1167,Central Sector,Infrastructure,National Highways Authority of India [NHAI],Jharkhand,1479.72,1568.18,878.2,99.5,2022-03-01,2025-05-01,2026-05-01,12,5.98,1,1,1,1,1,2026-09-30
PRJ-1168,Central Sector,Infrastructure,National Highways Authority of India [NHAI],Jharkhand,1504.8,1508.21,804.61,91.83,2018-03-01,2023-07-01,2026-07-01,36,0.23,1,1,1,1,1,2026-09-30
PRJ-1169,Central Sector,Infrastructure,National Highways Authority of India [NHAI],Jharkhand,1444.94,1553.76,648.92,86.44,2022-09-01,2025-12-01,2026-07-01,7,7.53,1,1,1,1,1,2026-09-30
PRJ-1170,Central Sector,Infrastructure,National Highways Authority of India [NHAI],Jharkhand,1565.47,1565.47,48.97,5.02,2024-11-01,2028-01-01,2028-01-01,0,0.0,0,0,0,0,0,2026-09-30
PRJ-1171,Central Sector,Infrastructure,MoRTH,Jharkhand,235.42,199.2,0.0,12.0,2023-03-01,2028-01-01,2026-01-01,0,-15.39,0,0,0,0,0,2026-09-30
PRJ-1172,Central Sector,Infrastructure,MoRTH,Karnataka,298.0,349.49,167.23,52.0,2020-08-01,2024-06-01,2026-11-01,29,17.28,1,1,1,1,1,2026-09-30
PRJ-1173,Central Sector,Infrastructure,MoRTH,Karnataka,204.42,204.42,0.0,0.0,2022-11-01,2027-01-01,2027-01-01,0,0.0,0,0,0,0,0,2026-09-30
PRJ-1174,Central Sector,Infrastructure,MoRTH,Karnataka,314.55,314.55,0.0,0.0,2023-03-01,2027-07-01,2027-07-01,0,0.0,0,0,0,0,0,2026-09-30
PRJ-1175,Central Sector,Infrastructure,MoRTH,Karnataka,398.48,398.48,211.59,93.25,2022-03-01,2025-02-01,2026-04-01,14,0.0,1,0,0,1,1,2026-09-30
PRJ-1176,Central Sector,Infrastructure,MoRTH,Karnataka,718.52,718.52,308.84,82.0,2022-03-01,2025-03-01,2026-12-01,21,0.0,1,0,0,1,1,2026-09-30
PRJ-1177,Central Sector,Infrastructure,MoRTH,Karnataka,157.32,187.61,103.33,68.0,2019-03-01,2021-11-01,2026-03-01,52,19.25,1,1,1,1,1,2026-09-30
PRJ-1178,Central Sector,Infrastructure,MoRTH,Karnataka,177.94,177.94,108.93,75.0,2022-03-01,2025-02-01,2026-03-01,13,0.0,1,0,0,1,1,2026-09-30
PRJ-1179,Central Sector,Infrastructure,MoRTH,Karnataka,471.62,471.62,80.08,64.33,2023-03-01,2026-04-01,2026-10-01,6,0.0,1,0,0,1,0,2026-09-30
PRJ-1180,Central Sector,Infrastructure,MoRTH,Karnataka,170.34,147.39,106.88,92.65,2022-03-01,2024-02-01,2026-04-01,26,-13.47,1,0,0,1,1,2026-09-30
PRJ-1181,Central Sector,Infrastructure,MoRTH,Karnataka,445.62,445.62,0.0,65.0,2023-02-01,2026-03-01,2026-03-01,0,0.0,0,0,0,0,0,2026-09-30
PRJ-1182,Central Sector,Infrastructure,MoRTH,Karnataka,333.96,333.96,40.61,20.0,2023-02-01,2027-06-01,2027-06-01,0,0.0,0,0,0,0,0,2026-09-30
PRJ-1183,Central Sector,Infrastructure,MoRTH,Karnataka,350.69,312.06,191.38,78.08,2022-01-01,2025-01-01,2027-01-01,24,-11.02,1,0,0,1,1,2026-09-30
PRJ-1184,Central Sector,Infrastructure,MoRTH,Karnataka,264.14,264.14,3.58,0.0,2022-02-01,2024-05-01,2026-12-01,31,0.0,1,0,0,1,1,2026-09-30
PRJ-1185,Central Sector,Infrastructure,MoRTH,Karnataka,516.96,516.96,105.08,75.0,2021-01-01,2025-12-01,2026-08-01,8,0.0,1,0,0,1,1,2026-09-30
PRJ-1186,Central Sector,Infrastructure,MoRTH,Karnataka,617.28,617.28,4.47,40.0,2023-03-01,2027-01-01,2027-01-01,0,0.0,0,0,0,0,0,2026-09-30
PRJ-1187,Central Sector,Infrastructure,MoRTH,Karnataka,255.88,255.88,179.66,93.0,2022-03-01,2024-07-01,2026-05-01,22,0.0,1,0,0,1,1,2026-09-30
PRJ-1188,Central Sector,Infrastructure,MoRTH,Karnataka,196.05,196.05,0.0,30.0,2023-02-01,2026-03-01,2026-03-01,0,0.0,0,0,0,0,0,2026-09-30
PRJ-1189,Central Sector,Infrastructure,MoRTH,Karnataka,355.72,355.72,184.79,76.86,2022-01-01,2024-12-01,2026-05-01,17,0.0,1,0,0,1,1,2026-09-30
PRJ-1190,Central Sector,Infrastructure,MoRTH,Karnataka,423.15,423.15,0.0,0.0,2019-03-01,2022-12-01,2022-12-01,0,0.0,0,0,0,0,0,2026-09-30
PRJ-1191,Central Sector,Infrastructure,MoRTH,Karnataka,166.58,166.58,35.33,40.0,2023-01-01,2025-09-01,2026-08-01,11,0.0,1,0,0,1,1,2026-09-30
PRJ-1192,Central Sector,Infrastructure,MoRTH,Karnataka,957.09,957.09,248.13,0.0,2023-02-01,2027-01-01,2027-01-01,0,0.0,0,0,0,0,0,2026-09-30
PRJ-1193,Central Sector,Infrastructure,MoRTH,Karnataka,313.56,313.56,0.0,46.52,2023-01-01,2026-02-01,2027-12-01,22,0.0,1,0,0,1,1,2026-09-30
PRJ-1194,Central Sector,Infrastructure,MoRTH,Karnataka,394.95,394.95,0.0,0.0,2022-12-01,2027-08-01,2027-08-01,0,0.0,0,0,0,0,0,2026-09-30
PRJ-1195,Central Sector,Infrastructure,MoRTH,Karnataka,613.65,613.65,0.0,0.0,2024-01-01,2027-11-01,2027-11-01,0,0.0,0,0,0,0,0,2026-09-30
PRJ-1196,Central Sector,Infrastructure,National Highways Authority of India [NHAI],Karnataka,1135.39,763.36,732.44,82.89,2021-12-01,2025-09-01,2026-11-01,14,-32.77,1,0,0,1,1,2026-09-30
PRJ-1197,Central Sector,Infrastructure,National Highways Authority of India [NHAI],Karnataka,1454.67,1805.84,690.56,98.87,2017-01-01,2020-07-01,2026-09-01,74,24.14,1,1,1,1,1,2026-09-30
PRJ-1198,Central Sector,Infrastructure,National Highways Authority of India [NHAI],Karnataka,1438.74,1786.57,1051.89,99.2,2020-08-01,2023-04-01,2026-06-01,38,24.18,1,1,1,1,1,2026-09-30
PRJ-1199,Central Sector,Infrastructure,National Highways Authority of India [NHAI],Karnataka,2355.56,1923.3,868.81,76.12,2022-02-01,2025-06-01,2026-11-01,17,-18.35,1,0,0,1,1,2026-09-30
PRJ-1200,Central Sector,Infrastructure,National Highways Authority of India [NHAI],Karnataka,1246.15,1012.78,241.66,45.8,2023-03-01,2026-11-01,2027-06-01,7,-18.73,1,0,0,1,1,2026-09-30
PRJ-1201,Central Sector,Infrastructure,National Highways Authority of India [NHAI],Karnataka,1363.9,1219.62,115.76,19.25,2024-01-01,2027-04-01,2027-12-01,8,-10.58,1,0,0,1,1,2026-09-30
PRJ-1202,Central Sector,Infrastructure,National Highways Authority of India [NHAI],Karnataka,1427.88,1293.94,444.62,42.04,2024-02-01,2027-02-01,2027-06-01,4,-9.38,1,0,0,1,0,2026-09-30
PRJ-1203,Central Sector,Infrastructure,National Highways Authority of India [NHAI],Karnataka,626.01,284.05,97.26,35.5,2024-02-01,2026-07-01,2027-07-01,12,-54.63,1,0,0,1,1,2026-09-30
PRJ-1204,Central Sector,Infrastructure,National Highways Authority of India [NHAI],Karnataka,1167.52,1873.58,843.6,99.5,2018-03-01,2023-01-01,2025-06-01,29,60.48,1,1,1,1,1,2026-09-30
PRJ-1205,Central Sector,Infrastructure,National Highways Authority of India [NHAI],Karnataka,1660.19,1318.24,1358.81,94.21,2020-12-01,2023-11-01,2026-05-01,30,-20.6,1,0,0,1,1,2026-09-30
PRJ-1206,Central Sector,Infrastructure,National Highways Authority of India [NHAI],Karnataka,3496.01,4087.42,604.66,99.19,2018-02-01,2021-11-01,2026-06-01,55,16.92,1,1,1,1,1,2026-09-30
PRJ-1207,Central Sector,Infrastructure,National Highways Authority of India [NHAI],Karnataka,738.37,738.37,14.27,5.63,2024-11-01,2028-01-01,2028-01-01,0,0.0,0,0,0,0,0,2026-09-30
PRJ-1208,Central Sector,Infrastructure,National Highways Authority of India [NHAI],Karnataka,1340.15,992.6,897.67,91.45,2023-03-01,2025-05-01,2028-04-01,35,-25.93,1,0,0,1,1,2026-09-30
PRJ-1209,Central Sector,Infrastructure,National Highways Authority of India [NHAI],Karnataka,456.79,456.79,436.72,91.65,2018-03-01,2022-12-01,2026-06-01,42,0.0,1,0,0,1,1,2026-09-30
PRJ-1210,Central Sector,Infrastructure,National Highways Authority of India [NHAI],Karnataka,883.62,1726.65,61.05,20.1,2023-02-01,2027-04-01,2027-07-01,3,95.41,1,1,1,1,1,2026-09-30
PRJ-1211,Central Sector,Infrastructure,National Highways Authority of India [NHAI],Karnataka,909.86,896.42,32.64,7.18,2023-02-01,2027-12-01,2027-12-01,0,-1.48,0,0,0,0,0,2026-09-30
PRJ-1212,Central Sector,Infrastructure,National Highways Authority of India [NHAI],Karnataka,1062.76,952.03,93.08,14.85,2023-02-01,2027-04-01,2027-09-01,5,-10.42,1,0,0,1,0,2026-09-30
PRJ-1213,Central Sector,Infrastructure,National Highways Authority of India [NHAI],Karnataka,1272.71,1203.2,97.43,13.05,2023-01-01,2027-04-01,2027-10-01,6,-5.46,1,0,0,1,0,2026-09-30
PRJ-1214,Central Sector,Infrastructure,National Highways Authority of India [NHAI],Karnataka,2082.98,2545.11,865.7,82.88,2019-01-01,2023-10-01,2027-03-01,41,22.19,1,1,1,1,1,2026-09-30
PRJ-1215,Central Sector,Infrastructure,National Highways Authority of India [NHAI],Karnataka,1386.41,2038.71,973.31,70.22,2021-03-01,2024-10-01,2027-04-01,30,47.05,1,1,1,1,1,2026-09-30
PRJ-1216,Central Sector,Infrastructure,National Highways Authority of India [NHAI],Karnataka,839.0,47.44,8.42,100.0,2010-04-01,2013-12-01,2026-06-01,150,-94.35,1,0,0,1,1,2026-09-30
PRJ-1217,Central Sector,Infrastructure,National Highways Authority of India [NHAI],Karnataka,2032.15,1664.2,580.01,59.83,2021-03-01,2025-08-01,2027-03-01,19,-18.11,1,0,0,1,1,2026-09-30
PRJ-1218,Central Sector,Infrastructure,National Highways Authority of India [NHAI],Karnataka,1181.68,1297.76,799.84,94.72,2022-02-01,2025-02-01,2026-08-01,18,9.82,1,1,1,1,1,2026-09-30
PRJ-1219,Central Sector,Infrastructure,National Highways Authority of India [NHAI],Karnataka,1317.74,1846.52,1026.9,99.2,2020-02-01,2023-02-01,2026-06-01,40,40.13,1,1,1,1,1,2026-09-30
PRJ-1220,Central Sector,Infrastructure,National Highways Authority of India [NHAI],Karnataka,1644.92,1990.99,329.44,97.8,2012-07-01,2016-08-01,2026-07-01,119,21.04,1,1,1,1,1,2026-09-30
PRJ-1221,Central Sector,Infrastructure,National Highways Authority of India [NHAI],Karnataka,1141.88,868.65,214.81,33.04,2023-03-01,2026-11-01,2027-07-01,8,-23.93,1,0,0,1,1,2026-09-30
PRJ-1222,Central Sector,Infrastructure,National Highways Authority of India [NHAI],Karnataka,1311.41,1123.35,46.41,8.88,2024-02-01,2027-09-01,2028-03-01,6,-14.34,1,0,0,1,0,2026-09-30
PRJ-1223,Central Sector,Infrastructure,National Highways Authority of India [NHAI],Karnataka,1452.43,1256.55,206.99,32.57,2024-02-01,2027-06-01,2027-09-01,3,-13.49,1,0,0,1,0,2026-09-30
PRJ-1224,Central Sector,Infrastructure,National Highways Authority of India [NHAI],Karnataka,1021.57,1091.4,697.83,97.8,2015-12-01,2019-03-01,2026-05-01,86,6.84,1,1,1,1,1,2026-09-30
PRJ-1225,Central Sector,Infrastructure,National Highways Authority of India [NHAI],Karnataka,2919.8,4113.89,2279.05,99.19,2018-02-01,2022-06-01,2026-06-01,48,40.9,1,1,1,1,1,2026-09-30
PRJ-1226,Central Sector,Infrastructure,National Highways Authority of India [NHAI],Karnataka,2531.99,3619.32,1360.9,99.65,2016-07-01,2020-03-01,2026-05-01,74,42.94,1,1,1,1,1,2026-09-30
PRJ-1227,Central Sector,Infrastructure,National Highways Authority of India [NHAI],Karnataka,309.9,309.9,82.28,21.12,2021-09-01,2024-03-01,2027-06-01,39,0.0,1,0,0,1,1,2026-09-30
PRJ-1228,Central Sector,Infrastructure,National Highways Authority of India [NHAI],Karnataka,1519.72,387.48,36.36,100.0,2015-03-01,2018-08-01,2026-06-01,94,-74.5,1,0,0,1,1,2026-09-30
PRJ-1229,Central Sector,Infrastructure,National Highways Authority of India [NHAI],Karnataka,2082.69,2859.93,730.43,99.7,2016-04-01,2019-08-01,2026-05-01,81,37.32,1,1,1,1,1,2026-09-30
PRJ-1230,Central Sector,Infrastructure,National Highways Authority of India [NHAI],Karnataka,1214.3,1195.74,497.43,72.77,2018-03-01,2021-09-01,2027-03-01,66,-1.53,1,0,0,1,1,2026-09-30
PRJ-1231,Central Sector,Infrastructure,National Highways Authority of India [NHAI],Karnataka,2104.7,2065.83,779.81,73.9,2022-03-01,2025-10-01,2026-09-01,11,-1.85,1,0,0,1,1,2026-09-30
PRJ-1232,Central Sector,Infrastructure,National Highways Authority of India [NHAI],Karnataka,688.0,684.54,586.06,82.34,2020-04-01,2023-01-01,2026-06-01,41,-0.5,1,0,0,1,1,2026-09-30
PRJ-1233,Central Sector,Infrastructure,National Highways Authority of India [NHAI],Karnataka,1364.14,1692.12,552.09,100.0,2018-02-01,2021-10-01,2026-06-01,56,24.04,1,1,1,1,1,2026-09-30
PRJ-1234,Central Sector,Infrastructure,National Highways Authority of India [NHAI],Karnataka,1505.85,1989.89,656.52,99.97,2018-02-01,2021-10-01,2026-12-01,62,32.14,1,1,1,1,1,2026-09-30
PRJ-1235,Central Sector,Infrastructure,National Highways Authority of India [NHAI],Karnataka,1444.5,1834.81,890.55,97.3,2018-02-01,2023-03-01,2026-12-01,45,27.02,1,1,1,1,1,2026-09-30
PRJ-1236,Central Sector,Infrastructure,MoRTH,Kerala,294.28,315.63,0.0,98.0,2017-02-01,2019-08-01,2026-04-01,80,7.25,1,1,1,1,1,2026-09-30
PRJ-1237,Central Sector,Infrastructure,National Highways Authority of India [NHAI],Kerala,1746.45,2538.06,943.25,90.18,2020-06-01,2024-04-01,2027-03-01,35,45.33,1,1,1,1,1,2026-09-30
PRJ-1238,Central Sector,Infrastructure,National Highways Authority of India [NHAI],Kerala,2714.6,3557.65,1040.02,82.87,2020-08-01,2024-05-01,2027-12-01,43,31.06,1,1,1,1,1,2026-09-30
PRJ-1239,Central Sector,Infrastructure,National Highways Authority of India [NHAI],Kerala,3205.77,3898.46,776.8,60.07,2020-10-01,2024-07-01,2027-05-01,34,21.61,1,1,1,1,1,2026-09-30
PRJ-1240,Central Sector,Infrastructure,National Highways Authority of India [NHAI],Kerala,210.0,216.94,77.9,100.0,2020-03-01,2022-06-01,2026-05-01,47,3.3,1,1,1,1,1,2026-09-30
PRJ-1241,Central Sector,Infrastructure,National Highways Authority of India [NHAI],Kerala,4924.11,4919.46,1815.81,99.75,2021-01-01,2024-07-01,2026-05-01,22,-0.09,1,0,0,1,1,2026-09-30
PRJ-1242,Central Sector,Infrastructure,National Highways Authority of India [NHAI],Kerala,4023.94,4023.94,1497.69,98.84,2021-02-01,2024-07-01,2026-05-01,22,0.0,1,0,0,1,1,2026-09-30
PRJ-1243,Central Sector,Infrastructure,National Highways Authority of India [NHAI],Kerala,4225.59,4225.59,708.02,88.2,2021-06-01,2025-01-01,2026-06-01,17,0.0,1,0,0,1,1,2026-09-30
PRJ-1244,Central Sector,Infrastructure,National Highways Authority of India [NHAI],Kerala,4302.06,4302.06,772.89,84.18,2021-06-01,2025-02-01,2026-06-01,16,0.0,1,0,0,1,1,2026-09-30
PRJ-1245,Central Sector,Infrastructure,National Highways Authority of India [NHAI],Kerala,3465.82,3606.2,768.14,64.93,2021-11-01,2025-04-01,2026-12-01,20,4.05,1,1,1,1,1,2026-09-30
PRJ-1246,Central Sector,Infrastructure,National Highways Authority of India [NHAI],Kerala,2429.52,2382.83,1760.92,83.93,2022-08-01,2026-01-01,2026-12-01,11,-1.92,1,0,0,1,1,2026-09-30
PRJ-1247,Central Sector,Infrastructure,National Highways Authority of India [NHAI],Kerala,2878.97,2638.67,2120.87,78.28,2021-09-01,2024-09-01,2026-12-01,27,-8.35,1,0,0,1,1,2026-09-30
PRJ-1248,Central Sector,Infrastructure,National Highways Authority of India [NHAI],Kerala,3273.61,3200.24,1226.55,71.2,2021-12-01,2025-02-01,2027-03-01,25,-2.24,1,0,0,1,1,2026-09-30
PRJ-1249,Central Sector,Infrastructure,National Highways Authority of India [NHAI],Kerala,2842.14,3680.49,895.86,73.89,2021-06-01,2024-10-01,2027-03-01,29,29.5,1,1,1,1,1,2026-09-30
PRJ-1250,Central Sector,Infrastructure,National Highways Authority of India [NHAI],Kerala,1187.47,1265.47,631.69,52.71,2022-09-01,2025-06-01,2026-05-01,11,6.57,1,1,1,1,1,2026-09-30
PRJ-1251,Central Sector,Infrastructure,National Highways Authority of India [NHAI],Kerala,1424.77,2139.18,1048.92,98.75,2018-02-01,2023-02-01,2026-05-01,39,50.14,1,1,1,1,1,2026-09-30
PRJ-1252,Central Sector,Infrastructure,National Highways Authority of India [NHAI],Kerala,3041.65,3867.66,1007.02,86.65,2020-06-01,2024-01-01,2027-03-01,38,27.16,1,1,1,1,1,2026-09-30
PRJ-1253,Central Sector,Infrastructure,National Highways Authority of India [NHAI],Kerala,2641.37,3309.06,891.4,81.8,2021-06-01,2025-03-01,2026-06-01,15,25.28,1,1,1,1,1,2026-09-30
PRJ-1254,Central Sector,Infrastructure,National Highways Authority of India [NHAI],Kerala,3635.64,3526.33,573.31,44.34,2021-12-01,2025-01-01,2026-12-01,23,-3.01,1,0,0,1,1,2026-09-30
PRJ-1255,Central Sector,Infrastructure,NHIDCL,Ladakh,398.37,398.37,282.19,90.59,2021-03-01,2023-01-01,2026-07-01,42,0.0,1,0,0,1,1,2026-09-30
PRJ-1256,Central Sector,Infrastructure,NHIDCL,Ladakh,381.01,381.01,221.62,82.74,2021-03-01,2023-01-01,2026-07-01,42,0.0,1,0,0,1,1,2026-09-30
PRJ-1257,Central Sector,Infrastructure,NHIDCL,Ladakh,404.89,404.89,321.28,75.38,2021-03-01,2023-01-01,2026-10-01,45,0.0,1,0,0,1,1,2026-09-30
PRJ-1258,Central Sector,Infrastructure,MoRTH,Madhya Pradesh,648.05,648.05,0.0,50.0,2024-03-01,2027-02-01,2027-02-01,0,0.0,0,0,0,0,0,2026-09-30
PRJ-1259,Central Sector,Infrastructure,MoRTH,Madhya Pradesh,511.83,613.16,0.0,94.5,2015-03-01,2017-07-01,2026-06-01,107,19.8,1,1,1,1,1,2026-09-30
PRJ-1260,Central Sector,Infrastructure,MoRTH,Madhya Pradesh,241.23,250.09,0.0,29.09,2022-03-01,2025-12-01,2027-06-01,18,3.67,1,1,1,1,1,2026-09-30
PRJ-1261,Central Sector,Infrastructure,MoRTH,Madhya Pradesh,329.14,319.09,0.0,93.68,2022-01-01,2025-09-01,2026-05-01,8,-3.05,1,0,0,1,1,2026-09-30
PRJ-1262,Central Sector,Infrastructure,MoRTH,Madhya Pradesh,365.21,365.21,0.0,88.0,2022-03-01,2025-05-01,2026-06-01,13,0.0,1,0,0,1,1,2026-09-30
PRJ-1263,Central Sector,Infrastructure,MoRTH,Madhya Pradesh,386.49,386.49,164.43,64.71,2022-03-01,2025-02-01,2026-06-01,16,0.0,1,0,0,1,1,2026-09-30
PRJ-1264,Central Sector,Infrastructure,MoRTH,Madhya Pradesh,425.97,425.97,0.0,19.31,2024-02-01,2027-06-01,2027-06-01,0,0.0,0,0,0,0,0,2026-09-30
PRJ-1265,Central Sector,Infrastructure,MoRTH,Madhya Pradesh,275.4,275.4,0.0,53.0,2023-03-01,2026-05-01,2026-12-01,7,0.0,1,0,0,1,1,2026-09-30
PRJ-1266,Central Sector,Infrastructure,MoRTH,Madhya Pradesh,315.55,315.55,0.0,25.3,2023-03-01,2026-11-01,2026-11-01,0,0.0,0,0,0,0,0,2026-09-30
PRJ-1267,Central Sector,Infrastructure,MoRTH,Madhya Pradesh,492.12,523.71,0.0,87.5,2022-03-01,2026-07-01,2026-07-01,0,6.42,0,1,1,0,0,2026-09-30
PRJ-1268,Central Sector,Infrastructure,MoRTH,Madhya Pradesh,851.4,851.4,0.0,0.0,2024-02-01,2028-03-01,2028-03-01,0,0.0,0,0,0,0,0,2026-09-30
PRJ-1269,Central Sector,Infrastructure,MoRTH,Madhya Pradesh,179.18,179.18,71.77,67.0,2022-03-01,2024-12-01,2024-12-01,0,0.0,0,0,0,0,0,2026-09-30
PRJ-1270,Central Sector,Infrastructure,MoRTH,Madhya Pradesh,158.36,158.36,0.0,60.0,2022-03-01,2025-10-01,2026-12-01,14,0.0,1,0,0,1,1,2026-09-30
PRJ-1271,Central Sector,Infrastructure,MoRTH,Madhya Pradesh,305.12,293.74,0.0,78.0,2021-12-01,2024-10-01,2026-06-01,20,-3.73,1,0,0,1,1,2026-09-30
PRJ-1272,Central Sector,Infrastructure,MoRTH,Madhya Pradesh,467.93,467.93,0.0,86.03,2023-03-01,2026-12-01,2026-12-01,0,0.0,0,0,0,0,0,2026-09-30
PRJ-1273,Central Sector,Infrastructure,MoRTH,Madhya Pradesh,492.66,492.66,0.0,69.25,2023-02-01,2026-10-01,2026-10-01,0,0.0,0,0,0,0,0,2026-09-30
PRJ-1274,Central Sector,Infrastructure,MoRTH,Madhya Pradesh,348.06,348.06,0.0,68.41,2023-03-01,2026-06-01,2026-12-01,6,0.0,1,0,0,1,0,2026-09-30
PRJ-1275,Central Sector,Infrastructure,MoRTH,Madhya Pradesh,416.96,416.96,0.0,13.11,2023-03-01,2026-12-01,2026-12-01,0,0.0,0,0,0,0,0,2026-09-30
PRJ-1276,Central Sector,Infrastructure,MoRTH,Madhya Pradesh,214.07,214.07,0.0,40.3,2023-03-01,2025-09-01,2026-12-01,15,0.0,1,0,0,1,1,2026-09-30
PRJ-1277,Central Sector,Infrastructure,MoRTH,Madhya Pradesh,352.69,352.69,0.0,47.29,2022-03-01,2026-01-01,2026-10-01,9,0.0,1,0,0,1,1,2026-09-30
PRJ-1278,Central Sector,Infrastructure,National Highways Authority of India [NHAI],Madhya Pradesh,998.95,998.95,20.06,0.0,2025-03-01,2028-01-01,2028-01-01,0,0.0,0,0,0,0,0,2026-09-30
PRJ-1279,Central Sector,Infrastructure,National Highways Authority of India [NHAI],Madhya Pradesh,207.77,211.27,122.83,76.77,2022-08-01,2024-07-01,2026-12-01,29,1.68,1,1,1,1,1,2026-09-30
PRJ-1280,Central Sector,Infrastructure,National Highways Authority of India [NHAI],Madhya Pradesh,1162.8,1530.82,527.99,84.8,2022-03-01,2025-01-01,2026-10-01,21,31.65,1,1,1,1,1,2026-09-30
PRJ-1281,Central Sector,Infrastructure,National Highways Authority of India [NHAI],Madhya Pradesh,1001.69,888.81,698.97,89.0,2021-01-01,2024-04-01,2026-07-01,27,-11.27,1,0,0,1,1,2026-09-30
PRJ-1282,Central Sector,Infrastructure,National Highways Authority of India [NHAI],Madhya Pradesh,1504.37,1132.34,501.44,86.2,2022-11-01,2026-01-01,2026-07-01,6,-24.73,1,0,0,1,0,2026-09-30
PRJ-1283,Central Sector,Infrastructure,National Highways Authority of India [NHAI],Madhya Pradesh,1175.0,217.22,14.04,99.93,2009-12-01,2013-02-01,2026-05-01,159,-81.51,1,0,0,1,1,2026-09-30
PRJ-1284,Central Sector,Infrastructure,National Highways Authority of India [NHAI],Madhya Pradesh,521.21,469.68,196.17,63.62,2022-11-01,2025-10-01,2026-09-01,11,-9.89,1,0,0,1,1,2026-09-30
PRJ-1285,Central Sector,Infrastructure,National Highways Authority of India [NHAI],Madhya Pradesh,200.99,120.75,109.85,85.42,2024-03-01,2026-08-01,2026-08-01,0,-39.92,0,0,0,0,0,2026-09-30
PRJ-1286,Central Sector,Infrastructure,National Highways Authority of India [NHAI],Madhya Pradesh,1032.3,1038.18,44.78,8.96,2024-10-01,2027-11-01,2027-11-01,0,0.57,0,1,1,0,0,2026-09-30
PRJ-1287,Central Sector,Infrastructure,National Highways Authority of India [NHAI],Madhya Pradesh,980.2,980.2,0.81,1.7,2024-10-01,2028-03-01,2028-03-01,0,0.0,0,0,0,0,0,2026-09-30
PRJ-1288,Central Sector,Infrastructure,National Highways Authority of India [NHAI],Madhya Pradesh,1003.87,941.12,384.59,83.34,2022-09-01,2025-12-01,2026-05-01,5,-6.25,1,0,0,1,0,2026-09-30
PRJ-1289,Central Sector,Infrastructure,National Highways Authority of India [NHAI],Madhya Pradesh,524.84,471.31,368.56,88.0,2022-02-01,2024-11-01,2026-06-01,19,-10.2,1,0,0,1,1,2026-09-30
PRJ-1290,Central Sector,Infrastructure,National Highways Authority of India [NHAI],Madhya Pradesh,790.78,660.38,454.77,98.64,2021-03-01,2024-04-01,2026-05-01,25,-16.49,1,0,0,1,1,2026-09-30
PRJ-1291,Central Sector,Infrastructure,National Highways Authority of India [NHAI],Madhya Pradesh,710.92,539.08,431.99,87.65,2022-08-01,2026-08-01,2026-08-01,0,-24.17,0,0,0,0,0,2026-09-30
PRJ-1292,Central Sector,Infrastructure,National Highways Authority of India [NHAI],Madhya Pradesh,1005.59,882.21,111.76,20.84,2024-10-01,2027-10-01,2026-10-01,0,-12.27,0,0,0,0,0,2026-09-30
PRJ-1293,Central Sector,Infrastructure,National Highways Authority of India [NHAI],Madhya Pradesh,618.33,342.69,5.01,5.08,2025-03-01,2027-12-01,2027-12-01,0,-44.58,0,0,0,0,0,2026-09-30
PRJ-1294,Central Sector,Infrastructure,National Highways Authority of India [NHAI],Madhya Pradesh,903.44,592.44,104.59,25.02,2024-10-01,2027-11-01,2027-11-01,0,-34.42,0,0,0,0,0,2026-09-30
PRJ-1295,Central Sector,Infrastructure,National Highways Authority of India [NHAI],Madhya Pradesh,917.26,786.47,492.01,74.56,2022-11-01,2026-03-01,2026-10-01,7,-14.26,1,0,0,1,1,2026-09-30
PRJ-1296,Central Sector,Infrastructure,National Highways Authority of India [NHAI],Madhya Pradesh,911.24,773.23,495.48,77.0,2022-09-01,2026-03-01,2026-05-01,2,-15.15,1,0,0,1,0,2026-09-30
PRJ-1297,Central Sector,Infrastructure,National Highways Authority of India [NHAI],Madhya Pradesh,612.94,509.82,327.15,76.1,2022-08-01,2026-03-01,2026-06-01,3,-16.82,1,0,0,1,0,2026-09-30
PRJ-1298,Central Sector,Infrastructure,National Highways Authority of India [NHAI],Madhya Pradesh,652.33,651.88,468.6,88.0,2022-09-01,2025-03-01,2026-05-01,14,-0.07,1,0,0,1,1,2026-09-30
PRJ-1299,Central Sector,Infrastructure,National Highways Authority of India [NHAI],Madhya Pradesh,794.7,539.9,69.33,25.12,2024-10-01,2027-10-01,2027-10-01,0,-32.06,0,0,0,0,0,2026-09-30
PRJ-1300,Central Sector,Infrastructure,National Highways Authority of India [NHAI],Madhya Pradesh,1011.29,813.03,416.8,91.73,2022-01-01,2024-10-01,2026-06-01,20,-19.6,1,0,0,1,1,2026-09-30
PRJ-1301,Central Sector,Infrastructure,National Highways Authority of India [NHAI],Madhya Pradesh,1146.22,1240.64,626.01,98.21,2020-01-01,2023-10-01,2026-05-01,31,8.24,1,1,1,1,1,2026-09-30
PRJ-1302,Central Sector,Infrastructure,National Highways Authority of India [NHAI],Madhya Pradesh,178.18,153.15,142.2,57.14,2021-01-01,2023-07-01,2024-04-01,9,-14.05,1,0,0,1,1,2026-09-30
PRJ-1303,Central Sector,Infrastructure,National Highways Authority of India [NHAI],Madhya Pradesh,909.84,976.55,436.44,99.0,2021-12-01,2024-05-01,2026-05-01,24,7.33,1,1,1,1,1,2026-09-30
PRJ-1304,Central Sector,Infrastructure,National Highways Authority of India [NHAI],Madhya Pradesh,581.65,592.71,243.28,69.04,2022-10-01,2025-09-01,2027-01-01,16,1.9,1,1,1,1,1,2026-09-30
PRJ-1305,Central Sector,Infrastructure,National Highways Authority of India [NHAI],Madhya Pradesh,950.27,788.33,397.17,100.0,2017-08-01,2020-02-01,2026-05-01,75,-17.04,1,0,0,1,1,2026-09-30
PRJ-1306,Central Sector,Infrastructure,NHAI,Madhya Pradesh,355.36,355.36,208.94,84.44,2023-08-01,2026-04-01,2026-10-01,6,0.0,1,0,0,1,0,2026-09-30
PRJ-1307,Central Sector,Infrastructure,National Highways Authority of India [NHAI],Madhya Pradesh,1534.7,1472.68,307.46,10.07,2024-02-01,2027-12-01,2027-12-01,0,-4.04,0,0,0,0,0,2026-09-30
PRJ-1308,Central Sector,Infrastructure,National Highways Authority of India [NHAI],Madhya Pradesh,1430.56,1430.56,8.62,0.0,2024-03-01,2028-03-01,2028-03-01,0,0.0,0,0,0,0,0,2026-09-30
PRJ-1309,Central Sector,Infrastructure,National Highways Authority of India [NHAI],Madhya Pradesh,1102.97,770.21,65.45,18.4,2024-03-01,2027-08-01,2027-05-01,0,-30.17,0,0,0,0,0,2026-09-30
PRJ-1310,Central Sector,Infrastructure,National Highways Authority of India [NHAI],Madhya Pradesh,784.14,836.64,317.58,42.83,2024-02-01,2027-03-01,2027-03-01,0,6.7,0,1,1,0,0,2026-09-30
PRJ-1311,Central Sector,Infrastructure,National Highways Authority of India [NHAI],Madhya Pradesh,1425.98,1425.98,66.78,8.02,2025-03-01,2028-01-01,2028-01-01,0,0.0,0,0,0,0,0,2026-09-30
PRJ-1312,Central Sector,Infrastructure,National Highways Authority of India [NHAI],Madhya Pradesh,1123.17,1103.22,94.69,15.72,2024-02-01,2027-08-01,2027-08-01,0,-1.78,0,0,0,0,0,2026-09-30
PRJ-1313,Central Sector,Infrastructure,MoRTH,Madhya Pradesh,461.23,461.23,0.0,0.0,2023-03-01,2028-01-01,2028-01-01,0,0.0,0,0,0,0,0,2026-09-30
PRJ-1314,Central Sector,Infrastructure,National Highways Authority of India [NHAI],Madhya Pradesh,866.0,1185.04,638.17,99.8,2020-01-01,2023-08-01,2026-06-01,34,36.84,1,1,1,1,1,2026-09-30
PRJ-1315,Central Sector,Infrastructure,National Highways Authority of India [NHAI],Madhya Pradesh,1081.51,1146.63,356.17,40.25,2023-01-01,2026-03-01,2026-12-01,9,6.02,1,1,1,1,1,2026-09-30
PRJ-1316,Central Sector,Infrastructure,MoRTH,Maharashtra,619.55,619.55,0.0,6.05,2024-03-01,2027-10-01,2027-10-01,0,0.0,0,0,0,0,0,2026-09-30
PRJ-1317,Central Sector,Infrastructure,MoRTH,Maharashtra,478.83,490.52,0.0,95.0,2021-03-01,2024-03-01,2025-04-01,13,2.44,1,1,1,1,1,2026-09-30
PRJ-1318,Central Sector,Infrastructure,MoRTH,Maharashtra,496.64,496.64,0.0,70.14,2022-03-01,2024-10-01,2026-06-01,20,0.0,1,0,0,1,1,2026-09-30
PRJ-1319,Central Sector,Infrastructure,MoRTH,Maharashtra,984.07,984.07,0.0,100.0,2023-02-01,2026-08-01,2026-08-01,0,0.0,0,0,0,0,0,2026-09-30
PRJ-1320,Central Sector,Infrastructure,MoRTH,Maharashtra,406.54,406.54,0.0,95.84,2017-07-01,2019-09-01,2026-06-01,81,0.0,1,0,0,1,1,2026-09-30
PRJ-1321,Central Sector,Infrastructure,MoRTH,Maharashtra,809.77,809.77,0.0,0.0,2024-11-01,2028-04-01,2028-04-01,0,0.0,0,0,0,0,0,2026-09-30
PRJ-1322,Central Sector,Infrastructure,MoRTH,Maharashtra,574.18,574.18,0.06,10.0,2024-12-01,2027-03-01,2027-03-01,0,0.0,0,0,0,0,0,2026-09-30
PRJ-1323,Central Sector,Infrastructure,MoRTH,Maharashtra,680.43,701.46,0.0,98.37,2018-09-01,2021-04-01,2021-04-01,0,3.09,0,1,1,0,0,2026-09-30
PRJ-1324,Central Sector,Infrastructure,MoRTH,Maharashtra,354.21,354.21,0.0,52.09,2025-03-01,2027-04-01,2027-04-01,0,0.0,0,0,0,0,0,2026-09-30
PRJ-1325,Central Sector,Infrastructure,MoRTH,Maharashtra,1142.62,1142.62,0.0,97.5,2016-03-01,2020-02-01,2025-12-01,70,0.0,1,0,0,1,1,2026-09-30
PRJ-1326,Central Sector,Infrastructure,MoRTH,Maharashtra,1006.99,1443.09,0.0,80.06,2016-03-01,2019-11-01,2026-03-01,76,43.31,1,1,1,1,1,2026-09-30
PRJ-1327,Central Sector,Infrastructure,MoRTH,Maharashtra,1117.75,2020.56,287.96,90.14,2016-03-01,2019-11-01,2025-11-01,72,80.77,1,1,1,1,1,2026-09-30
PRJ-1328,Central Sector,Infrastructure,MoRTH,Maharashtra,195.38,195.38,0.0,80.0,2022-06-01,2024-07-01,2026-06-01,23,0.0,1,0,0,1,1,2026-09-30
PRJ-1329,Central Sector,Infrastructure,MoRTH,Maharashtra,631.76,631.76,187.58,74.54,2024-03-01,2027-05-01,2027-05-01,0,0.0,0,0,0,0,0,2026-09-30
PRJ-1330,Central Sector,Infrastructure,MoRTH,Maharashtra,533.76,533.76,0.0,68.95,2024-03-01,2027-05-01,2026-11-01,0,0.0,0,0,0,0,0,2026-09-30
PRJ-1331,Central Sector,Infrastructure,MoRTH,Maharashtra,163.86,163.86,0.0,42.78,2022-03-01,2025-05-01,2026-03-01,10,0.0,1,0,0,1,1,2026-09-30
PRJ-1332,Central Sector,Infrastructure,MoRTH,Maharashtra,213.33,213.33,0.0,95.88,2022-03-01,2024-09-01,2024-09-01,0,0.0,0,0,0,0,0,2026-09-30
PRJ-1333,Central Sector,Infrastructure,MoRTH,Maharashtra,657.16,657.16,0.0,72.2,2024-03-01,2027-05-01,2027-05-01,0,0.0,0,0,0,0,0,2026-09-30
PRJ-1334,Central Sector,Infrastructure,MoRTH,Maharashtra,183.41,183.41,64.87,95.0,2024-03-01,2026-07-01,2026-07-01,0,0.0,0,0,0,0,0,2026-09-30
PRJ-1335,Central Sector,Infrastructure,MoRTH,Maharashtra,328.11,328.11,0.0,34.15,2023-02-01,2025-08-01,2026-07-01,11,0.0,1,0,0,1,1,2026-09-30
PRJ-1336,Central Sector,Infrastructure,MoRTH,Maharashtra,386.16,386.16,30.86,56.86,2024-03-01,2026-09-01,2026-09-01,0,0.0,0,0,0,0,0,2026-09-30
PRJ-1337,Central Sector,Infrastructure,MoRTH,Maharashtra,316.44,316.44,0.0,31.97,2022-03-01,2025-09-01,2026-08-01,11,0.0,1,0,0,1,1,2026-09-30
PRJ-1338,Central Sector,Infrastructure,MoRTH,Maharashtra,325.79,325.79,9.87,27.0,2024-09-01,2026-12-01,2026-12-01,0,0.0,0,0,0,0,0,2026-09-30
PRJ-1339,Central Sector,Infrastructure,MoRTH,Maharashtra,206.54,206.54,0.0,65.14,2022-03-01,2025-04-01,2026-06-01,14,0.0,1,0,0,1,1,2026-09-30
PRJ-1340,Central Sector,Infrastructure,MoRTH,Maharashtra,545.64,545.64,0.0,97.25,2017-02-01,2019-06-01,2025-11-01,77,0.0,1,0,0,1,1,2026-09-30
PRJ-1341,Central Sector,Infrastructure,MoRTH,Maharashtra,369.39,369.39,323.75,86.3,2018-03-01,2019-12-01,2025-12-01,72,0.0,1,0,0,1,1,2026-09-30
PRJ-1342,Central Sector,Infrastructure,MoRTH,Maharashtra,181.45,181.45,0.0,87.0,2024-02-01,2026-04-01,2026-07-01,3,0.0,1,0,0,1,0,2026-09-30
PRJ-1343,Central Sector,Infrastructure,MoRTH,Maharashtra,407.2,407.2,0.0,91.89,2017-01-01,2019-06-01,2025-08-01,74,0.0,1,0,0,1,1,2026-09-30
PRJ-1344,Central Sector,Infrastructure,MoRTH,Maharashtra,167.97,167.97,0.0,93.75,2021-03-01,2024-05-01,2026-03-01,22,0.0,1,0,0,1,1,2026-09-30
PRJ-1345,Central Sector,Infrastructure,MoRTH,Maharashtra,164.13,164.13,98.68,100.0,2024-03-01,2026-04-01,2026-04-01,0,0.0,0,0,0,0,0,2026-09-30
PRJ-1346,Central Sector,Infrastructure,MoRTH,Maharashtra,280.57,280.57,0.0,61.61,2021-03-01,2024-05-01,2026-05-01,24,0.0,1,0,0,1,1,2026-09-30
PRJ-1347,Central Sector,Infrastructure,MoRTH,Maharashtra,459.39,459.39,0.0,69.15,2023-02-01,2026-09-01,2026-09-01,0,0.0,0,0,0,0,0,2026-09-30
PRJ-1348,Central Sector,Infrastructure,MoRTH,Maharashtra,224.44,224.44,0.0,91.0,2021-03-01,2023-09-01,2026-03-01,30,0.0,1,0,0,1,1,2026-09-30
PRJ-1349,Central Sector,Infrastructure,MoRTH,Maharashtra,540.35,540.35,95.57,49.89,2024-03-01,2027-05-01,2027-05-01,0,0.0,0,0,0,0,0,2026-09-30
PRJ-1350,Central Sector,Infrastructure,MoRTH,Maharashtra,349.57,349.57,0.0,41.13,2024-03-01,2026-11-01,2026-11-01,0,0.0,0,0,0,0,0,2026-09-30
PRJ-1351,Central Sector,Infrastructure,MoRTH,Maharashtra,355.12,355.12,0.0,43.46,2024-03-01,2026-09-01,2026-09-01,0,0.0,0,0,0,0,0,2026-09-30
PRJ-1352,Central Sector,Infrastructure,MoRTH,Maharashtra,761.83,761.83,0.0,15.0,2024-03-01,2027-05-01,2027-05-01,0,0.0,0,0,0,0,0,2026-09-30
PRJ-1353,Central Sector,Infrastructure,MoRTH,Maharashtra,488.6,488.6,0.0,96.19,2017-01-01,2019-07-01,2025-12-01,77,0.0,1,0,0,1,1,2026-09-30
PRJ-1354,Central Sector,Infrastructure,MoRTH,Maharashtra,653.46,653.46,7.33,98.08,2017-01-01,2019-08-01,2025-07-01,71,0.0,1,0,0,1,1,2026-09-30
PRJ-1355,Central Sector,Infrastructure,MoRTH,Maharashtra,157.62,157.62,0.0,68.93,2022-03-01,2024-07-01,2026-06-01,23,0.0,1,0,0,1,1,2026-09-30
PRJ-1356,Central Sector,Infrastructure,MoRTH,Maharashtra,396.17,396.17,85.57,70.8,2024-03-01,2026-07-01,2026-07-01,0,0.0,0,0,0,0,0,2026-09-30
PRJ-1357,Central Sector,Infrastructure,MoRTH,Maharashtra,341.8,341.8,0.0,82.0,2017-03-01,2019-06-01,2026-05-01,83,0.0,1,0,0,1,1,2026-09-30
PRJ-1358,Central Sector,Infrastructure,MoRTH,Maharashtra,381.77,381.77,0.0,83.93,2017-02-01,2019-06-01,2025-09-01,75,0.0,1,0,0,1,1,2026-09-30
PRJ-1359,Central Sector,Infrastructure,MoRTH,Maharashtra,226.58,226.58,0.0,100.0,2024-03-01,2026-10-01,2026-10-01,0,0.0,0,0,0,0,0,2026-09-30
PRJ-1360,Central Sector,Infrastructure,MoRTH,Maharashtra,428.8,428.8,0.0,93.46,2022-03-01,2025-05-01,2026-06-01,13,0.0,1,0,0,1,1,2026-09-30
PRJ-1361,Central Sector,Infrastructure,MoRTH,Maharashtra,349.08,349.08,0.0,21.6,2025-03-01,2028-01-01,2028-01-01,0,0.0,0,0,0,0,0,2026-09-30
PRJ-1362,Central Sector,Infrastructure,MoRTH,Maharashtra,227.19,227.19,0.0,99.15,2018-03-01,2019-12-01,2025-12-01,72,0.0,1,0,0,1,1,2026-09-30
PRJ-1363,Central Sector,Infrastructure,MoRTH,Maharashtra,162.67,162.67,0.0,72.0,2024-02-01,2026-06-01,2026-05-01,0,0.0,0,0,0,0,0,2026-09-30
PRJ-1364,Central Sector,Infrastructure,MoRTH,Maharashtra,181.58,181.58,0.0,93.01,2024-03-01,2026-02-01,2026-02-01,0,0.0,0,0,0,0,0,2026-09-30
PRJ-1365,Central Sector,Infrastructure,MoRTH,Maharashtra,223.46,223.46,0.0,89.08,2018-03-01,2019-12-01,2024-06-01,54,0.0,1,0,0,1,1,2026-09-30
PRJ-1366,Central Sector,Infrastructure,MoRTH,Maharashtra,153.79,153.79,0.0,98.0,2023-03-01,2025-07-01,2025-03-01,0,0.0,0,0,0,0,0,2026-09-30
PRJ-1367,Central Sector,Infrastructure,MoRTH,Maharashtra,253.78,253.78,0.0,99.75,2023-02-01,2025-05-01,2026-06-01,13,0.0,1,0,0,1,1,2026-09-30
PRJ-1368,Central Sector,Infrastructure,MoRTH,Maharashtra,388.93,341.69,0.0,93.0,2018-03-01,2024-01-01,2026-06-01,29,-12.15,1,0,0,1,1,2026-09-30
PRJ-1369,Central Sector,Infrastructure,MoRTH,Maharashtra,723.13,723.13,0.0,48.5,2023-02-01,2026-07-01,2026-07-01,0,0.0,0,0,0,0,0,2026-09-30
PRJ-1370,Central Sector,Infrastructure,National Highways Authority of India [NHAI],Maharashtra,1524.71,1913.95,813.35,99.76,2020-06-01,2024-05-01,2026-04-01,23,25.53,1,1,1,1,1,2026-09-30
PRJ-1371,Central Sector,Infrastructure,National Highways Authority of India [NHAI],Maharashtra,3536.9,4679.54,1792.74,90.86,2020-06-01,2024-02-01,2026-07-01,29,32.31,1,1,1,1,1,2026-09-30
PRJ-1372,Central Sector,Infrastructure,National Highways Authority of India [NHAI],Maharashtra,2058.79,2324.72,629.88,86.0,2021-05-01,2024-05-01,2026-05-01,24,12.92,1,1,1,1,1,2026-09-30
PRJ-1373,Central Sector,Infrastructure,National Highways Authority of India [NHAI],Maharashtra,2610.88,2918.39,621.7,91.5,2021-05-01,2024-05-01,2026-06-01,25,11.78,1,1,1,1,1,2026-09-30
PRJ-1374,Central Sector,Infrastructure,National Highways Authority of India [NHAI],Maharashtra,4051.8,4315.56,905.74,90.7,2021-06-01,2024-10-01,2026-06-01,20,6.51,1,1,1,1,1,2026-09-30
PRJ-1375,Central Sector,Infrastructure,National Highways Authority of India [NHAI],Maharashtra,2208.68,2463.02,827.11,84.25,2021-09-01,2025-07-01,2026-06-01,11,11.52,1,1,1,1,1,2026-09-30
PRJ-1376,Central Sector,Infrastructure,National Highways Authority of India [NHAI],Maharashtra,604.59,388.78,44.03,14.7,2025-01-01,2026-06-01,2027-06-01,12,-35.7,1,0,0,1,1,2026-09-30
PRJ-1377,Central Sector,Infrastructure,National Highways Authority of India [NHAI],Maharashtra,907.03,816.12,538.76,87.27,2017-11-01,2022-02-01,2026-08-01,54,-10.02,1,0,0,1,1,2026-09-30
PRJ-1378,Central Sector,Infrastructure,National Highways Authority of India [NHAI],Maharashtra,2111.95,1435.46,631.63,49.88,2021-12-01,2025-01-01,2027-02-01,25,-32.03,1,0,0,1,1,2026-09-30
PRJ-1379,Central Sector,Infrastructure,National Highways Authority of India [NHAI],Maharashtra,2330.71,317.4,196.85,73.96,2021-12-01,2024-12-01,2026-12-01,24,-86.38,1,0,0,1,1,2026-09-30
PRJ-1380,Central Sector,Infrastructure,National Highways Authority of India [NHAI],Maharashtra,1038.84,918.53,658.44,81.77,2023-03-01,2026-06-01,2026-07-01,1,-11.58,1,0,0,1,0,2026-09-30
PRJ-1381,Central Sector,Infrastructure,National Highways Authority of India [NHAI],Maharashtra,856.93,718.84,123.7,31.5,2024-02-01,2027-04-01,2027-11-01,7,-16.11,1,0,0,1,1,2026-09-30
PRJ-1382,Central Sector,Infrastructure,National Highways Authority of India [NHAI],Maharashtra,254.78,147.64,99.89,76.0,2025-03-01,2026-06-01,2026-06-01,0,-42.05,0,0,0,0,0,2026-09-30
PRJ-1383,Central Sector,Infrastructure,National Highways Authority of India [NHAI],Maharashtra,540.24,468.92,464.26,99.79,2021-02-01,2023-11-01,2026-05-01,30,-13.2,1,0,0,1,1,2026-09-30
PRJ-1384,Central Sector,Infrastructure,National Highways Authority of India [NHAI],Maharashtra,329.82,196.87,185.0,96.89,2022-12-01,2024-10-01,2026-05-01,19,-40.31,1,0,0,1,1,2026-09-30
PRJ-1385,Central Sector,Infrastructure,National Highways Authority of India [NHAI],Maharashtra,819.52,400.0,121.02,62.03,2023-12-01,2026-10-01,2027-04-01,6,-51.19,1,0,0,1,0,2026-09-30
PRJ-1386,Central Sector,Infrastructure,National Highways Authority of India [NHAI],Maharashtra,168.52,112.03,10.11,26.37,2025-01-01,2027-01-01,2027-01-01,0,-33.52,0,0,0,0,0,2026-09-30
PRJ-1387,Central Sector,Infrastructure,National Highways Authority of India [NHAI],Maharashtra,150.21,87.59,58.75,48.0,2022-08-01,2025-10-01,2026-08-01,10,-41.69,1,0,0,1,1,2026-09-30
PRJ-1388,Central Sector,Infrastructure,National Highways Authority of India [NHAI],Maharashtra,2267.99,2560.5,990.0,98.84,2016-06-01,2021-07-01,2026-04-01,57,12.9,1,1,1,1,1,2026-09-30
PRJ-1389,Central Sector,Infrastructure,National Highways Authority of India [NHAI],Maharashtra,1241.38,3342.11,785.13,100.0,2018-03-01,2021-03-01,2024-02-01,35,169.23,1,1,1,1,1,2026-09-30
PRJ-1390,Central Sector,Infrastructure,National Highways Authority of India [NHAI],Maharashtra,1236.08,3466.58,899.6,96.2,2018-03-01,2021-03-01,2027-03-01,72,180.45,1,1,1,1,1,2026-09-30
PRJ-1391,Central Sector,Infrastructure,National Highways Authority of India [NHAI],Maharashtra,1344.78,1292.7,791.69,97.69,2021-02-01,2024-07-01,2026-07-01,24,-3.87,1,0,0,1,1,2026-09-30
PRJ-1392,Central Sector,Infrastructure,National Highways Authority of India [NHAI],Maharashtra,538.11,307.24,96.11,33.37,2025-03-01,2027-06-01,2027-06-01,0,-42.9,0,0,0,0,0,2026-09-30
PRJ-1393,Central Sector,Infrastructure,NHAI,Maharashtra,862.0,617.93,210.27,36.32,2024-10-01,2027-04-01,2027-04-01,0,-28.31,0,0,0,0,0,2026-09-30
PRJ-1394,Central Sector,Infrastructure,National Highways Authority of India [NHAI],Maharashtra,1985.38,1798.0,389.68,79.18,2022-02-01,2025-05-01,2027-03-01,22,-9.44,1,0,0,1,1,2026-09-30
PRJ-1395,Central Sector,Infrastructure,National Highways Authority of India [NHAI],Maharashtra,1939.23,1910.41,458.94,66.45,2022-02-01,2025-05-01,2027-03-01,22,-1.49,1,0,0,1,1,2026-09-30
PRJ-1396,Central Sector,Infrastructure,National Highways Authority of India [NHAI],Maharashtra,1166.96,1432.82,971.38,81.54,2021-02-01,2023-10-01,2026-10-01,36,22.78,1,1,1,1,1,2026-09-30
PRJ-1397,Central Sector,Infrastructure,National Highways Authority of India [NHAI],Maharashtra,191.31,107.76,25.19,29.96,2025-02-01,2027-07-01,2027-07-01,0,-43.67,0,0,0,0,0,2026-09-30
PRJ-1398,Central Sector,Infrastructure,MoRTH,Maharashtra,157.69,157.69,0.0,0.0,2025-03-01,2027-07-01,2026-07-01,0,0.0,0,0,0,0,0,2026-09-30
PRJ-1399,Central Sector,Infrastructure,MoRTH,Maharashtra,163.51,163.51,0.0,80.57,2021-02-01,2026-02-01,2023-02-01,0,0.0,0,0,0,0,0,2026-09-30
PRJ-1400,Central Sector,Infrastructure,National Highways Authority of India [NHAI],Maharashtra,361.72,425.51,64.35,99.05,2009-09-01,2022-05-01,2026-06-01,49,17.64,1,1,1,1,1,2026-09-30
PRJ-1401,Central Sector,Infrastructure,National Highways Authority of India [NHAI],Maharashtra,546.44,472.1,420.38,81.63,2022-06-01,2024-05-01,2026-06-01,25,-13.6,1,0,0,1,1,2026-09-30
PRJ-1402,Central Sector,Infrastructure,National Highways Authority of India [NHAI],Maharashtra,1774.03,2108.41,749.83,93.75,2022-02-01,2024-11-01,2026-11-01,24,18.85,1,1,1,1,1,2026-09-30
PRJ-1403,Central Sector,Infrastructure,National Highways Authority of India [NHAI],Maharashtra,1471.32,1297.48,927.1,86.2,2021-01-01,2023-09-01,2026-06-01,33,-11.82,1,0,0,1,1,2026-09-30
PRJ-1404,Central Sector,Infrastructure,National Highways Authority of India [NHAI],Maharashtra,1711.38,2388.52,979.26,99.38,2020-08-01,2024-03-01,2026-05-01,26,39.57,1,1,1,1,1,2026-09-30
PRJ-1405,Central Sector,Infrastructure,National Highways Authority of India [NHAI],Maharashtra,1252.92,1371.27,482.26,76.6,2018-03-01,2021-07-01,2026-05-01,58,9.45,1,1,1,1,1,2026-09-30
PRJ-1406,Central Sector,Infrastructure,National Highways Authority of India [NHAI],Maharashtra,1709.56,2049.51,1125.89,98.52,2021-10-01,2024-05-01,2026-04-01,23,19.89,1,1,1,1,1,2026-09-30
PRJ-1407,Central Sector,Infrastructure,National Highways Authority of India [NHAI],Maharashtra,1411.71,1358.68,1047.19,97.4,2021-01-01,2023-09-01,2026-05-01,32,-3.76,1,0,0,1,1,2026-09-30
PRJ-1408,Central Sector,Infrastructure,NHIDCL,Manipur,211.7,211.7,227.95,90.96,2021-03-01,2023-01-01,2026-06-01,41,0.0,1,0,0,1,1,2026-09-30
PRJ-1409,Central Sector,Infrastructure,NHIDCL,Manipur,268.98,268.98,0.0,55.15,2020-09-01,2026-06-01,2026-06-01,0,0.0,0,0,0,0,0,2026-09-30
PRJ-1410,Central Sector,Infrastructure,NHIDCL,Manipur,379.39,379.39,301.89,91.31,2020-09-01,2022-04-01,2026-08-01,52,0.0,1,0,0,1,1,2026-09-30
PRJ-1411,Central Sector,Infrastructure,NHIDCL,Manipur,228.97,228.97,33.76,48.16,2020-09-01,2026-08-01,2026-08-01,0,0.0,0,0,0,0,0,2026-09-30
PRJ-1412,Central Sector,Infrastructure,NHIDCL,Manipur,256.04,256.04,0.0,97.12,2020-03-01,2022-06-01,2026-06-01,48,0.0,1,0,0,1,1,2026-09-30
PRJ-1413,Central Sector,Infrastructure,NHIDCL,Manipur,222.77,222.77,0.0,88.85,2020-03-01,2022-06-01,2026-04-01,46,0.0,1,0,0,1,1,2026-09-30
PRJ-1414,Central Sector,Infrastructure,NHIDCL,Manipur,164.89,164.89,125.76,23.56,2023-03-01,2026-06-01,2026-10-01,4,0.0,1,0,0,1,0,2026-09-30
PRJ-1415,Central Sector,Infrastructure,NHIDCL,Manipur,554.66,554.66,201.52,22.55,2023-03-01,2026-12-01,2026-12-01,0,0.0,0,0,0,0,0,2026-09-30
PRJ-1416,Central Sector,Infrastructure,NHIDCL,Manipur,564.05,564.05,72.58,14.08,2023-03-01,2027-03-01,2027-05-01,2,0.0,1,0,0,1,0,2026-09-30
PRJ-1417,Central Sector,Infrastructure,NHIDCL,Manipur,760.16,760.16,414.38,90.52,2023-01-01,2025-12-01,2026-06-01,6,0.0,1,0,0,1,0,2026-09-30
PRJ-1418,Central Sector,Infrastructure,NHIDCL,Manipur,504.76,504.76,308.06,95.0,2021-12-01,2025-02-01,2026-05-01,15,0.0,1,0,0,1,1,2026-09-30
PRJ-1419,Central Sector,Infrastructure,NHIDCL,Manipur,410.68,410.68,339.14,89.95,2021-12-01,2024-05-01,2026-06-01,25,0.0,1,0,0,1,1,2026-09-30
PRJ-1420,Central Sector,Infrastructure,NHIDCL,Manipur,579.63,579.63,377.13,84.86,2021-09-01,2023-12-01,2026-07-01,31,0.0,1,0,0,1,1,2026-09-30
PRJ-1421,Central Sector,Infrastructure,NHIDCL,Manipur,467.0,467.0,568.72,86.33,2021-03-01,2023-03-01,2026-03-01,36,0.0,1,0,0,1,1,2026-09-30
PRJ-1422,Central Sector,Infrastructure,NHIDCL,Manipur,195.14,195.14,0.0,76.18,2021-03-01,2026-03-01,2026-05-01,2,0.0,1,0,0,1,0,2026-09-30
PRJ-1423,Central Sector,Infrastructure,NHIDCL,Manipur,673.27,673.27,500.96,82.93,2021-03-01,2023-08-01,2026-12-01,40,0.0,1,0,0,1,1,2026-09-30
PRJ-1424,Central Sector,Infrastructure,NHIDCL,Manipur,365.53,365.53,187.39,85.09,2020-06-01,2022-08-01,2026-05-01,45,0.0,1,0,0,1,1,2026-09-30
PRJ-1425,Central Sector,Infrastructure,NHIDCL,Manipur,232.99,232.99,149.21,96.35,2020-04-01,2022-06-01,2026-03-01,45,0.0,1,0,0,1,1,2026-09-30
PRJ-1426,Central Sector,Infrastructure,NHIDCL,Manipur,241.52,241.52,152.85,96.54,2020-04-01,2022-06-01,2026-03-01,45,0.0,1,0,0,1,1,2026-09-30
PRJ-1427,Central Sector,Infrastructure,NHIDCL,Manipur,177.76,177.76,1.41,0.97,2020-06-01,2026-11-01,2026-11-01,0,0.0,0,0,0,0,0,2026-09-30
PRJ-1428,Central Sector,Infrastructure,NHIDCL,Manipur,204.12,204.12,0.0,21.39,2020-04-01,2026-08-01,2026-08-01,0,0.0,0,0,0,0,0,2026-09-30
PRJ-1429,Central Sector,Infrastructure,NHIDCL,Manipur,483.87,483.87,361.96,95.28,2021-07-01,2023-03-01,2026-03-01,36,0.0,1,0,0,1,1,2026-09-30
PRJ-1430,Central Sector,Infrastructure,NHIDCL,Manipur,234.08,234.08,196.29,100.0,2021-03-01,2022-12-01,2026-04-01,40,0.0,1,0,0,1,1,2026-09-30
PRJ-1431,Central Sector,Infrastructure,NHIDCL,Manipur,477.86,477.86,330.1,84.87,2021-09-01,2023-05-01,2026-01-01,32,0.0,1,0,0,1,1,2026-09-30
PRJ-1432,Central Sector,Infrastructure,NHIDCL,Manipur,311.18,311.18,230.69,86.73,2021-09-01,2023-05-01,2025-12-01,31,0.0,1,0,0,1,1,2026-09-30
PRJ-1433,Central Sector,Infrastructure,NHIDCL,Manipur,578.98,578.98,249.29,79.5,2023-03-01,2026-03-01,2026-04-01,1,0.0,1,0,0,1,0,2026-09-30
PRJ-1434,Central Sector,Infrastructure,NHIDCL,Manipur,315.56,315.56,227.98,90.91,2021-09-01,2025-01-01,2026-07-01,18,0.0,1,0,0,1,1,2026-09-30
PRJ-1435,Central Sector,Infrastructure,NHIDCL,Manipur,310.76,310.76,247.28,96.8,2021-09-01,2024-02-01,2026-05-01,27,0.0,1,0,0,1,1,2026-09-30
PRJ-1436,Central Sector,Infrastructure,NHIDCL,Manipur,188.36,188.36,0.0,100.0,2021-02-01,2022-12-01,2026-03-01,39,0.0,1,0,0,1,1,2026-09-30
PRJ-1437,Central Sector,Infrastructure,NHIDCL,Manipur,226.32,226.32,179.09,74.58,2021-02-01,2022-12-01,2026-07-01,43,0.0,1,0,0,1,1,2026-09-30
PRJ-1438,Central Sector,Infrastructure,MoRTH,Meghalaya,302.88,302.88,182.58,99.1,2020-08-01,2023-08-01,2026-05-01,33,0.0,1,0,0,1,1,2026-09-30
PRJ-1439,Central Sector,Infrastructure,MoRTH,Meghalaya,504.0,350.67,0.0,2.5,2023-12-01,2027-05-01,2027-05-01,0,-30.42,0,0,0,0,0,2026-09-30
PRJ-1440,Central Sector,Infrastructure,NHIDCL,Meghalaya,801.07,801.07,64.53,24.13,2023-03-01,2027-09-01,2027-09-01,0,0.0,0,0,0,0,0,2026-09-30
PRJ-1441,Central Sector,Infrastructure,NHIDCL,Meghalaya,705.83,705.83,0.0,38.75,2023-03-01,2027-03-01,2027-03-01,0,0.0,0,0,0,0,0,2026-09-30
PRJ-1442,Central Sector,Infrastructure,NHIDCL,Meghalaya,284.21,284.21,0.0,38.77,2020-07-01,2026-11-01,2026-11-01,0,0.0,0,0,0,0,0,2026-09-30
PRJ-1443,Central Sector,Infrastructure,NHIDCL,Meghalaya,445.51,445.51,42.32,49.05,2020-07-01,2026-04-01,2026-10-01,6,0.0,1,0,0,1,0,2026-09-30
PRJ-1444,Central Sector,Infrastructure,NHIDCL,Meghalaya,525.67,525.67,0.0,49.31,2020-07-01,2026-08-01,2026-12-01,4,0.0,1,0,0,1,0,2026-09-30
PRJ-1445,Central Sector,Infrastructure,NHIDCL,Meghalaya,351.12,351.12,0.0,93.06,2020-07-01,2025-10-01,2026-05-01,7,0.0,1,0,0,1,1,2026-09-30
PRJ-1446,Central Sector,Infrastructure,NHIDCL,Meghalaya,359.86,359.86,214.12,80.49,2021-09-01,2024-05-01,2026-05-01,24,0.0,1,0,0,1,1,2026-09-30
PRJ-1447,Central Sector,Infrastructure,NHIDCL,Meghalaya,562.48,562.48,85.88,50.91,2023-03-01,2026-09-01,2026-09-01,0,0.0,0,0,0,0,0,2026-09-30
PRJ-1448,Central Sector,Infrastructure,NHIDCL,Meghalaya,686.03,686.03,228.79,46.51,2023-03-01,2026-09-01,2026-09-01,0,0.0,0,0,0,0,0,2026-09-30
PRJ-1449,Central Sector,Infrastructure,NHIDCL,Meghalaya,620.3,620.3,215.93,68.85,2023-03-01,2026-09-01,2026-09-01,0,0.0,0,0,0,0,0,2026-09-30
PRJ-1450,Central Sector,Infrastructure,NHIDCL,Mizoram,491.39,491.39,32.46,17.86,2021-12-01,2027-01-01,2026-12-01,0,0.0,0,0,0,0,0,2026-09-30
PRJ-1451,Central Sector,Infrastructure,NHIDCL,Mizoram,561.91,561.91,0.0,17.12,2021-12-01,2027-01-01,2026-12-01,0,0.0,0,0,0,0,0,2026-09-30
PRJ-1452,Central Sector,Infrastructure,NHIDCL,Mizoram,720.4,720.4,40.29,11.86,2021-11-01,2027-07-01,2027-06-01,0,0.0,0,0,0,0,0,2026-09-30
PRJ-1453,Central Sector,Infrastructure,NHIDCL,Mizoram,595.65,595.65,21.02,6.72,2021-12-01,2027-01-01,2026-12-01,0,0.0,0,0,0,0,0,2026-09-30
PRJ-1454,Central Sector,Infrastructure,NHIDCL,Mizoram,866.32,866.32,0.0,18.9,2024-02-01,2028-10-01,2028-10-01,0,0.0,0,0,0,0,0,2026-09-30
PRJ-1455,Central Sector,Infrastructure,NHIDCL,Mizoram,875.79,875.79,0.0,13.95,2024-02-01,2028-11-01,2028-11-01,0,0.0,0,0,0,0,0,2026-09-30
PRJ-1456,Central Sector,Infrastructure,NHIDCL,Mizoram,1313.28,1313.28,0.0,0.0,2024-01-01,2028-12-01,2028-12-01,0,0.0,0,0,0,0,0,2026-09-30
PRJ-1457,Central Sector,Infrastructure,NHIDCL,Mizoram,720.72,720.72,0.0,15.1,2023-02-01,2028-11-01,2028-11-01,0,0.0,0,0,0,0,0,2026-09-30
PRJ-1458,Central Sector,Infrastructure,NHIDCL,Mizoram,523.78,523.78,394.29,95.31,2021-09-01,2025-02-01,2026-06-01,16,0.0,1,0,0,1,1,2026-09-30
PRJ-1459,Central Sector,Infrastructure,NHIDCL,Mizoram,206.9,206.9,0.0,0.0,2020-03-01,2022-06-01,2024-06-01,24,0.0,1,0,0,1,1,2026-09-30
PRJ-1460,Central Sector,Infrastructure,NHIDCL,Mizoram,292.23,292.23,0.0,0.0,2020-03-01,2022-06-01,2024-12-01,30,0.0,1,0,0,1,1,2026-09-30
PRJ-1461,Central Sector,Infrastructure,NHIDCL,Mizoram,698.45,698.45,556.91,64.78,2021-03-01,2022-12-01,2026-06-01,42,0.0,1,0,0,1,1,2026-09-30
PRJ-1462,Central Sector,Infrastructure,NHIDCL,Mizoram,740.58,740.58,430.45,61.34,2021-06-01,2023-01-01,2026-12-01,47,0.0,1,0,0,1,1,2026-09-30
PRJ-1463,Central Sector,Infrastructure,NHIDCL,Mizoram,752.89,752.89,125.62,95.35,2019-09-01,2023-04-01,2023-04-01,0,0.0,0,0,0,0,0,2026-09-30
PRJ-1464,Central Sector,Infrastructure,NHIDCL,Mizoram,867.09,867.09,159.47,97.51,2019-09-01,2023-04-01,2025-04-01,24,0.0,1,0,0,1,1,2026-09-30
PRJ-1465,Central Sector,Infrastructure,NHIDCL,Mizoram,768.76,768.76,168.78,98.73,2019-09-01,2023-06-01,2025-05-01,23,0.0,1,0,0,1,1,2026-09-30
PRJ-1466,Central Sector,Infrastructure,NHIDCL,Mizoram,605.76,750.32,0.01,100.0,2019-09-01,2024-04-01,2025-05-01,13,23.86,1,1,1,1,1,2026-09-30
PRJ-1467,Central Sector,Infrastructure,NHIDCL,Mizoram,637.06,637.06,101.89,99.82,2019-09-01,2023-09-01,2025-06-01,21,0.0,1,0,0,1,1,2026-09-30
PRJ-1468,Central Sector,Infrastructure,NHIDCL,Mizoram,899.45,899.45,191.59,99.88,2019-09-01,2023-04-01,2025-04-01,24,0.0,1,0,0,1,1,2026-09-30
PRJ-1469,Central Sector,Infrastructure,NHIDCL,Mizoram,781.85,781.85,20.64,4.71,2023-02-01,2026-12-01,2027-07-01,7,0.0,1,0,0,1,1,2026-09-30
PRJ-1470,Central Sector,Infrastructure,NHIDCL,Mizoram,500.88,500.88,305.45,75.35,2021-12-01,2025-05-01,2025-07-01,2,0.0,1,0,0,1,0,2026-09-30
PRJ-1471,Central Sector,Infrastructure,National Highways Authority of India [NHAI],"Multi-States (Andhra Pradesh, Karnataka)",1410.01,1410.01,241.41,98.47,2020-12-01,2024-10-01,2022-10-01,0,0.0,0,0,0,0,0,2026-09-30
PRJ-1472,Central Sector,Infrastructure,National Highways Authority of India [NHAI],"Multi-States (Andhra Pradesh, Odisha)",1216.12,1241.66,683.05,96.23,2021-02-01,2024-03-01,2026-06-01,27,2.1,1,1,1,1,1,2026-09-30
PRJ-1473,Central Sector,Infrastructure,National Highways Authority of India [NHAI],"Multi-States (Andhra Pradesh, Tamil Nadu)",1481.87,1481.87,711.04,99.02,2020-10-01,2024-05-01,2026-06-01,25,0.0,1,0,0,1,1,2026-09-30
PRJ-1474,Central Sector,Infrastructure,National Highways Authority of India [NHAI],"Multi-States (Andhra Pradesh, Tamil Nadu)",1439.77,1439.77,734.85,98.89,2021-03-01,2025-01-01,2026-05-01,16,0.0,1,0,0,1,1,2026-09-30
PRJ-1475,Central Sector,Infrastructure,National Highways Authority of India [NHAI],"Multi-States (Andhra Pradesh, Tamil Nadu)",1338.14,1214.7,116.15,10.07,2024-12-01,2027-09-01,2027-09-01,0,-9.22,0,0,0,0,0,2026-09-30
PRJ-1476,Central Sector,Infrastructure,National Highways Authority of India [NHAI],"Multi-States (Andhra Pradesh, Tamil Nadu)",1924.75,1887.38,947.66,99.19,2021-02-01,2024-12-01,2026-04-01,16,-1.94,1,0,0,1,1,2026-09-30
PRJ-1477,Central Sector,Infrastructure,National Highways Authority of India [NHAI],"Multi-States (Andhra Pradesh, Tamil Nadu)",702.52,799.36,370.57,97.75,2021-02-01,2025-10-01,2026-05-01,7,13.78,1,1,1,1,1,2026-09-30
PRJ-1478,Central Sector,Infrastructure,National Highways Authority of India [NHAI],"Multi-States (Andhra Pradesh, Tamil Nadu)",464.62,472.37,182.82,100.0,2017-12-01,2020-03-01,2026-06-01,75,1.67,1,1,1,1,1,2026-09-30
PRJ-1479,Central Sector,Infrastructure,National Highways Authority of India [NHAI],"Multi-States (Andhra Pradesh, Telangana)",829.5,1227.07,518.85,98.82,2021-01-01,2024-09-01,2026-05-01,20,47.93,1,1,1,1,1,2026-09-30
PRJ-1480,Central Sector,Infrastructure,National Highways Authority of India [NHAI],"Multi-States (Andhra Pradesh, Telangana)",1183.23,1225.14,1.28,2.8,2023-03-01,2027-05-01,2027-12-01,7,3.54,1,1,1,1,1,2026-09-30
PRJ-1481,Central Sector,Infrastructure,National Highways Authority of India [NHAI],"Multi-States (Andhra Pradesh, Telangana)",826.01,862.58,69.29,22.08,2023-03-01,2027-03-01,2027-06-01,3,4.43,1,1,1,1,0,2026-09-30
PRJ-1482,Central Sector,Infrastructure,National Highways Authority of India [NHAI],"Multi-States (Andhra Pradesh, Telangana)",1227.57,1315.87,524.04,65.24,2022-01-01,2025-01-01,2026-12-01,23,7.19,1,1,1,1,1,2026-09-30
PRJ-1483,Central Sector,Infrastructure,NHIDCL,"Multi-States (Arunachal Pradesh, Assam)",665.47,665.47,295.3,96.7,2023-03-01,2027-03-01,2027-03-01,0,0.0,0,0,0,0,0,2026-09-30
PRJ-1484,Central Sector,Infrastructure,National Highways Authority of India [NHAI],"Multi-States (Bihar, Jharkhand)",1054.46,786.81,110.8,20.88,2021-02-01,2026-12-01,2026-12-01,0,-25.38,0,0,0,0,0,2026-09-30
PRJ-1485,Central Sector,Infrastructure,National Highways Authority of India [NHAI],"Multi-States (Bihar, Jharkhand)",1822.46,738.11,605.5,97.92,2021-06-01,2024-03-01,2026-05-01,26,-59.5,1,0,0,1,1,2026-09-30
PRJ-1486,Central Sector,Infrastructure,National Highways Authority of India [NHAI],"Multi-States (Bihar, Jharkhand)",1719.2,1723.42,64.54,17.1,2023-03-01,2027-06-01,2027-06-01,0,0.25,0,1,1,0,0,2026-09-30
PRJ-1487,Central Sector,Infrastructure,National Highways Authority of India [NHAI],"Multi-States (Bihar, Jharkhand)",1125.78,1186.56,609.94,91.3,2020-09-01,2024-02-01,2026-06-01,28,5.4,1,1,1,1,1,2026-09-30
PRJ-1488,Central Sector,Infrastructure,National Highways Authority of India [NHAI],"Multi-States (Bihar, Jharkhand)",1954.77,1978.01,1820.63,85.17,2016-10-01,2024-10-01,2026-12-01,26,1.19,1,1,1,1,1,2026-09-30
PRJ-1489,Central Sector,Infrastructure,National Highways Authority of India [NHAI],"Multi-States (Bihar, Jharkhand)",1772.7,1689.17,562.76,78.0,2017-12-01,2021-11-01,2026-12-01,61,-4.71,1,0,0,1,1,2026-09-30
PRJ-1490,Central Sector,Infrastructure,NHAI,"Multi-States (Bihar, Jharkhand)",1376.56,1481.58,493.65,91.16,2021-02-01,2024-08-01,2026-06-01,22,7.63,1,1,1,1,1,2026-09-30
PRJ-1491,Central Sector,Infrastructure,National Highways Authority of India [NHAI],"Multi-States (Bihar, Uttar Pradesh)",3241.56,3241.56,1248.48,95.58,2009-02-01,2014-03-01,2026-06-01,147,0.0,1,0,0,1,1,2026-09-30
PRJ-1492,Central Sector,Infrastructure,National Highways Authority of India [NHAI],"Multi-States (Bihar, Uttar Pradesh)",1433.39,1564.15,373.57,38.92,2023-03-01,2026-11-01,2027-05-01,6,9.12,1,1,1,1,0,2026-09-30
PRJ-1493,Central Sector,Infrastructure,National Highways Authority of India [NHAI],"Multi-States (Bihar, Uttar Pradesh)",531.61,444.92,18.86,15.51,2024-03-01,2028-02-01,2028-02-01,0,-16.31,0,0,0,0,0,2026-09-30
PRJ-1494,Central Sector,Infrastructure,National Highways Authority of India [NHAI],"Multi-States (Bihar, Uttar Pradesh)",1493.5,1493.59,540.0,78.15,2022-10-01,2025-08-01,2026-11-01,15,0.01,1,1,1,1,1,2026-09-30
PRJ-1495,Central Sector,Infrastructure,National Highways Authority of India [NHAI],"Multi-States (Bihar, West Bengal)",962.84,855.56,60.94,9.21,2025-01-01,2027-12-01,2027-12-01,0,-11.14,0,0,0,0,0,2026-09-30
PRJ-1496,Central Sector,Infrastructure,National Highways Authority of India [NHAI],"Multi-States (Chhattisgarh, Odisha)",477.76,638.32,297.98,99.95,2021-02-01,2024-03-01,2026-04-01,25,33.61,1,1,1,1,1,2026-09-30
PRJ-1497,Central Sector,Infrastructure,National Highways Authority of India [NHAI],"Multi-States (Dadra & Nagar Haveli and Daman & Diu, Gujarat, Maharashtra)",1909.74,2652.24,671.46,36.23,2020-10-01,2024-03-01,2026-11-01,32,38.88,1,1,1,1,1,2026-09-30
PRJ-1498,Central Sector,Infrastructure,National Highways Authority of India [NHAI],"Multi-States (Delhi, Haryana)",2228.26,2298.37,991.43,100.0,2018-01-01,2020-11-01,2026-05-01,66,3.15,1,1,1,1,1,2026-09-30
PRJ-1499,Central Sector,Infrastructure,National Highways Authority of India [NHAI],"Multi-States (Delhi, Uttar Pradesh)",1479.22,1476.75,1343.18,100.0,2020-09-01,2024-12-01,2026-05-01,17,-0.17,1,0,0,1,1,2026-09-30
PRJ-1500,Central Sector,Infrastructure,National Highways Authority of India [NHAI],"Multi-States (Goa, Karnataka)",226.76,149.44,109.78,82.45,2022-01-01,2024-05-01,2027-03-01,34,-34.1,1,0,0,1,1,2026-09-30
PRJ-1501,Central Sector,Infrastructure,National Highways Authority of India [NHAI],"Multi-States (Gujarat, Maharashtra)",1654.07,1672.89,1356.95,97.66,2019-12-01,2022-09-01,2026-12-01,51,1.14,1,1,1,1,1,2026-09-30
PRJ-1502,Central Sector,Infrastructure,National Highways Authority of India [NHAI],"Multi-States (Haryana, Punjab)",1741.86,2281.02,924.51,98.7,2021-01-01,2024-05-01,2026-05-01,24,30.95,1,1,1,1,1,2026-09-30
PRJ-1503,Central Sector,Infrastructure,National Highways Authority of India [NHAI],"Multi-States (Haryana, Punjab)",646.42,556.09,549.2,98.0,2021-11-01,2024-07-01,2026-04-01,21,-13.97,1,0,0,1,1,2026-09-30
PRJ-1504,Central Sector,Infrastructure,National Highways Authority of India [NHAI],"Multi-States (Haryana, Punjab)",1183.7,1190.34,452.48,100.0,2022-10-01,2025-06-01,2026-05-01,11,0.56,1,1,1,1,1,2026-09-30
PRJ-1505,Central Sector,Infrastructure,National Highways Authority of India [NHAI],"Multi-States (Haryana, Punjab)",609.32,454.34,169.1,70.83,2023-02-01,2025-12-01,2027-04-01,16,-25.43,1,0,0,1,1,2026-09-30
PRJ-1506,Central Sector,Infrastructure,National Highways Authority of India [NHAI],"Multi-States (Haryana, Punjab)",1641.66,1904.79,552.95,80.65,2022-03-01,2025-10-01,2026-06-01,8,16.03,1,1,1,1,1,2026-09-30
PRJ-1507,Central Sector,Infrastructure,National Highways Authority of India [NHAI],"Multi-States (Haryana, Punjab)",1491.72,1122.86,644.11,71.11,2022-05-01,2025-05-01,2026-12-01,19,-24.73,1,0,0,1,1,2026-09-30
PRJ-1508,Central Sector,Infrastructure,National Highways Authority of India [NHAI],"Multi-States (Haryana, Rajasthan)",409.64,290.64,195.8,87.14,2022-08-01,2024-06-01,2026-07-01,25,-29.05,1,0,0,1,1,2026-09-30
PRJ-1509,Central Sector,Infrastructure,National Highways Authority of India [NHAI],"Multi-States (Haryana, Uttar Pradesh)",939.17,903.94,146.48,7.5,2024-03-01,2027-08-01,2027-08-01,0,-3.75,0,0,0,0,0,2026-09-30
PRJ-1510,Central Sector,Infrastructure,National Highways Authority of India [NHAI],"Multi-States (Haryana, Uttar Pradesh)",1554.21,1241.89,721.32,74.5,2022-06-01,2025-05-01,2026-12-01,19,-20.1,1,0,0,1,1,2026-09-30
PRJ-1511,Central Sector,Infrastructure,National Highways Authority of India [NHAI],"Multi-States (Haryana, Uttar Pradesh)",2920.69,3485.77,1024.9,69.77,2022-07-01,2025-06-01,2027-04-01,22,19.35,1,1,1,1,1,2026-09-30
PRJ-1512,Central Sector,Infrastructure,National Highways Authority of India [NHAI],"Multi-States (Himachal Pradesh, Punjab)",571.34,481.88,63.4,24.87,2023-03-01,2027-05-01,2027-05-01,0,-15.66,0,0,0,0,0,2026-09-30
PRJ-1513,Central Sector,Infrastructure,NHAI,"Multi-States (Himachal Pradesh, Uttarakhand)",524.54,657.32,253.88,94.25,2022-03-01,2025-05-01,2026-07-01,14,25.31,1,1,1,1,1,2026-09-30
PRJ-1514,Central Sector,Infrastructure,National Highways Authority of India [NHAI],"Multi-States (Jammu and Kashmir, Punjab)",3044.02,3707.91,1551.33,83.6,2021-10-01,2024-09-01,2026-09-01,24,21.81,1,1,1,1,1,2026-09-30
PRJ-1515,Central Sector,Infrastructure,National Highways Authority of India [NHAI],"Multi-States (Jharkhand, Uttar Pradesh)",1436.49,1465.55,830.18,92.02,2022-03-01,2025-09-01,2026-05-01,8,2.02,1,1,1,1,1,2026-09-30
PRJ-1516,Central Sector,Infrastructure,National Highways Authority of India [NHAI],"Multi-States (Jharkhand, West Bengal)",1560.39,1568.22,91.41,100.0,2010-08-01,2016-09-01,2026-05-01,116,0.5,1,1,1,1,1,2026-09-30
PRJ-1517,Central Sector,Infrastructure,National Highways Authority of India [NHAI],"Multi-States (Jharkhand, West Bengal)",1154.49,1319.18,90.87,17.22,2023-03-01,2027-09-01,2027-09-01,0,14.27,0,1,1,0,0,2026-09-30
PRJ-1518,Central Sector,Infrastructure,National Highways Authority of India [NHAI],"Multi-States (Jharkhand, West Bengal)",1652.4,1771.88,749.26,97.4,2018-03-01,2022-08-01,2026-10-01,50,7.23,1,1,1,1,1,2026-09-30
PRJ-1519,Central Sector,Infrastructure,National Highways Authority of India [NHAI],"Multi-States (Jharkhand, West Bengal)",782.18,782.18,22.95,4.3,2025-02-01,2028-01-01,2028-01-01,0,0.0,0,0,0,0,0,2026-09-30
PRJ-1520,Central Sector,Infrastructure,National Highways Authority of India [NHAI],"Multi-States (Jharkhand, West Bengal)",1139.65,1154.8,6.64,99.84,2016-03-01,2019-12-01,2019-12-01,0,1.33,0,1,1,0,0,2026-09-30
PRJ-1521,Central Sector,Infrastructure,National Highways Authority of India [NHAI],"Multi-States (Karnataka, Kerala)",1981.07,2681.48,1060.49,99.2,2020-05-01,2024-05-01,2026-05-01,24,35.36,1,1,1,1,1,2026-09-30
PRJ-1522,Central Sector,Infrastructure,National Highways Authority of India [NHAI],"Multi-States (Karnataka, Maharashtra)",1479.3,1237.04,1178.11,100.0,2021-11-01,2025-04-01,2026-05-01,13,-16.38,1,0,0,1,1,2026-09-30
PRJ-1523,Central Sector,Infrastructure,National Highways Authority of India [NHAI],"Multi-States (Karnataka, Maharashtra)",1388.7,1066.86,1130.54,83.5,2022-01-01,2025-04-01,2026-11-01,19,-23.18,1,0,0,1,1,2026-09-30
PRJ-1524,Central Sector,Infrastructure,National Highways Authority of India [NHAI],"Multi-States (Karnataka, Maharashtra)",1370.75,1403.49,275.76,47.0,2023-03-01,2026-10-01,2027-06-01,8,2.39,1,1,1,1,1,2026-09-30
PRJ-1525,Central Sector,Infrastructure,National Highways Authority of India [NHAI],"Multi-States (Karnataka, Tamil Nadu)",1260.74,1218.47,611.1,75.76,2022-03-01,2025-05-01,2026-09-01,16,-3.35,1,0,0,1,1,2026-09-30
PRJ-1526,Central Sector,Infrastructure,National Highways Authority of India [NHAI],"Multi-States (Karnataka, Tamil Nadu)",1757.27,1828.66,927.75,78.7,2021-10-01,2024-10-01,2026-07-01,21,4.06,1,1,1,1,1,2026-09-30
PRJ-1527,Central Sector,Infrastructure,National Highways Authority of India [NHAI],"Multi-States (Karnataka, Telangana)",1499.73,1457.48,829.47,99.51,2022-03-01,2025-05-01,2026-06-01,13,-2.82,1,0,0,1,1,2026-09-30
PRJ-1528,Central Sector,Infrastructure,National Highways Authority of India [NHAI],"Multi-States (Karnataka, Telangana)",972.06,1044.06,408.4,90.13,2022-02-01,2025-01-01,2026-08-01,19,7.41,1,1,1,1,1,2026-09-30
PRJ-1529,Central Sector,Infrastructure,National Highways Authority of India [NHAI],"Multi-States (Kerala, Puducherry)",1181.12,1573.18,710.24,100.0,2017-09-01,2020-05-01,2026-05-01,72,33.19,1,1,1,1,1,2026-09-30
PRJ-1530,Central Sector,Infrastructure,National Highways Authority of India [NHAI],"Multi-States (Madhya Pradesh, Maharashtra)",784.35,659.52,299.09,64.0,2022-12-01,2026-03-01,2026-10-01,7,-15.92,1,0,0,1,1,2026-09-30
PRJ-1531,Central Sector,Infrastructure,National Highways Authority of India [NHAI],"Multi-States (Madhya Pradesh, Uttar Pradesh)",665.91,665.91,507.56,95.19,2023-02-01,2026-03-01,2026-06-01,3,0.0,1,0,0,1,0,2026-09-30
PRJ-1532,Central Sector,Infrastructure,National Highways Authority of India [NHAI],"Multi-States (Madhya Pradesh, Uttar Pradesh)",996.5,846.68,162.84,30.89,2024-10-01,2027-09-01,2027-09-01,0,-15.03,0,0,0,0,0,2026-09-30
PRJ-1533,Central Sector,Infrastructure,National Highways Authority of India [NHAI],"Multi-States (Maharashtra, Telangana)",1082.65,1323.12,180.13,96.02,2018-03-01,2021-04-01,2021-03-01,0,22.21,0,1,1,0,1,2026-09-30
PRJ-1534,Central Sector,Infrastructure,National Highways Authority of India [NHAI],"Multi-States (Maharashtra, Telangana)",1013.33,1274.63,630.06,100.0,2022-03-01,2024-10-01,2026-05-01,19,25.79,1,1,1,1,1,2026-09-30
PRJ-1535,Central Sector,Infrastructure,National Highways Authority of India [NHAI],"Multi-States (Maharashtra, Telangana)",968.05,1187.19,599.67,68.15,2022-03-01,2026-03-01,2026-12-01,9,22.64,1,1,1,1,1,2026-09-30
PRJ-1536,Central Sector,Infrastructure,National Highways Authority of India [NHAI],"Multi-States (Puducherry, Tamil Nadu)",1358.31,1162.44,524.82,98.32,2018-03-01,2023-11-01,2026-06-01,31,-14.42,1,0,0,1,1,2026-09-30
PRJ-1537,Central Sector,Infrastructure,National Highways Authority of India [NHAI],"Multi-States (Puducherry, Tamil Nadu)",1588.4,1415.9,405.48,98.75,2018-03-01,2023-11-01,2026-06-01,31,-10.86,1,0,0,1,1,2026-09-30
PRJ-1538,Central Sector,Infrastructure,National Highways Authority of India [NHAI],"Multi-States (Puducherry, Tamil Nadu)",2899.77,2899.77,1201.6,82.3,2018-03-01,2022-10-01,2026-08-01,46,0.0,1,0,0,1,1,2026-09-30
PRJ-1539,Central Sector,Infrastructure,National Highways Authority of India [NHAI],"Multi-States (Rajasthan, Uttar Pradesh)",159.53,100.74,72.27,100.0,2024-03-01,2026-03-01,2026-05-01,2,-36.85,1,0,0,1,0,2026-09-30
PRJ-1540,Central Sector,Infrastructure,National Highways Authority of India [NHAI],"Multi-States (Uttar Pradesh, Uttarakhand)",796.65,560.03,499.88,99.29,2022-04-01,2024-11-01,2026-05-01,18,-29.7,1,0,0,1,1,2026-09-30
PRJ-1541,Central Sector,Infrastructure,National Highways Authority of India [NHAI],"Multi-States (Uttar Pradesh, Uttarakhand)",1471.19,1471.19,416.11,35.2,2023-01-01,2026-03-01,2027-01-01,10,0.0,1,0,0,1,1,2026-09-30
PRJ-1542,Central Sector,Infrastructure,National Highways Authority of India [NHAI],"Multi-States (Uttar Pradesh, Uttarakhand)",238.66,0.1,11.65,11.12,2025-04-01,2027-10-01,2027-10-01,0,-99.96,0,0,0,0,0,2026-09-30
PRJ-1543,Central Sector,Infrastructure,National Highways Authority of India [NHAI],"Multi-States (Uttar Pradesh, Uttarakhand)",1051.73,1117.17,665.1,99.1,2023-03-01,2026-01-01,2026-05-01,4,6.22,1,1,1,1,0,2026-09-30
PRJ-1544,Central Sector,Infrastructure,National Highways Authority of India [NHAI],"Multi-States (Uttar Pradesh, Uttarakhand)",936.12,717.5,332.92,44.14,2023-02-01,2025-09-01,2026-12-01,15,-23.35,1,0,0,1,1,2026-09-30
PRJ-1545,Central Sector,Infrastructure,National Highways Authority of India [NHAI],"Multi-States (Uttar Pradesh, Uttarakhand)",2155.95,2612.3,1469.55,91.5,2021-11-01,2025-02-01,2026-06-01,16,21.17,1,1,1,1,1,2026-09-30
PRJ-1546,Central Sector,Infrastructure,National Highways Authority of India [NHAI],"Multi-States (Uttar Pradesh, Uttarakhand)",1659.12,1622.49,822.5,97.64,2015-12-01,2020-07-01,2026-05-01,70,-2.21,1,0,0,1,1,2026-09-30
PRJ-1547,Central Sector,Infrastructure,MoRTH,Nagaland,252.2,252.2,0.0,44.46,2020-06-01,2026-06-01,2026-12-01,6,0.0,1,0,0,1,0,2026-09-30
PRJ-1548,Central Sector,Infrastructure,MoRTH,Nagaland,192.93,192.93,99.65,0.0,2021-02-01,2025-06-01,2025-06-01,0,0.0,0,0,0,0,0,2026-09-30
PRJ-1549,Central Sector,Infrastructure,MoRTH,Nagaland,297.25,297.25,149.19,100.0,2021-03-01,2024-07-01,2026-03-01,20,0.0,1,0,0,1,1,2026-09-30
PRJ-1550,Central Sector,Infrastructure,NHIDCL,Nagaland,202.36,202.36,94.2,45.52,2020-07-01,2022-04-01,2026-12-01,56,0.0,1,0,0,1,1,2026-09-30
PRJ-1551,Central Sector,Infrastructure,NHIDCL,Nagaland,159.85,342.29,84.22,37.38,2020-07-01,2025-06-01,2026-12-01,18,114.13,1,1,1,1,1,2026-09-30
PRJ-1552,Central Sector,Infrastructure,NHIDCL,Nagaland,277.44,277.44,192.45,69.82,2020-07-01,2022-10-01,2026-06-01,44,0.0,1,0,0,1,1,2026-09-30
PRJ-1553,Central Sector,Infrastructure,NHIDCL,Nagaland,232.29,350.88,12.48,25.61,2020-07-01,2026-11-01,2026-11-01,0,51.05,0,1,1,0,1,2026-09-30
PRJ-1554,Central Sector,Infrastructure,NHIDCL,Nagaland,330.8,330.8,0.0,93.04,2020-03-01,2025-11-01,2026-05-01,6,0.0,1,0,0,1,0,2026-09-30
PRJ-1555,Central Sector,Infrastructure,NHIDCL,Nagaland,355.79,355.79,0.0,40.88,2020-03-01,2026-01-01,2026-12-01,11,0.0,1,0,0,1,1,2026-09-30
PRJ-1556,Central Sector,Infrastructure,NHIDCL,Nagaland,562.98,794.75,119.71,82.59,2016-03-01,2025-09-01,2025-09-01,0,41.17,0,1,1,0,1,2026-09-30
PRJ-1557,Central Sector,Infrastructure,NHIDCL,Nagaland,819.39,819.39,0.0,0.0,2017-02-01,2020-09-01,2023-02-01,29,0.0,1,0,0,1,1,2026-09-30
PRJ-1558,Central Sector,Infrastructure,NHIDCL,Nagaland,430.24,430.24,0.0,87.0,2022-12-01,2026-02-01,2026-02-01,0,0.0,0,0,0,0,0,2026-09-30
PRJ-1559,Central Sector,Infrastructure,NHIDCL,Nagaland,497.18,497.18,0.0,85.67,2022-12-01,2026-02-01,2026-02-01,0,0.0,0,0,0,0,0,2026-09-30
PRJ-1560,Central Sector,Infrastructure,NHIDCL,Nagaland,442.54,442.54,0.0,54.66,2022-12-01,2026-02-01,2026-02-01,0,0.0,0,0,0,0,0,2026-09-30
PRJ-1561,Central Sector,Infrastructure,NHIDCL,Nagaland,177.77,199.02,0.0,93.37,2021-02-01,2025-06-01,2026-06-01,12,11.95,1,1,1,1,1,2026-09-30
PRJ-1562,Central Sector,Infrastructure,NHIDCL,Nagaland,258.52,258.52,60.72,96.53,2021-01-01,2025-09-01,2025-09-01,0,0.0,0,0,0,0,0,2026-09-30
PRJ-1563,Central Sector,Infrastructure,NHIDCL,Nagaland,161.73,161.73,14.12,99.5,2021-03-01,2025-09-01,2026-04-01,7,0.0,1,0,0,1,1,2026-09-30
PRJ-1564,Central Sector,Infrastructure,NHIDCL,Nagaland,215.79,215.79,28.64,100.0,2018-03-01,2025-08-01,2026-03-01,7,0.0,1,0,0,1,1,2026-09-30
PRJ-1565,Central Sector,Infrastructure,NHIDCL,Nagaland,323.98,323.98,70.46,75.05,2018-03-01,2025-09-01,2026-12-01,15,0.0,1,0,0,1,1,2026-09-30
PRJ-1566,Central Sector,Infrastructure,MoRTH,Odisha,199.5,199.5,0.1,0.0,2023-03-01,2027-10-01,2027-10-01,0,0.0,0,0,0,0,0,2026-09-30
PRJ-1567,Central Sector,Infrastructure,MoRTH,Odisha,636.1,636.1,292.74,56.11,2022-03-01,2026-02-01,2026-11-01,9,0.0,1,0,0,1,1,2026-09-30
PRJ-1568,Central Sector,Infrastructure,MoRTH,Odisha,168.95,168.95,7.84,21.0,2023-03-01,2026-12-01,2026-12-01,0,0.0,0,0,0,0,0,2026-09-30
PRJ-1569,Central Sector,Infrastructure,MoRTH,Odisha,238.78,238.78,6.09,55.0,2022-02-01,2025-10-01,2026-07-01,9,0.0,1,0,0,1,1,2026-09-30
PRJ-1570,Central Sector,Infrastructure,MoRTH,Odisha,324.09,324.09,84.57,70.09,2021-12-01,2025-05-01,2026-10-01,17,0.0,1,0,0,1,1,2026-09-30
PRJ-1571,Central Sector,Infrastructure,MoRTH,Odisha,511.54,511.54,0.0,3.0,2022-01-01,2027-06-01,2027-06-01,0,0.0,0,0,0,0,0,2026-09-30
PRJ-1572,Central Sector,Infrastructure,MoRTH,Odisha,499.79,499.79,129.74,60.65,2022-03-01,2025-06-01,2026-05-01,11,0.0,1,0,0,1,1,2026-09-30
PRJ-1573,Central Sector,Infrastructure,MoRTH,Odisha,587.1,587.1,52.43,21.0,2021-09-01,2027-07-01,2027-07-01,0,0.0,0,0,0,0,0,2026-09-30
PRJ-1574,Central Sector,Infrastructure,MoRTH,Odisha,155.97,155.97,36.6,20.0,2023-02-01,2027-05-01,2027-05-01,0,0.0,0,0,0,0,0,2026-09-30
PRJ-1575,Central Sector,Infrastructure,MoRTH,Odisha,300.33,300.33,82.33,100.0,2022-01-01,2025-04-01,2026-03-01,11,0.0,1,0,0,1,1,2026-09-30
PRJ-1576,Central Sector,Infrastructure,MoRTH,Odisha,157.49,157.49,33.61,82.0,2022-02-01,2024-11-01,2026-06-01,19,0.0,1,0,0,1,1,2026-09-30
PRJ-1577,Central Sector,Infrastructure,MoRTH,Odisha,196.94,196.94,51.16,75.0,2021-03-01,2025-12-01,2026-06-01,6,0.0,1,0,0,1,0,2026-09-30
PRJ-1578,Central Sector,Infrastructure,MoRTH,Odisha,154.49,154.49,22.32,72.0,2021-11-01,2024-12-01,2026-06-01,18,0.0,1,0,0,1,1,2026-09-30
PRJ-1579,Central Sector,Infrastructure,MoRTH,Odisha,186.52,186.52,42.83,60.0,2022-03-01,2026-02-01,2026-06-01,4,0.0,1,0,0,1,0,2026-09-30
PRJ-1580,Central Sector,Infrastructure,MoRTH,Odisha,172.66,172.66,0.0,15.0,2023-03-01,2026-10-01,2026-10-01,0,0.0,0,0,0,0,0,2026-09-30
PRJ-1581,Central Sector,Infrastructure,MoRTH,Odisha,172.09,172.09,0.0,20.25,2022-03-01,2026-10-01,2026-10-01,0,0.0,0,0,0,0,0,2026-09-30
PRJ-1582,Central Sector,Infrastructure,National Highways Authority of India [NHAI],Odisha,844.67,1394.82,538.51,91.32,2014-11-01,2021-09-01,2026-11-01,62,65.13,1,1,1,1,1,2026-09-30
PRJ-1583,Central Sector,Infrastructure,National Highways Authority of India [NHAI],Odisha,374.17,211.74,97.05,50.0,2024-03-01,2026-12-01,2026-12-01,0,-43.41,0,0,0,0,0,2026-09-30
PRJ-1584,Central Sector,Infrastructure,National Highways Authority of India [NHAI],Odisha,320.64,244.85,33.71,18.0,2023-09-01,2026-05-01,2027-03-01,10,-23.64,1,0,0,1,1,2026-09-30
PRJ-1585,Central Sector,Infrastructure,National Highways Authority of India [NHAI],Odisha,263.32,163.07,8.76,8.8,2025-03-01,2027-11-01,2027-11-01,0,-38.07,0,0,0,0,0,2026-09-30
PRJ-1586,Central Sector,Infrastructure,National Highways Authority of India [NHAI],Odisha,1539.75,1918.49,981.3,94.81,2021-09-01,2024-05-01,2026-06-01,25,24.6,1,1,1,1,1,2026-09-30
PRJ-1587,Central Sector,Infrastructure,National Highways Authority of India [NHAI],Odisha,1265.59,1635.44,874.99,98.96,2021-08-01,2024-05-01,2026-06-01,25,29.22,1,1,1,1,1,2026-09-30
PRJ-1588,Central Sector,Infrastructure,National Highways Authority of India [NHAI],Odisha,1492.74,1912.84,1032.78,97.47,2021-12-01,2024-10-01,2026-05-01,19,28.14,1,1,1,1,1,2026-09-30
PRJ-1589,Central Sector,Infrastructure,National Highways Authority of India [NHAI],Odisha,150.86,106.32,102.13,99.98,2023-09-01,2027-01-01,2026-06-01,0,-29.52,0,0,0,0,0,2026-09-30
PRJ-1590,Central Sector,Infrastructure,National Highways Authority of India [NHAI],Odisha,973.12,973.12,153.23,1.5,2024-12-01,2028-02-01,2028-02-01,0,0.0,0,0,0,0,0,2026-09-30
PRJ-1591,Central Sector,Infrastructure,National Highways Authority of India [NHAI],Odisha,183.03,200.79,89.36,99.0,2020-09-01,2022-03-01,2022-07-01,4,9.7,1,1,1,1,0,2026-09-30
PRJ-1592,Central Sector,Infrastructure,National Highways Authority of India [NHAI],Odisha,861.84,938.55,383.65,91.0,2023-03-01,2025-12-01,2026-09-01,9,8.9,1,1,1,1,1,2026-09-30
PRJ-1593,Central Sector,Infrastructure,National Highways Authority of India [NHAI],Odisha,920.47,950.4,412.89,91.0,2023-03-01,2025-12-01,2026-08-01,8,3.25,1,1,1,1,1,2026-09-30
PRJ-1594,Central Sector,Infrastructure,National Highways Authority of India [NHAI],Odisha,929.91,869.45,365.01,92.3,2023-03-01,2025-12-01,2026-08-01,8,-6.5,1,0,0,1,1,2026-09-30
PRJ-1595,Central Sector,Infrastructure,National Highways Authority of India [NHAI],Odisha,153.61,103.68,73.59,38.0,2022-04-01,2025-01-01,2026-12-01,23,-32.5,1,0,0,1,1,2026-09-30
PRJ-1596,Central Sector,Infrastructure,National Highways Authority of India [NHAI],Odisha,609.63,630.97,114.77,96.52,2017-10-01,2021-06-01,2024-12-01,42,3.5,1,1,1,1,1,2026-09-30
PRJ-1597,Central Sector,Infrastructure,National Highways Authority of India [NHAI],Odisha,639.3,632.89,52.23,97.48,2009-01-01,2014-06-01,2026-05-01,143,-1.0,1,0,0,1,1,2026-09-30
PRJ-1598,Central Sector,Infrastructure,National Highways Authority of India [NHAI],Odisha,1101.76,1374.43,645.61,99.7,2021-03-01,2024-04-01,2026-05-01,25,24.75,1,1,1,1,1,2026-09-30
PRJ-1599,Central Sector,Infrastructure,National Highways Authority of India [NHAI],Odisha,2510.04,2632.91,1194.15,99.98,2016-09-01,2019-08-01,2026-05-01,81,4.9,1,1,1,1,1,2026-09-30
PRJ-1600,Central Sector,Infrastructure,National Highways Authority of India [NHAI],Odisha,999.32,1178.31,512.79,99.0,2017-10-01,2020-07-01,2026-06-01,71,17.91,1,1,1,1,1,2026-09-30
PRJ-1601,Central Sector,Infrastructure,National Highways Authority of India [NHAI],Odisha,795.18,810.71,402.98,99.0,2018-01-01,2021-08-01,2026-10-01,62,1.95,1,1,1,1,1,2026-09-30
PRJ-1602,Central Sector,Infrastructure,National Highways Authority of India [NHAI],Odisha,789.0,907.61,572.09,86.0,2018-01-01,2022-08-01,2026-06-01,46,15.03,1,1,1,1,1,2026-09-30
PRJ-1603,Central Sector,Infrastructure,National Highways Authority of India [NHAI],Odisha,882.45,1009.92,163.87,32.0,2023-03-01,2026-10-01,2027-10-01,12,14.45,1,1,1,1,1,2026-09-30
PRJ-1604,Central Sector,Infrastructure,National Highways Authority of India [NHAI],Odisha,791.17,1070.63,727.37,99.95,2021-02-01,2024-03-01,2026-05-01,26,35.32,1,1,1,1,1,2026-09-30
PRJ-1605,Central Sector,Infrastructure,National Highways Authority of India [NHAI],Odisha,991.41,1168.82,499.5,99.66,2017-10-01,2020-09-01,2026-06-01,69,17.89,1,1,1,1,1,2026-09-30
PRJ-1606,Central Sector,Infrastructure,MoRTH,Punjab,546.67,546.67,0.0,45.0,2023-03-01,2026-11-01,2026-11-01,0,0.0,0,0,0,0,0,2026-09-30
PRJ-1607,Central Sector,Infrastructure,MoRTH,Punjab,152.58,152.58,0.0,100.0,2022-03-01,2025-04-01,2026-03-01,11,0.0,1,0,0,1,1,2026-09-30
PRJ-1608,Central Sector,Infrastructure,MoRTH,Punjab,263.19,263.19,0.0,83.0,2021-03-01,2025-04-01,2026-06-01,14,0.0,1,0,0,1,1,2026-09-30
PRJ-1609,Central Sector,Infrastructure,National Highways Authority of India [NHAI],Punjab,1759.82,1774.32,1250.45,95.8,2020-12-01,2024-07-01,2026-06-01,23,0.82,1,1,1,1,1,2026-09-30
PRJ-1610,Central Sector,Infrastructure,National Highways Authority of India [NHAI],Punjab,1895.74,2034.94,751.95,31.08,2020-12-01,2025-03-01,2025-03-01,0,7.34,0,1,1,0,0,2026-09-30
PRJ-1611,Central Sector,Infrastructure,National Highways Authority of India [NHAI],Punjab,1851.47,2407.14,1348.9,73.26,2020-12-01,2024-07-01,2027-03-01,32,30.01,1,1,1,1,1,2026-09-30
PRJ-1612,Central Sector,Infrastructure,National Highways Authority of India [NHAI],Punjab,2177.54,2062.74,1004.28,62.99,2020-12-01,2024-07-01,2025-09-01,14,-5.27,1,0,0,1,1,2026-09-30
PRJ-1613,Central Sector,Infrastructure,National Highways Authority of India [NHAI],Punjab,2175.35,2206.71,941.19,43.45,2021-03-01,2024-11-01,2024-11-01,0,1.44,0,1,1,0,0,2026-09-30
PRJ-1614,Central Sector,Infrastructure,National Highways Authority of India [NHAI],Punjab,1734.18,1538.47,470.92,27.05,2021-03-01,2025-12-01,2027-02-01,14,-11.29,1,0,0,1,1,2026-09-30
PRJ-1615,Central Sector,Infrastructure,National Highways Authority of India [NHAI],Punjab,2165.23,1519.6,396.24,31.77,2021-12-01,2026-04-01,2028-03-01,23,-29.82,1,0,0,1,1,2026-09-30
PRJ-1616,Central Sector,Infrastructure,National Highways Authority of India [NHAI],Punjab,666.81,690.47,48.07,24.75,2024-11-01,2027-07-01,2027-07-01,0,3.55,0,1,1,0,0,2026-09-30
PRJ-1617,Central Sector,Infrastructure,National Highways Authority of India [NHAI],Punjab,1754.84,2167.39,800.1,48.2,2021-03-01,2025-01-01,2027-06-01,29,23.51,1,1,1,1,1,2026-09-30
PRJ-1618,Central Sector,Infrastructure,National Highways Authority of India [NHAI],Punjab,789.26,1318.91,518.65,99.0,2020-05-01,2025-08-01,2026-05-01,9,67.11,1,1,1,1,1,2026-09-30
PRJ-1619,Central Sector,Infrastructure,National Highways Authority of India [NHAI],Punjab,1229.38,1549.32,772.73,70.28,2021-03-01,2024-11-01,2027-06-01,31,26.02,1,1,1,1,1,2026-09-30
PRJ-1620,Central Sector,Infrastructure,National Highways Authority of India [NHAI],Punjab,2029.17,2677.23,513.42,72.0,2021-03-01,2026-06-01,2026-06-01,0,31.94,0,1,1,0,1,2026-09-30
PRJ-1621,Central Sector,Infrastructure,National Highways Authority of India [NHAI],Punjab,906.51,1020.52,490.17,81.5,2021-06-01,2025-09-01,2026-07-01,10,12.58,1,1,1,1,1,2026-09-30
PRJ-1622,Central Sector,Infrastructure,National Highways Authority of India [NHAI],Punjab,1032.59,1264.17,663.72,76.0,2020-05-01,2024-12-01,2026-05-01,17,22.43,1,1,1,1,1,2026-09-30
PRJ-1623,Central Sector,Infrastructure,National Highways Authority of India [NHAI],Punjab,1237.65,1301.15,979.97,88.82,2022-03-01,2025-05-01,2026-06-01,13,5.13,1,1,1,1,1,2026-09-30
PRJ-1624,Central Sector,Infrastructure,National Highways Authority of India [NHAI],Punjab,1501.02,1815.13,992.99,78.6,2021-07-01,2025-02-01,2026-05-01,15,20.93,1,1,1,1,1,2026-09-30
PRJ-1625,Central Sector,Infrastructure,National Highways Authority of India [NHAI],Punjab,1196.38,1503.79,160.92,13.97,2022-11-01,2027-03-01,2027-07-01,4,25.7,1,1,1,1,1,2026-09-30
PRJ-1626,Central Sector,Infrastructure,National Highways Authority of India [NHAI],Punjab,1409.88,1674.04,569.17,60.0,2023-03-01,2026-04-01,2027-07-01,15,18.74,1,1,1,1,1,2026-09-30
PRJ-1627,Central Sector,Infrastructure,National Highways Authority of India [NHAI],Punjab,524.88,416.58,387.07,96.0,2020-12-01,2023-09-01,2026-05-01,32,-20.63,1,0,0,1,1,2026-09-30
PRJ-1628,Central Sector,Infrastructure,National Highways Authority of India [NHAI],Punjab,1474.77,1228.42,866.12,81.05,2021-02-01,2024-08-01,2026-12-01,28,-16.7,1,0,0,1,1,2026-09-30
PRJ-1629,Central Sector,Infrastructure,National Highways Authority of India [NHAI],Punjab,809.51,966.99,499.54,65.99,2021-08-01,2025-06-01,2027-05-01,23,19.45,1,1,1,1,1,2026-09-30
PRJ-1630,Central Sector,Infrastructure,National Highways Authority of India [NHAI],Punjab,1003.38,993.6,590.84,78.99,2021-10-01,2025-06-01,2027-03-01,21,-0.97,1,0,0,1,1,2026-09-30
PRJ-1631,Central Sector,Infrastructure,National Highways Authority of India [NHAI],Punjab,857.91,1443.47,517.34,67.1,2020-12-01,2024-06-01,2026-12-01,30,68.25,1,1,1,1,1,2026-09-30
PRJ-1632,Central Sector,Infrastructure,National Highways Authority of India [NHAI],Punjab,1801.37,2172.71,597.42,64.2,2021-03-01,2026-06-01,2027-06-01,12,20.61,1,1,1,1,1,2026-09-30
PRJ-1633,Central Sector,Infrastructure,National Highways Authority of India [NHAI],Punjab,1555.13,1564.66,195.79,20.09,2021-07-01,2027-09-01,2027-09-01,0,0.61,0,1,1,0,0,2026-09-30
PRJ-1634,Central Sector,Infrastructure,National Highways Authority of India [NHAI],Punjab,1641.75,1951.7,1007.55,32.47,2021-03-01,2024-10-01,2027-06-01,32,18.88,1,1,1,1,1,2026-09-30
PRJ-1635,Central Sector,Infrastructure,National Highways Authority of India [NHAI],Punjab,1368.91,1382.48,487.99,15.31,2021-05-01,2024-12-01,2027-12-01,36,0.99,1,1,1,1,1,2026-09-30
PRJ-1636,Central Sector,Infrastructure,MoRTH,Rajasthan,379.23,379.23,179.11,99.0,2020-12-01,2023-10-01,2025-12-01,26,0.0,1,0,0,1,1,2026-09-30
PRJ-1637,Central Sector,Infrastructure,MoRTH,Rajasthan,186.29,186.29,66.7,100.0,2022-03-01,2024-08-01,2025-08-01,12,0.0,1,0,0,1,1,2026-09-30
PRJ-1638,Central Sector,Infrastructure,MoRTH,Rajasthan,150.11,150.11,12.2,97.0,2021-12-01,2024-09-01,2025-09-01,12,0.0,1,0,0,1,1,2026-09-30
PRJ-1639,Central Sector,Infrastructure,MoRTH,Rajasthan,194.88,194.88,48.47,98.58,2022-01-01,2024-12-01,2026-03-01,15,0.0,1,0,0,1,1,2026-09-30
PRJ-1640,Central Sector,Infrastructure,MoRTH,Rajasthan,411.44,411.44,66.63,87.6,2021-12-01,2024-05-01,2026-05-01,24,0.0,1,0,0,1,1,2026-09-30
PRJ-1641,Central Sector,Infrastructure,MoRTH,Rajasthan,334.64,334.64,0.0,68.0,2022-03-01,2026-10-01,2026-10-01,0,0.0,0,0,0,0,0,2026-09-30
PRJ-1642,Central Sector,Infrastructure,MoRTH,Rajasthan,606.61,606.61,0.0,52.5,2023-02-01,2026-10-01,2026-10-01,0,0.0,0,0,0,0,0,2026-09-30
PRJ-1643,Central Sector,Infrastructure,MoRTH,Rajasthan,838.43,838.43,55.04,0.0,2022-02-01,2025-09-01,2025-09-01,0,0.0,0,0,0,0,0,2026-09-30
PRJ-1644,Central Sector,Infrastructure,MoRTH,Rajasthan,154.89,154.89,11.94,23.0,2024-02-01,2026-05-01,2026-05-01,0,0.0,0,0,0,0,0,2026-09-30
PRJ-1645,Central Sector,Infrastructure,MoRTH,Rajasthan,174.34,174.34,63.55,100.0,2022-03-01,2024-07-01,2025-07-01,12,0.0,1,0,0,1,1,2026-09-30
PRJ-1646,Central Sector,Infrastructure,MoRTH,Rajasthan,317.74,317.74,6.07,36.87,2022-03-01,2025-04-01,2027-02-01,22,0.0,1,0,0,1,1,2026-09-30
PRJ-1647,Central Sector,Infrastructure,MoRTH,Rajasthan,278.1,278.1,28.57,37.16,2025-01-01,2026-12-01,2026-12-01,0,0.0,0,0,0,0,0,2026-09-30
PRJ-1648,Central Sector,Infrastructure,National Highways Authority of India [NHAI],Rajasthan,1119.35,1194.17,975.7,99.8,2019-11-01,2023-05-01,2025-03-01,22,6.68,1,1,1,1,1,2026-09-30
PRJ-1649,Central Sector,Infrastructure,National Highways Authority of India [NHAI],Rajasthan,1272.97,1265.16,1091.66,95.25,2019-11-01,2023-05-01,2026-07-01,38,-0.61,1,0,0,1,1,2026-09-30
PRJ-1650,Central Sector,Infrastructure,National Highways Authority of India [NHAI],Rajasthan,1854.68,1854.68,1386.51,93.44,2020-07-01,2024-01-01,2026-07-01,30,0.0,1,0,0,1,1,2026-09-30
PRJ-1651,Central Sector,Infrastructure,National Highways Authority of India [NHAI],Rajasthan,520.63,548.42,426.0,100.0,2019-02-01,2023-06-01,2026-05-01,35,5.34,1,1,1,1,1,2026-09-30
PRJ-1652,Central Sector,Infrastructure,National Highways Authority of India [NHAI],Rajasthan,846.59,740.62,676.17,100.0,2019-10-01,2023-08-01,2026-05-01,33,-12.52,1,0,0,1,1,2026-09-30
PRJ-1653,Central Sector,Infrastructure,National Highways Authority of India [NHAI],Rajasthan,662.08,597.77,508.83,99.2,2019-10-01,2023-07-01,2026-05-01,34,-9.71,1,0,0,1,1,2026-09-30
PRJ-1654,Central Sector,Infrastructure,National Highways Authority of India [NHAI],Rajasthan,2010.2,1565.88,707.67,37.24,2022-09-01,2026-03-01,2026-05-01,2,-22.1,1,0,0,1,0,2026-09-30
PRJ-1655,Central Sector,Infrastructure,National Highways Authority of India [NHAI],Rajasthan,1764.86,1239.24,310.12,36.82,2022-09-01,2026-09-01,2026-09-01,0,-29.78,0,0,0,0,0,2026-09-30
PRJ-1656,Central Sector,Infrastructure,National Highways Authority of India [NHAI],Rajasthan,828.58,830.37,405.43,100.0,2018-02-01,2021-04-01,2026-05-01,61,0.22,1,1,1,1,1,2026-09-30
PRJ-1657,Central Sector,Infrastructure,National Highways Authority of India [NHAI],Rajasthan,1237.71,927.02,0.54,5.6,2025-03-01,2027-12-01,2027-12-01,0,-25.1,0,0,0,0,0,2026-09-30
PRJ-1658,Central Sector,Infrastructure,National Highways Authority of India [NHAI],Rajasthan,736.75,512.77,400.17,99.0,2021-11-01,2024-08-01,2026-05-01,21,-30.4,1,0,0,1,1,2026-09-30
PRJ-1659,Central Sector,Infrastructure,National Highways Authority of India [NHAI],Rajasthan,353.3,241.34,174.42,80.94,2024-01-01,2026-07-01,2026-07-01,0,-31.69,0,0,0,0,0,2026-09-30
PRJ-1660,Central Sector,Infrastructure,National Highways Authority of India [NHAI],Rajasthan,1636.15,2170.39,1205.29,100.0,2022-03-01,2024-11-01,2026-05-01,18,32.65,1,1,1,1,1,2026-09-30
PRJ-1661,Central Sector,Infrastructure,MoRTH,Rajasthan,170.49,170.49,0.0,0.0,2025-03-01,2027-09-01,2027-09-01,0,0.0,0,0,0,0,0,2026-09-30
PRJ-1662,Central Sector,Infrastructure,MoRTH,Sikkim,385.15,342.89,0.0,90.0,2021-10-01,2024-05-01,2026-06-01,25,-10.97,1,0,0,1,1,2026-09-30
PRJ-1663,Central Sector,Infrastructure,NHIDCL,Sikkim,264.84,380.94,0.0,85.15,2018-03-01,2024-07-01,2026-12-01,29,43.84,1,1,1,1,1,2026-09-30
PRJ-1664,Central Sector,Infrastructure,NHIDCL,Sikkim,264.84,380.94,61.11,97.57,2021-01-01,2023-04-01,2026-05-01,37,43.84,1,1,1,1,1,2026-09-30
PRJ-1665,Central Sector,Infrastructure,NHIDCL,Sikkim,493.42,478.79,0.0,77.07,2020-10-01,2024-05-01,2026-06-01,25,-2.97,1,0,0,1,1,2026-09-30
PRJ-1666,Central Sector,Infrastructure,NHIDCL,Sikkim,410.6,379.3,0.0,81.83,2021-01-01,2024-02-01,2026-05-01,27,-7.62,1,0,0,1,1,2026-09-30
PRJ-1667,Central Sector,Infrastructure,NHIDCL,Sikkim,816.79,786.6,32.28,60.88,2020-10-01,2023-12-01,2026-10-01,34,-3.7,1,0,0,1,1,2026-09-30
PRJ-1668,Central Sector,Infrastructure,NHIDCL,Sikkim,230.45,244.91,0.0,80.46,2020-07-01,2023-04-01,2026-09-01,41,6.27,1,1,1,1,1,2026-09-30
PRJ-1669,Central Sector,Infrastructure,NHIDCL,Sikkim,292.8,292.8,1.91,65.1,2020-07-01,2022-05-01,2026-06-01,49,0.0,1,0,0,1,1,2026-09-30
PRJ-1670,Central Sector,Infrastructure,MoRTH,Tamil Nadu,238.97,260.07,119.33,93.0,2022-03-01,2026-08-01,2026-08-01,0,8.83,0,1,1,0,0,2026-09-30
PRJ-1671,Central Sector,Infrastructure,National Highways Authority of India [NHAI],Tamil Nadu,1106.65,1106.65,590.04,93.04,2021-01-01,2024-07-01,2026-07-01,24,0.0,1,0,0,1,1,2026-09-30
PRJ-1672,Central Sector,Infrastructure,National Highways Authority of India [NHAI],Tamil Nadu,1525.1,1525.1,360.29,53.56,2020-12-01,2024-07-01,2027-09-01,38,0.0,1,0,0,1,1,2026-09-30
PRJ-1673,Central Sector,Infrastructure,National Highways Authority of India [NHAI],Tamil Nadu,162.55,162.56,43.1,24.13,2023-05-01,2025-08-01,2026-10-01,14,0.01,1,1,1,1,1,2026-09-30
PRJ-1674,Central Sector,Infrastructure,National Highways Authority of India [NHAI],Tamil Nadu,3605.73,3605.73,903.19,83.45,2021-02-01,2024-07-01,2026-10-01,27,0.0,1,0,0,1,1,2026-09-30
PRJ-1675,Central Sector,Infrastructure,National Highways Authority of India [NHAI],Tamil Nadu,766.51,766.51,439.37,93.55,2018-08-01,2021-02-01,2026-05-01,63,0.0,1,0,0,1,1,2026-09-30
PRJ-1676,Central Sector,Infrastructure,National Highways Authority of India [NHAI],Tamil Nadu,411.16,411.16,81.11,31.16,2024-06-01,2026-10-01,2027-02-01,4,0.0,1,0,0,1,0,2026-09-30
PRJ-1677,Central Sector,Infrastructure,National Highways Authority of India [NHAI],Tamil Nadu,904.99,731.09,165.29,35.62,2024-03-01,2028-03-01,2028-03-01,0,-19.22,0,0,0,0,0,2026-09-30
PRJ-1678,Central Sector,Infrastructure,National Highways Authority of India [NHAI],Tamil Nadu,579.0,295.5,1.4,100.0,2005-06-01,2009-01-01,2009-01-01,0,-48.96,0,0,0,0,0,2026-09-30
PRJ-1679,Central Sector,Infrastructure,National Highways Authority of India [NHAI],Tamil Nadu,900.05,900.05,669.19,97.8,2018-12-01,2022-03-01,2026-06-01,51,0.0,1,0,0,1,1,2026-09-30
PRJ-1680,Central Sector,Infrastructure,National Highways Authority of India [NHAI],Tamil Nadu,1564.23,1263.42,907.2,76.1,2022-11-01,2025-08-01,2026-10-01,14,-19.23,1,0,0,1,1,2026-09-30
PRJ-1681,Central Sector,Infrastructure,National Highways Authority of India [NHAI],Tamil Nadu,1359.81,1359.81,335.27,37.44,2021-02-01,2025-01-01,2026-11-01,22,0.0,1,0,0,1,1,2026-09-30
PRJ-1682,Central Sector,Infrastructure,National Highways Authority of India [NHAI],Tamil Nadu,876.88,360.88,66.59,100.0,2006-12-01,2024-10-01,2024-10-01,0,-58.84,0,0,0,0,0,2026-09-30
PRJ-1683,Central Sector,Infrastructure,National Highways Authority of India [NHAI],Tamil Nadu,1076.97,791.6,679.48,95.41,2022-03-01,2025-02-01,2026-06-01,16,-26.5,1,0,0,1,1,2026-09-30
PRJ-1684,Central Sector,Infrastructure,National Highways Authority of India [NHAI],Tamil Nadu,1317.6,1137.16,926.56,99.98,2022-02-01,2025-04-01,2026-05-01,13,-13.69,1,0,0,1,1,2026-09-30
PRJ-1685,Central Sector,Infrastructure,National Highways Authority of India [NHAI],Tamil Nadu,1103.86,1085.41,774.36,92.15,2018-12-01,2022-03-01,2026-07-01,52,-1.67,1,0,0,1,1,2026-09-30
PRJ-1686,Central Sector,Infrastructure,National Highways Authority of India [NHAI],Tamil Nadu,449.85,452.48,1.17,100.0,2009-11-01,2012-04-01,2012-04-01,0,0.58,0,1,1,0,0,2026-09-30
PRJ-1687,Central Sector,Infrastructure,National Highways Authority of India [NHAI],Tamil Nadu,1616.97,1616.97,185.63,17.54,2023-03-01,2026-05-01,2027-11-01,18,0.0,1,0,0,1,1,2026-09-30
PRJ-1688,Central Sector,Infrastructure,National Highways Authority of India [NHAI],Tamil Nadu,1388.59,1388.59,200.25,21.93,2023-03-01,2026-05-01,2027-11-01,18,0.0,1,0,0,1,1,2026-09-30
PRJ-1689,Central Sector,Infrastructure,National Highways Authority of India [NHAI],Tamil Nadu,2565.63,2319.35,1084.43,99.8,2018-03-01,2024-01-01,2026-06-01,29,-9.6,1,0,0,1,1,2026-09-30
PRJ-1690,Central Sector,Infrastructure,National Highways Authority of India [NHAI],Tamil Nadu,1003.11,435.81,9.43,100.0,2006-12-01,2010-07-01,2026-05-01,190,-56.55,1,0,0,1,1,2026-09-30
PRJ-1691,Central Sector,Infrastructure,National Highways Authority of India [NHAI],Tamil Nadu,1772.13,1772.13,499.6,91.84,2019-01-01,2022-12-01,2026-06-01,42,0.0,1,0,0,1,1,2026-09-30
PRJ-1692,Central Sector,Infrastructure,National Highways Authority of India [NHAI],Tamil Nadu,1319.42,1319.42,417.69,91.93,2019-01-01,2023-01-01,2026-07-01,42,0.0,1,0,0,1,1,2026-09-30
PRJ-1693,Central Sector,Infrastructure,National Highways Authority of India [NHAI],Tamil Nadu,2356.19,2356.9,1011.39,100.0,2017-03-01,2020-08-01,2026-04-01,68,0.03,1,1,1,1,1,2026-09-30
PRJ-1694,Central Sector,Infrastructure,National Highways Authority of India [NHAI],Tamil Nadu,1163.17,834.46,166.37,26.7,2025-01-01,2027-06-01,2027-06-01,0,-28.26,0,0,0,0,0,2026-09-30
PRJ-1695,Central Sector,Infrastructure,National Highways Authority of India [NHAI],Tamil Nadu,1499.12,1499.12,682.68,100.0,2018-02-01,2021-04-01,2026-05-01,61,0.0,1,0,0,1,1,2026-09-30
PRJ-1696,Central Sector,Infrastructure,National Highways Authority of India [NHAI],Tamil Nadu,861.23,1019.85,137.29,100.0,2006-12-01,2011-01-01,2026-05-01,184,18.42,1,1,1,1,1,2026-09-30
PRJ-1697,Central Sector,Infrastructure,National Highways Authority of India [NHAI],Tamil Nadu,1205.4,1210.21,62.01,7.91,2023-03-01,2026-05-01,2027-11-01,18,0.4,1,1,1,1,1,2026-09-30
PRJ-1698,Central Sector,Infrastructure,National Highways Authority of India [NHAI],Tamil Nadu,1673.17,781.74,269.61,99.99,2009-12-01,2013-12-01,2026-06-01,150,-53.28,1,0,0,1,1,2026-09-30
PRJ-1699,Central Sector,Infrastructure,National Highways Authority of India [NHAI],Tamil Nadu,255.53,395.43,206.64,100.0,2005-06-01,2009-02-01,2026-08-01,210,54.75,1,1,1,1,1,2026-09-30
PRJ-1700,Central Sector,Infrastructure,National Highways Authority of India [NHAI],Tamil Nadu,461.54,515.03,42.28,100.0,2005-08-01,2009-04-01,2026-10-01,210,11.59,1,1,1,1,1,2026-09-30
PRJ-1701,Central Sector,Infrastructure,National Highways Authority of India [NHAI],Tamil Nadu,852.0,285.55,5.09,100.0,2009-10-01,2013-03-01,2026-10-01,163,-66.48,1,0,0,1,1,2026-09-30
PRJ-1702,Central Sector,Infrastructure,National Highways Authority of India [NHAI],Tamil Nadu,1243.57,1272.11,623.59,82.56,2019-02-01,2023-12-01,2026-12-01,36,2.3,1,1,1,1,1,2026-09-30
PRJ-1703,Central Sector,Infrastructure,National Highways Authority of India [NHAI],Tamil Nadu,1360.54,1477.94,575.41,58.65,2019-02-01,2024-05-01,2026-12-01,31,8.63,1,1,1,1,1,2026-09-30
PRJ-1704,Central Sector,Infrastructure,National Highways Authority of India [NHAI],Tamil Nadu,1116.13,1463.75,531.32,53.41,2019-02-01,2025-12-01,2027-02-01,14,31.15,1,1,1,1,1,2026-09-30
PRJ-1705,Central Sector,Infrastructure,National Highways Authority of India [NHAI],Tamil Nadu,837.61,823.93,169.31,99.75,2018-03-01,2020-11-01,2026-06-01,67,-1.63,1,0,0,1,1,2026-09-30
PRJ-1706,Central Sector,Infrastructure,National Highways Authority of India [NHAI],Tamil Nadu,1299.36,1299.36,146.74,16.88,2023-03-01,2026-05-01,2027-11-01,18,0.0,1,0,0,1,1,2026-09-30
PRJ-1707,Central Sector,Infrastructure,National Highways Authority of India [NHAI],Tamil Nadu,1376.1,1247.7,133.77,34.5,2024-03-01,2026-12-01,2027-02-01,2,-9.33,1,0,0,1,0,2026-09-30
PRJ-1708,Central Sector,Infrastructure,National Highways Authority of India [NHAI],Tamil Nadu,467.99,699.68,450.86,97.92,2022-03-01,2024-09-01,2026-05-01,20,49.51,1,1,1,1,1,2026-09-30
PRJ-1709,Central Sector,Infrastructure,MoRTH,Telangana,283.15,300.7,480.38,92.62,2018-01-01,2020-05-01,2026-06-01,73,6.2,1,1,1,1,1,2026-09-30
PRJ-1710,Central Sector,Infrastructure,MoRTH,Telangana,253.99,183.26,0.0,100.0,2016-10-01,2019-03-01,2019-03-01,0,-27.85,0,0,0,0,0,2026-09-30
PRJ-1711,Central Sector,Infrastructure,MoRTH,Telangana,1297.75,1297.75,0.0,37.5,2023-03-01,2026-07-01,2026-07-01,0,0.0,0,0,0,0,0,2026-09-30
PRJ-1712,Central Sector,Infrastructure,MoRTH,Telangana,545.11,545.11,273.9,80.59,2021-03-01,2024-07-01,2026-06-01,23,0.0,1,0,0,1,1,2026-09-30
PRJ-1713,Central Sector,Infrastructure,MoRTH,Telangana,626.76,626.76,16.13,51.7,2018-03-01,2020-07-01,2026-10-01,75,0.0,1,0,0,1,1,2026-09-30
PRJ-1714,Central Sector,Infrastructure,MoRTH,Telangana,359.0,359.0,0.0,99.92,2017-03-01,2019-05-01,2026-05-01,84,0.0,1,0,0,1,1,2026-09-30
PRJ-1715,Central Sector,Infrastructure,MoRTH,Telangana,230.03,230.03,0.0,0.0,2018-01-01,2019-11-01,2020-12-01,13,0.0,1,0,0,1,1,2026-09-30
PRJ-1716,Central Sector,Infrastructure,MoRTH,Telangana,317.19,300.56,175.26,87.0,2021-03-01,2024-07-01,2026-06-01,23,-5.24,1,0,0,1,1,2026-09-30
PRJ-1717,Central Sector,Infrastructure,MoRTH,Telangana,322.81,322.81,148.48,98.14,2018-03-01,2020-09-01,2026-06-01,69,0.0,1,0,0,1,1,2026-09-30
PRJ-1718,Central Sector,Infrastructure,MoRTH,Telangana,220.28,220.28,0.0,97.74,2018-02-01,2019-11-01,2026-06-01,79,0.0,1,0,0,1,1,2026-09-30
PRJ-1719,Central Sector,Infrastructure,MoRTH,Telangana,294.13,257.61,239.25,88.22,2018-02-01,2019-11-01,2025-12-01,73,-12.42,1,0,0,1,1,2026-09-30
PRJ-1720,Central Sector,Infrastructure,MoRTH,Telangana,300.0,300.0,175.1,99.2,2017-01-01,2019-05-01,2025-12-01,79,0.0,1,0,0,1,1,2026-09-30
PRJ-1721,Central Sector,Infrastructure,MoRTH,Telangana,298.0,298.0,234.7,95.6,2016-10-01,2019-02-01,2026-03-01,85,0.0,1,0,0,1,1,2026-09-30
PRJ-1722,Central Sector,Infrastructure,MoRTH,Telangana,216.53,265.88,154.05,92.1,2018-05-01,2023-06-01,2026-06-01,36,22.79,1,1,1,1,1,2026-09-30
PRJ-1723,Central Sector,Infrastructure,MoRTH,Telangana,192.67,192.67,141.81,96.0,2018-03-01,2019-12-01,2026-05-01,77,0.0,1,0,0,1,1,2026-09-30
PRJ-1724,Central Sector,Infrastructure,MoRTH,Telangana,605.08,605.08,585.2,99.9,2017-06-01,2019-10-01,2026-05-01,79,0.0,1,0,0,1,1,2026-09-30
PRJ-1725,Central Sector,Infrastructure,MoRTH,Telangana,512.98,512.98,117.6,41.8,2022-03-01,2026-02-01,2027-03-01,13,0.0,1,0,0,1,1,2026-09-30
PRJ-1726,Central Sector,Infrastructure,MoRTH,Telangana,886.69,886.69,573.13,85.66,2022-03-01,2025-07-01,2026-06-01,11,0.0,1,0,0,1,1,2026-09-30
PRJ-1727,Central Sector,Infrastructure,MoRTH,Telangana,631.49,631.49,92.56,30.8,2022-03-01,2025-10-01,2026-11-01,13,0.0,1,0,0,1,1,2026-09-30
PRJ-1728,Central Sector,Infrastructure,MoRTH,Telangana,703.68,703.68,279.58,90.69,2022-01-01,2025-01-01,2026-05-01,16,0.0,1,0,0,1,1,2026-09-30
PRJ-1729,Central Sector,Infrastructure,MoRTH,Telangana,490.92,490.92,0.0,75.38,2022-10-01,2026-05-01,2026-05-01,0,0.0,0,0,0,0,0,2026-09-30
PRJ-1730,Central Sector,Infrastructure,MoRTH,Telangana,206.13,206.13,152.77,98.57,2018-02-01,2020-06-01,2020-06-01,0,0.0,0,0,0,0,0,2026-09-30
PRJ-1731,Central Sector,Infrastructure,MoRTH,Telangana,445.76,445.76,18.32,10.8,2022-10-01,2027-01-01,2027-01-01,0,0.0,0,0,0,0,0,2026-09-30
PRJ-1732,Central Sector,Infrastructure,MoRTH,Telangana,423.48,423.48,160.07,76.92,2022-01-01,2024-12-01,2026-05-01,17,0.0,1,0,0,1,1,2026-09-30
PRJ-1733,Central Sector,Infrastructure,MoRTH,Telangana,244.54,244.54,0.0,99.96,2017-01-01,2019-05-01,2019-09-01,4,0.0,1,0,0,1,0,2026-09-30
PRJ-1734,Central Sector,Infrastructure,MoRTH,Telangana,197.0,197.0,0.0,92.74,2017-03-01,2019-10-01,2019-10-01,0,0.0,0,0,0,0,0,2026-09-30
PRJ-1735,Central Sector,Infrastructure,MoRTH,Telangana,499.88,499.88,187.35,63.44,2022-10-01,2026-07-01,2026-07-01,0,0.0,0,0,0,0,0,2026-09-30
PRJ-1736,Central Sector,Infrastructure,MoRTH,Telangana,399.01,399.01,0.0,66.04,2022-10-01,2026-08-01,2026-08-01,0,0.0,0,0,0,0,0,2026-09-30
PRJ-1737,Central Sector,Infrastructure,MoRTH,Telangana,549.28,549.28,296.89,94.01,2022-01-01,2024-12-01,2026-05-01,17,0.0,1,0,0,1,1,2026-09-30
PRJ-1738,Central Sector,Infrastructure,MoRTH,Telangana,644.45,644.45,349.38,98.6,2022-03-01,2025-03-01,2026-05-01,14,0.0,1,0,0,1,1,2026-09-30
PRJ-1739,Central Sector,Infrastructure,MoRTH,Telangana,578.85,578.85,0.0,85.0,2022-01-01,2024-12-01,2026-06-01,18,0.0,1,0,0,1,1,2026-09-30
PRJ-1740,Central Sector,Infrastructure,MoRTH,Telangana,882.18,882.18,347.73,74.06,2022-01-01,2025-01-01,2026-06-01,17,0.0,1,0,0,1,1,2026-09-30
PRJ-1741,Central Sector,Infrastructure,National Highways Authority of India [NHAI],Telangana,955.49,903.17,427.43,35.96,2022-03-01,2025-01-01,2026-07-01,18,-5.48,1,0,0,1,1,2026-09-30
PRJ-1742,Central Sector,Infrastructure,National Highways Authority of India [NHAI],Telangana,521.53,528.21,256.53,50.5,2021-12-01,2024-07-01,2026-04-01,21,1.28,1,1,1,1,1,2026-09-30
PRJ-1743,Central Sector,Infrastructure,National Highways Authority of India [NHAI],Telangana,541.58,527.43,72.23,17.05,2022-03-01,2024-09-01,2024-09-01,0,-2.61,0,0,0,0,0,2026-09-30
PRJ-1744,Central Sector,Infrastructure,National Highways Authority of India [NHAI],Telangana,797.36,1337.18,635.3,95.8,2021-01-01,2024-10-01,2026-10-01,24,67.7,1,1,1,1,1,2026-09-30
PRJ-1745,Central Sector,Infrastructure,National Highways Authority of India [NHAI],Telangana,2146.86,2486.51,961.92,92.4,2022-03-01,2025-07-01,2026-07-01,12,15.82,1,1,1,1,1,2026-09-30
PRJ-1746,Central Sector,Infrastructure,National Highways Authority of India [NHAI],Telangana,1183.71,1170.64,83.68,0.0,2023-03-01,2027-06-01,2027-06-01,0,-1.1,0,0,0,0,0,2026-09-30
PRJ-1747,Central Sector,Infrastructure,National Highways Authority of India [NHAI],Telangana,1129.33,1145.41,78.94,6.3,2023-01-01,2027-06-01,2027-12-01,6,1.42,1,1,1,1,0,2026-09-30
PRJ-1748,Central Sector,Infrastructure,National Highways Authority of India [NHAI],Telangana,1127.9,1104.27,110.86,9.0,2023-03-01,2026-12-01,2027-10-01,10,-2.1,1,0,0,1,1,2026-09-30
PRJ-1749,Central Sector,Infrastructure,National Highways Authority of India [NHAI],Telangana,1142.6,1140.82,65.67,0.0,2023-03-01,2027-06-01,2028-05-01,11,-0.16,1,0,0,1,1,2026-09-30
PRJ-1750,Central Sector,Infrastructure,National Highways Authority of India [NHAI],Telangana,1092.88,1083.11,304.89,65.68,2023-03-01,2026-04-01,2026-10-01,6,-0.89,1,0,0,1,0,2026-09-30
PRJ-1751,Central Sector,Infrastructure,National Highways Authority of India [NHAI],Telangana,973.45,1021.96,227.62,42.15,2023-03-01,2027-03-01,2027-06-01,3,4.98,1,1,1,1,0,2026-09-30
PRJ-1752,Central Sector,Infrastructure,National Highways Authority of India [NHAI],Telangana,958.86,1218.49,193.26,15.78,2021-10-01,2026-11-01,2027-05-01,6,27.08,1,1,1,1,1,2026-09-30
PRJ-1753,Central Sector,Infrastructure,National Highways Authority of India [NHAI],Telangana,1149.17,1606.99,787.84,99.98,2021-01-01,2024-05-01,2026-05-01,24,39.84,1,1,1,1,1,2026-09-30
PRJ-1754,Central Sector,Infrastructure,MoRTH,Telangana,690.33,690.33,0.0,0.0,2022-11-01,2028-04-01,2028-04-01,0,0.0,0,0,0,0,0,2026-09-30
PRJ-1755,Central Sector,Infrastructure,National Highways Authority of India [NHAI],Telangana,615.78,981.64,431.67,98.02,2021-01-01,2024-09-01,2026-05-01,20,59.41,1,1,1,1,1,2026-09-30
PRJ-1756,Central Sector,Infrastructure,National Highways Authority of India [NHAI],Telangana,177.18,18.65,8.31,100.0,2013-11-01,2023-02-01,2026-05-01,39,-89.47,1,0,0,1,1,2026-09-30
PRJ-1757,Central Sector,Infrastructure,MoRTH,Telangana,295.47,334.82,375.14,82.76,2015-01-01,2017-02-01,2026-05-01,111,13.32,1,1,1,1,1,2026-09-30
PRJ-1758,Central Sector,Infrastructure,MoRTH,Telangana,516.17,516.17,0.0,43.13,2024-10-01,2027-10-01,2027-10-01,0,0.0,0,0,0,0,0,2026-09-30
PRJ-1759,Central Sector,Infrastructure,NHIDCL,Tripura,920.66,920.66,0.0,43.8,2023-12-01,2026-09-01,2027-03-01,6,0.0,1,0,0,1,0,2026-09-30
PRJ-1760,Central Sector,Infrastructure,NHIDCL,Tripura,726.9,726.9,194.74,8.65,2024-01-01,2026-12-01,2026-12-01,0,0.0,0,0,0,0,0,2026-09-30
PRJ-1761,Central Sector,Infrastructure,NHIDCL,Tripura,670.9,670.9,0.0,14.0,2024-01-01,2026-09-01,2026-09-01,0,0.0,0,0,0,0,0,2026-09-30
PRJ-1762,Central Sector,Infrastructure,NHIDCL,Tripura,657.21,657.21,0.0,57.95,2024-01-01,2026-09-01,2026-09-01,0,0.0,0,0,0,0,0,2026-09-30
PRJ-1763,Central Sector,Infrastructure,NHIDCL,Tripura,431.78,431.78,0.0,58.12,2024-01-01,2026-07-01,2026-12-01,5,0.0,1,0,0,1,0,2026-09-30
PRJ-1764,Central Sector,Infrastructure,NHIDCL,Tripura,174.43,174.43,0.0,41.9,2020-02-01,2026-03-01,2026-03-01,0,0.0,0,0,0,0,0,2026-09-30
PRJ-1765,Central Sector,Infrastructure,NHIDCL,Tripura,277.5,302.03,0.0,0.0,2020-02-01,2022-01-01,2024-10-01,33,8.84,1,1,1,1,1,2026-09-30
PRJ-1766,Central Sector,Infrastructure,NHIDCL,Tripura,195.95,195.95,86.26,69.78,2023-01-01,2024-11-01,2026-06-01,19,0.0,1,0,0,1,1,2026-09-30
PRJ-1767,Central Sector,Infrastructure,NHIDCL,Tripura,2026.05,2026.05,292.55,9.2,2023-03-01,2027-03-01,2027-03-01,0,0.0,0,0,0,0,0,2026-09-30
PRJ-1768,Central Sector,Infrastructure,MoRTH,Uttar Pradesh,274.06,274.06,0.0,91.85,2023-02-01,2025-09-01,2025-09-01,0,0.0,0,0,0,0,0,2026-09-30
PRJ-1769,Central Sector,Infrastructure,MoRTH,Uttar Pradesh,296.02,351.78,0.0,35.0,2022-01-01,2027-01-01,2027-07-01,6,18.84,1,1,1,1,1,2026-09-30
PRJ-1770,Central Sector,Infrastructure,MoRTH,Uttar Pradesh,309.63,309.63,32.4,25.0,2022-12-01,2026-11-01,2026-11-01,0,0.0,0,0,0,0,0,2026-09-30
PRJ-1771,Central Sector,Infrastructure,MoRTH,Uttar Pradesh,185.09,269.81,175.09,100.0,2021-03-01,2023-09-01,2024-12-01,15,45.77,1,1,1,1,1,2026-09-30
PRJ-1772,Central Sector,Infrastructure,MoRTH,Uttar Pradesh,319.96,347.8,0.0,95.0,2019-12-01,2022-04-01,2026-06-01,50,8.7,1,1,1,1,1,2026-09-30
PRJ-1773,Central Sector,Infrastructure,MoRTH,Uttar Pradesh,515.69,515.69,104.56,46.0,2022-12-01,2026-02-01,2026-08-01,6,0.0,1,0,0,1,0,2026-09-30
PRJ-1774,Central Sector,Infrastructure,MoRTH,Uttar Pradesh,225.17,225.17,0.0,73.0,2022-10-01,2025-06-01,2026-06-01,12,0.0,1,0,0,1,1,2026-09-30
PRJ-1775,Central Sector,Infrastructure,MoRTH,Uttar Pradesh,509.65,484.42,98.47,56.0,2022-01-01,2025-09-01,2026-12-01,15,-4.95,1,0,0,1,1,2026-09-30
PRJ-1776,Central Sector,Infrastructure,MoRTH,Uttar Pradesh,189.31,189.31,0.0,49.22,2022-10-01,2025-05-01,2026-12-01,19,0.0,1,0,0,1,1,2026-09-30
PRJ-1777,Central Sector,Infrastructure,MoRTH,Uttar Pradesh,262.37,343.77,112.46,92.0,2020-03-01,2024-09-01,2026-06-01,21,31.02,1,1,1,1,1,2026-09-30
PRJ-1778,Central Sector,Infrastructure,MoRTH,Uttar Pradesh,283.86,283.86,24.5,43.0,2022-12-01,2027-02-01,2027-02-01,0,0.0,0,0,0,0,0,2026-09-30
PRJ-1779,Central Sector,Infrastructure,MoRTH,Uttar Pradesh,1086.3,1086.3,0.0,4.0,2023-05-01,2027-11-01,2027-11-01,0,0.0,0,0,0,0,0,2026-09-30
PRJ-1780,Central Sector,Infrastructure,MoRTH,Uttar Pradesh,840.93,773.58,167.6,64.0,2021-12-01,2026-02-01,2026-06-01,4,-8.01,1,0,0,1,0,2026-09-30
PRJ-1781,Central Sector,Infrastructure,MoRTH,Uttar Pradesh,438.24,362.39,0.0,52.0,2023-03-01,2026-02-01,2026-06-01,4,-17.31,1,0,0,1,0,2026-09-30
PRJ-1782,Central Sector,Infrastructure,MoRTH,Uttar Pradesh,395.62,392.03,0.0,94.0,2021-03-01,2024-05-01,2026-06-01,25,-0.91,1,0,0,1,1,2026-09-30
PRJ-1783,Central Sector,Infrastructure,MoRTH,Uttar Pradesh,307.11,307.11,125.88,0.0,2021-11-01,2024-05-01,2025-07-01,14,0.0,1,0,0,1,1,2026-09-30
PRJ-1784,Central Sector,Infrastructure,MoRTH,Uttar Pradesh,403.36,345.34,0.0,94.0,2021-08-01,2025-06-01,2026-05-01,11,-14.38,1,0,0,1,1,2026-09-30
PRJ-1785,Central Sector,Infrastructure,MoRTH,Uttar Pradesh,912.5,912.5,0.0,3.0,2022-03-01,2026-11-01,2026-11-01,0,0.0,0,0,0,0,0,2026-09-30
PRJ-1786,Central Sector,Infrastructure,MoRTH,Uttar Pradesh,587.97,587.97,37.42,28.0,2022-03-01,2026-11-01,2026-11-01,0,0.0,0,0,0,0,0,2026-09-30
PRJ-1787,Central Sector,Infrastructure,MoRTH,Uttar Pradesh,1192.33,1192.33,0.0,0.0,2023-03-01,2028-08-01,2028-08-01,0,0.0,0,0,0,0,0,2026-09-30
PRJ-1788,Central Sector,Infrastructure,MoRTH,Uttar Pradesh,1679.75,1679.75,66.99,25.4,2022-11-01,2028-01-01,2028-01-01,0,0.0,0,0,0,0,0,2026-09-30
PRJ-1789,Central Sector,Infrastructure,MoRTH,Uttar Pradesh,343.54,343.54,75.71,65.0,2022-01-01,2025-08-01,2026-06-01,10,0.0,1,0,0,1,1,2026-09-30
PRJ-1790,Central Sector,Infrastructure,MoRTH,Uttar Pradesh,2008.7,2008.7,0.0,5.0,2023-05-01,2028-01-01,2028-01-01,0,0.0,0,0,0,0,0,2026-09-30
PRJ-1791,Central Sector,Infrastructure,MoRTH,Uttar Pradesh,809.25,603.19,0.0,58.0,2023-03-01,2025-12-01,2026-12-01,12,-25.46,1,0,0,1,1,2026-09-30
PRJ-1792,Central Sector,Infrastructure,MoRTH,Uttar Pradesh,1141.67,1157.31,0.0,85.0,2022-03-01,2026-06-01,2026-06-01,0,1.37,0,1,1,0,0,2026-09-30
PRJ-1793,Central Sector,Infrastructure,MoRTH,Uttar Pradesh,1156.72,1156.72,0.0,98.0,2022-01-01,2026-01-01,2026-06-01,5,0.0,1,0,0,1,0,2026-09-30
PRJ-1794,Central Sector,Infrastructure,MoRTH,Uttar Pradesh,697.66,697.66,0.04,99.0,2022-01-01,2025-10-01,2026-06-01,8,0.0,1,0,0,1,1,2026-09-30
PRJ-1795,Central Sector,Infrastructure,MoRTH,Uttar Pradesh,264.86,264.86,0.0,93.0,2021-03-01,2023-08-01,2026-05-01,33,0.0,1,0,0,1,1,2026-09-30
PRJ-1796,Central Sector,Infrastructure,MoRTH,Uttar Pradesh,917.91,965.3,128.0,56.0,2022-03-01,2026-01-01,2027-01-01,12,5.16,1,1,1,1,1,2026-09-30
PRJ-1797,Central Sector,Infrastructure,MoRTH,Uttar Pradesh,640.18,602.76,239.2,95.98,2022-03-01,2025-11-01,2026-07-01,8,-5.85,1,0,0,1,1,2026-09-30
PRJ-1798,Central Sector,Infrastructure,MoRTH,Uttar Pradesh,947.15,947.15,0.0,4.0,2023-05-01,2027-10-01,2027-10-01,0,0.0,0,0,0,0,0,2026-09-30
PRJ-1799,Central Sector,Infrastructure,MoRTH,Uttar Pradesh,211.09,206.56,0.0,100.0,2020-04-01,2024-02-01,2025-02-01,12,-2.15,1,0,0,1,1,2026-09-30
PRJ-1800,Central Sector,Infrastructure,MoRTH,Uttar Pradesh,1948.25,1465.41,0.0,87.91,2018-07-01,2024-02-01,2026-09-01,31,-24.78,1,0,0,1,1,2026-09-30
PRJ-1801,Central Sector,Infrastructure,MoRTH,Uttar Pradesh,236.47,236.47,0.0,90.0,2020-04-01,2024-03-01,2026-06-01,27,0.0,1,0,0,1,1,2026-09-30
PRJ-1802,Central Sector,Infrastructure,MoRTH,Uttar Pradesh,1138.72,1138.72,0.0,27.0,2022-12-01,2027-06-01,2027-06-01,0,0.0,0,0,0,0,0,2026-09-30
PRJ-1803,Central Sector,Infrastructure,MoRTH,Uttar Pradesh,1273.72,1273.72,0.0,44.37,2022-03-01,2027-05-01,2027-05-01,0,0.0,0,0,0,0,0,2026-09-30
PRJ-1804,Central Sector,Infrastructure,MoRTH,Uttar Pradesh,1708.62,1708.62,0.0,2.0,2024-03-01,2029-01-01,2029-01-01,0,0.0,0,0,0,0,0,2026-09-30
PRJ-1805,Central Sector,Infrastructure,MoRTH,Uttar Pradesh,1653.15,1653.15,0.0,10.0,2023-05-01,2028-01-01,2028-01-01,0,0.0,0,0,0,0,0,2026-09-30
PRJ-1806,Central Sector,Infrastructure,MoRTH,Uttar Pradesh,1511.57,1511.57,0.0,32.0,2023-03-01,2027-03-01,2027-03-01,0,0.0,0,0,0,0,0,2026-09-30
PRJ-1807,Central Sector,Infrastructure,MoRTH,Uttar Pradesh,974.19,1344.61,0.82,48.0,2022-01-01,2027-05-01,2027-05-01,0,38.02,0,1,1,0,1,2026-09-30
PRJ-1808,Central Sector,Infrastructure,MoRTH,Uttar Pradesh,1348.06,1348.06,0.0,25.0,2022-03-01,2027-11-01,2027-11-01,0,0.0,0,0,0,0,0,2026-09-30
PRJ-1809,Central Sector,Infrastructure,MoRTH,Uttar Pradesh,1734.7,1734.7,0.0,10.0,2023-03-01,2027-07-01,2027-07-01,0,0.0,0,0,0,0,0,2026-09-30
PRJ-1810,Central Sector,Infrastructure,MoRTH,Uttar Pradesh,701.02,701.02,0.0,81.18,2023-03-01,2026-07-01,2026-07-01,0,0.0,0,0,0,0,0,2026-09-30
PRJ-1811,Central Sector,Infrastructure,MoRTH,Uttar Pradesh,2061.86,2061.86,0.0,25.0,2023-05-01,2028-05-01,2028-05-01,0,0.0,0,0,0,0,0,2026-09-30
PRJ-1812,Central Sector,Infrastructure,MoRTH,Uttar Pradesh,172.5,169.56,0.0,89.0,2020-04-01,2024-07-01,2026-06-01,23,-1.7,1,0,0,1,1,2026-09-30
PRJ-1813,Central Sector,Infrastructure,MoRTH,Uttar Pradesh,325.24,340.16,0.0,98.0,2020-04-01,2024-11-01,2026-06-01,19,4.59,1,1,1,1,1,2026-09-30
PRJ-1814,Central Sector,Infrastructure,National Highways Authority of India [NHAI],Uttar Pradesh,2471.56,2489.0,1178.84,99.8,2021-12-01,2025-05-01,2026-04-01,11,0.71,1,1,1,1,1,2026-09-30
PRJ-1815,Central Sector,Infrastructure,National Highways Authority of India [NHAI],Uttar Pradesh,1972.94,1943.27,766.29,94.14,2021-12-01,2025-07-01,2026-05-01,10,-1.5,1,0,0,1,1,2026-09-30
PRJ-1816,Central Sector,Infrastructure,National Highways Authority of India [NHAI],Uttar Pradesh,1081.39,1116.19,419.14,76.0,2021-09-01,2024-03-01,2026-05-01,26,3.22,1,1,1,1,1,2026-09-30
PRJ-1817,Central Sector,Infrastructure,National Highways Authority of India [NHAI],Uttar Pradesh,1991.71,1832.66,1008.02,94.79,2017-12-01,2022-02-01,2026-10-01,56,-7.99,1,0,0,1,1,2026-09-30
PRJ-1818,Central Sector,Infrastructure,National Highways Authority of India [NHAI],Uttar Pradesh,1603.53,1192.16,196.64,32.83,2023-02-01,2027-06-01,2027-06-01,0,-25.65,0,0,0,0,0,2026-09-30
PRJ-1819,Central Sector,Infrastructure,National Highways Authority of India [NHAI],Uttar Pradesh,1753.75,1311.7,392.07,55.72,2023-01-01,2026-06-01,2026-06-01,0,-25.21,0,0,0,0,0,2026-09-30
PRJ-1820,Central Sector,Infrastructure,National Highways Authority of India [NHAI],Uttar Pradesh,1792.68,1126.75,193.85,22.81,2023-09-01,2027-07-01,2027-07-01,0,-37.15,0,0,0,0,0,2026-09-30
PRJ-1821,Central Sector,Infrastructure,National Highways Authority of India [NHAI],Uttar Pradesh,1089.41,1106.92,38.74,13.67,2024-08-01,2027-09-01,2027-09-01,0,1.61,0,1,1,0,0,2026-09-30
PRJ-1822,Central Sector,Infrastructure,National Highways Authority of India [NHAI],Uttar Pradesh,1089.41,977.45,190.16,42.85,2024-08-01,2027-10-01,2028-04-01,6,-10.28,1,0,0,1,0,2026-09-30
PRJ-1823,Central Sector,Infrastructure,National Highways Authority of India [NHAI],Uttar Pradesh,957.62,1034.42,758.4,99.7,2022-01-01,2025-02-01,2026-05-01,15,8.02,1,1,1,1,1,2026-09-30
PRJ-1824,Central Sector,Infrastructure,National Highways Authority of India [NHAI],Uttar Pradesh,879.26,787.58,623.64,91.7,2022-07-01,2024-09-01,2026-06-01,21,-10.43,1,0,0,1,1,2026-09-30
PRJ-1825,Central Sector,Infrastructure,NHAI,Uttar Pradesh,526.45,281.13,259.66,81.85,2023-03-01,2025-03-01,2025-08-01,5,-46.6,1,0,0,1,0,2026-09-30
PRJ-1826,Central Sector,Infrastructure,National Highways Authority of India [NHAI],Uttar Pradesh,1973.98,1244.44,955.14,68.95,2023-02-01,2026-01-01,2027-01-01,12,-36.96,1,0,0,1,1,2026-09-30
PRJ-1827,Central Sector,Infrastructure,NHAI,Uttar Pradesh,2289.34,1834.25,198.35,26.13,2024-08-01,2028-01-01,2028-01-01,0,-19.88,0,0,0,0,0,2026-09-30
PRJ-1828,Central Sector,Infrastructure,NHAI,Uttar Pradesh,2541.13,1983.05,265.58,35.14,2024-08-01,2027-09-01,2027-09-01,0,-21.96,0,0,0,0,0,2026-09-30
PRJ-1829,Central Sector,Infrastructure,National Highways Authority of India [NHAI],Uttar Pradesh,1632.93,1425.43,322.5,50.25,2022-10-01,2027-02-01,2027-01-01,0,-12.71,0,0,0,0,0,2026-09-30
PRJ-1830,Central Sector,Infrastructure,National Highways Authority of India [NHAI],Uttar Pradesh,1663.38,1685.69,534.65,15.75,2024-03-01,2027-03-01,2027-03-01,0,1.34,0,1,1,0,0,2026-09-30
PRJ-1831,Central Sector,Infrastructure,National Highways Authority of India [NHAI],Uttar Pradesh,1226.64,2069.6,659.17,100.0,2018-03-01,2022-06-01,2026-08-01,50,68.72,1,1,1,1,1,2026-09-30
PRJ-1832,Central Sector,Infrastructure,National Highways Authority of India [NHAI],Uttar Pradesh,2002.79,1889.78,1732.92,100.0,2020-09-01,2023-11-01,2026-05-01,30,-5.64,1,0,0,1,1,2026-09-30
PRJ-1833,Central Sector,Infrastructure,National Highways Authority of India [NHAI],Uttar Pradesh,1843.59,1247.55,685.93,58.9,2022-06-01,2025-05-01,2026-07-01,14,-32.33,1,0,0,1,1,2026-09-30
PRJ-1834,Central Sector,Infrastructure,National Highways Authority of India [NHAI],Uttar Pradesh,991.89,977.73,815.91,95.22,2021-10-01,2025-02-01,2026-07-01,17,-1.43,1,0,0,1,1,2026-09-30
PRJ-1835,Central Sector,Infrastructure,National Highways Authority of India [NHAI],Uttar Pradesh,1309.08,1309.08,0.0,0.0,2024-06-01,2028-03-01,2028-11-01,8,0.0,1,0,0,1,1,2026-09-30
PRJ-1836,Central Sector,Infrastructure,National Highways Authority of India [NHAI],Uttar Pradesh,516.16,273.42,232.93,74.23,2021-10-01,2024-10-01,2025-03-01,5,-47.03,1,0,0,1,0,2026-09-30
PRJ-1837,Central Sector,Infrastructure,National Highways Authority of India [NHAI],Uttar Pradesh,1394.14,1394.14,561.53,58.86,2023-02-01,2026-03-01,2026-11-01,8,0.0,1,0,0,1,1,2026-09-30
PRJ-1838,Central Sector,Infrastructure,National Highways Authority of India [NHAI],Uttar Pradesh,2555.5,2275.43,1247.39,84.0,2021-12-01,2025-03-01,2026-06-01,15,-10.96,1,0,0,1,1,2026-09-30
PRJ-1839,Central Sector,Infrastructure,National Highways Authority of India [NHAI],Uttar Pradesh,197.6,165.28,36.16,12.39,2025-02-01,2027-03-01,2027-09-01,6,-16.36,1,0,0,1,0,2026-09-30
PRJ-1840,Central Sector,Infrastructure,National Highways Authority of India [NHAI],Uttar Pradesh,649.44,649.44,0.09,6.6,2025-02-01,2027-09-01,2027-09-01,0,0.0,0,0,0,0,0,2026-09-30
PRJ-1841,Central Sector,Infrastructure,National Highways Authority of India [NHAI],Uttar Pradesh,706.41,752.52,515.53,97.2,2021-02-01,2024-01-01,2025-06-01,17,6.53,1,1,1,1,1,2026-09-30
PRJ-1842,Central Sector,Infrastructure,National Highways Authority of India [NHAI],Uttar Pradesh,838.68,838.68,560.48,99.2,2022-03-01,2025-02-01,2026-04-01,14,0.0,1,0,0,1,1,2026-09-30
PRJ-1843,Central Sector,Infrastructure,National Highways Authority of India [NHAI],Uttar Pradesh,1101.79,1212.26,346.55,63.51,2022-09-01,2025-11-01,2026-11-01,12,10.03,1,1,1,1,1,2026-09-30
PRJ-1844,Central Sector,Infrastructure,National Highways Authority of India [NHAI],Uttar Pradesh,955.34,955.34,269.0,64.2,2022-09-01,2026-01-01,2026-11-01,10,0.0,1,0,0,1,1,2026-09-30
PRJ-1845,Central Sector,Infrastructure,National Highways Authority of India [NHAI],Uttar Pradesh,575.66,553.61,371.82,99.33,2021-09-01,2024-10-01,2026-05-01,19,-3.83,1,0,0,1,1,2026-09-30
PRJ-1846,Central Sector,Infrastructure,National Highways Authority of India [NHAI],Uttar Pradesh,1722.11,1820.77,1049.87,99.9,2022-01-01,2025-03-01,2026-05-01,14,5.73,1,1,1,1,1,2026-09-30
PRJ-1847,Central Sector,Infrastructure,National Highways Authority of India [NHAI],Uttar Pradesh,1384.79,1496.44,823.04,99.99,2021-12-01,2025-01-01,2025-01-01,0,8.06,0,1,1,0,0,2026-09-30
PRJ-1848,Central Sector,Infrastructure,National Highways Authority of India [NHAI],Uttar Pradesh,2077.0,1112.44,223.68,16.01,2024-12-01,2027-11-01,2027-11-01,0,-46.44,0,0,0,0,0,2026-09-30
PRJ-1849,Central Sector,Infrastructure,National Highways Authority of India [NHAI],Uttar Pradesh,2009.11,1936.61,191.05,28.21,2023-03-01,2027-05-01,2027-04-01,0,-3.61,0,0,0,0,0,2026-09-30
PRJ-1850,Central Sector,Infrastructure,National Highways Authority of India [NHAI],Uttar Pradesh,2289.52,2223.71,486.52,62.48,2023-03-01,2026-06-01,2026-06-01,0,-2.87,0,0,0,0,0,2026-09-30
PRJ-1851,Central Sector,Infrastructure,National Highways Authority of India [NHAI],Uttar Pradesh,1122.02,1869.59,129.68,10.21,2024-12-01,2028-06-01,2028-06-01,0,66.63,0,1,1,0,1,2026-09-30
PRJ-1852,Central Sector,Infrastructure,National Highways Authority of India [NHAI],Uttar Pradesh,1706.47,1579.59,844.84,99.11,2022-10-01,2025-07-01,2026-06-01,11,-7.44,1,0,0,1,1,2026-09-30
PRJ-1853,Central Sector,Infrastructure,National Highways Authority of India [NHAI],Uttar Pradesh,1493.65,1311.44,705.07,95.5,2022-10-01,2025-10-01,2026-08-01,10,-12.2,1,0,0,1,1,2026-09-30
PRJ-1854,Central Sector,Infrastructure,National Highways Authority of India [NHAI],Uttar Pradesh,617.88,549.02,235.64,83.88,2022-10-01,2025-06-01,2026-08-01,14,-11.14,1,0,0,1,1,2026-09-30
PRJ-1855,Central Sector,Infrastructure,National Highways Authority of India [NHAI],Uttar Pradesh,2966.63,3475.65,865.21,97.35,2015-04-01,2019-10-01,2026-05-01,79,17.16,1,1,1,1,1,2026-09-30
PRJ-1856,Central Sector,Infrastructure,National Highways Authority of India [NHAI],Uttar Pradesh,646.27,637.83,166.33,63.79,2021-12-01,2024-11-01,2026-05-01,18,-1.31,1,0,0,1,1,2026-09-30
PRJ-1857,Central Sector,Infrastructure,National Highways Authority of India [NHAI],Uttar Pradesh,2158.2,2553.12,694.43,65.21,2023-03-01,2026-05-01,2026-05-01,0,18.3,0,1,1,0,1,2026-09-30
PRJ-1858,Central Sector,Infrastructure,National Highways Authority of India [NHAI],Uttar Pradesh,188.87,99.2,33.37,50.44,2021-10-01,2025-09-01,2026-06-01,9,-47.48,1,0,0,1,1,2026-09-30
PRJ-1859,Central Sector,Infrastructure,National Highways Authority of India [NHAI],Uttar Pradesh,300.58,334.48,264.54,96.53,2021-02-01,2023-05-01,2026-05-01,36,11.28,1,1,1,1,1,2026-09-30
PRJ-1860,Central Sector,Infrastructure,National Highways Authority of India [NHAI],Uttar Pradesh,2006.82,1890.05,878.74,47.51,2022-10-01,2026-03-01,2026-12-01,9,-5.82,1,0,0,1,1,2026-09-30
PRJ-1861,Central Sector,Infrastructure,National Highways Authority of India [NHAI],Uttar Pradesh,1841.92,1843.54,982.74,76.9,2022-11-01,2025-09-01,2026-06-01,9,0.09,1,1,1,1,1,2026-09-30
PRJ-1862,Central Sector,Infrastructure,National Highways Authority of India [NHAI],Uttar Pradesh,1017.99,427.54,406.6,100.0,2023-08-01,2025-03-01,2025-03-01,0,-58.0,0,0,0,0,0,2026-09-30
PRJ-1863,Central Sector,Infrastructure,National Highways Authority of India [NHAI],Uttar Pradesh,1377.51,1007.62,394.66,42.26,2023-08-01,2026-06-01,2027-06-01,12,-26.85,1,0,0,1,1,2026-09-30
PRJ-1864,Central Sector,Infrastructure,National Highways Authority of India [NHAI],Uttar Pradesh,775.94,498.97,15.11,4.44,2025-02-01,2027-12-01,2027-12-01,0,-35.69,0,0,0,0,0,2026-09-30
PRJ-1865,Central Sector,Infrastructure,National Highways Authority of India [NHAI],Uttar Pradesh,1428.19,1439.35,1220.87,97.5,2021-03-01,2024-09-01,2026-05-01,20,0.78,1,1,1,1,1,2026-09-30
PRJ-1866,Central Sector,Infrastructure,National Highways Authority of India [NHAI],Uttar Pradesh,1335.45,1335.38,1016.38,92.89,2021-03-01,2024-09-01,2026-05-01,20,-0.01,1,0,0,1,1,2026-09-30
PRJ-1867,Central Sector,Infrastructure,National Highways Authority of India [NHAI],Uttar Pradesh,578.02,566.9,438.87,100.0,2022-01-01,2024-06-01,2026-05-01,23,-1.92,1,0,0,1,1,2026-09-30
PRJ-1868,Central Sector,Infrastructure,National Highways Authority of India [NHAI],Uttar Pradesh,1602.48,1497.94,1215.04,99.11,2021-03-01,2024-09-01,2026-05-01,20,-6.52,1,0,0,1,1,2026-09-30
PRJ-1869,Central Sector,Infrastructure,NHAI,Uttar Pradesh,836.24,835.74,808.7,98.92,2020-11-01,2023-10-01,2026-07-01,33,-0.06,1,0,0,1,1,2026-09-30
PRJ-1870,Central Sector,Infrastructure,MoRTH,Uttarakhand,192.54,192.54,0.0,99.0,2023-01-01,2025-02-01,2026-06-01,16,0.0,1,0,0,1,1,2026-09-30
PRJ-1871,Central Sector,Infrastructure,MoRTH,Uttarakhand,192.22,192.22,0.0,97.0,2022-11-01,2024-06-01,2026-05-01,23,0.0,1,0,0,1,1,2026-09-30
PRJ-1872,Central Sector,Infrastructure,MoRTH,Uttarakhand,220.89,220.89,0.0,5.0,2025-02-01,2027-12-01,2027-12-01,0,0.0,0,0,0,0,0,2026-09-30
PRJ-1873,Central Sector,Infrastructure,MoRTH,Uttarakhand,247.41,247.41,110.98,73.5,2018-02-01,2020-05-01,2026-12-01,79,0.0,1,0,0,1,1,2026-09-30
PRJ-1874,Central Sector,Infrastructure,MoRTH,Uttarakhand,251.88,251.88,0.0,99.0,2021-02-01,2025-07-01,2026-05-01,10,0.0,1,0,0,1,1,2026-09-30
PRJ-1875,Central Sector,Infrastructure,MoRTH,Uttarakhand,418.89,418.89,422.72,95.0,2017-03-01,2020-02-01,2024-03-01,49,0.0,1,0,0,1,1,2026-09-30
PRJ-1876,Central Sector,Infrastructure,MoRTH,Uttarakhand,282.08,282.08,166.13,100.0,2016-10-01,2019-06-01,2023-10-01,52,0.0,1,0,0,1,1,2026-09-30
PRJ-1877,Central Sector,Infrastructure,MoRTH,Uttarakhand,344.73,344.73,0.0,17.78,2025-05-01,2028-04-01,2028-04-01,0,0.0,0,0,0,0,0,2026-09-30
PRJ-1878,Central Sector,Infrastructure,MoRTH,Uttarakhand,237.79,237.79,79.56,100.0,2017-03-01,2019-11-01,2024-07-01,56,0.0,1,0,0,1,1,2026-09-30
PRJ-1879,Central Sector,Infrastructure,MoRTH,Uttarakhand,346.82,346.82,0.0,29.64,2024-01-01,2028-04-01,2028-04-01,0,0.0,0,0,0,0,0,2026-09-30
PRJ-1880,Central Sector,Infrastructure,MoRTH,Uttarakhand,452.81,452.81,0.0,42.0,2022-03-01,2027-01-01,2027-01-01,0,0.0,0,0,0,0,0,2026-09-30
PRJ-1881,Central Sector,Infrastructure,MoRTH,Uttarakhand,299.31,299.31,0.0,2.0,2022-02-01,2027-12-01,2027-12-01,0,0.0,0,0,0,0,0,2026-09-30
PRJ-1882,Central Sector,Infrastructure,MoRTH,Uttarakhand,472.23,472.23,0.0,60.0,2022-03-01,2027-02-01,2027-02-01,0,0.0,0,0,0,0,0,2026-09-30
PRJ-1883,Central Sector,Infrastructure,MoRTH,Uttarakhand,573.96,573.96,0.0,20.78,2022-10-01,2027-10-01,2028-10-01,12,0.0,1,0,0,1,1,2026-09-30
PRJ-1884,Central Sector,Infrastructure,MoRTH,Uttarakhand,180.1,180.1,0.0,95.0,2019-02-01,2021-10-01,2021-10-01,0,0.0,0,0,0,0,0,2026-09-30
PRJ-1885,Central Sector,Infrastructure,MoRTH,Uttarakhand,258.85,258.85,0.0,35.6,2022-03-01,2025-09-01,2027-08-01,23,0.0,1,0,0,1,1,2026-09-30
PRJ-1886,Central Sector,Infrastructure,MoRTH,Uttarakhand,603.92,603.92,0.0,81.17,2020-09-01,2023-12-01,2026-06-01,30,0.0,1,0,0,1,1,2026-09-30
PRJ-1887,Central Sector,Infrastructure,MoRTH,Uttarakhand,649.6,649.6,0.0,29.72,2022-05-01,2026-11-01,2026-11-01,0,0.0,0,0,0,0,0,2026-09-30
PRJ-1888,Central Sector,Infrastructure,MoRTH,Uttarakhand,197.26,197.26,0.0,15.06,2024-01-01,2027-04-01,2027-04-01,0,0.0,0,0,0,0,0,2026-09-30
PRJ-1889,Central Sector,Infrastructure,MoRTH,Uttarakhand,273.76,273.76,0.0,96.46,2018-03-01,2021-01-01,2026-01-01,60,0.0,1,0,0,1,1,2026-09-30
PRJ-1890,Central Sector,Infrastructure,MoRTH,Uttarakhand,346.5,346.5,0.0,100.0,2018-03-01,2021-07-01,2024-06-01,35,0.0,1,0,0,1,1,2026-09-30
PRJ-1891,Central Sector,Infrastructure,MoRTH,Uttarakhand,338.38,338.38,0.0,78.2,2022-10-01,2025-05-01,2027-03-01,22,0.0,1,0,0,1,1,2026-09-30
PRJ-1892,Central Sector,Infrastructure,MoRTH,Uttarakhand,292.76,292.76,0.0,72.5,2022-10-01,2026-05-01,2026-12-01,7,0.0,1,0,0,1,1,2026-09-30
PRJ-1893,Central Sector,Infrastructure,NHIDCL,Uttarakhand,1383.78,1383.78,688.93,70.64,2018-03-01,2022-07-01,2027-03-01,56,0.0,1,0,0,1,1,2026-09-30
PRJ-1894,Central Sector,Infrastructure,NHIDCL,Uttarakhand,250.33,250.33,0.0,82.25,2023-12-01,2025-12-01,2026-12-01,12,0.0,1,0,0,1,1,2026-09-30
PRJ-1895,Central Sector,Infrastructure,NHIDCL,Uttarakhand,259.64,259.64,0.0,59.75,2023-12-01,2026-06-01,2026-06-01,0,0.0,0,0,0,0,0,2026-09-30
PRJ-1896,Central Sector,Infrastructure,NHIDCL,Uttarakhand,216.68,216.68,107.69,96.0,2023-12-01,2025-12-01,2025-12-01,0,0.0,0,0,0,0,0,2026-09-30
PRJ-1897,Central Sector,Infrastructure,National Highways Authority of India [NHAI],Uttarakhand,183.92,142.11,102.18,70.42,2021-11-01,2024-02-01,2026-06-01,28,-22.73,1,0,0,1,1,2026-09-30
PRJ-1898,Central Sector,Infrastructure,National Highways Authority of India [NHAI],Uttarakhand,216.97,237.01,161.97,75.24,2022-06-01,2024-09-01,2027-04-01,31,9.24,1,1,1,1,1,2026-09-30
PRJ-1899,Central Sector,Infrastructure,National Highways Authority of India [NHAI],Uttarakhand,1602.89,1423.89,588.94,76.74,2021-11-01,2024-10-01,2026-10-01,24,-11.17,1,0,0,1,1,2026-09-30
PRJ-1900,Central Sector,Infrastructure,NHAI,Uttarakhand,1092.9,1072.5,715.36,93.9,2022-03-01,2025-02-01,2026-07-01,17,-1.87,1,0,0,1,1,2026-09-30
PRJ-1901,Central Sector,Infrastructure,NHAI,Uttarakhand,715.97,337.11,140.53,47.84,2023-12-01,2027-04-01,2027-04-01,0,-52.92,0,0,0,0,0,2026-09-30
PRJ-1902,Central Sector,Infrastructure,NHAI,Uttarakhand,720.67,388.19,1.6,1.0,2025-05-01,2028-08-01,2028-08-01,0,-46.13,0,0,0,0,0,2026-09-30
PRJ-1903,Central Sector,Infrastructure,NHAI,Uttarakhand,742.43,664.92,0.45,0.0,2023-02-01,2027-11-01,2027-11-01,0,-10.44,0,0,0,0,0,2026-09-30
PRJ-1904,Central Sector,Infrastructure,MoRTH,West Bengal,304.83,304.83,0.0,0.0,2023-11-01,2028-05-01,2028-05-01,0,0.0,0,0,0,0,0,2026-09-30
PRJ-1905,Central Sector,Infrastructure,MoRTH,West Bengal,410.83,410.83,157.03,65.11,2023-03-01,2026-03-01,2026-12-01,9,0.0,1,0,0,1,1,2026-09-30
PRJ-1906,Central Sector,Infrastructure,MoRTH,West Bengal,155.87,138.57,0.0,15.7,2016-03-01,2025-08-01,2027-03-01,19,-11.1,1,0,0,1,1,2026-09-30
PRJ-1907,Central Sector,Infrastructure,MoRTH,West Bengal,271.17,291.2,209.23,84.6,2016-08-01,2018-11-01,2026-06-01,91,7.39,1,1,1,1,1,2026-09-30
PRJ-1908,Central Sector,Infrastructure,MoRTH,West Bengal,995.04,1059.2,456.48,71.03,2022-03-01,2025-09-01,2027-03-01,18,6.45,1,1,1,1,1,2026-09-30
PRJ-1909,Central Sector,Infrastructure,NHIDCL,West Bengal,311.02,273.78,6.11,95.6,2020-06-01,2023-04-01,2026-05-01,37,-11.97,1,0,0,1,1,2026-09-30
PRJ-1910,Central Sector,Infrastructure,NHIDCL,West Bengal,345.38,395.59,395.8,94.71,2020-06-01,2022-04-01,2026-05-01,49,14.54,1,1,1,1,1,2026-09-30
PRJ-1911,Central Sector,Infrastructure,NHIDCL,West Bengal,402.94,402.94,0.0,98.54,2018-03-01,2022-04-01,2026-05-01,49,0.0,1,0,0,1,1,2026-09-30
PRJ-1912,Central Sector,Infrastructure,NHIDCL,West Bengal,295.97,295.97,0.39,96.91,2018-03-01,2023-04-01,2026-05-01,37,0.0,1,0,0,1,1,2026-09-30
PRJ-1913,Central Sector,Infrastructure,National Highways Authority of India [NHAI],West Bengal,309.99,306.02,0.4,1.07,2025-03-01,2027-11-01,2027-11-01,0,-1.28,0,0,0,0,0,2026-09-30
PRJ-1914,Central Sector,Infrastructure,National Highways Authority of India [NHAI],West Bengal,1818.46,962.31,426.06,55.2,2023-11-01,2027-06-01,2027-06-01,0,-47.08,0,0,0,0,0,2026-09-30
PRJ-1915,Central Sector,Infrastructure,National Highways Authority of India [NHAI],West Bengal,1212.56,1203.11,302.61,37.35,2023-03-01,2026-12-01,2027-12-01,12,-0.78,1,0,0,1,1,2026-09-30
PRJ-1916,Central Sector,Infrastructure,National Highways Authority of India [NHAI],West Bengal,352.01,346.39,84.95,35.78,2024-02-01,2026-02-01,2027-03-01,13,-1.6,1,0,0,1,1,2026-09-30
PRJ-1917,Central Sector,Infrastructure,National Highways Authority of India [NHAI],West Bengal,201.1,197.74,56.95,48.82,2024-03-01,2026-01-01,2027-01-01,12,-1.67,1,0,0,1,1,2026-09-30
PRJ-1918,Central Sector,Infrastructure,National Highways Authority of India [NHAI],West Bengal,622.04,646.1,340.02,96.17,2018-08-01,2021-12-01,2026-09-01,57,3.87,1,1,1,1,1,2026-09-30
PRJ-1919,Central Sector,Infrastructure,National Highways Authority of India [NHAI],West Bengal,557.55,562.57,468.78,94.12,2021-01-01,2023-08-01,2026-05-01,33,0.9,1,1,1,1,1,2026-09-30
PRJ-1920,Central Sector,Infrastructure,MoRTH,West Bengal,560.79,560.79,0.0,3.5,2023-03-01,2027-12-01,2027-12-01,0,0.0,0,0,0,0,0,2026-09-30
PRJ-1921,Central Sector,Infrastructure,NHIDCL,West Bengal,152.27,152.27,0.0,27.3,2024-02-01,2027-06-01,2027-06-01,0,0.0,0,0,0,0,0,2026-09-30
PRJ-1922,Central Sector,Infrastructure,National Communication Academy - Finance [Erstwhile NICF],Delhi,248.2,248.2,237.39,98.0,2014-10-01,2020-02-01,2026-06-01,76,0.0,1,0,0,1,1,2026-09-30
PRJ-1923,Central Sector,Infrastructure,Department of Telecommunications,Meghalaya,971.96,971.96,232.79,99.84,2019-09-01,2022-03-01,2026-06-01,51,0.0,1,0,0,1,1,2026-09-30
PRJ-1924,Central Sector,Infrastructure,Department of Telecommunications [DoT],"Multi-States (Andhra Pradesh, Bihar, Chhattisgarh, Jharkhand, Madhya Pradesh, Maharashtra, Odisha, Telangana, Uttar Pradesh, West Bengal)",1884.6,1884.6,376.8,98.0,2022-04-01,2025-05-01,2026-03-01,10,0.0,1,0,0,1,1,2026-09-30
PRJ-1925,Central Sector,Infrastructure,Department of Telecommunications [DoT],"Multi-States (Andhra Pradesh, Bihar, Chhattisgarh, Jharkhand, Madhya Pradesh, Maharashtra, Odisha, Telangana, Uttar Pradesh, West Bengal)",1577.57,1577.57,701.66,88.0,2018-05-01,2023-03-01,2026-03-01,36,0.0,1,0,0,1,1,2026-09-30
PRJ-1926,Central Sector,Infrastructure,Department of Telecommunications [DoT],"Multi-States (Andhra Pradesh, Chhattisgarh, Jharkhand, Maharashtra, Odisha)",3685.0,3685.0,1457.51,83.0,2021-11-01,2023-11-01,2026-05-01,30,0.0,1,0,0,1,1,2026-09-30
PRJ-1927,Central Sector,Infrastructure,Department of Telecommunications,"Multi-States (Arunachal Pradesh, Assam)",1255.49,1255.49,332.43,99.43,2020-12-01,2023-04-01,2026-03-01,35,0.0,1,0,0,1,1,2026-09-30
PRJ-1928,Central Sector,Infrastructure,Department of Telecommunications [DoT],"Multi-States (Bihar, Madhya Pradesh, Rajasthan, Uttar Pradesh)",421.65,228.94,152.96,99.0,2019-12-01,2022-03-01,2026-06-01,51,-45.7,1,0,0,1,1,2026-09-30
PRJ-1929,Central Sector,Infrastructure,Department of Telecommunications [DoT],PAN India,26316.0,30620.0,9791.8,84.0,2022-07-01,2024-06-01,2026-03-01,21,16.36,1,1,1,1,1,2026-09-30
PRJ-1930,Central Sector,Infrastructure,Department of Telecommunications [DoT],PAN India,28466.0,19592.0,8471.19,98.23,2020-11-01,2024-03-01,2026-03-01,24,-31.17,1,0,0,1,1,2026-09-30
PRJ-1931,Central Sector,Infrastructure,Department of Telecommunications [DoT],PAN India,61109.0,188000.0,46431.54,82.4,2017-07-01,2023-08-01,2027-03-01,43,207.65,1,1,1,1,1,2026-09-30
PRJ-1932,Central Sector,Infrastructure,BSNL,PAN India,645.13,645.13,377.59,92.1,2023-05-01,2024-08-01,2026-06-01,22,0.0,1,0,0,1,1,2026-09-30
PRJ-1933,Central Sector,Infrastructure,BSNL,PAN India,24544.55,24544.5,8472.04,98.23,2023-05-01,2025-06-01,2026-09-01,15,-0.0,1,0,0,1,1,2026-09-30
PRJ-1934,Central Sector,Infrastructure,National Mission for Clean Ganga,Bihar,413.29,413.29,126.67,97.0,2017-10-01,2025-02-01,2026-12-01,22,0.0,1,0,0,1,1,2026-09-30
PRJ-1935,Central Sector,Infrastructure,National Mission for Clean Ganga,Bihar,824.0,824.0,396.71,57.0,2017-08-01,2025-12-01,2026-09-01,9,0.0,1,0,0,1,1,2026-09-30
PRJ-1936,Central Sector,Infrastructure,National Mission for Clean Ganga,Bihar,578.89,578.89,171.79,54.0,2017-08-01,2025-12-01,2025-12-01,0,0.0,0,0,0,0,0,2026-09-30
PRJ-1937,Central Sector,Infrastructure,National Mission for Clean Ganga,Bihar,230.06,230.06,261.82,97.0,2010-03-01,2025-04-01,2025-12-01,8,0.0,1,0,0,1,1,2026-09-30
PRJ-1938,Central Sector,Infrastructure,National Mission for Clean Ganga,Bihar,305.19,305.19,346.46,95.0,2010-03-01,2025-06-01,2025-12-01,6,0.0,1,0,0,1,0,2026-09-30
PRJ-1939,Central Sector,Infrastructure,National Mission for Clean Ganga,Uttar Pradesh,842.25,842.25,208.64,80.0,2020-05-01,2025-04-01,2026-12-01,20,0.0,1,0,0,1,1,2026-09-30
PRJ-1940,Central Sector,Infrastructure,National Mission for Clean Ganga,Uttar Pradesh,690.71,690.71,34.79,51.0,2020-05-01,2024-12-01,2027-05-01,29,0.0,1,0,0,1,1,2026-09-30
PRJ-1941,Central Sector,Infrastructure,National Mission for Clean Ganga,West Bengal,154.73,154.73,96.17,93.0,2018-05-01,2025-03-01,2026-08-01,17,0.0,1,0,0,1,1,2026-09-30
PRJ-1942,Central Sector,Infrastructure,Water Resources-AP,Andhra Pradesh,353.05,1023.24,872.65,95.88,2005-04-01,2019-12-01,2026-06-01,78,189.83,1,1,1,1,1,2026-09-30
PRJ-1943,Central Sector,Infrastructure,Water Resources-AP,Andhra Pradesh,397.41,697.39,619.46,98.3,2005-04-01,2019-12-01,2027-03-01,87,75.48,1,1,1,1,1,2026-09-30
PRJ-1944,Central Sector,Infrastructure,Water Resources-AP,Andhra Pradesh,10151.04,55548.9,26674.77,86.14,2009-01-01,2022-04-01,2026-03-01,47,447.22,1,1,1,1,1,2026-09-30
PRJ-1945,Central Sector,Infrastructure,"Department of Water Resources, River Development & GR",Assam,256.16,256.16,44.7,55.44,1996-04-01,2022-12-01,2026-03-01,39,0.0,1,0,0,1,1,2026-09-30
PRJ-1946,Central Sector,Infrastructure,Water Resources-CT,Chhattisgarh,459.97,727.04,618.85,72.0,2008-04-01,2019-12-01,2026-06-01,78,58.06,1,1,1,1,1,2026-09-30
PRJ-1947,Central Sector,Infrastructure,"Department of Water Resources, River Development & GR",Chhattisgarh,382.29,382.29,249.06,86.31,2009-04-01,2025-12-01,2026-03-01,3,0.0,1,0,0,1,0,2026-09-30
PRJ-1948,Central Sector,Infrastructure,"Narmada and Water Resources, Water Supply and Kalpsar Department-GJ",Gujarat,5021.76,6670.31,4956.98,90.3,2017-04-01,2019-12-01,2026-03-01,75,32.83,1,1,1,1,1,2026-09-30
PRJ-1949,Central Sector,Infrastructure,"Narmada and Water Resources, Water Supply and Kalpsar Department-GJ",Gujarat,20718.17,33412.5,31860.86,93.7,1996-04-01,2019-12-01,2026-03-01,75,61.27,1,1,1,1,1,2026-09-30
PRJ-1950,Central Sector,Infrastructure,Department of Water Resources-JH,Jharkhand,3807.77,9579.58,5999.8,70.0,2011-04-01,2019-12-01,2026-03-01,75,151.58,1,1,1,1,1,2026-09-30
PRJ-1951,Central Sector,Infrastructure,Water Resources-KA,Karnataka,770.16,1606.07,1515.6,99.32,2014-04-01,2019-12-01,2026-03-01,75,108.54,1,1,1,1,1,2026-09-30
PRJ-1952,Central Sector,Infrastructure,Water resource-mp,Madhya Pradesh,648.09,648.09,208.06,49.78,2017-04-01,2019-12-01,2027-06-01,90,0.0,1,0,0,1,1,2026-09-30
PRJ-1953,Central Sector,Infrastructure,Water Resources-MP,Madhya Pradesh,751.03,893.35,814.02,75.0,2008-04-01,2019-12-01,2026-03-01,75,18.95,1,1,1,1,1,2026-09-30
PRJ-1954,Central Sector,Infrastructure,Water Resources-MP,Madhya Pradesh,1229.15,1399.7,2190.05,81.42,2007-04-01,2019-12-01,2026-12-01,84,13.88,1,1,1,1,1,2026-09-30
PRJ-1955,Central Sector,Infrastructure,Department of water resources-MH - II,Maharashtra,743.73,743.73,459.06,53.93,2017-04-01,2019-12-01,2026-06-01,78,0.0,1,0,0,1,1,2026-09-30
PRJ-1956,Central Sector,Infrastructure,Department of water resources-MH - II,Maharashtra,580.79,895.81,713.46,76.22,2017-04-01,2022-06-01,2026-12-01,54,54.24,1,1,1,1,1,2026-09-30
PRJ-1957,Central Sector,Infrastructure,Department of water resources-MH - II,Maharashtra,2407.67,2407.67,2779.38,80.54,2017-04-01,2023-06-01,2027-06-01,48,0.0,1,0,0,1,1,2026-09-30
PRJ-1958,Central Sector,Infrastructure,Department of water resources-MH - II,Maharashtra,848.07,888.43,690.49,69.63,2017-04-01,2020-06-01,2026-06-01,72,4.76,1,1,1,1,1,2026-09-30
PRJ-1959,Central Sector,Infrastructure,Department of water resources-MH - II,Maharashtra,7222.95,7222.95,10516.63,92.0,2017-04-01,2028-06-01,2028-06-01,0,0.0,0,0,0,0,0,2026-09-30
PRJ-1960,Central Sector,Infrastructure,Department of Water Resources-MH,Maharashtra,1923.81,1923.81,1949.56,49.5,2002-05-01,2027-07-01,2027-07-01,0,0.0,0,0,0,0,0,2026-09-30
PRJ-1961,Central Sector,Infrastructure,Department of water resources-MH - II,Maharashtra,1058.99,1758.51,1557.82,89.57,1996-04-01,2019-12-01,2026-03-01,75,66.06,1,1,1,1,1,2026-09-30
PRJ-1962,Central Sector,Infrastructure,Department of water resources-MH - II,Maharashtra,7196.47,12770.1,14339.36,72.65,2008-04-01,2019-12-01,2028-06-01,102,77.45,1,1,1,1,1,2026-09-30
PRJ-1963,Central Sector,Infrastructure,Department of water resources-MH - II,Maharashtra,210.45,1472.14,1734.71,98.1,2009-04-01,2019-12-01,2025-12-01,72,599.52,1,1,1,1,1,2026-09-30
PRJ-1964,Central Sector,Infrastructure,Department of water resources-MH - II,Maharashtra,255.97,1480.7,1516.11,65.0,2008-04-01,2019-12-01,2026-06-01,78,478.47,1,1,1,1,1,2026-09-30
PRJ-1965,Central Sector,Infrastructure,Department of water resources-MH - II,Maharashtra,211.46,781.85,626.06,72.59,2009-04-01,2019-12-01,2026-06-01,78,269.74,1,1,1,1,1,2026-09-30
PRJ-1966,Central Sector,Infrastructure,Water Resources Department-MN,Manipur,1449.44,1822.24,1837.91,98.9,1997-04-01,2019-12-01,2026-03-01,75,25.72,1,1,1,1,1,2026-09-30
PRJ-1967,Central Sector,Infrastructure,"Department of Water Resources, River Development & GR","Multi-States (Bihar, Jharkhand)",1622.27,2430.76,172.97,38.0,2017-08-01,2021-03-01,2026-03-01,60,49.84,1,1,1,1,1,2026-09-30
PRJ-1968,Central Sector,Infrastructure,"Department of Water Resources, River Development, ","Multi-States (Madhya Pradesh, Uttar Pradesh)",21030.0,21030.0,8530.86,0.0,2022-03-01,2029-03-01,2029-03-01,0,0.0,0,0,0,0,0,2026-09-30
PRJ-1969,Central Sector,Infrastructure,Water Resources-OR,Odisha,567.03,2990.05,2776.23,62.85,1997-04-01,2019-12-01,2026-06-01,78,427.32,1,1,1,1,1,2026-09-30
PRJ-1970,Central Sector,Infrastructure,"Department of Water Resources, River Development & GR",Odisha,3055.88,7023.19,8060.82,95.5,1995-12-01,2019-12-01,2026-03-01,75,129.83,1,1,1,1,1,2026-09-30
PRJ-1971,Central Sector,Infrastructure,Irrigation and CAD-TG,Odisha,989.43,2301.28,2804.16,79.5,2003-04-01,2019-12-01,2026-06-01,78,132.59,1,1,1,1,1,2026-09-30
PRJ-1972,Central Sector,Infrastructure,Department of Water Resources-PB,Punjab,1441.26,2462.16,2222.34,90.0,2016-02-01,2021-06-01,2026-06-01,60,70.83,1,1,1,1,1,2026-09-30
PRJ-1973,Central Sector,Infrastructure,Department of Water Resources-PB,Punjab,2285.81,2715.7,2201.94,88.0,2010-02-01,2022-06-01,2026-06-01,48,18.81,1,1,1,1,1,2026-09-30
PRJ-1974,Central Sector,Infrastructure,Irrigation and CAD-TG,Telangana,736.13,949.87,971.47,97.0,1996-04-01,2019-12-01,2025-12-01,72,29.04,1,1,1,1,1,2026-09-30
PRJ-1975,Central Sector,Infrastructure,Irrigation and CAD-TG,Telangana,1331.3,5940.09,4491.08,92.0,1996-04-01,2019-12-01,2026-12-01,84,346.19,1,1,1,1,1,2026-09-30
PRJ-1976,Central Sector,Infrastructure,Irrigation and CAD-TG,Telangana,8200.71,14730.0,4784.54,87.7,2006-04-01,2019-12-01,2025-12-01,72,79.62,1,1,1,1,1,2026-09-30
PRJ-1977,Central Sector,Infrastructure,Irrigation and CAD-TG,Telangana,1402.0,2509.66,1839.76,100.0,2007-04-01,2019-12-01,2026-03-01,75,79.01,1,1,1,1,1,2026-09-30
PRJ-1978,Central Sector,Infrastructure,Irrigation & Water Resources-UP,Uttar Pradesh,1672.7,1672.7,22.24,1.76,2017-04-01,2019-12-01,2026-03-01,75,0.0,1,0,0,1,1,2026-09-30
PRJ-1979,Central Sector,Infrastructure,"Department of Water Resources, River Development & GR",Uttar Pradesh,219.9,219.9,115.2,31.5,2007-04-01,2025-12-01,2025-12-01,0,0.0,0,0,0,0,0,2026-09-30
PRJ-1980,Central Sector,Infrastructure,Irrigation & Water Resources-UP,Uttar Pradesh,1060.67,4417.21,4575.74,82.39,2008-04-01,2019-12-01,2025-12-01,72,316.45,1,1,1,1,1,2026-09-30
PRJ-1981,Central Sector,Infrastructure,Irrigation-UK,Uttarakhand,2584.1,2584.1,1267.4,25.08,2023-10-01,2029-06-01,2029-06-01,0,0.0,0,0,0,0,0,2026-09-30
