Project_ID,Name,Ministry,State,Original_Cost_Cr,Expenditure_Cr,Physical_Progress_Pct,Delay_Months,Cost_Overrun_Pct,Is_High_Risk
612786,Construction of New Domestic Terminal Building Kadapa Airport,Aviation,Andhra Pradesh,265.91,129.07,65.0,0.0,0.0,0
701107,New Integrated Terminal Building Vijayawada Airport,Aviation,Andhra Pradesh,611.8,523.14,87.2,0.0,0.0,0
706724,Guwahati Airport New Integrated Terminal,Aviation,Assam,1712.0,2627.39,98.0,0.0,47.19626168224299,1
400120,KG-DWN-98/2 Cluster - II Development Project,Petroleum & Natural Gas,Andhra Pradesh,34012.0,33006.7,96.5,0.0,0.0,0
619226,Provision of four bitumen tanks at Visakh Refinery,Petroleum & Natural Gas,Andhra Pradesh,258.34,1.65,10.5,0.0,0.0,1
709798,Ethylene Cracker Project at Bina Refinery,Petroleum & Natural Gas,Madhya Pradesh,43367.0,4802.7,25.5,0.0,0.0,1
617183,Transmission system strengthening at Kurnool,Power,Andhra Pradesh,2886.0,721.48,26.19,0.0,0.0,1
400426,Expansion of Malanjkhand Copper Project,Mines,Madhya Pradesh,1856.36,965.07,84.87,0.0,104.70167424421987,1
400141,Expansion of Alumina Refinery Plant NALCO,Mines,Odisha,4103.0,4887.6,94.2,0.0,38.371922983183026,1
618630,6L of MH/KN Border Nimbal Village,Road Transport,Karnataka,2355.56,868.81,76.12,0.0,-18.350625753536313,0
705728,MUMBAI-AHMEDABAD HIGH SPEED RAIL PROJECT- 508 KM,Railways,Maharashtra,108000.0,90967.0,60.87,0.0,0.0,0
702668,CHENNAI METRO RAIL PHASE-II DEVELOPMENT PROJECT,Housing & Urban Affairs,Tamil Nadu,63246.0,33774.0,53.36,0.0,0.0,0
705237,WESTERN DEDICATED FREIGHT CORRIDOR,Railways,Multi-States,51101.0,124623.0,96.0,0.0,142.6664840218391,1
706780,MUMBAI URBAN TRANSPORT PROJECT [MUTP] PHASE-IIIA,Railways,Maharashtra,33690.0,3854.0,25.0,0.0,0.0,1
701289,CAPACITY EXPANSION OF PANIPAT REFINERY FROM 15 TO 25 MMTPA,Petroleum & Natural Gas,Haryana,34627.0,27518.0,94.0,0.0,4.61489589049008,0
602182,DIBANG MULTIPURPOSE PROJECT,Power,Arunachal Pradesh,31876.0,4750.0,17.78,0.0,0.0,1
701415,POLAVARAM IRRIGATION PROJECT,Water Resources,Andhra Pradesh,10151.0,27726.0,86.14,0.0,447.2268741995863,1
706775,BHARATNET,Telecommunications,Multi-States,61109.0,48810.0,99.98,0.0,207.64699144152252,1
400188,REDEVELOPMENT OF SEVEN GENERAL POOL RESIDENTIAL ACCOMMODATION,Housing & Urban Affairs,Delhi,32850.0,14370.0,46.7,0.0,-0.0273972602739726,0
PRJ-0001,,Road Transport,Haryana,2781.96,1707.91,75.03,22.0,22.48,1
PRJ-0002,,Railways,Uttar Pradesh,2066.9,1467.75,90.82,19.0,25.4,1
PRJ-0003,,Petroleum & Natural Gas,Gujarat,241.09,33.78,21.31,0.0,-99.96,0
PRJ-0004,,Power,Maharashtra,940.99,830.64,71.76,9.0,27.29,1
PRJ-0005,,Coal,Punjab,3104.33,1712.74,85.43,25.0,17.53,1
PRJ-0006,,Urban Affairs,Karnataka,933.39,452.97,90.85,19.0,10.51,1
PRJ-0007,,Water Resources,Maharashtra,1431.35,1161.05,86.69,25.0,-23.75,1
PRJ-0008,,Road Transport,Uttar Pradesh,637.86,566.65,98.94,4.0,2.24,0
PRJ-0009,,Railways,Maharashtra,790.42,315.41,62.91,7.0,-14.85,1
PRJ-0010,,Petroleum & Natural Gas,Karnataka,1321.91,792.03,90.2,19.0,-4.55,1
PRJ-0011,,Power,Punjab,2939.12,1572.64,83.84,50.0,-2.67,1
PRJ-0012,,Coal,Maharashtra,1398.41,287.38,53.85,8.0,2.21,1
PRJ-0013,,Urban Affairs,Maharashtra,2205.35,1521.6,93.91,19.0,14.47,1
PRJ-0014,,Water Resources,Uttar Pradesh,1612.6,1582.34,98.07,72.0,-1.15,1
PRJ-0015,,Road Transport,Punjab,1691.74,1204.34,87.15,11.0,11.48,1
PRJ-0016,,Railways,Madhya Pradesh,261.69,0.0,44.04,9.0,-5.41,1
PRJ-0017,,Petroleum & Natural Gas,Karnataka,2796.21,1632.35,85.16,50.0,-0.03,1
PRJ-0018,,Power,Odisha,295.12,153.01,100.0,20.0,1.56,1
PRJ-0019,,Coal,Punjab,571.88,246.1,24.62,0.0,-19.19,0
PRJ-0020,,Urban Affairs,Punjab,3132.93,1696.43,83.13,25.0,17.43,1
PRJ-0021,,Water Resources,Tamil Nadu,2908.21,1650.8,83.05,50.0,4.41,1
PRJ-0022,,Road Transport,Haryana,2973.76,1715.57,74.64,22.0,17.65,1
PRJ-0023,,Railways,Haryana,2860.38,1669.27,74.97,22.0,17.7,1
PRJ-0024,,Petroleum & Natural Gas,Maharashtra,1454.23,1157.75,83.23,25.0,-24.72,1
PRJ-0025,,Power,Karnataka,1817.31,1415.28,78.2,27.0,0.7,1
PRJ-0026,,Coal,Punjab,3056.01,1779.23,81.6,25.0,24.71,1
PRJ-0027,,Urban Affairs,Karnataka,1498.02,828.79,100.0,15.0,-6.48,1
PRJ-0028,,Water Resources,Karnataka,1711.48,1469.05,77.02,27.0,4.08,1
PRJ-0029,,Road Transport,Karnataka,1517.68,458.25,41.38,19.0,1.57,1
PRJ-0030,,Railways,Odisha,832.25,509.08,99.72,20.0,-34.96,1
PRJ-0031,,Petroleum & Natural Gas,Bihar,1723.27,1680.56,98.5,50.0,5.45,1
PRJ-0032,,Power,Uttar Pradesh,1045.84,286.9,44.99,0.0,-17.83,0
PRJ-0033,,Coal,Haryana,2847.06,1672.4,74.3,22.0,17.1,1
PRJ-0034,,Urban Affairs,Kerala,288.93,157.18,98.92,20.0,-1.54,1
PRJ-0035,,Water Resources,Punjab,1700.7,1225.97,86.18,11.0,7.19,1
PRJ-0036,,Road Transport,Haryana,1658.88,1712.31,97.95,50.0,9.2,1
PRJ-0037,,Railways,Karnataka,2037.46,1646.47,98.39,26.0,35.66,1
PRJ-0038,,Petroleum & Natural Gas,Uttar Pradesh,1338.52,545.55,96.54,34.0,-13.93,1
PRJ-0039,,Power,Haryana,1485.92,850.6,77.54,21.0,-14.52,1
PRJ-0040,,Coal,Madhya Pradesh,1118.72,305.61,22.34,0.0,17.31,1
PRJ-0041,,Urban Affairs,Karnataka,2055.26,1751.41,100.0,26.0,24.93,1
PRJ-0042,,Water Resources,Haryana,1484.36,853.53,80.98,21.0,-12.16,1
PRJ-0043,,Road Transport,Karnataka,1914.96,1650.43,99.6,26.0,39.83,1
PRJ-0044,,Railways,Punjab,1441.69,716.55,81.27,19.0,-25.99,1
PRJ-0045,,Petroleum & Natural Gas,Tamil Nadu,2837.5,1630.05,86.13,50.0,4.2,1
PRJ-0046,,Power,Kerala,1420.4,478.17,43.2,19.0,1.47,1
PRJ-0047,,Coal,Punjab,2061.29,1470.88,91.86,19.0,24.37,1
PRJ-0048,,Urban Affairs,Haryana,904.05,354.32,52.58,18.0,-16.98,1
PRJ-0049,,Water Resources,Maharashtra,193.62,101.14,48.54,56.0,8.3,1
PRJ-0050,,Road Transport,Uttar Pradesh,245.8,0.0,44.14,9.0,3.57,1
PRJ-0051,,Railways,Gujarat,299.19,151.44,100.0,20.0,-2.47,1
PRJ-0052,,Petroleum & Natural Gas,Karnataka,1460.54,854.73,98.71,15.0,-1.25,1
PRJ-0053,,Power,Karnataka,1564.07,799.07,99.99,15.0,-2.75,1
PRJ-0054,,Coal,Odisha,264.71,0.0,43.52,9.0,-8.79,1
PRJ-0055,,Urban Affairs,Kerala,1226.1,1514.71,98.63,74.0,33.17,1
PRJ-0056,,Water Resources,Andhra Pradesh,2199.83,1615.21,92.57,19.0,20.08,1
PRJ-0057,,Road Transport,Punjab,1771.1,1493.71,97.11,26.0,29.49,1
PRJ-0058,,Railways,Punjab,557.88,264.02,24.8,0.0,-10.26,0
PRJ-0059,,Petroleum & Natural Gas,Karnataka,1273.96,741.38,91.22,19.0,-2.27,1
PRJ-0060,,Power,Maharashtra,1389.45,1204.08,83.0,25.0,-25.13,1
PRJ-0061,,Coal,Maharashtra,1403.05,517.64,96.84,34.0,-20.93,1
PRJ-0062,,Urban Affairs,Maharashtra,1341.7,1180.65,85.04,25.0,-20.95,1
PRJ-0063,,Water Resources,Haryana,2796.63,1827.48,74.26,22.0,29.42,1
PRJ-0064,,Road Transport,Maharashtra,790.82,318.11,63.23,7.0,-19.54,1
PRJ-0065,,Railways,Punjab,1707.15,1227.42,83.91,11.0,8.34,1
PRJ-0066,,Petroleum & Natural Gas,Odisha,1722.85,1559.58,98.47,72.0,-6.71,1
PRJ-0067,,Power,Karnataka,2053.3,1751.87,100.0,26.0,36.81,1
PRJ-0068,,Coal,Punjab,589.78,208.99,74.7,14.0,-19.69,1
PRJ-0069,,Urban Affairs,Karnataka,1934.87,1632.48,100.0,26.0,42.57,1
PRJ-0070,,Water Resources,Kerala,774.54,505.66,98.51,20.0,-25.41,1
PRJ-0071,,Road Transport,Punjab,760.51,200.63,4.75,0.0,4.5,0
PRJ-0072,,Railways,Haryana,428.77,202.36,88.5,26.0,-33.71,1
PRJ-0073,,Petroleum & Natural Gas,Maharashtra,2119.55,1598.24,90.99,19.0,17.43,1
PRJ-0074,,Power,Uttar Pradesh,311.0,149.07,99.74,20.0,-6.66,1
PRJ-0075,,Coal,Karnataka,1490.19,808.0,100.0,15.0,2.54,1
PRJ-0076,,Urban Affairs,Madhya Pradesh,1126.17,292.67,24.93,0.0,19.58,1
PRJ-0077,,Water Resources,Karnataka,2196.24,1576.68,90.74,19.0,24.18,1
PRJ-0078,,Road Transport,Odisha,1299.9,517.46,97.58,34.0,-9.11,1
PRJ-0079,,Railways,Haryana,2984.87,1723.03,73.71,22.0,14.45,1
PRJ-0080,,Petroleum & Natural Gas,Uttar Pradesh,1016.15,279.79,45.58,0.0,-16.22,0
PRJ-0081,,Power,Uttar Pradesh,677.72,565.91,96.6,4.0,2.22,0
PRJ-0082,,Coal,Kerala,1714.49,1496.33,100.0,72.0,-7.22,1
PRJ-0083,,Urban Affairs,Punjab,205.49,101.53,45.62,56.0,-1.87,1
PRJ-0084,,Water Resources,Haryana,820.05,519.66,99.93,20.0,-28.57,1
PRJ-0085,,Road Transport,Karnataka,1262.69,751.44,91.95,19.0,-2.22,1
PRJ-0086,,Railways,Karnataka,2015.3,1647.95,98.1,26.0,29.39,1
PRJ-0087,,Petroleum & Natural Gas,Karnataka,2076.94,1744.69,99.82,26.0,30.54,1
PRJ-0088,,Power,Madhya Pradesh,244.49,0.0,43.44,9.0,5.18,1
PRJ-0089,,Coal,Punjab,1810.26,1487.08,99.81,26.0,30.55,1
PRJ-0090,,Urban Affairs,Odisha,756.83,203.05,3.84,0.0,8.08,0
PRJ-0091,,Water Resources,Karnataka,2063.77,1636.77,99.86,26.0,25.01,1
PRJ-0092,,Road Transport,Andhra Pradesh,981.79,386.49,55.41,18.0,-26.22,1
PRJ-0093,,Railways,Tamil Nadu,164.89,122.52,41.17,18.0,115.73,1
PRJ-0094,,Petroleum & Natural Gas,Kerala,1651.49,459.22,97.79,34.0,-12.18,1
PRJ-0095,,Power,Karnataka,2048.4,1746.25,99.94,26.0,27.99,1
PRJ-0096,,Coal,Karnataka,1936.42,1662.66,99.09,26.0,32.63,1
PRJ-0097,,Urban Affairs,Karnataka,1558.67,810.96,99.04,15.0,-10.41,1
PRJ-0098,,Water Resources,Uttar Pradesh,535.37,316.82,94.42,14.0,17.43,1
PRJ-0099,,Road Transport,Maharashtra,925.68,796.81,74.81,9.0,32.52,1
PRJ-0100,,Railways,Punjab,631.06,200.82,73.07,14.0,-26.09,1
PRJ-0101,,Petroleum & Natural Gas,Kerala,1157.33,1594.84,100.0,74.0,34.44,1
PRJ-0102,,Power,Odisha,2209.31,1556.07,90.83,19.0,18.79,1
PRJ-0103,,Coal,Bihar,764.42,200.44,6.32,0.0,2.18,0
PRJ-0104,,Urban Affairs,Uttar Pradesh,1018.84,300.8,46.84,0.0,-14.07,0
PRJ-0105,,Water Resources,Tamil Nadu,2053.97,1550.09,90.06,19.0,25.84,1
PRJ-0106,,Road Transport,Kerala,1308.83,502.73,97.84,34.0,-11.52,1
PRJ-0107,,Railways,Punjab,1644.91,1711.86,96.76,50.0,5.97,1
PRJ-0108,,Petroleum & Natural Gas,Maharashtra,944.07,766.99,73.89,9.0,20.49,1
PRJ-0109,,Power,Kerala,1148.55,1604.91,98.16,74.0,31.06,1
PRJ-0110,,Coal,Punjab,636.72,193.5,73.66,14.0,-30.79,1
PRJ-0111,,Urban Affairs,Punjab,569.83,269.31,26.04,0.0,-18.7,0
PRJ-0112,,Water Resources,Maharashtra,1425.76,1169.27,85.79,25.0,-27.66,1
PRJ-0113,,Road Transport,Haryana,3001.82,1723.34,74.39,22.0,12.22,1
PRJ-0114,,Railways,Karnataka,1770.59,1441.02,80.47,27.0,7.49,1
PRJ-0115,,Petroleum & Natural Gas,Bihar,1105.54,311.94,21.64,0.0,21.6,1
PRJ-0116,,Power,Karnataka,1818.83,1403.92,80.64,27.0,1.55,1
PRJ-0117,,Coal,Punjab,1616.58,1242.66,85.52,11.0,16.98,1
PRJ-0118,,Urban Affairs,Karnataka,924.69,459.0,91.2,19.0,12.01,1
PRJ-0119,,Water Resources,Maharashtra,794.98,337.27,63.74,7.0,-14.31,1
PRJ-0120,,Road Transport,Haryana,979.69,381.25,53.99,18.0,-28.45,1
PRJ-0121,,Railways,Maharashtra,793.85,512.37,98.58,20.0,-27.16,1
PRJ-0122,,Petroleum & Natural Gas,Karnataka,2046.59,1763.91,98.98,26.0,25.61,1
PRJ-0123,,Power,Gujarat,2920.02,1567.25,84.98,50.0,0.98,1
PRJ-0124,,Coal,Karnataka,1452.01,865.33,98.87,15.0,-2.51,1
PRJ-0125,,Urban Affairs,Karnataka,206.43,97.12,48.56,56.0,-4.17,1
PRJ-0126,,Water Resources,Haryana,914.88,248.22,11.46,0.0,-2.12,0
PRJ-0127,,Road Transport,Bihar,808.27,522.55,97.66,20.0,-30.78,1
PRJ-0128,,Railways,Andhra Pradesh,774.7,206.01,5.12,0.0,-1.63,0
PRJ-0129,,Petroleum & Natural Gas,Tamil Nadu,1664.25,1578.89,99.17,72.0,-3.24,1
PRJ-0130,,Power,Kerala,2833.34,1532.88,83.77,50.0,-0.2,1
PRJ-0131,,Coal,Haryana,2991.63,1789.93,72.85,22.0,21.77,1
PRJ-0132,,Urban Affairs,Haryana,778.84,520.89,99.68,20.0,-27.45,1
PRJ-0133,,Water Resources,Haryana,1605.91,814.29,78.31,21.0,-24.24,1
PRJ-0134,,Road Transport,Uttar Pradesh,2075.44,1471.56,91.12,19.0,20.15,1
PRJ-0135,,Railways,Punjab,579.22,247.53,24.23,0.0,-14.7,0
PRJ-0136,,Petroleum & Natural Gas,Karnataka,1256.88,739.91,88.89,19.0,-3.63,1
PRJ-0137,,Power,Karnataka,765.91,507.26,99.6,20.0,-30.06,1
PRJ-0138,,Coal,Punjab,1439.77,757.03,77.9,19.0,-19.58,1
PRJ-0139,,Urban Affairs,Karnataka,1905.48,1717.13,100.0,26.0,44.45,1
PRJ-0140,,Water Resources,Andhra Pradesh,803.74,210.97,4.83,0.0,-3.85,0
PRJ-0141,,Road Transport,Tamil Nadu,311.82,157.03,100.0,20.0,-6.53,1
PRJ-0142,,Railways,Haryana,1623.77,801.92,79.74,21.0,-25.75,1
PRJ-0143,,Petroleum & Natural Gas,Punjab,2964.83,1712.92,83.23,25.0,25.71,1
PRJ-0144,,Power,Haryana,201.75,99.96,45.9,56.0,-4.39,1
PRJ-0145,,Coal,Maharashtra,2775.42,1555.81,86.16,50.0,1.7,1
PRJ-0146,,Urban Affairs,Uttar Pradesh,302.04,153.99,100.0,20.0,2.68,1
PRJ-0147,,Water Resources,Gujarat,545.96,306.06,92.91,14.0,24.33,1
PRJ-0148,,Road Transport,Karnataka,1773.97,1520.68,78.46,27.0,6.43,1
PRJ-0149,,Railways,Karnataka,2954.48,1663.85,85.0,50.0,0.11,1
PRJ-0150,,Petroleum & Natural Gas,Odisha,1462.03,474.55,43.82,19.0,1.61,1
PRJ-0151,,Power,Bihar,197.31,106.84,48.11,56.0,-1.63,1
PRJ-0152,,Coal,Andhra Pradesh,254.4,0.0,45.75,9.0,-5.61,1
PRJ-0153,,Urban Affairs,Tamil Nadu,240.6,0.0,45.07,9.0,7.51,1
PRJ-0154,,Water Resources,Maharashtra,1327.09,304.3,53.28,8.0,6.66,1
PRJ-0155,,Road Transport,Haryana,936.35,242.44,10.92,0.0,-4.35,0
PRJ-0156,,Railways,Punjab,2992.21,1736.28,85.38,25.0,26.32,1
PRJ-0157,,Petroleum & Natural Gas,Maharashtra,1582.25,1502.83,98.31,72.0,-1.68,1
PRJ-0158,,Power,Uttar Pradesh,1032.86,274.29,46.4,0.0,-15.36,0
PRJ-0159,,Coal,Gujarat,2874.61,1571.3,86.03,50.0,-2.28,1
PRJ-0160,,Urban Affairs,Madhya Pradesh,1629.7,462.66,100.0,34.0,-15.69,1
PRJ-0161,,Water Resources,Karnataka,1648.89,438.7,99.27,34.0,-14.26,1
PRJ-0162,,Road Transport,Karnataka,2022.63,1616.44,99.63,26.0,30.07,1
PRJ-0163,,Railways,Bihar,820.68,201.91,4.11,0.0,-0.76,0
PRJ-0164,,Petroleum & Natural Gas,Andhra Pradesh,524.45,320.05,93.34,14.0,28.05,1
PRJ-0165,,Power,Tamil Nadu,834.91,510.28,98.82,20.0,-34.64,1
PRJ-0166,,Coal,Kerala,202.53,105.84,45.87,56.0,3.71,1
PRJ-0167,,Urban Affairs,Maharashtra,952.55,786.95,71.74,9.0,28.22,1
PRJ-0168,,Water Resources,Karnataka,1816.57,1482.56,80.16,27.0,1.47,1
PRJ-0169,,Road Transport,Maharashtra,1594.53,462.78,98.92,34.0,-12.58,1
PRJ-0170,,Railways,Uttar Pradesh,3025.29,1669.92,83.96,50.0,-0.61,1
PRJ-0171,,Petroleum & Natural Gas,Uttar Pradesh,648.17,533.92,98.38,4.0,5.57,0
PRJ-0172,,Power,Uttar Pradesh,658.32,577.39,99.32,4.0,2.81,0
PRJ-0173,,Coal,Karnataka,1539.57,478.02,42.21,19.0,-8.01,1
PRJ-0174,,Urban Affairs,Haryana,1612.37,827.92,78.93,21.0,-23.44,1
PRJ-0175,,Water Resources,Bihar,519.82,308.72,94.13,14.0,28.41,1
PRJ-0176,,Road Transport,Maharashtra,1366.28,1174.19,86.21,25.0,-20.41,1
PRJ-0177,,Railways,Tamil Nadu,2130.08,1573.86,92.99,19.0,20.39,1
PRJ-0178,,Petroleum & Natural Gas,Kerala,2055.89,1560.37,93.63,19.0,21.58,1
PRJ-0179,,Power,Punjab,801.48,194.55,6.17,0.0,-3.05,0
PRJ-0180,,Coal,Haryana,1545.46,859.09,77.28,21.0,-18.08,1
PRJ-0181,,Urban Affairs,Punjab,1460.9,698.81,79.68,19.0,-24.1,1
PRJ-0182,,Water Resources,Uttar Pradesh,256.79,0.0,44.9,9.0,-4.93,1
PRJ-0183,,Road Transport,Uttar Pradesh,673.88,582.55,95.97,4.0,-3.74,0
PRJ-0184,,Railways,Madhya Pradesh,2939.76,1619.9,86.6,50.0,-1.76,1
PRJ-0185,,Petroleum & Natural Gas,Karnataka,3016.11,1538.82,84.77,50.0,-2.15,1
PRJ-0186,,Power,Kerala,1238.72,1605.64,100.0,74.0,24.45,1
PRJ-0187,,Coal,Bihar,2999.9,1574.95,84.93,50.0,-6.25,1
PRJ-0188,,Urban Affairs,Karnataka,1957.57,1664.39,100.0,26.0,35.05,1
PRJ-0189,,Water Resources,Punjab,638.44,198.67,75.31,14.0,-27.71,1
PRJ-0190,,Road Transport,Punjab,1552.97,748.6,81.17,19.0,-25.92,1
PRJ-0191,,Railways,Punjab,790.55,205.46,6.12,0.0,-2.52,0
PRJ-0192,,Petroleum & Natural Gas,Punjab,578.67,261.54,25.42,0.0,-13.37,0
PRJ-0193,,Power,Maharashtra,1514.28,443.42,100.0,34.0,-7.76,1
PRJ-0194,,Coal,Karnataka,1536.85,809.39,99.67,15.0,-8.24,1
PRJ-0195,,Urban Affairs,Maharashtra,786.77,341.34,63.03,7.0,-12.71,1
PRJ-0196,,Water Resources,Madhya Pradesh,833.88,526.48,100.0,20.0,-34.22,1
PRJ-0197,,Road Transport,Karnataka,3034.0,1667.65,86.44,50.0,-7.86,1
PRJ-0198,,Railways,Uttar Pradesh,1043.06,284.82,46.08,0.0,-16.36,0
PRJ-0199,,Petroleum & Natural Gas,Punjab,1700.83,1413.07,99.7,26.0,29.06,1
PRJ-0200,,Power,Maharashtra,1400.44,1207.8,83.23,25.0,-21.36,1
PRJ-0201,,Coal,Tamil Nadu,779.95,211.67,4.95,0.0,1.48,0
PRJ-0202,,Urban Affairs,Kerala,155.4,127.42,41.18,18.0,110.65,1
PRJ-0203,,Water Resources,Karnataka,1783.5,1392.88,76.85,27.0,-1.4,1
PRJ-0204,,Road Transport,Haryana,1414.71,458.47,42.43,19.0,1.23,1
PRJ-0205,,Railways,Maharashtra,797.72,345.16,63.68,7.0,-15.31,1
PRJ-0206,,Petroleum & Natural Gas,Uttar Pradesh,544.76,330.44,94.71,14.0,22.53,1
PRJ-0207,,Power,Maharashtra,1306.7,298.55,55.11,8.0,6.02,1
PRJ-0208,,Coal,Maharashtra,752.93,331.89,65.91,7.0,-10.78,1
PRJ-0209,,Urban Affairs,Kerala,1129.22,1606.59,100.0,74.0,36.19,1
PRJ-0210,,Water Resources,Odisha,2781.36,1615.55,86.88,50.0,1.26,1
PRJ-0211,,Road Transport,Punjab,1534.5,697.39,79.82,19.0,-28.7,1
PRJ-0212,,Railways,Haryana,423.15,201.26,90.15,26.0,-30.94,1
PRJ-0213,,Petroleum & Natural Gas,Tamil Nadu,768.77,210.81,3.65,0.0,-1.84,0
PRJ-0214,,Power,Kerala,550.11,329.32,92.69,14.0,19.97,1
PRJ-0215,,Coal,Punjab,586.89,209.11,75.41,14.0,-23.68,1
PRJ-0216,,Urban Affairs,Punjab,589.47,208.16,75.15,14.0,-26.37,1
PRJ-0217,,Water Resources,Haryana,408.67,199.8,87.34,26.0,-26.9,1
PRJ-0218,,Road Transport,Uttar Pradesh,232.01,33.82,22.14,0.0,-99.96,0
PRJ-0219,,Railways,Gujarat,917.55,352.51,55.83,18.0,-20.68,1
PRJ-0220,,Petroleum & Natural Gas,Uttar Pradesh,989.15,294.82,44.69,0.0,-17.76,0
PRJ-0221,,Power,Haryana,922.46,237.63,13.0,0.0,-5.45,0
PRJ-0222,,Coal,Odisha,298.69,162.82,100.0,20.0,-2.22,1
PRJ-0223,,Urban Affairs,Bihar,2901.38,1640.02,83.46,50.0,-0.75,1
PRJ-0224,,Water Resources,Andhra Pradesh,1695.76,1533.52,98.76,72.0,-7.05,1
PRJ-0225,,Road Transport,Karnataka,1003.89,470.0,90.72,19.0,2.95,1
PRJ-0226,,Railways,Karnataka,1524.49,811.11,100.0,15.0,-5.6,1
PRJ-0227,,Petroleum & Natural Gas,Haryana,392.89,198.18,89.88,26.0,-29.09,1
PRJ-0228,,Power,Maharashtra,808.8,333.28,64.25,7.0,-18.0,1
PRJ-0229,,Coal,Karnataka,988.59,476.62,93.23,19.0,4.67,1
PRJ-0230,,Urban Affairs,Uttar Pradesh,1408.31,551.06,98.72,34.0,-15.63,1
PRJ-0231,,Water Resources,Kerala,1134.3,1481.74,99.93,74.0,38.79,1
PRJ-0232,,Road Transport,Haryana,1530.91,793.98,78.21,21.0,-18.42,1
PRJ-0233,,Railways,Karnataka,806.21,212.31,6.91,0.0,0.37,0
PRJ-0234,,Petroleum & Natural Gas,Odisha,162.65,124.77,40.17,18.0,111.64,1
PRJ-0235,,Power,Maharashtra,1306.18,308.13,55.0,8.0,5.01,1
PRJ-0236,,Coal,Kerala,1122.79,1544.91,99.6,74.0,45.3,1
PRJ-0237,,Urban Affairs,Tamil Nadu,537.18,306.72,94.37,14.0,28.14,1
PRJ-0238,,Water Resources,Uttar Pradesh,660.57,552.18,98.29,4.0,-0.8,0
PRJ-0239,,Road Transport,Punjab,254.63,0.0,45.48,9.0,2.84,1
PRJ-0240,,Railways,Punjab,1517.67,736.22,79.5,19.0,-27.7,1
PRJ-0241,,Petroleum & Natural Gas,Maharashtra,1574.77,460.96,98.13,34.0,-12.65,1
PRJ-0242,,Power,Haryana,2857.38,1754.18,74.75,22.0,24.17,1
PRJ-0243,,Coal,Punjab,1595.78,1202.9,84.32,11.0,25.15,1
PRJ-0244,,Urban Affairs,Madhya Pradesh,1696.58,1614.52,96.13,50.0,7.2,1
PRJ-0245,,Water Resources,Karnataka,1507.53,451.29,43.69,19.0,-5.58,1
PRJ-0246,,Road Transport,Odisha,240.06,32.59,20.09,0.0,-99.96,0
PRJ-0247,,Railways,Punjab,1631.19,1205.81,84.75,11.0,16.3,1
PRJ-0248,,Petroleum & Natural Gas,Andhra Pradesh,1368.28,522.07,96.78,34.0,-13.26,1
PRJ-0249,,Power,Punjab,637.73,212.35,74.89,14.0,-31.09,1
PRJ-0250,,Coal,Maharashtra,752.04,321.94,64.36,7.0,-9.28,1
PRJ-0251,,Urban Affairs,Punjab,896.68,378.94,52.73,18.0,-17.02,1
PRJ-0252,,Water Resources,Punjab,2915.07,1779.28,82.38,25.0,28.89,1
PRJ-0253,,Road Transport,Kerala,1163.53,1557.05,98.59,74.0,41.4,1
PRJ-0254,,Railways,Haryana,1499.26,834.24,80.14,21.0,-19.67,1
PRJ-0255,,Petroleum & Natural Gas,Haryana,396.41,199.42,89.92,26.0,-24.68,1
PRJ-0256,,Power,Madhya Pradesh,295.73,156.15,100.0,20.0,4.78,1
PRJ-0257,,Coal,Karnataka,157.02,121.15,39.3,18.0,128.25,1
PRJ-0258,,Urban Affairs,Odisha,792.05,496.24,97.51,20.0,-30.69,1
PRJ-0259,,Water Resources,Bihar,228.5,31.54,19.97,0.0,-99.96,0
PRJ-0260,,Road Transport,Karnataka,1207.38,791.18,91.14,19.0,4.59,1
PRJ-0261,,Railways,Tamil Nadu,235.9,34.57,21.46,0.0,-99.96,0
PRJ-0262,,Petroleum & Natural Gas,Punjab,1633.41,1278.07,84.79,11.0,20.23,1
PRJ-0263,,Power,Punjab,796.76,505.17,100.0,20.0,-26.49,1
PRJ-0264,,Coal,Karnataka,1018.95,466.16,89.63,19.0,-1.79,1
PRJ-0265,,Urban Affairs,Maharashtra,1666.39,465.45,98.21,34.0,-14.83,1
PRJ-0266,,Water Resources,Karnataka,1246.55,777.7,88.89,19.0,0.43,1
PRJ-0267,,Road Transport,Karnataka,929.86,467.65,90.61,19.0,7.73,1
PRJ-0268,,Railways,Madhya Pradesh,209.91,102.96,45.34,56.0,-5.2,1
PRJ-0269,,Petroleum & Natural Gas,Kerala,1158.71,1559.61,98.52,74.0,37.89,1
PRJ-0270,,Power,Haryana,921.29,254.06,13.75,0.0,-3.09,0
PRJ-0271,,Coal,Bihar,898.06,370.16,51.91,18.0,-18.74,1
PRJ-0272,,Urban Affairs,Karnataka,1701.08,1524.54,78.65,27.0,4.43,1
PRJ-0273,,Water Resources,Tamil Nadu,821.29,198.55,6.79,0.0,-8.05,0
PRJ-0274,,Road Transport,Kerala,245.12,34.34,18.65,0.0,-99.96,0
PRJ-0275,,Railways,Karnataka,1008.65,463.92,90.09,19.0,4.73,1
PRJ-0276,,Petroleum & Natural Gas,Haryana,1612.09,1743.21,98.66,119.0,-0.08,1
PRJ-0277,,Power,Maharashtra,1515.92,470.5,100.0,34.0,-7.87,1
PRJ-0278,,Coal,Uttar Pradesh,156.41,122.79,39.68,18.0,124.28,1
PRJ-0279,,Urban Affairs,Karnataka,1839.09,1518.17,77.48,27.0,2.26,1
PRJ-0280,,Water Resources,Madhya Pradesh,264.42,0.0,43.99,9.0,-4.99,1
PRJ-0281,,Road Transport,Karnataka,928.51,358.74,54.26,18.0,-25.34,1
PRJ-0282,,Railways,Maharashtra,1326.51,1141.96,86.54,25.0,-19.73,1
PRJ-0283,,Petroleum & Natural Gas,Bihar,968.99,379.58,52.93,18.0,-27.55,1
PRJ-0284,,Power,Andhra Pradesh,230.24,34.55,19.39,0.0,-99.96,0
PRJ-0285,,Coal,Tamil Nadu,1649.49,456.47,98.34,34.0,-10.47,1
PRJ-0286,,Urban Affairs,Maharashtra,763.63,326.29,62.11,7.0,-9.36,1
PRJ-0287,,Water Resources,Haryana,1606.93,849.84,77.65,21.0,-21.56,1
PRJ-0288,,Road Transport,Karnataka,1313.36,789.33,91.72,19.0,-7.48,1
PRJ-0289,,Railways,Maharashtra,792.56,486.32,98.31,20.0,-32.83,1
PRJ-0290,,Petroleum & Natural Gas,Uttar Pradesh,527.1,320.66,92.69,14.0,27.54,1
PRJ-0291,,Power,Karnataka,1227.66,744.05,91.24,19.0,-4.5,1
PRJ-0292,,Coal,Madhya Pradesh,159.16,128.42,39.93,18.0,106.69,1
PRJ-0293,,Urban Affairs,Punjab,617.36,207.69,74.22,14.0,-25.85,1
PRJ-0294,,Water Resources,Punjab,1761.86,1419.94,99.36,26.0,26.11,1
PRJ-0295,,Road Transport,Haryana,941.38,258.05,12.68,0.0,-5.32,0
PRJ-0296,,Railways,Andhra Pradesh,239.95,32.97,21.04,0.0,-99.96,0
PRJ-0297,,Petroleum & Natural Gas,Maharashtra,765.03,339.95,63.38,7.0,-17.96,1
PRJ-0298,,Power,Haryana,1596.41,811.95,77.28,21.0,-20.38,1
PRJ-0299,,Coal,Punjab,2121.14,1591.05,92.69,19.0,24.91,1
PRJ-0300,,Urban Affairs,Haryana,807.14,485.5,100.0,20.0,-28.45,1
PRJ-0301,,Water Resources,Maharashtra,2765.51,1639.7,86.54,50.0,1.73,1
PRJ-0302,,Road Transport,Karnataka,1564.72,881.4,99.68,15.0,-6.71,1
PRJ-0303,,Railways,Maharashtra,1324.35,1132.12,86.25,25.0,-18.26,1
PRJ-0304,,Petroleum & Natural Gas,Punjab,1546.29,697.28,79.03,19.0,-28.6,1
PRJ-0305,,Power,Uttar Pradesh,1020.75,285.42,46.81,0.0,-13.78,0
PRJ-0306,,Coal,Odisha,1499.45,470.34,41.95,19.0,-3.19,1
PRJ-0307,,Urban Affairs,Haryana,960.5,249.39,13.79,0.0,-9.85,0
PRJ-0308,,Water Resources,Andhra Pradesh,2111.49,1513.67,91.13,19.0,18.8,1
PRJ-0309,,Road Transport,Tamil Nadu,1604.7,469.13,98.16,34.0,-12.42,1
PRJ-0310,,Railways,Punjab,1678.9,1273.41,85.24,11.0,18.12,1
PRJ-0311,,Petroleum & Natural Gas,Punjab,1428.33,714.59,80.76,19.0,-20.31,1
PRJ-0312,,Power,Punjab,3181.85,1792.93,84.73,25.0,12.37,1
PRJ-0313,,Coal,Punjab,1580.3,1277.23,84.95,11.0,17.35,1
PRJ-0314,,Urban Affairs,Uttar Pradesh,240.41,0.0,43.94,9.0,1.27,1
PRJ-0315,,Water Resources,Gujarat,1630.19,461.75,98.34,34.0,-12.5,1
PRJ-0316,,Road Transport,Maharashtra,1336.43,307.33,53.31,8.0,0.96,1
PRJ-0317,,Railways,Uttar Pradesh,693.45,574.83,98.22,4.0,-7.64,0
PRJ-0318,,Petroleum & Natural Gas,Odisha,1734.42,1717.94,97.61,50.0,-0.03,1
PRJ-0319,,Power,Haryana,2814.3,1699.03,74.93,22.0,18.58,1
PRJ-0320,,Coal,Haryana,968.33,258.87,13.17,0.0,-2.29,0
PRJ-0321,,Urban Affairs,Haryana,411.69,195.55,87.53,26.0,-30.88,1
PRJ-0322,,Water Resources,Kerala,1606.22,1626.92,98.8,119.0,-2.28,1
PRJ-0323,,Road Transport,Punjab,556.3,254.18,26.47,0.0,-13.43,0
PRJ-0324,,Railways,Haryana,2987.82,1611.16,83.34,50.0,-2.45,1
PRJ-0325,,Petroleum & Natural Gas,Karnataka,1739.37,1456.11,78.34,27.0,7.41,1
PRJ-0326,,Power,Maharashtra,999.35,843.77,74.3,9.0,13.73,1
PRJ-0327,,Coal,Gujarat,1582.97,443.28,100.0,34.0,-10.4,1
PRJ-0328,,Urban Affairs,Madhya Pradesh,1682.31,1612.84,99.58,72.0,-6.62,1
PRJ-0329,,Water Resources,Punjab,1541.15,710.3,78.21,19.0,-27.01,1
PRJ-0330,,Road Transport,Odisha,770.14,210.69,7.02,0.0,6.04,0
PRJ-0331,,Railways,Maharashtra,1346.53,1130.77,85.3,25.0,-17.15,1
PRJ-0332,,Petroleum & Natural Gas,Andhra Pradesh,160.39,119.33,41.31,18.0,113.47,1
PRJ-0333,,Power,Tamil Nadu,507.29,332.62,93.6,14.0,31.19,1
PRJ-0334,,Coal,Kerala,240.63,0.0,46.25,9.0,8.62,1
PRJ-0335,,Urban Affairs,Punjab,246.26,0.0,44.93,9.0,-0.55,1
PRJ-0336,,Water Resources,Punjab,609.2,198.98,76.88,14.0,-24.47,1
PRJ-0337,,Road Transport,Maharashtra,776.33,502.91,99.1,20.0,-25.64,1
PRJ-0338,,Railways,Punjab,1440.72,721.91,78.92,19.0,-22.72,1
PRJ-0339,,Petroleum & Natural Gas,Gujarat,514.71,327.26,95.69,14.0,30.5,1
PRJ-0340,,Power,Uttar Pradesh,959.71,290.47,44.2,0.0,-12.92,0
PRJ-0341,,Coal,Karnataka,2790.31,1536.1,83.2,50.0,3.4,1
PRJ-0342,,Urban Affairs,Uttar Pradesh,690.16,585.33,99.01,4.0,-4.3,0
PRJ-0343,,Water Resources,Karnataka,1564.78,814.24,98.15,15.0,-4.8,1
PRJ-0344,,Road Transport,Andhra Pradesh,237.87,33.06,18.86,0.0,-99.96,0
PRJ-0345,,Railways,Uttar Pradesh,997.04,280.47,44.33,0.0,-11.12,0
PRJ-0346,,Petroleum & Natural Gas,Punjab,1459.1,749.33,80.25,19.0,-22.29,1
PRJ-0347,,Power,Karnataka,1265.37,758.75,92.21,19.0,-0.36,1
PRJ-0348,,Coal,Maharashtra,805.05,327.14,64.28,7.0,-19.17,1
PRJ-0349,,Urban Affairs,Maharashtra,1138.62,304.52,23.03,0.0,13.41,0
PRJ-0350,,Water Resources,Uttar Pradesh,1622.57,1568.79,98.33,72.0,4.89,1
PRJ-0351,,Road Transport,Haryana,1537.72,812.49,80.86,21.0,-16.86,1
PRJ-0352,,Railways,Madhya Pradesh,508.75,319.77,92.43,14.0,29.32,1
PRJ-0353,,Petroleum & Natural Gas,Punjab,583.54,258.27,24.78,0.0,-14.91,0
PRJ-0354,,Power,Odisha,230.06,32.47,20.07,0.0,-99.95,0
PRJ-0355,,Coal,Bihar,163.68,121.4,40.85,18.0,104.93,1
PRJ-0356,,Urban Affairs,Andhra Pradesh,2153.76,1536.3,90.02,19.0,22.05,1
PRJ-0357,,Water Resources,Karnataka,988.96,463.3,92.66,19.0,10.64,1
PRJ-0358,,Road Transport,Punjab,615.22,206.41,76.94,14.0,-27.88,1
PRJ-0359,,Railways,Punjab,299.56,156.45,98.68,20.0,1.43,1
PRJ-0360,,Petroleum & Natural Gas,Haryana,164.24,127.39,38.51,18.0,105.91,1
PRJ-0361,,Power,Maharashtra,263.5,0.0,43.71,9.0,-8.02,1
PRJ-0362,,Coal,Uttar Pradesh,519.97,319.83,94.7,14.0,22.67,1
PRJ-0363,,Urban Affairs,Gujarat,826.35,485.46,97.84,20.0,-30.63,1
PRJ-0364,,Water Resources,Madhya Pradesh,1662.46,1645.68,97.16,50.0,11.89,1
PRJ-0365,,Road Transport,Karnataka,1554.1,1698.77,100.0,119.0,1.24,1
PRJ-0366,,Railways,Maharashtra,1403.99,1127.54,85.03,25.0,-26.35,1
PRJ-0367,,Petroleum & Natural Gas,Bihar,816.71,208.19,6.46,0.0,0.39,0
PRJ-0368,,Power,Andhra Pradesh,1444.27,476.57,44.06,19.0,0.32,1
PRJ-0369,,Coal,Maharashtra,1341.66,301.55,54.89,8.0,5.38,1
PRJ-0370,,Urban Affairs,Uttar Pradesh,1028.23,297.48,44.08,0.0,-13.91,0
PRJ-0371,,Water Resources,Karnataka,1318.14,796.43,91.3,19.0,-11.45,1
PRJ-0372,,Road Transport,Haryana,773.86,496.06,99.54,20.0,-25.26,1
PRJ-0373,,Railways,Maharashtra,1321.03,302.86,52.28,8.0,7.47,1
PRJ-0374,,Petroleum & Natural Gas,Uttar Pradesh,910.44,355.06,53.16,18.0,-23.3,1
PRJ-0375,,Power,Gujarat,764.83,482.56,99.49,20.0,-24.79,1
PRJ-0376,,Coal,Punjab,3015.68,1840.97,83.51,25.0,28.3,1
PRJ-0377,,Urban Affairs,Karnataka,1184.03,301.41,21.47,0.0,9.04,0
PRJ-0378,,Water Resources,Haryana,953.47,252.75,13.9,0.0,-7.73,0
PRJ-0379,,Road Transport,Punjab,1709.5,1307.07,84.2,11.0,7.8,1
PRJ-0380,,Railways,Punjab,1723.28,1258.37,87.25,11.0,9.39,1
PRJ-0381,,Petroleum & Natural Gas,Karnataka,1308.24,769.22,89.11,19.0,-11.43,1
PRJ-0382,,Power,Karnataka,951.12,461.44,91.45,19.0,15.14,1
PRJ-0383,,Coal,Punjab,591.4,249.85,24.63,0.0,-18.78,0
PRJ-0384,,Urban Affairs,Punjab,3114.37,1812.63,81.66,25.0,20.82,1
PRJ-0385,,Water Resources,Karnataka,1000.32,471.27,90.17,19.0,5.08,1
PRJ-0386,,Road Transport,Uttar Pradesh,1029.08,276.76,45.6,0.0,-17.6,0
PRJ-0387,,Railways,Gujarat,1635.55,1764.65,98.03,119.0,-4.33,1
PRJ-0388,,Petroleum & Natural Gas,Uttar Pradesh,648.3,584.85,96.61,4.0,5.32,0
PRJ-0389,,Power,Karnataka,239.88,0.0,42.71,9.0,6.75,1
PRJ-0390,,Coal,Haryana,2910.58,1789.21,75.77,22.0,15.69,1
PRJ-0391,,Urban Affairs,Karnataka,1790.71,1523.52,78.17,27.0,3.54,1
PRJ-0392,,Water Resources,Andhra Pradesh,760.21,195.66,6.63,0.0,-0.88,0
PRJ-0393,,Road Transport,Tamil Nadu,199.8,106.34,47.8,56.0,3.33,1
PRJ-0394,,Railways,Kerala,1695.67,1665.05,98.8,50.0,6.38,1
PRJ-0395,,Petroleum & Natural Gas,Punjab,931.13,354.25,54.1,18.0,-21.37,1
PRJ-0396,,Power,Punjab,1540.76,702.91,79.71,19.0,-24.19,1
PRJ-0397,,Coal,Punjab,2991.7,1705.78,82.42,25.0,24.19,1
PRJ-0398,,Urban Affairs,Uttar Pradesh,296.92,154.3,98.22,20.0,4.11,1
PRJ-0399,,Water Resources,Punjab,572.1,246.37,26.03,0.0,-16.13,0
PRJ-0400,,Road Transport,Karnataka,1796.51,1505.4,79.68,27.0,0.73,1
PRJ-0401,,Railways,Karnataka,284.56,158.26,100.0,20.0,3.66,1
PRJ-0402,,Petroleum & Natural Gas,Punjab,1556.55,755.92,77.69,19.0,-30.97,1
PRJ-0403,,Power,Maharashtra,937.07,817.11,74.65,9.0,22.07,1
PRJ-0404,,Coal,Maharashtra,955.9,801.56,75.4,9.0,29.06,1
PRJ-0405,,Urban Affairs,Uttar Pradesh,657.63,568.5,97.56,4.0,3.11,0
PRJ-0406,,Water Resources,Kerala,1136.08,1518.32,98.51,74.0,45.3,1
PRJ-0407,,Road Transport,Punjab,808.37,212.39,5.49,0.0,-0.76,0
PRJ-0408,,Railways,Haryana,2139.59,1498.53,91.79,19.0,20.62,1
PRJ-0409,,Petroleum & Natural Gas,Maharashtra,512.77,326.97,92.7,14.0,33.8,1
PRJ-0410,,Power,Maharashtra,979.18,837.06,72.69,9.0,26.53,1
PRJ-0411,,Coal,Haryana,393.29,201.49,89.71,26.0,-29.55,1
PRJ-0412,,Urban Affairs,Punjab,1453.64,720.07,79.72,19.0,-26.28,1
PRJ-0413,,Water Resources,Punjab,1438.04,705.23,81.23,19.0,-18.06,1
PRJ-0414,,Road Transport,Odisha,247.63,0.0,43.74,9.0,2.84,1
PRJ-0415,,Railways,Karnataka,1823.39,1462.32,78.35,27.0,5.16,1
PRJ-0416,,Petroleum & Natural Gas,Maharashtra,1310.57,311.65,54.96,8.0,11.89,1
PRJ-0417,,Power,Tamil Nadu,1365.9,518.21,98.89,34.0,-18.75,1
PRJ-0418,,Coal,Uttar Pradesh,684.94,554.77,96.0,4.0,-4.54,0
PRJ-0419,,Urban Affairs,Uttar Pradesh,644.86,544.96,96.3,4.0,3.66,0
PRJ-0420,,Water Resources,Haryana,540.58,321.76,96.12,14.0,26.64,1
PRJ-0421,,Road Transport,Maharashtra,1664.1,1503.24,99.17,72.0,-3.59,1
PRJ-0422,,Railways,Haryana,978.82,236.8,13.4,0.0,-4.44,0
PRJ-0423,,Petroleum & Natural Gas,Gujarat,1102.72,311.25,21.39,0.0,18.16,1
PRJ-0424,,Power,Haryana,396.87,204.02,89.14,26.0,-24.85,1
PRJ-0425,,Coal,Karnataka,773.46,497.69,100.0,20.0,-24.65,1
PRJ-0426,,Urban Affairs,Odisha,1724.64,1586.14,99.65,50.0,7.49,1
PRJ-0427,,Water Resources,Bihar,829.67,518.02,98.88,20.0,-31.18,1
PRJ-0428,,Road Transport,Karnataka,1991.39,1678.79,100.0,26.0,38.36,1
PRJ-0429,,Railways,Kerala,1158.49,1593.48,99.86,74.0,33.89,1
PRJ-0430,,Petroleum & Natural Gas,Kerala,817.49,492.61,98.54,20.0,-32.73,1
PRJ-0431,,Power,Punjab,1651.92,1214.37,84.54,11.0,12.09,1
PRJ-0432,,Coal,Haryana,299.6,149.76,99.32,20.0,-1.6,1
PRJ-0433,,Urban Affairs,Uttar Pradesh,670.56,562.28,99.17,4.0,-3.22,0
PRJ-0434,,Water Resources,Karnataka,948.47,480.88,92.04,19.0,13.62,1
PRJ-0435,,Road Transport,Gujarat,1465.43,450.01,41.44,19.0,2.73,1
PRJ-0436,,Railways,Madhya Pradesh,2153.43,1546.66,92.52,19.0,26.37,1
PRJ-0437,,Petroleum & Natural Gas,Punjab,1495.29,693.65,80.83,19.0,-22.36,1
PRJ-0438,,Power,Punjab,1531.15,749.31,78.49,19.0,-27.31,1
PRJ-0439,,Coal,Bihar,498.79,315.72,94.72,14.0,31.86,1
PRJ-0440,,Urban Affairs,Andhra Pradesh,166.45,117.44,39.67,18.0,108.92,1
PRJ-0441,,Water Resources,Maharashtra,920.79,787.56,75.64,9.0,29.31,1
PRJ-0442,,Road Transport,Punjab,609.46,201.84,76.81,14.0,-23.98,1
PRJ-0443,,Railways,Punjab,1499.07,1631.58,98.77,119.0,0.39,1
PRJ-0444,,Petroleum & Natural Gas,Haryana,912.94,380.76,52.16,18.0,-22.55,1
PRJ-0445,,Power,Uttar Pradesh,992.41,294.38,44.12,0.0,-16.88,0
PRJ-0446,,Coal,Haryana,953.61,253.27,10.87,0.0,-1.81,0
PRJ-0447,,Urban Affairs,Uttar Pradesh,657.73,567.1,98.21,4.0,1.0,0
PRJ-0448,,Water Resources,Haryana,939.16,253.88,12.76,0.0,-4.39,0
PRJ-0449,,Road Transport,Haryana,1615.57,803.46,80.71,21.0,-19.91,1
PRJ-0450,,Railways,Odisha,251.58,0.0,46.16,9.0,-4.3,1
PRJ-0451,,Petroleum & Natural Gas,Bihar,2169.64,1606.21,91.21,19.0,14.78,1
PRJ-0452,,Power,Andhra Pradesh,1666.78,1684.33,97.24,50.0,8.99,1
PRJ-0453,,Coal,Haryana,401.42,200.87,90.3,26.0,-27.13,1
PRJ-0454,,Urban Affairs,Kerala,2119.67,1484.72,93.9,19.0,26.39,1
PRJ-0455,,Water Resources,Haryana,939.24,235.84,12.25,0.0,0.81,0
PRJ-0456,,Road Transport,Haryana,403.11,208.62,88.49,26.0,-25.96,1
PRJ-0457,,Railways,Karnataka,1429.19,881.69,99.47,15.0,-0.33,1
PRJ-0458,,Petroleum & Natural Gas,Kerala,1187.38,1486.5,100.0,74.0,30.84,1
PRJ-0459,,Power,Uttar Pradesh,638.32,576.12,98.25,4.0,5.56,0
PRJ-0460,,Coal,Haryana,917.38,253.87,11.12,0.0,-2.65,0
PRJ-0461,,Urban Affairs,Uttar Pradesh,653.7,531.77,96.63,4.0,-2.14,0
PRJ-0462,,Water Resources,Maharashtra,804.85,316.78,63.72,7.0,-21.32,1
PRJ-0463,,Road Transport,Bihar,1668.2,1467.99,99.27,72.0,-3.63,1
PRJ-0464,,Railways,Haryana,948.27,255.84,10.55,0.0,-1.96,0
PRJ-0465,,Petroleum & Natural Gas,Maharashtra,957.19,838.03,75.35,9.0,18.88,1
PRJ-0466,,Power,Karnataka,1995.33,1678.81,98.56,26.0,29.95,1
PRJ-0467,,Coal,Karnataka,1716.57,1410.66,77.8,27.0,2.76,1
PRJ-0468,,Urban Affairs,Karnataka,1754.5,1422.99,77.69,27.0,-0.18,1
PRJ-0469,,Water Resources,Maharashtra,1484.99,438.81,42.1,19.0,-3.95,1
PRJ-0470,,Road Transport,Uttar Pradesh,979.78,297.47,44.24,0.0,-12.55,0
PRJ-0471,,Railways,Karnataka,965.32,466.39,91.85,19.0,11.66,1
PRJ-0472,,Petroleum & Natural Gas,Karnataka,1725.76,1415.57,77.96,27.0,10.7,1
PRJ-0473,,Power,Uttar Pradesh,1043.21,294.32,44.88,0.0,-20.53,0
PRJ-0474,,Coal,Odisha,259.31,0.0,45.6,9.0,-4.44,1
PRJ-0475,,Urban Affairs,Maharashtra,754.07,333.47,64.18,7.0,-11.98,1
PRJ-0476,,Water Resources,Andhra Pradesh,1580.63,1609.25,98.69,72.0,4.98,1
PRJ-0477,,Road Transport,Karnataka,1302.51,790.6,91.86,19.0,-10.48,1
PRJ-0478,,Railways,Kerala,1418.11,445.46,41.5,19.0,1.7,1
PRJ-0479,,Petroleum & Natural Gas,Punjab,1397.58,552.23,98.24,34.0,-20.37,1
PRJ-0480,,Power,Uttar Pradesh,999.92,299.36,44.59,0.0,-11.74,0
PRJ-0481,,Coal,Punjab,1689.39,1308.74,85.65,11.0,11.17,1
PRJ-0482,,Urban Affairs,Haryana,902.48,250.93,11.17,0.0,-2.36,0
PRJ-0483,,Water Resources,Gujarat,152.57,125.61,39.14,18.0,135.21,1
PRJ-0484,,Road Transport,Karnataka,1017.33,436.96,90.5,19.0,1.91,1
PRJ-0485,,Railways,Karnataka,244.55,33.69,19.38,0.0,-99.96,0
PRJ-0486,,Petroleum & Natural Gas,Maharashtra,775.81,333.35,64.0,7.0,-12.67,1
PRJ-0487,,Power,Kerala,1239.9,1503.33,100.0,74.0,26.66,1
PRJ-0488,,Coal,Haryana,903.11,238.01,11.75,0.0,4.5,0
PRJ-0489,,Urban Affairs,Tamil Nadu,2982.2,1569.15,83.39,50.0,-2.56,1
PRJ-0490,,Water Resources,Kerala,1559.64,474.67,97.21,34.0,-11.03,1
PRJ-0491,,Road Transport,Karnataka,986.44,444.03,93.41,19.0,7.72,1
PRJ-0492,,Railways,Karnataka,1984.24,1670.35,99.71,26.0,35.84,1
PRJ-0493,,Petroleum & Natural Gas,Maharashtra,2822.01,1543.04,85.56,50.0,1.78,1
PRJ-0494,,Power,Uttar Pradesh,1344.13,546.57,98.12,34.0,-11.46,1
PRJ-0495,,Coal,Gujarat,1343.21,510.91,99.33,34.0,-11.69,1
PRJ-0496,,Urban Affairs,Haryana,412.81,200.28,88.36,26.0,-27.49,1
PRJ-0497,,Water Resources,Karnataka,1149.59,319.19,23.34,0.0,12.03,0
PRJ-0498,,Road Transport,Karnataka,1514.27,847.61,98.9,15.0,-2.68,1
PRJ-0499,,Railways,Bihar,2933.8,1626.14,84.19,50.0,1.94,1
PRJ-0500,,Petroleum & Natural Gas,Andhra Pradesh,161.29,121.11,38.49,18.0,115.87,1
PRJ-0501,,Power,Haryana,2828.12,1758.43,73.75,22.0,25.64,1
PRJ-0502,,Coal,Punjab,575.61,257.43,26.33,0.0,-16.93,0
PRJ-0503,,Urban Affairs,Punjab,1568.96,1630.13,99.26,119.0,-0.15,1
PRJ-0504,,Water Resources,Haryana,1607.37,481.19,98.69,34.0,-8.69,1
PRJ-0505,,Road Transport,Maharashtra,1190.88,308.19,23.21,0.0,15.91,1
PRJ-0506,,Railways,Uttar Pradesh,1458.78,456.24,41.21,19.0,4.28,1
PRJ-0507,,Petroleum & Natural Gas,Punjab,627.35,193.75,73.95,14.0,-29.6,1
PRJ-0508,,Power,Karnataka,1218.91,782.56,91.74,19.0,-0.46,1
PRJ-0509,,Coal,Karnataka,1660.91,1505.22,100.0,72.0,-1.6,1
PRJ-0510,,Urban Affairs,Maharashtra,787.65,339.01,63.77,7.0,-14.12,1
PRJ-0511,,Water Resources,Bihar,1733.33,1703.69,98.66,50.0,-1.84,1
PRJ-0512,,Road Transport,Karnataka,1823.13,1424.61,80.15,27.0,-4.39,1
PRJ-0513,,Railways,Haryana,933.45,253.66,11.45,0.0,1.62,0
PRJ-0514,,Petroleum & Natural Gas,Kerala,302.87,156.86,99.71,20.0,1.69,1
PRJ-0515,,Power,Punjab,154.08,119.8,37.78,18.0,115.63,1
PRJ-0516,,Coal,Kerala,1184.93,1483.83,100.0,74.0,34.05,1
PRJ-0517,,Urban Affairs,Karnataka,1234.18,791.38,92.62,19.0,-3.57,1
PRJ-0518,,Water Resources,Haryana,1497.57,818.48,77.34,21.0,-15.0,1
PRJ-0519,,Road Transport,Maharashtra,1421.06,311.24,52.31,8.0,-4.92,1
PRJ-0520,,Railways,Karnataka,1548.99,855.11,99.47,15.0,-3.45,1
PRJ-0521,,Petroleum & Natural Gas,Karnataka,255.54,0.0,42.76,9.0,-0.05,1
PRJ-0522,,Power,Haryana,930.05,251.67,14.01,0.0,-0.38,0
PRJ-0523,,Coal,Bihar,3030.33,1514.05,86.1,50.0,-5.96,1
PRJ-0524,,Urban Affairs,Haryana,960.86,250.91,11.93,0.0,-6.31,0
PRJ-0525,,Water Resources,Haryana,421.75,208.88,90.2,26.0,-31.79,1
PRJ-0526,,Road Transport,Kerala,1437.14,449.35,43.19,19.0,5.73,1
PRJ-0527,,Railways,Punjab,261.09,0.0,45.51,9.0,-0.62,1
PRJ-0528,,Petroleum & Natural Gas,Punjab,1575.92,1253.86,84.0,11.0,24.3,1
PRJ-0529,,Power,Punjab,3026.15,1855.1,82.41,25.0,16.41,1
PRJ-0530,,Coal,Punjab,593.17,267.42,27.69,0.0,-20.37,0
PRJ-0531,,Urban Affairs,Haryana,953.69,243.7,14.12,0.0,-7.58,0
PRJ-0532,,Water Resources,Punjab,2907.58,1813.94,84.62,25.0,29.13,1
PRJ-0533,,Road Transport,Karnataka,1379.43,500.14,98.23,34.0,-14.01,1
PRJ-0534,,Railways,Punjab,576.69,256.35,24.21,0.0,-16.28,0
PRJ-0535,,Petroleum & Natural Gas,Karnataka,1002.88,455.88,90.0,19.0,9.19,1
PRJ-0536,,Power,Haryana,398.54,205.65,87.31,26.0,-30.07,1
PRJ-0537,,Coal,Maharashtra,814.23,339.46,65.01,7.0,-21.94,1
PRJ-0538,,Urban Affairs,Punjab,579.43,246.64,26.43,0.0,-15.36,0
PRJ-0539,,Water Resources,Punjab,162.25,126.17,40.05,18.0,109.7,1
PRJ-0540,,Road Transport,Haryana,546.57,317.93,93.12,14.0,21.66,1
PRJ-0541,,Railways,Haryana,1498.26,844.77,78.51,21.0,-20.23,1
PRJ-0542,,Petroleum & Natural Gas,Uttar Pradesh,1333.11,514.66,96.66,34.0,-15.94,1
PRJ-0543,,Power,Gujarat,1675.88,1507.85,100.0,72.0,-1.04,1
PRJ-0544,,Coal,Punjab,630.52,199.22,75.12,14.0,-26.8,1
PRJ-0545,,Urban Affairs,Karnataka,231.23,33.55,21.64,0.0,-99.96,0
PRJ-0546,,Water Resources,Karnataka,1980.06,1699.0,100.0,26.0,30.18,1
PRJ-0547,,Road Transport,Bihar,972.51,364.71,53.11,18.0,-29.82,1
PRJ-0548,,Railways,Uttar Pradesh,689.94,551.92,98.13,4.0,-2.82,0
PRJ-0549,,Petroleum & Natural Gas,Tamil Nadu,832.85,483.14,97.56,20.0,-30.94,1
PRJ-0550,,Power,Maharashtra,1349.23,1208.77,84.39,25.0,-17.59,1
PRJ-0551,,Coal,Karnataka,1276.95,757.57,91.49,19.0,-4.57,1
PRJ-0552,,Urban Affairs,Haryana,952.37,238.29,10.83,0.0,-4.73,0
PRJ-0553,,Water Resources,Haryana,940.23,254.46,12.65,0.0,-6.71,0
PRJ-0554,,Road Transport,Uttar Pradesh,1005.11,293.02,45.49,0.0,-13.55,0
PRJ-0555,,Railways,Karnataka,1792.18,1509.78,76.93,27.0,4.38,1
PRJ-0556,,Petroleum & Natural Gas,Haryana,979.05,249.63,10.72,0.0,-11.22,0
PRJ-0557,,Power,Karnataka,1501.01,1725.02,98.66,119.0,6.65,1
PRJ-0558,,Coal,Kerala,1183.84,1568.61,98.67,74.0,36.65,1
PRJ-0559,,Urban Affairs,Punjab,585.61,263.77,24.65,0.0,-14.64,0
PRJ-0560,,Water Resources,Punjab,599.27,203.73,74.1,14.0,-24.72,1
PRJ-0561,,Road Transport,Tamil Nadu,255.42,0.0,42.68,9.0,-1.3,1
PRJ-0562,,Railways,Kerala,243.8,0.0,46.04,9.0,-0.1,1
PRJ-0563,,Petroleum & Natural Gas,Haryana,2841.37,1676.44,75.53,22.0,22.79,1
PRJ-0564,,Power,Karnataka,1891.13,1770.47,98.72,26.0,39.86,1
PRJ-0565,,Coal,Punjab,1650.34,1289.25,85.18,11.0,20.2,1
PRJ-0566,,Urban Affairs,Karnataka,1461.98,825.17,100.0,15.0,3.84,1
PRJ-0567,,Water Resources,Gujarat,248.99,0.0,43.18,9.0,1.31,1
PRJ-0568,,Road Transport,Madhya Pradesh,981.19,353.91,53.7,18.0,-23.55,1
PRJ-0569,,Railways,Karnataka,1295.22,732.43,90.51,19.0,-7.71,1
PRJ-0570,,Petroleum & Natural Gas,Maharashtra,760.87,323.94,64.49,7.0,-12.77,1
PRJ-0571,,Power,Bihar,2861.57,1672.63,86.1,50.0,6.12,1
PRJ-0572,,Coal,Andhra Pradesh,2212.11,1464.14,91.59,19.0,15.08,1
PRJ-0573,,Urban Affairs,Tamil Nadu,785.43,206.61,3.68,0.0,0.94,0
PRJ-0574,,Water Resources,Karnataka,923.6,475.49,92.38,19.0,14.82,1
PRJ-0575,,Road Transport,Haryana,1508.39,819.16,80.94,21.0,-13.69,1
PRJ-0576,,Railways,Haryana,535.64,333.24,95.84,14.0,17.72,1
PRJ-0577,,Petroleum & Natural Gas,Maharashtra,927.98,368.31,54.83,18.0,-19.62,1
PRJ-0578,,Power,Uttar Pradesh,285.23,160.11,98.3,20.0,0.4,1
PRJ-0579,,Coal,Gujarat,241.16,0.0,43.63,9.0,6.28,1
PRJ-0580,,Urban Affairs,Karnataka,1563.62,868.19,98.82,15.0,-7.79,1
PRJ-0581,,Water Resources,Karnataka,1552.18,446.7,99.87,34.0,-12.66,1
PRJ-0582,,Road Transport,Odisha,285.63,154.37,99.26,20.0,-0.03,1
PRJ-0583,,Railways,Haryana,2931.18,1705.18,73.31,22.0,24.45,1
PRJ-0584,,Petroleum & Natural Gas,Maharashtra,1437.65,1192.44,84.02,25.0,-28.83,1
PRJ-0585,,Power,Tamil Nadu,193.06,100.36,45.13,56.0,8.34,1
PRJ-0586,,Coal,Karnataka,2073.86,1622.43,99.2,26.0,27.96,1
PRJ-0587,,Urban Affairs,Punjab,1487.22,1682.87,100.0,119.0,4.44,1
PRJ-0588,,Water Resources,Karnataka,1900.78,1748.99,98.49,26.0,35.46,1
PRJ-0589,,Road Transport,Punjab,1541.0,697.74,80.85,19.0,-23.62,1
PRJ-0590,,Railways,Maharashtra,798.96,316.68,64.34,7.0,-13.84,1
PRJ-0591,,Petroleum & Natural Gas,Haryana,390.05,207.57,88.67,26.0,-28.73,1
PRJ-0592,,Power,Punjab,548.03,265.73,24.67,0.0,-9.02,0
PRJ-0593,,Coal,Karnataka,2769.47,1582.67,85.9,50.0,9.15,1
PRJ-0594,,Urban Affairs,Odisha,1401.97,441.82,41.74,19.0,6.86,1
PRJ-0595,,Water Resources,Bihar,1525.28,1631.54,100.0,119.0,2.26,1
PRJ-0596,,Road Transport,Andhra Pradesh,155.79,122.33,39.74,18.0,115.22,1
PRJ-0597,,Railways,Punjab,1430.22,718.64,80.13,19.0,-22.41,1
PRJ-0598,,Petroleum & Natural Gas,Kerala,912.64,371.46,51.92,18.0,-17.5,1
PRJ-0599,,Power,Uttar Pradesh,684.68,561.94,97.34,4.0,-4.11,0
PRJ-0600,,Coal,Haryana,252.26,0.0,43.74,9.0,-1.14,1
PRJ-0601,,Urban Affairs,Maharashtra,745.36,198.25,6.87,0.0,8.2,0
PRJ-0602,,Water Resources,Uttar Pradesh,798.99,533.04,100.0,20.0,-28.04,1
PRJ-0603,,Road Transport,Haryana,1515.02,828.56,80.26,21.0,-20.15,1
PRJ-0604,,Railways,Punjab,1531.11,729.97,81.49,19.0,-23.38,1
PRJ-0605,,Petroleum & Natural Gas,Uttar Pradesh,656.24,578.76,96.1,4.0,4.92,0
PRJ-0606,,Power,Odisha,291.84,152.96,100.0,20.0,4.28,1
PRJ-0607,,Coal,Kerala,1233.98,1544.42,98.75,74.0,28.3,1
PRJ-0608,,Urban Affairs,Andhra Pradesh,1477.39,435.66,41.1,19.0,-3.65,1
PRJ-0609,,Water Resources,Tamil Nadu,196.67,97.02,48.44,56.0,3.17,1
PRJ-0610,,Road Transport,Kerala,1189.87,298.09,24.44,0.0,9.1,0
PRJ-0611,,Railways,Karnataka,1433.68,857.5,98.08,15.0,-1.92,1
PRJ-0612,,Petroleum & Natural Gas,Haryana,3021.89,1837.43,73.57,22.0,19.51,1
PRJ-0613,,Power,Uttar Pradesh,1005.07,283.57,46.82,0.0,-17.14,0
PRJ-0614,,Coal,Uttar Pradesh,1397.95,534.25,97.02,34.0,-13.02,1
PRJ-0615,,Urban Affairs,Gujarat,1691.23,1585.22,98.74,72.0,0.05,1
PRJ-0616,,Water Resources,Madhya Pradesh,306.6,158.78,99.18,20.0,-4.23,1
PRJ-0617,,Road Transport,Karnataka,1596.1,1766.82,99.57,119.0,2.66,1
PRJ-0618,,Railways,Odisha,240.41,0.0,46.33,9.0,5.98,1
PRJ-0619,,Petroleum & Natural Gas,Bihar,793.1,202.61,4.96,0.0,-5.28,0
PRJ-0620,,Power,Haryana,398.91,192.91,90.44,26.0,-23.63,1
PRJ-0621,,Coal,Haryana,969.38,252.52,11.84,0.0,-5.17,0
PRJ-0622,,Urban Affairs,Punjab,1700.96,1370.0,97.73,26.0,30.74,1
PRJ-0623,,Water Resources,Haryana,1588.47,820.68,78.78,21.0,-25.35,1
PRJ-0624,,Road Transport,Punjab,3161.08,1752.34,83.78,25.0,17.22,1
PRJ-0625,,Railways,Haryana,1605.31,832.23,80.13,21.0,-20.41,1
PRJ-0626,,Petroleum & Natural Gas,Uttar Pradesh,755.79,209.7,4.82,0.0,-0.92,0
PRJ-0627,,Power,Karnataka,1463.91,827.01,100.0,15.0,-4.37,1
PRJ-0628,,Coal,Punjab,3114.64,1844.47,81.97,25.0,19.61,1
PRJ-0629,,Urban Affairs,Karnataka,212.18,104.21,46.5,56.0,-0.88,1
PRJ-0630,,Water Resources,Punjab,3076.69,1694.66,82.92,25.0,19.72,1
PRJ-0631,,Road Transport,Bihar,1144.02,321.13,23.39,0.0,15.94,1
PRJ-0632,,Railways,Karnataka,1235.2,755.85,90.88,19.0,-5.34,1
PRJ-0633,,Petroleum & Natural Gas,Tamil Nadu,1420.23,453.45,42.06,19.0,2.15,1
PRJ-0634,,Power,Kerala,201.96,99.13,47.32,56.0,-3.84,1
PRJ-0635,,Coal,Haryana,936.69,253.89,12.38,0.0,-7.21,0
PRJ-0636,,Urban Affairs,Maharashtra,1331.92,1120.41,86.34,25.0,-19.55,1
PRJ-0637,,Water Resources,Maharashtra,759.77,328.43,63.05,7.0,-17.15,1
PRJ-0638,,Road Transport,Maharashtra,1379.56,306.15,51.7,8.0,-1.81,1
PRJ-0639,,Railways,Kerala,1217.52,1574.09,98.91,74.0,28.1,1
PRJ-0640,,Petroleum & Natural Gas,Punjab,1542.56,718.59,79.7,19.0,-24.89,1
PRJ-0641,,Power,Karnataka,802.44,497.47,98.87,20.0,-32.05,1
PRJ-0642,,Coal,Punjab,1642.0,1296.78,86.21,11.0,20.65,1
PRJ-0643,,Urban Affairs,Bihar,154.21,122.79,41.34,18.0,131.93,1
PRJ-0644,,Water Resources,Punjab,3187.75,1707.54,83.29,25.0,19.91,1
PRJ-0645,,Road Transport,Tamil Nadu,1317.82,507.86,98.7,34.0,-8.95,1
PRJ-0646,,Railways,Karnataka,1561.34,803.92,99.06,15.0,-2.79,1
PRJ-0647,,Petroleum & Natural Gas,Uttar Pradesh,1001.69,289.26,46.59,0.0,-12.46,0
PRJ-0648,,Power,Punjab,1791.77,1435.12,98.38,26.0,28.87,1
PRJ-0649,,Coal,Maharashtra,934.13,812.37,75.59,9.0,27.94,1
PRJ-0650,,Urban Affairs,Haryana,1620.25,792.83,78.24,21.0,-22.87,1
PRJ-0651,,Water Resources,Gujarat,2237.91,1503.84,92.57,19.0,21.14,1
PRJ-0652,,Road Transport,Madhya Pradesh,254.95,0.0,43.04,9.0,-5.65,1
PRJ-0653,,Railways,Karnataka,206.02,101.06,48.29,56.0,-2.74,1
PRJ-0654,,Petroleum & Natural Gas,Karnataka,1891.78,1659.75,99.49,26.0,41.39,1
PRJ-0655,,Power,Karnataka,1002.91,449.36,91.44,19.0,2.05,1
PRJ-0656,,Coal,Haryana,1627.65,809.3,80.07,21.0,-25.78,1
PRJ-0657,,Urban Affairs,Karnataka,1465.15,852.53,98.26,15.0,-1.35,1
PRJ-0658,,Water Resources,Kerala,1720.72,1646.69,97.72,50.0,2.02,1
PRJ-0659,,Road Transport,Maharashtra,809.53,319.15,63.24,7.0,-18.41,1
PRJ-0660,,Railways,Haryana,236.35,33.15,20.77,0.0,-99.96,0
PRJ-0661,,Petroleum & Natural Gas,Maharashtra,1512.45,1747.93,99.0,119.0,7.14,1
PRJ-0662,,Power,Uttar Pradesh,2769.44,1545.38,84.47,50.0,3.24,1
PRJ-0663,,Coal,Gujarat,2901.26,1533.39,83.12,50.0,1.3,1
PRJ-0664,,Urban Affairs,Maharashtra,783.47,345.64,63.9,7.0,-16.27,1
PRJ-0665,,Water Resources,Karnataka,1634.19,1601.78,100.0,72.0,-4.06,1
PRJ-0666,,Road Transport,Haryana,918.98,238.54,12.79,0.0,-2.75,0
PRJ-0667,,Railways,Bihar,1711.41,1678.56,96.73,50.0,5.06,1
PRJ-0668,,Petroleum & Natural Gas,Maharashtra,969.34,843.35,74.46,9.0,26.94,1
PRJ-0669,,Power,Tamil Nadu,829.43,512.81,97.32,20.0,-31.49,1
PRJ-0670,,Coal,Maharashtra,1403.75,1181.47,85.64,25.0,-20.63,1
PRJ-0671,,Urban Affairs,Maharashtra,1360.31,295.71,52.32,8.0,1.9,1
PRJ-0672,,Water Resources,Haryana,2842.4,1613.01,85.34,50.0,2.23,1
PRJ-0673,,Road Transport,Punjab,1743.87,1481.04,98.2,26.0,32.93,1
PRJ-0674,,Railways,Uttar Pradesh,204.57,98.12,45.03,56.0,-3.07,1
PRJ-0675,,Petroleum & Natural Gas,Maharashtra,1390.02,293.08,54.15,8.0,4.62,1
PRJ-0676,,Power,Karnataka,1702.51,1421.32,76.93,27.0,7.6,1
PRJ-0677,,Coal,Karnataka,200.42,98.44,44.87,56.0,-0.85,1
PRJ-0678,,Urban Affairs,Odisha,1544.38,453.04,42.43,19.0,-7.03,1
PRJ-0679,,Water Resources,Punjab,1655.29,1298.73,84.87,11.0,20.77,1
PRJ-0680,,Road Transport,Andhra Pradesh,796.75,202.2,7.4,0.0,-0.47,0
PRJ-0681,,Railways,Kerala,1181.98,1587.01,100.0,74.0,37.69,1
PRJ-0682,,Petroleum & Natural Gas,Kerala,1528.21,1731.69,100.0,119.0,2.32,1
PRJ-0683,,Power,Punjab,1702.74,1568.68,99.19,72.0,-7.73,1
PRJ-0684,,Coal,Haryana,913.08,256.03,12.18,0.0,-3.74,0
PRJ-0685,,Urban Affairs,Karnataka,959.59,457.78,89.94,19.0,9.73,1
PRJ-0686,,Water Resources,Punjab,1546.38,756.68,77.84,19.0,-26.78,1
PRJ-0687,,Road Transport,Gujarat,1154.55,304.38,22.42,0.0,18.46,1
PRJ-0688,,Railways,Punjab,1547.04,760.16,78.93,19.0,-29.95,1
PRJ-0689,,Petroleum & Natural Gas,Karnataka,262.11,0.0,45.91,9.0,0.9,1
PRJ-0690,,Power,Odisha,1603.92,1713.11,98.71,119.0,-2.35,1
PRJ-0691,,Coal,Punjab,1417.84,743.41,78.23,19.0,-22.6,1
PRJ-0692,,Urban Affairs,Punjab,3040.85,1700.77,84.06,25.0,25.15,1
PRJ-0693,,Water Resources,Tamil Nadu,1345.19,520.26,96.47,34.0,-9.56,1
PRJ-0694,,Road Transport,Kerala,1181.12,320.09,24.26,0.0,16.72,1
PRJ-0695,,Railways,Punjab,907.15,374.54,52.84,18.0,-19.51,1
PRJ-0696,,Petroleum & Natural Gas,Kerala,1158.93,1535.24,99.22,74.0,30.35,1
PRJ-0697,,Power,Haryana,422.91,195.37,89.81,26.0,-32.66,1
PRJ-0698,,Coal,Uttar Pradesh,202.85,104.03,45.31,56.0,-0.9,1
PRJ-0699,,Urban Affairs,Gujarat,1450.48,477.23,44.55,19.0,-1.73,1
PRJ-0700,,Water Resources,Uttar Pradesh,948.58,302.69,43.76,0.0,-13.2,0
PRJ-0701,,Road Transport,Punjab,614.79,200.54,75.65,14.0,-28.54,1
PRJ-0702,,Railways,Punjab,1621.17,1293.1,85.99,11.0,19.14,1
PRJ-0703,,Petroleum & Natural Gas,Bihar,212.37,103.69,44.85,56.0,-3.17,1
PRJ-0704,,Power,Haryana,2896.38,1764.84,73.98,22.0,18.91,1
PRJ-0705,,Coal,Tamil Nadu,509.09,304.08,93.93,14.0,31.51,1
PRJ-0706,,Urban Affairs,Haryana,1579.46,834.5,77.65,21.0,-23.18,1
PRJ-0707,,Water Resources,Haryana,1556.01,807.84,80.24,21.0,-19.25,1
PRJ-0708,,Road Transport,Haryana,1426.86,445.93,42.97,19.0,0.01,1
PRJ-0709,,Railways,Maharashtra,1138.09,297.56,23.42,0.0,14.87,0
PRJ-0710,,Petroleum & Natural Gas,Uttar Pradesh,1683.5,1605.46,95.7,50.0,5.05,1
PRJ-0711,,Power,Haryana,977.38,251.03,11.1,0.0,-4.41,0
PRJ-0712,,Coal,Haryana,965.42,252.38,14.12,0.0,-10.35,0
PRJ-0713,,Urban Affairs,Karnataka,778.8,197.91,3.84,0.0,5.23,0
PRJ-0714,,Water Resources,Odisha,1618.77,1667.31,100.0,119.0,0.29,1
PRJ-0715,,Road Transport,Bihar,1390.71,539.99,96.5,34.0,-19.8,1
PRJ-0716,,Railways,Punjab,580.67,254.1,25.93,0.0,-19.75,0
PRJ-0717,,Petroleum & Natural Gas,Tamil Nadu,156.15,121.85,38.91,18.0,124.32,1
PRJ-0718,,Power,Haryana,2891.71,1716.45,73.62,22.0,26.12,1
PRJ-0719,,Coal,Punjab,820.54,522.75,97.74,20.0,-30.73,1
PRJ-0720,,Urban Affairs,Punjab,1563.56,695.78,81.2,19.0,-25.71,1
PRJ-0721,,Water Resources,Maharashtra,820.73,491.5,98.81,20.0,-30.55,1
PRJ-0722,,Road Transport,Kerala,1194.27,1593.04,100.0,74.0,36.5,1
PRJ-0723,,Railways,Punjab,570.37,267.76,25.94,0.0,-15.62,0
PRJ-0724,,Petroleum & Natural Gas,Haryana,399.87,203.62,89.61,26.0,-28.67,1
PRJ-0725,,Power,Karnataka,257.84,0.0,45.95,9.0,-4.89,1
PRJ-0726,,Coal,Odisha,938.28,354.88,54.49,18.0,-22.0,1
PRJ-0727,,Urban Affairs,Karnataka,1977.49,1723.1,98.59,26.0,37.82,1
PRJ-0728,,Water Resources,Andhra Pradesh,1724.17,1465.73,100.0,72.0,-4.83,1
PRJ-0729,,Road Transport,Tamil Nadu,246.99,34.29,18.8,0.0,-99.96,0
PRJ-0730,,Railways,Kerala,1444.8,446.63,42.91,19.0,0.1,1
PRJ-0731,,Petroleum & Natural Gas,Punjab,1682.9,1500.15,99.69,72.0,-4.52,1
PRJ-0732,,Power,Haryana,250.89,0.0,42.93,9.0,4.11,1
PRJ-0733,,Coal,Maharashtra,1507.27,452.35,41.02,19.0,-7.1,1
PRJ-0734,,Urban Affairs,Uttar Pradesh,1576.19,1557.05,100.0,72.0,-1.27,1
PRJ-0735,,Water Resources,Karnataka,1825.82,1481.78,78.52,27.0,0.78,1
PRJ-0736,,Road Transport,Karnataka,958.78,446.72,91.29,19.0,4.04,1
PRJ-0737,,Railways,Karnataka,1703.49,1574.38,99.3,72.0,-3.8,1
PRJ-0738,,Petroleum & Natural Gas,Odisha,1527.09,447.58,98.12,34.0,-4.88,1
PRJ-0739,,Power,Karnataka,1266.75,733.95,92.27,19.0,-5.02,1
PRJ-0740,,Coal,Andhra Pradesh,1418.29,466.88,41.31,19.0,5.98,1
PRJ-0741,,Urban Affairs,Tamil Nadu,154.99,127.77,38.4,18.0,112.47,1
PRJ-0742,,Water Resources,Kerala,1179.52,305.39,24.94,0.0,7.45,0
PRJ-0743,,Road Transport,Punjab,286.05,154.49,100.0,20.0,7.99,1
PRJ-0744,,Railways,Haryana,229.94,33.17,18.69,0.0,-99.96,0
PRJ-0745,,Petroleum & Natural Gas,Maharashtra,1404.33,526.84,100.0,34.0,-17.37,1
PRJ-0746,,Power,Uttar Pradesh,1590.32,1744.26,98.41,119.0,-4.61,1
PRJ-0747,,Coal,Gujarat,204.51,106.01,46.44,56.0,-2.81,1
PRJ-0748,,Urban Affairs,Madhya Pradesh,210.78,99.81,48.62,56.0,-1.47,1
PRJ-0749,,Water Resources,Karnataka,1254.8,757.36,91.48,19.0,-6.46,1
PRJ-0750,,Road Transport,Odisha,233.86,34.26,21.35,0.0,-99.96,0
PRJ-0751,,Railways,Bihar,1681.12,1560.12,99.01,72.0,-6.37,1
PRJ-0752,,Petroleum & Natural Gas,Kerala,1230.87,1567.02,100.0,74.0,23.12,1
PRJ-0753,,Power,Tamil Nadu,1561.0,1660.92,98.46,119.0,2.41,1
PRJ-0754,,Coal,Kerala,1188.48,1602.67,100.0,74.0,33.47,1
PRJ-0755,,Urban Affairs,Punjab,2109.8,1587.65,92.04,19.0,28.12,1
PRJ-0756,,Water Resources,Punjab,602.06,194.24,74.12,14.0,-27.91,1
PRJ-0757,,Road Transport,Punjab,3191.21,1711.13,81.85,25.0,18.32,1
PRJ-0758,,Railways,Karnataka,1223.42,753.23,90.49,19.0,0.01,1
PRJ-0759,,Petroleum & Natural Gas,Gujarat,165.73,127.92,40.51,18.0,111.48,1
PRJ-0760,,Power,Madhya Pradesh,1640.68,1586.73,100.0,72.0,-1.0,1
PRJ-0761,,Coal,Punjab,1555.34,757.58,81.46,19.0,-28.62,1
PRJ-0762,,Urban Affairs,Karnataka,1569.59,860.78,98.32,15.0,-11.29,1
PRJ-0763,,Water Resources,Bihar,1640.81,469.81,99.34,34.0,-10.16,1
PRJ-0764,,Road Transport,Andhra Pradesh,298.64,159.43,100.0,20.0,0.57,1
PRJ-0765,,Railways,Karnataka,1254.29,731.52,92.53,19.0,1.84,1
PRJ-0766,,Petroleum & Natural Gas,Kerala,229.58,32.34,19.56,0.0,-99.96,0
PRJ-0767,,Power,Punjab,3069.59,1743.79,84.44,25.0,17.84,1
PRJ-0768,,Coal,Haryana,500.41,322.87,95.34,14.0,36.99,1
PRJ-0769,,Urban Affairs,Maharashtra,165.34,127.0,39.74,18.0,102.91,1
PRJ-0770,,Water Resources,Haryana,421.28,193.95,87.64,26.0,-32.27,1
PRJ-0771,,Road Transport,Haryana,421.37,200.4,88.51,26.0,-33.37,1
PRJ-0772,,Railways,Kerala,1148.19,1508.93,99.44,74.0,33.09,1
PRJ-0773,,Petroleum & Natural Gas,Karnataka,1726.81,1645.1,97.9,50.0,3.82,1
PRJ-0774,,Power,Punjab,1674.75,1394.71,99.27,26.0,34.1,1
PRJ-0775,,Coal,Bihar,155.76,128.18,39.07,18.0,109.65,1
PRJ-0776,,Urban Affairs,Haryana,2887.36,1718.38,75.73,22.0,21.21,1
PRJ-0777,,Water Resources,Maharashtra,785.47,329.98,63.19,7.0,-15.96,1
PRJ-0778,,Road Transport,Kerala,1133.75,295.57,25.12,0.0,11.5,0
PRJ-0779,,Railways,Punjab,2163.11,1495.63,92.47,19.0,22.3,1
PRJ-0780,,Petroleum & Natural Gas,Haryana,1712.7,1583.93,97.8,50.0,2.67,1
PRJ-0781,,Power,Maharashtra,1378.22,539.4,96.94,34.0,-11.95,1
PRJ-0782,,Coal,Uttar Pradesh,2962.66,1525.32,83.71,50.0,-6.65,1
PRJ-0783,,Urban Affairs,Maharashtra,1396.77,1125.35,83.83,25.0,-23.05,1
PRJ-0784,,Water Resources,Uttar Pradesh,662.66,549.18,96.96,4.0,-0.47,0
PRJ-0785,,Road Transport,Haryana,2930.86,1777.32,75.1,22.0,20.62,1
PRJ-0786,,Railways,Odisha,283.74,152.94,100.0,20.0,8.41,1
PRJ-0787,,Petroleum & Natural Gas,Karnataka,1296.91,732.44,91.74,19.0,-7.91,1
PRJ-0788,,Power,Andhra Pradesh,1569.56,438.79,97.38,34.0,-6.88,1
PRJ-0789,,Coal,Tamil Nadu,753.74,208.72,5.82,0.0,2.64,0
PRJ-0790,,Urban Affairs,Kerala,513.95,334.65,95.72,14.0,32.85,1
PRJ-0791,,Water Resources,Maharashtra,820.23,342.8,62.57,7.0,-23.52,1
PRJ-0792,,Road Transport,Punjab,1560.4,1263.63,87.29,11.0,23.25,1
PRJ-0793,,Railways,Karnataka,1706.32,1492.19,77.55,27.0,9.76,1
PRJ-0794,,Petroleum & Natural Gas,Uttar Pradesh,230.13,33.46,19.51,0.0,-99.96,0
PRJ-0795,,Power,Haryana,2827.62,1818.4,75.49,22.0,26.97,1
PRJ-0796,,Coal,Madhya Pradesh,1652.69,1508.73,98.12,72.0,-1.34,1
PRJ-0797,,Urban Affairs,Haryana,1507.18,863.07,78.53,21.0,-16.94,1
PRJ-0798,,Water Resources,Karnataka,1901.84,1767.05,99.27,26.0,42.68,1
PRJ-0799,,Road Transport,Bihar,1561.13,469.3,97.36,34.0,-7.86,1
PRJ-0800,,Railways,Andhra Pradesh,248.78,0.0,42.48,9.0,-0.49,1
PRJ-0801,,Petroleum & Natural Gas,Karnataka,2037.66,1723.0,99.11,26.0,34.39,1
PRJ-0802,,Power,Maharashtra,755.67,342.91,63.85,7.0,-10.69,1
PRJ-0803,,Coal,Kerala,1213.57,1474.7,100.0,74.0,29.46,1
PRJ-0804,,Urban Affairs,Haryana,971.27,237.97,12.65,0.0,-3.59,0
PRJ-0805,,Water Resources,Maharashtra,1421.13,1183.17,86.37,25.0,-23.98,1
PRJ-0806,,Road Transport,Uttar Pradesh,241.8,33.33,21.58,0.0,-99.96,0
PRJ-0807,,Railways,Gujarat,1719.54,1656.42,99.64,50.0,3.58,1
PRJ-0808,,Petroleum & Natural Gas,Madhya Pradesh,808.91,502.22,100.0,20.0,-33.2,1
PRJ-0809,,Power,Karnataka,304.18,154.6,100.0,20.0,-4.32,1
PRJ-0810,,Coal,Uttar Pradesh,982.93,281.15,46.78,0.0,-18.08,0
PRJ-0811,,Urban Affairs,Bihar,162.79,118.98,38.18,18.0,115.67,1
PRJ-0812,,Water Resources,Andhra Pradesh,263.52,0.0,45.4,9.0,-2.77,1
PRJ-0813,,Road Transport,Tamil Nadu,831.64,520.95,98.22,20.0,-35.75,1
PRJ-0814,,Railways,Maharashtra,1370.57,1122.94,86.43,25.0,-25.72,1
PRJ-0815,,Petroleum & Natural Gas,Maharashtra,775.57,343.03,62.16,7.0,-11.41,1
PRJ-0816,,Power,Karnataka,1440.22,851.52,98.6,15.0,5.94,1
PRJ-0817,,Coal,Maharashtra,1399.62,1142.59,84.31,25.0,-23.24,1
PRJ-0818,,Urban Affairs,Uttar Pradesh,301.81,155.41,99.51,20.0,1.79,1
PRJ-0819,,Water Resources,Gujarat,783.46,210.14,5.59,0.0,-1.63,0
PRJ-0820,,Road Transport,Madhya Pradesh,827.49,527.08,99.05,20.0,-35.66,1
PRJ-0821,,Railways,Karnataka,749.1,196.84,4.39,0.0,5.91,0
PRJ-0822,,Petroleum & Natural Gas,Maharashtra,792.35,335.74,63.66,7.0,-14.13,1
PRJ-0823,,Power,Karnataka,993.47,458.48,90.31,19.0,4.9,1
PRJ-0824,,Coal,Punjab,3088.85,1728.38,82.11,25.0,18.97,1
PRJ-0825,,Urban Affairs,Tamil Nadu,287.18,148.0,100.0,20.0,4.85,1
PRJ-0826,,Water Resources,Punjab,1441.95,725.7,79.18,19.0,-18.84,1
PRJ-0827,,Road Transport,Punjab,255.67,0.0,45.75,9.0,2.38,1
PRJ-0828,,Railways,Haryana,912.55,246.15,12.43,0.0,0.11,0
PRJ-0829,,Petroleum & Natural Gas,Maharashtra,808.02,208.66,6.92,0.0,-2.22,0
PRJ-0830,,Power,Uttar Pradesh,1579.62,1634.76,100.0,119.0,-0.61,1
PRJ-0831,,Coal,Gujarat,2927.76,1573.92,83.53,50.0,-5.23,1
PRJ-0832,,Urban Affairs,Punjab,591.18,203.34,74.73,14.0,-20.38,1
PRJ-0833,,Water Resources,Karnataka,530.07,332.61,94.65,14.0,20.01,1
PRJ-0834,,Road Transport,Odisha,2156.67,1537.43,90.47,19.0,16.49,1
PRJ-0835,,Railways,Bihar,203.15,106.59,47.48,56.0,-5.36,1
PRJ-0836,,Petroleum & Natural Gas,Andhra Pradesh,1361.3,502.37,98.44,34.0,-15.72,1
PRJ-0837,,Power,Tamil Nadu,816.47,208.14,5.04,0.0,-4.37,0
PRJ-0838,,Coal,Kerala,242.05,0.0,43.39,9.0,0.38,1
PRJ-0839,,Urban Affairs,Haryana,918.82,244.6,11.26,0.0,2.09,0
PRJ-0840,,Water Resources,Punjab,1755.44,1361.33,99.32,26.0,24.97,1
PRJ-0841,,Road Transport,Karnataka,1486.06,834.09,99.85,15.0,-5.78,1
PRJ-0842,,Railways,Maharashtra,1438.0,1141.32,83.9,25.0,-26.38,1
PRJ-0843,,Petroleum & Natural Gas,Uttar Pradesh,1021.91,296.88,44.85,0.0,-17.87,0
PRJ-0844,,Power,Maharashtra,788.99,346.56,64.31,7.0,-16.54,1
PRJ-0845,,Coal,Uttar Pradesh,1020.0,293.29,45.91,0.0,-14.05,0
PRJ-0846,,Urban Affairs,Odisha,1633.37,441.99,98.78,34.0,-9.42,1
PRJ-0847,,Water Resources,Karnataka,1001.3,467.93,89.68,19.0,5.46,1
PRJ-0848,,Road Transport,Uttar Pradesh,696.85,536.57,95.98,4.0,-9.17,0
PRJ-0849,,Railways,Tamil Nadu,201.05,99.28,45.09,56.0,-3.74,1
PRJ-0850,,Petroleum & Natural Gas,Punjab,1678.51,1246.44,86.12,11.0,18.37,1
PRJ-0851,,Power,Karnataka,1287.42,798.08,91.96,19.0,-4.43,1
PRJ-0852,,Coal,Haryana,1462.21,463.93,44.1,19.0,-2.39,1
PRJ-0853,,Urban Affairs,Karnataka,1222.26,764.84,91.47,19.0,2.52,1
PRJ-0854,,Water Resources,Uttar Pradesh,154.57,120.2,37.54,18.0,111.18,1
PRJ-0855,,Road Transport,Punjab,2918.25,1756.01,84.28,25.0,24.21,1
PRJ-0856,,Railways,Uttar Pradesh,1005.08,295.53,43.19,0.0,-15.61,0
PRJ-0857,,Petroleum & Natural Gas,Haryana,943.83,248.32,12.83,0.0,-2.06,0
PRJ-0858,,Power,Kerala,1235.84,1551.05,98.78,74.0,24.45,1
PRJ-0859,,Coal,Uttar Pradesh,1003.96,286.01,43.35,0.0,-17.68,0
PRJ-0860,,Urban Affairs,Haryana,409.77,191.9,88.95,26.0,-30.21,1
PRJ-0861,,Water Resources,Maharashtra,1440.93,1165.52,85.58,25.0,-23.64,1
PRJ-0862,,Road Transport,Uttar Pradesh,670.12,573.85,99.24,4.0,2.06,0
PRJ-0863,,Railways,Punjab,2952.43,1651.0,84.93,50.0,2.11,1
PRJ-0864,,Petroleum & Natural Gas,Maharashtra,1328.65,1214.03,85.51,25.0,-18.63,1
PRJ-0865,,Power,Maharashtra,805.66,199.71,5.78,0.0,-3.76,0
PRJ-0866,,Coal,Maharashtra,1353.74,1176.95,86.08,25.0,-24.4,1
PRJ-0867,,Urban Affairs,Haryana,411.87,195.83,87.77,26.0,-31.7,1
PRJ-0868,,Water Resources,Madhya Pradesh,246.38,0.0,46.1,9.0,6.94,1
PRJ-0869,,Road Transport,Karnataka,1506.07,444.98,41.94,19.0,-4.91,1
PRJ-0870,,Railways,Odisha,758.93,205.09,4.26,0.0,0.48,0
PRJ-0871,,Petroleum & Natural Gas,Haryana,1495.13,863.42,79.07,21.0,-20.44,1
PRJ-0872,,Power,Punjab,1787.89,1366.35,98.63,26.0,28.11,1
PRJ-0873,,Coal,Tamil Nadu,156.9,128.12,39.84,18.0,126.84,1
PRJ-0874,,Urban Affairs,Maharashtra,1369.49,312.74,52.43,8.0,7.45,1
PRJ-0875,,Water Resources,Punjab,801.75,203.21,5.33,0.0,-6.07,0
PRJ-0876,,Road Transport,Haryana,2055.17,1595.68,93.05,19.0,25.17,1
PRJ-0877,,Railways,Maharashtra,3037.95,1586.96,85.76,50.0,-2.66,1
PRJ-0878,,Petroleum & Natural Gas,Punjab,1772.19,1374.72,98.15,26.0,27.16,1
PRJ-0879,,Power,Maharashtra,1345.25,1130.18,86.63,25.0,-22.58,1
PRJ-0880,,Coal,Karnataka,959.03,446.15,92.27,19.0,8.85,1
PRJ-0881,,Urban Affairs,Maharashtra,773.77,328.79,64.29,7.0,-15.61,1
PRJ-0882,,Water Resources,Odisha,256.89,0.0,45.68,9.0,1.26,1
PRJ-0883,,Road Transport,Bihar,1647.87,1486.41,100.0,72.0,-2.71,1
PRJ-0884,,Railways,Andhra Pradesh,523.12,317.26,92.79,14.0,19.49,1
PRJ-0885,,Petroleum & Natural Gas,Tamil Nadu,939.3,369.36,52.84,18.0,-25.02,1
PRJ-0886,,Power,Kerala,240.79,0.0,43.32,9.0,0.54,1
PRJ-0887,,Coal,Maharashtra,1385.44,1151.06,84.14,25.0,-21.99,1
PRJ-0888,,Urban Affairs,Maharashtra,773.39,340.66,63.38,7.0,-14.23,1
PRJ-0889,,Water Resources,Maharashtra,931.38,843.02,72.53,9.0,32.15,1
PRJ-0890,,Road Transport,Uttar Pradesh,255.98,0.0,43.6,9.0,-1.1,1
PRJ-0891,,Railways,Karnataka,1525.7,860.18,100.0,15.0,-4.59,1
PRJ-0892,,Petroleum & Natural Gas,Uttar Pradesh,673.48,584.99,98.87,4.0,-1.48,0
PRJ-0893,,Power,Karnataka,964.46,455.07,93.1,19.0,9.47,1
PRJ-0894,,Coal,Haryana,907.43,242.34,11.67,0.0,-3.09,0
PRJ-0895,,Urban Affairs,Maharashtra,1385.2,311.89,54.43,8.0,0.26,1
PRJ-0896,,Water Resources,Maharashtra,803.79,328.78,62.67,7.0,-17.78,1
PRJ-0897,,Road Transport,Punjab,586.47,198.2,76.03,14.0,-24.59,1
PRJ-0898,,Railways,Haryana,911.99,236.88,14.25,0.0,-1.9,0
PRJ-0899,,Petroleum & Natural Gas,Punjab,800.51,502.45,100.0,20.0,-33.35,1
PRJ-0900,,Power,Haryana,901.97,236.6,14.23,0.0,1.4,0
PRJ-0901,,Coal,Uttar Pradesh,653.22,547.38,97.91,4.0,-0.63,0
PRJ-0902,,Urban Affairs,Punjab,572.87,245.79,25.61,0.0,-18.65,0
PRJ-0903,,Water Resources,Karnataka,1554.36,871.47,100.0,15.0,-6.54,1
PRJ-0904,,Road Transport,Madhya Pradesh,1649.97,1571.44,98.56,72.0,2.95,1
PRJ-0905,,Railways,Karnataka,201.48,105.97,46.51,56.0,2.94,1
PRJ-0906,,Petroleum & Natural Gas,Odisha,2114.91,1546.28,93.17,19.0,21.63,1
PRJ-0907,,Power,Bihar,1557.88,444.54,96.79,34.0,-9.91,1
PRJ-0908,,Coal,Andhra Pradesh,965.64,364.08,53.72,18.0,-23.11,1
PRJ-0909,,Urban Affairs,Punjab,1774.57,1468.47,97.9,26.0,28.44,1
PRJ-0910,,Water Resources,Kerala,1398.78,542.02,98.51,34.0,-16.09,1
PRJ-0911,,Road Transport,Punjab,1144.3,304.78,21.88,0.0,15.98,1
PRJ-0912,,Railways,Uttar Pradesh,687.78,535.91,97.9,4.0,-5.89,0
PRJ-0913,,Petroleum & Natural Gas,Maharashtra,960.88,381.23,54.58,18.0,-22.27,1
PRJ-0914,,Power,Karnataka,1279.46,746.37,89.43,19.0,-4.46,1
PRJ-0915,,Coal,Haryana,396.63,202.27,89.37,26.0,-28.26,1
PRJ-0916,,Urban Affairs,Maharashtra,1398.23,294.86,51.92,8.0,0.3,1
PRJ-0917,,Water Resources,Karnataka,2052.92,1506.61,90.45,19.0,33.26,1
PRJ-0918,,Road Transport,Odisha,1624.47,444.31,98.72,34.0,-15.17,1
PRJ-0919,,Railways,Karnataka,964.31,459.38,90.96,19.0,11.36,1
PRJ-0920,,Petroleum & Natural Gas,Punjab,1613.79,1315.81,83.72,11.0,22.09,1
PRJ-0921,,Power,Uttar Pradesh,953.79,279.8,46.29,0.0,-11.49,0
PRJ-0922,,Coal,Uttar Pradesh,687.77,574.45,96.4,4.0,-6.84,0
PRJ-0923,,Urban Affairs,Punjab,1548.24,446.54,99.69,34.0,-4.03,1
PRJ-0924,,Water Resources,Haryana,1557.5,823.54,79.83,21.0,-16.42,1
PRJ-0925,,Road Transport,Karnataka,1833.92,1492.52,79.68,27.0,-3.69,1
PRJ-0926,,Railways,Uttar Pradesh,1662.59,1562.34,98.64,72.0,-4.82,1
PRJ-0927,,Petroleum & Natural Gas,Punjab,1545.97,696.45,80.09,19.0,-29.42,1
PRJ-0928,,Power,Karnataka,1427.0,847.42,99.09,15.0,5.14,1
PRJ-0929,,Coal,Karnataka,1883.79,1747.23,99.9,26.0,35.83,1
PRJ-0930,,Urban Affairs,Odisha,195.38,99.55,46.77,56.0,6.38,1
PRJ-0931,,Water Resources,Bihar,157.27,126.62,37.78,18.0,127.87,1
PRJ-0932,,Road Transport,Kerala,1198.2,1579.46,98.5,74.0,33.94,1
PRJ-0933,,Railways,Tamil Nadu,767.85,205.62,5.03,0.0,2.46,0
PRJ-0934,,Petroleum & Natural Gas,Kerala,1625.44,454.76,99.65,34.0,-17.06,1
PRJ-0935,,Power,Maharashtra,1444.06,1149.63,83.98,25.0,-26.23,1
PRJ-0936,,Coal,Haryana,1425.55,449.8,43.81,19.0,-0.03,1
PRJ-0937,,Urban Affairs,Maharashtra,1421.15,311.08,51.95,8.0,-0.27,1
PRJ-0938,,Water Resources,Uttar Pradesh,903.83,361.1,53.31,18.0,-22.24,1
PRJ-0939,,Road Transport,Punjab,1789.92,1465.35,100.0,26.0,27.51,1
PRJ-0940,,Railways,Madhya Pradesh,165.55,120.2,40.42,18.0,112.46,1
PRJ-0941,,Petroleum & Natural Gas,Karnataka,2224.74,1568.39,93.01,19.0,13.78,1
PRJ-0942,,Power,Odisha,530.47,324.28,92.69,14.0,21.71,1
PRJ-0943,,Coal,Bihar,950.99,386.04,52.55,18.0,-27.99,1
PRJ-0944,,Urban Affairs,Punjab,1592.75,1208.44,85.78,11.0,19.42,1
PRJ-0945,,Water Resources,Uttar Pradesh,676.43,570.71,96.42,4.0,-1.3,0
PRJ-0946,,Road Transport,Maharashtra,762.44,314.33,65.68,7.0,-11.61,1
PRJ-0947,,Railways,Punjab,1534.22,455.3,43.44,19.0,-0.92,1
PRJ-0948,,Petroleum & Natural Gas,Maharashtra,788.9,327.64,63.48,7.0,-12.74,1
PRJ-0949,,Power,Punjab,1540.0,691.21,77.84,19.0,-28.79,1
PRJ-0950,,Coal,Karnataka,1683.1,1462.06,77.1,27.0,5.56,1
PRJ-0951,,Urban Affairs,Gujarat,784.66,203.22,4.64,0.0,-3.41,0
PRJ-0952,,Water Resources,Madhya Pradesh,1569.51,1732.57,100.0,119.0,0.5,1
PRJ-0953,,Road Transport,Karnataka,248.62,0.0,45.99,9.0,1.02,1
PRJ-0954,,Railways,Punjab,3133.05,1774.68,84.23,25.0,18.94,1
PRJ-0955,,Petroleum & Natural Gas,Bihar,2263.41,1517.43,91.21,19.0,14.76,1
PRJ-0956,,Power,Karnataka,1551.45,851.5,100.0,15.0,-6.88,1
PRJ-0957,,Coal,Karnataka,1515.99,816.26,100.0,15.0,-3.25,1
PRJ-0958,,Urban Affairs,Maharashtra,1369.26,1210.06,82.8,25.0,-22.46,1
PRJ-0959,,Water Resources,Punjab,1720.95,1261.17,87.47,11.0,11.74,1
PRJ-0960,,Road Transport,Karnataka,1670.56,1417.61,77.96,27.0,14.77,1
PRJ-0961,,Railways,Maharashtra,1428.2,302.37,53.6,8.0,-1.62,1
PRJ-0962,,Petroleum & Natural Gas,Haryana,1482.36,795.92,78.57,21.0,-17.43,1
PRJ-0963,,Power,Gujarat,289.81,152.05,100.0,20.0,0.07,1
PRJ-0964,,Coal,Madhya Pradesh,262.74,0.0,45.63,9.0,-1.76,1
PRJ-0965,,Urban Affairs,Karnataka,1558.56,1725.25,100.0,119.0,4.63,1
PRJ-0966,,Water Resources,Haryana,1569.01,844.84,79.41,21.0,-22.43,1
PRJ-0967,,Road Transport,Haryana,965.48,242.77,14.02,0.0,-2.42,0
PRJ-0968,,Railways,Andhra Pradesh,1346.97,545.87,97.23,34.0,-10.53,1
PRJ-0969,,Petroleum & Natural Gas,Tamil Nadu,211.03,103.47,44.99,56.0,-2.83,1
PRJ-0970,,Power,Kerala,893.17,356.89,53.85,18.0,-19.35,1
PRJ-0971,,Coal,Punjab,755.05,212.77,7.52,0.0,5.39,0
PRJ-0972,,Urban Affairs,Haryana,203.88,101.42,47.92,56.0,-4.82,1
PRJ-0973,,Water Resources,Maharashtra,505.25,322.05,92.45,14.0,24.67,1
PRJ-0974,,Road Transport,Uttar Pradesh,972.84,286.8,45.71,0.0,-13.85,0
PRJ-0975,,Railways,Punjab,570.25,255.07,26.47,0.0,-18.05,0
PRJ-0976,,Petroleum & Natural Gas,Madhya Pradesh,1678.37,1501.89,98.14,72.0,-1.05,1
PRJ-0977,,Power,Karnataka,1334.32,504.8,99.01,34.0,-9.19,1
PRJ-0978,,Coal,Odisha,1340.01,518.22,98.94,34.0,-15.94,1
PRJ-0979,,Urban Affairs,Karnataka,1699.15,1506.15,79.91,27.0,6.0,1
PRJ-0980,,Water Resources,Andhra Pradesh,154.19,127.35,38.34,18.0,111.89,1
PRJ-0981,,Road Transport,Maharashtra,757.37,316.73,64.96,7.0,-10.93,1
PRJ-0982,,Railways,Karnataka,2070.01,1761.72,100.0,26.0,35.07,1
PRJ-0983,,Petroleum & Natural Gas,Punjab,1714.56,1403.99,98.58,26.0,37.09,1
PRJ-0984,,Power,Karnataka,943.77,445.84,91.56,19.0,11.05,1
PRJ-0985,,Coal,Maharashtra,1395.48,1213.81,85.58,25.0,-22.61,1
PRJ-0986,,Urban Affairs,Punjab,601.8,203.79,74.07,14.0,-21.44,1
PRJ-0987,,Water Resources,Punjab,1459.5,733.04,77.77,19.0,-20.84,1
PRJ-0988,,Road Transport,Punjab,1666.37,1455.23,100.0,26.0,39.08,1
PRJ-0989,,Railways,Maharashtra,812.92,342.56,64.6,7.0,-22.77,1
PRJ-0990,,Petroleum & Natural Gas,Odisha,819.71,206.94,7.26,0.0,-4.5,0
PRJ-0991,,Power,Bihar,1525.15,442.44,42.88,19.0,-3.23,1
PRJ-0992,,Coal,Andhra Pradesh,2917.37,1519.99,86.69,50.0,1.51,1
PRJ-0993,,Urban Affairs,Karnataka,1728.02,1409.17,78.09,27.0,4.7,1
PRJ-0994,,Water Resources,Kerala,1164.04,1610.85,100.0,74.0,32.48,1
PRJ-0995,,Road Transport,Maharashtra,1413.5,311.62,54.87,8.0,0.54,1
PRJ-0996,,Railways,Punjab,636.38,197.67,74.42,14.0,-25.4,1
PRJ-0997,,Petroleum & Natural Gas,Uttar Pradesh,1012.14,285.29,46.76,0.0,-19.8,0
PRJ-0998,,Power,Uttar Pradesh,165.81,122.4,39.83,18.0,110.29,1
PRJ-0999,,Coal,Gujarat,1422.22,517.41,98.49,34.0,-14.92,1
PRJ-1000,,Urban Affairs,Madhya Pradesh,1677.59,1679.6,96.46,50.0,6.48,1
PRJ-1001,,Water Resources,Punjab,560.43,258.38,24.72,0.0,-12.25,0
PRJ-1002,,Road Transport,Odisha,532.73,308.84,92.52,14.0,24.19,1
PRJ-1003,,Railways,Bihar,2252.67,1512.08,93.47,19.0,11.54,1
PRJ-1004,,Petroleum & Natural Gas,Punjab,625.49,201.5,74.7,14.0,-24.6,1
PRJ-1005,,Power,Tamil Nadu,1627.41,466.69,99.7,34.0,-10.2,1
PRJ-1006,,Coal,Kerala,539.18,309.69,95.3,14.0,17.12,1
PRJ-1007,,Urban Affairs,Punjab,161.72,124.81,39.93,18.0,113.89,1
PRJ-1008,,Water Resources,Haryana,796.84,206.5,5.55,0.0,-3.22,0
PRJ-1009,,Road Transport,Maharashtra,246.92,33.56,19.24,0.0,-99.96,0
PRJ-1010,,Railways,Uttar Pradesh,665.34,542.29,95.53,4.0,-3.54,0
PRJ-1011,,Petroleum & Natural Gas,Punjab,1815.96,1392.16,99.39,26.0,31.26,1
PRJ-1012,,Power,Madhya Pradesh,1184.25,321.18,25.17,0.0,6.56,0
PRJ-1013,,Coal,Karnataka,159.69,122.9,38.53,18.0,110.59,1
PRJ-1014,,Urban Affairs,Uttar Pradesh,1024.02,298.05,45.8,0.0,-16.43,0
PRJ-1015,,Water Resources,Uttar Pradesh,1007.61,291.4,45.02,0.0,-13.93,0
PRJ-1016,,Road Transport,Punjab,1645.05,1300.12,83.67,11.0,15.23,1
PRJ-1017,,Railways,Karnataka,1984.78,1739.03,100.0,26.0,33.69,1
PRJ-1018,,Petroleum & Natural Gas,Kerala,960.94,358.38,53.6,18.0,-21.88,1
PRJ-1019,,Power,Karnataka,1805.36,1410.55,77.88,27.0,-0.88,1
PRJ-1020,,Coal,Punjab,1520.06,721.85,80.14,19.0,-23.15,1
PRJ-1021,,Urban Affairs,Haryana,960.08,253.74,14.25,0.0,-9.49,0
PRJ-1022,,Water Resources,Uttar Pradesh,2077.32,1532.61,90.67,19.0,24.67,1
PRJ-1023,,Road Transport,Gujarat,309.04,161.09,98.36,20.0,-0.01,1
PRJ-1024,,Railways,Karnataka,1528.48,865.21,100.0,15.0,-0.76,1
PRJ-1025,,Petroleum & Natural Gas,Haryana,2801.29,1780.08,72.42,22.0,27.0,1
PRJ-1026,,Power,Uttar Pradesh,681.02,565.72,96.04,4.0,2.43,0
PRJ-1027,,Coal,Bihar,1639.31,1604.52,100.0,72.0,1.63,1
PRJ-1028,,Urban Affairs,Andhra Pradesh,506.82,328.38,92.46,14.0,25.09,1
PRJ-1029,,Water Resources,Karnataka,1723.8,1451.38,79.21,27.0,8.93,1
PRJ-1030,,Road Transport,Haryana,3037.09,1669.32,75.14,22.0,20.06,1
PRJ-1031,,Railways,Punjab,1734.66,1438.12,96.72,26.0,36.17,1
PRJ-1032,,Petroleum & Natural Gas,Haryana,1432.63,455.65,42.52,19.0,3.6,1
PRJ-1033,,Power,Haryana,948.68,256.29,11.61,0.0,-9.42,0
PRJ-1034,,Coal,Uttar Pradesh,1712.23,1492.42,98.07,72.0,-8.01,1
PRJ-1035,,Urban Affairs,Kerala,1126.4,1560.36,100.0,74.0,44.61,1
PRJ-1036,,Water Resources,Karnataka,1727.59,1402.15,80.67,27.0,1.49,1
PRJ-1037,,Road Transport,Punjab,3096.4,1807.82,83.98,25.0,21.08,1
PRJ-1038,,Railways,Odisha,1605.6,1553.16,100.0,72.0,0.6,1
PRJ-1039,,Petroleum & Natural Gas,Haryana,964.39,256.67,13.78,0.0,-7.93,0
PRJ-1040,,Power,Andhra Pradesh,1404.94,524.86,96.81,34.0,-20.86,1
PRJ-1041,,Coal,Maharashtra,1347.34,291.54,52.15,8.0,3.27,1
PRJ-1042,,Urban Affairs,Punjab,1433.44,733.83,81.51,19.0,-19.87,1
PRJ-1043,,Water Resources,Punjab,814.5,522.31,100.0,20.0,-30.52,1
PRJ-1044,,Road Transport,Haryana,1373.09,527.74,100.0,34.0,-16.9,1
PRJ-1045,,Railways,Kerala,1231.57,1534.18,100.0,74.0,29.2,1
PRJ-1046,,Petroleum & Natural Gas,Uttar Pradesh,1470.09,461.76,43.71,19.0,-3.13,1
PRJ-1047,,Power,Gujarat,1096.95,311.88,21.7,0.0,14.53,0
PRJ-1048,,Coal,Madhya Pradesh,1701.9,1635.07,96.99,50.0,9.31,1
PRJ-1049,,Urban Affairs,Karnataka,1709.9,1562.66,100.0,72.0,-7.84,1
PRJ-1050,,Water Resources,Maharashtra,1429.0,1157.63,84.1,25.0,-26.78,1
PRJ-1051,,Road Transport,Punjab,1674.6,1417.01,98.98,26.0,33.94,1
PRJ-1052,,Railways,Punjab,629.55,210.03,76.74,14.0,-30.04,1
PRJ-1053,,Petroleum & Natural Gas,Tamil Nadu,829.8,515.07,99.22,20.0,-30.5,1
PRJ-1054,,Power,Kerala,3013.46,1567.05,86.14,50.0,-3.42,1
PRJ-1055,,Coal,Maharashtra,1009.46,807.41,73.99,9.0,12.38,1
PRJ-1056,,Urban Affairs,Karnataka,1508.01,846.8,98.84,15.0,-8.0,1
PRJ-1057,,Water Resources,Kerala,1129.88,1587.02,99.36,74.0,34.35,1
PRJ-1058,,Road Transport,Uttar Pradesh,674.33,563.42,96.96,4.0,2.13,0
PRJ-1059,,Railways,Gujarat,194.61,100.16,48.2,56.0,6.92,1
PRJ-1060,,Petroleum & Natural Gas,Punjab,1604.15,1306.42,84.99,11.0,13.84,1
PRJ-1061,,Power,Karnataka,1707.39,1402.64,79.84,27.0,4.99,1
PRJ-1062,,Coal,Odisha,1202.21,293.39,23.16,0.0,9.11,0
PRJ-1063,,Urban Affairs,Bihar,230.4,33.02,22.0,0.0,-99.96,0
PRJ-1064,,Water Resources,Karnataka,1805.69,1513.47,79.99,27.0,-2.34,1
PRJ-1065,,Road Transport,Tamil Nadu,952.66,378.16,53.68,18.0,-27.45,1
PRJ-1066,,Railways,Kerala,900.16,352.99,55.23,18.0,-21.8,1
PRJ-1067,,Petroleum & Natural Gas,Haryana,923.51,237.06,13.56,0.0,1.69,0
PRJ-1068,,Power,Karnataka,1673.36,1479.48,77.54,27.0,12.11,1
PRJ-1069,,Coal,Maharashtra,1118.99,302.45,22.99,0.0,15.26,1
PRJ-1070,,Urban Affairs,Haryana,2854.29,1688.81,75.91,22.0,17.94,1
PRJ-1071,,Water Resources,Gujarat,1661.45,1517.92,99.12,72.0,-5.21,1
PRJ-1072,,Road Transport,Madhya Pradesh,547.79,322.14,92.94,14.0,23.64,1
PRJ-1073,,Railways,Karnataka,1777.17,1451.0,77.22,27.0,1.24,1
PRJ-1074,,Petroleum & Natural Gas,Odisha,828.78,501.77,97.63,20.0,-35.46,1
PRJ-1075,,Power,Uttar Pradesh,964.51,291.37,46.26,0.0,-11.37,0
PRJ-1076,,Coal,Andhra Pradesh,1606.88,475.0,99.6,34.0,-13.54,1
PRJ-1077,,Urban Affairs,Tamil Nadu,2065.09,1580.9,92.22,19.0,31.85,1
PRJ-1078,,Water Resources,Haryana,968.55,246.08,12.32,0.0,-2.75,0
PRJ-1079,,Road Transport,Punjab,2891.23,1536.55,86.58,50.0,4.78,1
PRJ-1080,,Railways,Maharashtra,1446.03,1179.95,85.46,25.0,-27.02,1
PRJ-1081,,Petroleum & Natural Gas,Karnataka,1492.72,838.23,98.92,15.0,-6.95,1
PRJ-1082,,Power,Uttar Pradesh,3000.03,1569.2,85.3,50.0,-5.45,1
PRJ-1083,,Coal,Gujarat,229.18,34.05,19.8,0.0,-99.95,0
PRJ-1084,,Urban Affairs,Haryana,421.62,197.56,88.55,26.0,-30.84,1
PRJ-1085,,Water Resources,Karnataka,155.75,123.2,37.8,18.0,112.27,1
PRJ-1086,,Road Transport,Odisha,1704.27,1696.14,97.39,50.0,4.91,1
PRJ-1087,,Railways,Karnataka,976.39,466.92,89.78,19.0,4.11,1
PRJ-1088,,Petroleum & Natural Gas,Andhra Pradesh,260.69,0.0,43.76,9.0,-6.99,1
PRJ-1089,,Power,Haryana,1604.26,863.43,77.38,21.0,-25.09,1
PRJ-1090,,Coal,Haryana,1583.04,852.19,78.41,21.0,-20.79,1
PRJ-1091,,Urban Affairs,Punjab,1430.64,752.55,81.17,19.0,-19.03,1
PRJ-1092,,Water Resources,Punjab,1786.64,1425.16,97.87,26.0,29.72,1
PRJ-1093,,Road Transport,Maharashtra,161.1,125.66,38.81,18.0,106.01,1
PRJ-1094,,Railways,Uttar Pradesh,259.62,0.0,46.21,9.0,-1.12,1
PRJ-1095,,Petroleum & Natural Gas,Kerala,1239.03,1551.84,100.0,74.0,28.02,1
PRJ-1096,,Power,Punjab,591.48,268.11,28.05,0.0,-22.09,0
PRJ-1097,,Coal,Punjab,1777.28,1411.74,100.0,26.0,32.46,1
PRJ-1098,,Urban Affairs,Punjab,593.19,201.1,74.32,14.0,-21.86,1
PRJ-1099,,Water Resources,Uttar Pradesh,659.65,543.29,96.09,4.0,0.29,0
PRJ-1100,,Road Transport,Punjab,553.53,268.71,27.54,0.0,-13.95,0
PRJ-1101,,Railways,Tamil Nadu,513.44,307.8,92.3,14.0,32.79,1
PRJ-1102,,Petroleum & Natural Gas,Punjab,587.63,206.46,76.95,14.0,-19.71,1
PRJ-1103,,Power,Punjab,547.61,255.6,26.0,0.0,-10.75,0
PRJ-1104,,Coal,Haryana,211.07,101.65,46.47,56.0,-2.94,1
PRJ-1105,,Urban Affairs,Maharashtra,1570.09,456.93,96.78,34.0,-12.29,1
PRJ-1106,,Water Resources,Uttar Pradesh,1522.21,456.84,42.52,19.0,-5.9,1
PRJ-1107,,Road Transport,Gujarat,2172.41,1468.99,91.88,19.0,14.64,1
PRJ-1108,,Railways,Maharashtra,754.01,336.71,62.57,7.0,-12.69,1
PRJ-1109,,Petroleum & Natural Gas,Karnataka,981.39,380.16,53.7,18.0,-23.35,1
PRJ-1110,,Power,Haryana,941.36,240.57,13.02,0.0,-2.92,0
PRJ-1111,,Coal,Haryana,417.18,201.13,89.35,26.0,-30.06,1
PRJ-1112,,Urban Affairs,Karnataka,975.47,457.34,93.09,19.0,1.8,1
PRJ-1113,,Water Resources,Tamil Nadu,258.1,0.0,45.65,9.0,-3.06,1
PRJ-1114,,Road Transport,Karnataka,1218.82,771.49,89.9,19.0,1.92,1
PRJ-1115,,Railways,Punjab,246.16,0.0,44.75,9.0,3.78,1
PRJ-1116,,Petroleum & Natural Gas,Karnataka,1299.68,747.74,89.01,19.0,-5.08,1
PRJ-1117,,Power,Maharashtra,228.56,32.25,20.96,0.0,-99.96,0
PRJ-1118,,Coal,Maharashtra,1419.8,288.59,52.01,8.0,-5.95,1
PRJ-1119,,Urban Affairs,Gujarat,304.35,153.13,98.7,20.0,-0.78,1
PRJ-1120,,Water Resources,Karnataka,1978.08,1760.58,99.37,26.0,39.62,1
PRJ-1121,,Road Transport,Haryana,983.06,254.8,13.85,0.0,-7.17,0
PRJ-1122,,Railways,Maharashtra,994.22,800.89,74.28,9.0,16.28,1
PRJ-1123,,Petroleum & Natural Gas,Bihar,1665.25,1575.75,96.71,50.0,10.04,1
PRJ-1124,,Power,Haryana,2790.0,1752.36,73.99,22.0,24.49,1
PRJ-1125,,Coal,Tamil Nadu,2098.53,1523.24,91.0,19.0,26.77,1
PRJ-1126,,Urban Affairs,Kerala,970.78,385.65,53.64,18.0,-29.7,1
PRJ-1127,,Water Resources,Karnataka,1568.98,801.73,100.0,15.0,-5.41,1
PRJ-1128,,Road Transport,Kerala,1235.0,1598.89,100.0,74.0,26.51,1
PRJ-1129,,Railways,Karnataka,949.73,448.21,91.81,19.0,13.26,1
PRJ-1130,,Petroleum & Natural Gas,Uttar Pradesh,2978.98,1630.65,85.35,50.0,-0.23,1
PRJ-1131,,Power,Gujarat,1156.79,323.21,22.48,0.0,16.06,1
PRJ-1132,,Coal,Punjab,1771.96,1362.01,97.09,26.0,33.0,1
PRJ-1133,,Urban Affairs,Haryana,1583.04,844.38,78.11,21.0,-22.72,1
PRJ-1134,,Water Resources,Punjab,1563.47,1314.16,86.13,11.0,16.86,1
PRJ-1135,,Road Transport,Bihar,1726.84,1683.57,96.13,50.0,4.03,1
PRJ-1136,,Railways,Andhra Pradesh,194.87,106.2,47.03,56.0,5.47,1
PRJ-1137,,Petroleum & Natural Gas,Tamil Nadu,1622.18,1649.24,99.87,119.0,-1.44,1
PRJ-1138,,Power,Haryana,415.33,195.08,88.61,26.0,-27.06,1
PRJ-1139,,Coal,Karnataka,1463.34,821.59,97.76,15.0,2.4,1
PRJ-1140,,Urban Affairs,Uttar Pradesh,654.77,584.94,96.46,4.0,-2.77,0
PRJ-1141,,Water Resources,Maharashtra,1520.0,446.61,98.32,34.0,-2.38,1
PRJ-1142,,Road Transport,Uttar Pradesh,1413.58,453.62,43.34,19.0,4.5,1
PRJ-1143,,Railways,Haryana,1618.34,793.02,77.39,21.0,-21.61,1
PRJ-1144,,Petroleum & Natural Gas,Madhya Pradesh,257.94,0.0,44.45,9.0,0.49,1
PRJ-1145,,Power,Punjab,1817.26,1398.45,99.5,26.0,27.59,1
PRJ-1146,,Coal,Uttar Pradesh,1003.94,301.39,44.88,0.0,-15.53,0
PRJ-1147,,Urban Affairs,Bihar,1345.26,542.84,96.6,34.0,-11.62,1
PRJ-1148,,Water Resources,Andhra Pradesh,743.33,209.14,5.57,0.0,10.01,0
PRJ-1149,,Road Transport,Tamil Nadu,253.09,0.0,43.67,9.0,4.55,1
PRJ-1150,,Railways,Punjab,1511.45,694.83,79.7,19.0,-22.3,1
PRJ-1151,,Petroleum & Natural Gas,Karnataka,931.28,471.69,92.06,19.0,11.66,1
PRJ-1152,,Power,Haryana,1568.89,1718.13,99.2,119.0,4.63,1
PRJ-1153,,Coal,Uttar Pradesh,692.31,551.58,95.74,4.0,-2.56,0
PRJ-1154,,Urban Affairs,Uttar Pradesh,1625.78,446.26,99.63,34.0,-16.05,1
PRJ-1155,,Water Resources,Gujarat,289.48,159.69,100.0,20.0,1.54,1
PRJ-1156,,Road Transport,Madhya Pradesh,1476.18,454.44,44.86,19.0,2.99,1
PRJ-1157,,Railways,Punjab,1615.28,1286.77,85.12,11.0,16.01,1
PRJ-1158,,Petroleum & Natural Gas,Odisha,1703.15,1642.38,98.36,50.0,5.78,1
PRJ-1159,,Power,Bihar,2080.27,1605.6,90.1,19.0,26.57,1
PRJ-1160,,Coal,Andhra Pradesh,523.96,332.79,94.72,14.0,19.42,1
PRJ-1161,,Urban Affairs,Karnataka,2020.95,1643.38,98.2,26.0,27.78,1
PRJ-1162,,Water Resources,Karnataka,1813.63,1475.45,80.04,27.0,-3.23,1
PRJ-1163,,Road Transport,Haryana,422.66,199.48,90.1,26.0,-33.94,1
PRJ-1164,,Railways,Haryana,748.01,199.39,6.98,0.0,1.46,0
PRJ-1165,,Petroleum & Natural Gas,Uttar Pradesh,978.99,290.88,43.47,0.0,-9.4,0
PRJ-1166,,Power,Uttar Pradesh,1696.06,1622.12,96.13,50.0,5.44,1
PRJ-1167,,Coal,Gujarat,538.05,315.61,92.91,14.0,18.11,1
PRJ-1168,,Urban Affairs,Karnataka,2065.4,1631.1,100.0,26.0,23.87,1
PRJ-1169,,Water Resources,Karnataka,157.87,128.11,37.86,18.0,109.4,1
PRJ-1170,,Road Transport,Punjab,1686.02,1453.62,100.0,26.0,29.73,1
PRJ-1171,,Railways,Maharashtra,986.78,803.78,72.24,9.0,23.83,1
PRJ-1172,,Petroleum & Natural Gas,Andhra Pradesh,531.87,316.96,96.0,14.0,23.87,1
PRJ-1173,,Power,Tamil Nadu,162.91,126.1,39.99,18.0,112.13,1
PRJ-1174,,Coal,Haryana,951.12,243.1,10.52,0.0,-2.27,0
PRJ-1175,,Urban Affairs,Karnataka,1920.03,1780.08,100.0,26.0,46.45,1
PRJ-1176,,Water Resources,Haryana,2157.58,1559.65,90.78,19.0,20.64,1
PRJ-1177,,Road Transport,Punjab,1446.03,737.91,81.43,19.0,-20.05,1
PRJ-1178,,Railways,Uttar Pradesh,796.45,529.14,97.51,20.0,-32.08,1
PRJ-1179,,Petroleum & Natural Gas,Maharashtra,767.49,324.94,65.22,7.0,-14.63,1
PRJ-1180,,Power,Madhya Pradesh,2767.34,1661.01,83.7,50.0,7.3,1
PRJ-1181,,Coal,Punjab,608.41,211.28,75.94,14.0,-28.19,1
PRJ-1182,,Urban Affairs,Odisha,299.62,158.98,100.0,20.0,-1.59,1
PRJ-1183,,Water Resources,Bihar,804.0,194.54,6.59,0.0,-4.41,0
PRJ-1184,,Road Transport,Andhra Pradesh,1140.12,307.13,23.17,0.0,12.47,0
PRJ-1185,,Railways,Tamil Nadu,1310.08,524.03,97.87,34.0,-7.47,1
PRJ-1186,,Petroleum & Natural Gas,Punjab,568.93,254.12,25.26,0.0,-17.89,0
PRJ-1187,,Power,Karnataka,935.82,439.22,90.02,19.0,13.71,1
PRJ-1188,,Coal,Haryana,2887.76,1568.4,86.55,50.0,-2.89,1
PRJ-1189,,Urban Affairs,Maharashtra,195.41,106.74,48.39,56.0,6.6,1
PRJ-1190,,Water Resources,Uttar Pradesh,264.06,0.0,45.89,9.0,-1.1,1
PRJ-1191,,Road Transport,Gujarat,1524.48,455.55,42.73,19.0,-6.23,1
PRJ-1192,,Railways,Punjab,1781.93,1395.61,98.01,26.0,31.03,1
PRJ-1193,,Petroleum & Natural Gas,Karnataka,289.0,162.07,100.0,20.0,7.25,1
PRJ-1194,,Power,Punjab,1727.54,1502.23,99.63,26.0,26.02,1
PRJ-1195,,Coal,Bihar,227.53,33.0,21.69,0.0,-99.96,0
PRJ-1196,,Urban Affairs,Haryana,1546.82,830.61,77.15,21.0,-21.8,1
PRJ-1197,,Water Resources,Maharashtra,1011.61,789.26,74.32,9.0,13.05,1
PRJ-1198,,Road Transport,Haryana,893.71,238.51,12.34,0.0,2.85,0
PRJ-1199,,Railways,Punjab,258.44,0.0,45.55,9.0,-7.05,1
PRJ-1200,,Petroleum & Natural Gas,Uttar Pradesh,965.1,292.35,45.74,0.0,-9.01,0
PRJ-1201,,Power,Punjab,1804.63,1488.23,98.03,26.0,20.97,1
PRJ-1202,,Coal,Punjab,1608.27,1283.88,85.95,11.0,21.43,1
PRJ-1203,,Urban Affairs,Gujarat,259.63,0.0,45.98,9.0,-0.07,1
PRJ-1204,,Water Resources,Punjab,1493.92,714.64,77.77,19.0,-21.76,1
PRJ-1205,,Road Transport,Uttar Pradesh,656.96,551.93,96.1,4.0,2.57,0
PRJ-1206,,Railways,Odisha,1693.11,1583.15,98.4,72.0,-3.59,1
PRJ-1207,,Petroleum & Natural Gas,Karnataka,946.65,458.46,93.23,19.0,6.03,1
PRJ-1208,,Power,Andhra Pradesh,308.28,159.08,100.0,20.0,-1.62,1
PRJ-1209,,Coal,Karnataka,1477.64,855.44,98.62,15.0,-3.66,1
PRJ-1210,,Urban Affairs,Haryana,404.43,199.57,90.22,26.0,-28.48,1
PRJ-1211,,Water Resources,Punjab,813.37,509.35,98.46,20.0,-29.92,1
PRJ-1212,,Road Transport,Haryana,157.74,125.8,41.45,18.0,120.75,1
PRJ-1213,,Railways,Haryana,396.87,191.31,88.46,26.0,-23.96,1
PRJ-1214,,Petroleum & Natural Gas,Uttar Pradesh,1527.37,1624.9,99.1,119.0,7.36,1
PRJ-1215,,Power,Gujarat,524.35,320.43,94.76,14.0,30.06,1
PRJ-1216,,Coal,Karnataka,1250.22,797.01,90.58,19.0,-0.76,1
PRJ-1217,,Urban Affairs,Maharashtra,962.62,788.91,71.98,9.0,25.11,1
PRJ-1218,,Water Resources,Odisha,808.38,199.36,5.95,0.0,-3.05,0
PRJ-1219,,Road Transport,Karnataka,1497.65,842.83,99.7,15.0,-1.07,1
PRJ-1220,,Railways,Andhra Pradesh,2842.96,1639.42,83.69,50.0,-1.76,1
PRJ-1221,,Petroleum & Natural Gas,Maharashtra,1350.76,1132.35,86.18,25.0,-22.03,1
PRJ-1222,,Power,Kerala,516.84,309.1,95.95,14.0,26.62,1
PRJ-1223,,Coal,Punjab,2109.65,1592.43,92.72,19.0,29.69,1
PRJ-1224,,Urban Affairs,Haryana,506.77,335.56,94.55,14.0,24.74,1
PRJ-1225,,Water Resources,Maharashtra,1550.34,463.27,96.89,34.0,-11.55,1
PRJ-1226,,Road Transport,Karnataka,1571.42,835.97,100.0,15.0,-10.52,1
PRJ-1227,,Railways,Gujarat,2113.17,1525.47,91.95,19.0,28.82,1
PRJ-1228,,Petroleum & Natural Gas,Madhya Pradesh,548.03,308.77,96.13,14.0,25.07,1
PRJ-1229,,Power,Karnataka,2258.49,1571.81,91.85,19.0,13.71,1
PRJ-1230,,Coal,Karnataka,1319.95,801.78,91.35,19.0,-5.34,1
PRJ-1231,,Urban Affairs,Bihar,257.96,0.0,42.91,9.0,1.89,1
PRJ-1232,,Water Resources,Andhra Pradesh,828.53,510.27,98.52,20.0,-34.84,1
PRJ-1233,,Road Transport,Uttar Pradesh,1008.21,284.57,44.23,0.0,-18.37,0
PRJ-1234,,Railways,Kerala,205.22,99.28,48.51,56.0,-0.57,1
PRJ-1235,,Petroleum & Natural Gas,Maharashtra,1329.04,310.74,54.02,8.0,1.2,1
PRJ-1236,,Power,Haryana,983.86,246.62,12.91,0.0,-9.09,0
PRJ-1237,,Coal,Maharashtra,249.24,32.61,19.09,0.0,-99.96,0
PRJ-1238,,Urban Affairs,Uttar Pradesh,1340.6,515.06,97.73,34.0,-14.39,1
PRJ-1239,,Water Resources,Gujarat,1647.85,470.88,98.53,34.0,-17.62,1
PRJ-1240,,Road Transport,Maharashtra,997.45,830.34,75.61,9.0,16.51,1
PRJ-1241,,Railways,Karnataka,1389.36,544.06,98.71,34.0,-17.05,1
PRJ-1242,,Petroleum & Natural Gas,Odisha,509.21,331.52,96.2,14.0,28.76,1
PRJ-1243,,Power,Haryana,427.38,197.06,86.93,26.0,-31.38,1
PRJ-1244,,Coal,Maharashtra,1359.03,306.56,54.33,8.0,3.85,1
PRJ-1245,,Urban Affairs,Punjab,554.16,252.34,26.14,0.0,-10.15,0
PRJ-1246,,Water Resources,Karnataka,1816.07,1467.87,78.55,27.0,-1.28,1
PRJ-1247,,Road Transport,Punjab,627.06,199.19,75.61,14.0,-30.05,1
PRJ-1248,,Railways,Haryana,766.71,496.9,98.01,20.0,-25.74,1
PRJ-1249,,Petroleum & Natural Gas,Karnataka,1887.65,1697.89,100.0,26.0,45.81,1
PRJ-1250,,Power,Uttar Pradesh,207.33,102.79,48.24,56.0,-1.61,1
PRJ-1251,,Coal,Gujarat,834.43,501.24,100.0,20.0,-30.75,1
PRJ-1252,,Urban Affairs,Punjab,630.36,194.28,74.33,14.0,-30.35,1
PRJ-1253,,Water Resources,Punjab,563.19,254.19,26.72,0.0,-18.26,0
PRJ-1254,,Road Transport,Kerala,1127.82,1556.05,98.31,74.0,36.58,1
PRJ-1255,,Railways,Bihar,1185.25,295.53,24.24,0.0,7.77,0
PRJ-1256,,Petroleum & Natural Gas,Andhra Pradesh,2117.7,1593.31,93.15,19.0,21.09,1
PRJ-1257,,Power,Maharashtra,1396.17,288.11,53.63,8.0,2.42,1
PRJ-1258,,Coal,Kerala,498.99,315.71,94.19,14.0,31.97,1
PRJ-1259,,Urban Affairs,Karnataka,1012.97,446.49,91.48,19.0,-0.4,1
PRJ-1260,,Water Resources,Haryana,1188.56,313.86,25.04,0.0,11.64,0
PRJ-1261,,Road Transport,Maharashtra,2201.77,1586.77,91.62,19.0,21.05,1
PRJ-1262,,Railways,Haryana,393.93,189.91,88.29,26.0,-28.94,1
PRJ-1263,,Petroleum & Natural Gas,Maharashtra,756.04,346.53,64.09,7.0,-13.27,1
PRJ-1264,,Power,Karnataka,940.2,470.68,89.94,19.0,8.88,1
PRJ-1265,,Coal,Punjab,591.73,250.72,24.68,0.0,-21.48,0
PRJ-1266,,Urban Affairs,Punjab,598.83,264.55,24.63,0.0,-20.13,0
PRJ-1267,,Water Resources,Punjab,626.06,193.95,73.48,14.0,-25.56,1
PRJ-1268,,Road Transport,Andhra Pradesh,240.88,34.42,18.67,0.0,-99.96,0
PRJ-1269,,Railways,Karnataka,1786.72,1500.42,80.38,27.0,4.95,1
PRJ-1270,,Petroleum & Natural Gas,Kerala,1666.88,1677.39,95.77,50.0,3.11,1
PRJ-1271,,Power,Punjab,542.68,334.12,93.64,14.0,26.48,1
PRJ-1272,,Coal,Punjab,3152.12,1793.89,83.62,25.0,20.94,1
PRJ-1273,,Urban Affairs,Haryana,393.22,189.84,87.77,26.0,-25.51,1
PRJ-1274,,Water Resources,Uttar Pradesh,1208.09,315.84,21.25,0.0,5.61,0
PRJ-1275,,Road Transport,Haryana,1620.14,854.79,79.0,21.0,-20.12,1
PRJ-1276,,Railways,Madhya Pradesh,287.89,149.06,100.0,20.0,5.04,1
PRJ-1277,,Petroleum & Natural Gas,Uttar Pradesh,660.86,554.28,98.45,4.0,0.91,0
PRJ-1278,,Power,Karnataka,1443.28,809.71,100.0,15.0,-2.95,1
PRJ-1279,,Coal,Karnataka,1267.94,750.9,89.14,19.0,-8.32,1
PRJ-1280,,Urban Affairs,Karnataka,1255.31,778.32,92.04,19.0,-0.64,1
PRJ-1281,,Water Resources,Tamil Nadu,786.4,209.89,4.4,0.0,-2.62,0
PRJ-1282,,Road Transport,Haryana,425.81,208.3,88.37,26.0,-29.68,1
PRJ-1283,,Railways,Punjab,1828.73,1375.35,98.45,26.0,24.63,1
PRJ-1284,,Petroleum & Natural Gas,Haryana,903.41,251.67,14.41,0.0,-0.99,0
PRJ-1285,,Power,Punjab,2911.52,1745.23,83.98,25.0,33.41,1
PRJ-1286,,Coal,Uttar Pradesh,958.91,295.19,44.03,0.0,-8.72,0
PRJ-1287,,Urban Affairs,Gujarat,300.03,159.82,100.0,20.0,1.61,1
PRJ-1288,,Water Resources,Kerala,1178.26,1520.06,99.94,74.0,34.89,1
PRJ-1289,,Road Transport,Maharashtra,1322.41,288.91,53.27,8.0,5.65,1
PRJ-1290,,Railways,Odisha,792.22,194.57,3.85,0.0,-4.88,0
PRJ-1291,,Petroleum & Natural Gas,Haryana,409.56,193.14,89.32,26.0,-32.4,1
PRJ-1292,,Power,Karnataka,1447.65,806.38,97.82,15.0,1.91,1
PRJ-1293,,Coal,Tamil Nadu,961.17,358.83,54.49,18.0,-23.17,1
PRJ-1294,,Urban Affairs,Kerala,1471.9,470.9,43.04,19.0,0.38,1
PRJ-1295,,Water Resources,Punjab,636.9,201.84,76.71,14.0,-32.0,1
PRJ-1296,,Road Transport,Uttar Pradesh,662.59,556.24,95.54,4.0,4.05,0
PRJ-1297,,Railways,Maharashtra,1569.23,1657.65,100.0,119.0,3.54,1
PRJ-1298,,Petroleum & Natural Gas,Uttar Pradesh,1460.99,451.69,43.94,19.0,-1.19,1
PRJ-1299,,Power,Gujarat,256.61,0.0,44.75,9.0,-0.15,1
PRJ-1300,,Coal,Madhya Pradesh,801.61,485.13,98.34,20.0,-32.54,1
PRJ-1301,,Urban Affairs,Karnataka,311.25,152.87,100.0,20.0,-3.38,1
PRJ-1302,,Water Resources,Karnataka,1433.96,809.06,98.98,15.0,2.56,1
PRJ-1303,,Road Transport,Bihar,283.19,152.69,98.39,20.0,9.07,1
PRJ-1304,,Railways,Kerala,1239.22,1466.66,98.98,74.0,25.83,1
PRJ-1305,,Petroleum & Natural Gas,Karnataka,2010.41,1768.8,98.26,26.0,34.61,1
PRJ-1306,,Power,Karnataka,1689.52,1464.83,76.85,27.0,4.66,1
PRJ-1307,,Coal,Punjab,1367.55,514.11,99.1,34.0,-11.59,1
PRJ-1308,,Urban Affairs,Haryana,283.05,156.24,99.29,20.0,3.09,1
PRJ-1309,,Water Resources,Haryana,1602.13,840.24,78.44,21.0,-25.59,1
PRJ-1310,,Road Transport,Uttar Pradesh,246.09,31.97,19.7,0.0,-99.96,0
PRJ-1311,,Railways,Gujarat,1317.8,551.36,96.62,34.0,-10.59,1
PRJ-1312,,Petroleum & Natural Gas,Madhya Pradesh,2094.31,1508.95,92.24,19.0,21.8,1
PRJ-1313,,Power,Karnataka,791.92,207.1,5.95,0.0,3.29,0
PRJ-1314,,Coal,Odisha,292.4,159.82,99.9,20.0,-2.74,1
PRJ-1315,,Urban Affairs,Bihar,1627.17,1702.64,97.67,50.0,4.28,1
PRJ-1316,,Water Resources,Karnataka,1745.48,1415.45,78.31,27.0,5.18,1
PRJ-1317,,Road Transport,Tamil Nadu,160.1,124.01,41.06,18.0,117.47,1
PRJ-1318,,Railways,Kerala,970.07,359.23,55.69,18.0,-25.47,1
PRJ-1319,,Petroleum & Natural Gas,Punjab,2832.48,1642.54,86.41,50.0,3.79,1
PRJ-1320,,Power,Haryana,1417.35,503.23,97.12,34.0,-16.13,1
PRJ-1321,,Coal,Maharashtra,2797.62,1622.85,84.2,50.0,0.03,1
PRJ-1322,,Urban Affairs,Uttar Pradesh,1346.12,548.04,98.86,34.0,-10.53,1
PRJ-1323,,Water Resources,Maharashtra,945.49,778.36,74.48,9.0,22.89,1
PRJ-1324,,Road Transport,Karnataka,1962.42,1646.72,98.98,26.0,31.36,1
PRJ-1325,,Railways,Karnataka,1750.97,1449.9,79.29,27.0,5.06,1
PRJ-1326,,Petroleum & Natural Gas,Punjab,1592.74,1199.67,86.66,11.0,16.87,1
PRJ-1327,,Power,Maharashtra,1392.5,310.83,55.17,8.0,-2.48,1
PRJ-1328,,Coal,Andhra Pradesh,1512.71,474.87,42.14,19.0,-7.07,1
PRJ-1329,,Urban Affairs,Karnataka,1821.79,1445.65,78.15,27.0,4.4,1
PRJ-1330,,Water Resources,Haryana,929.49,255.32,11.44,0.0,0.56,0
PRJ-1331,,Road Transport,Punjab,258.11,0.0,45.78,9.0,1.94,1
PRJ-1332,,Railways,Haryana,912.89,360.16,52.33,18.0,-18.38,1
PRJ-1333,,Petroleum & Natural Gas,Karnataka,1474.13,831.05,100.0,15.0,-0.3,1
PRJ-1334,,Power,Karnataka,2067.35,1632.26,98.86,26.0,26.05,1
PRJ-1335,,Coal,Maharashtra,1362.45,302.94,53.27,8.0,0.48,1
PRJ-1336,,Urban Affairs,Maharashtra,800.01,331.93,63.9,7.0,-20.75,1
PRJ-1337,,Water Resources,Karnataka,2072.86,1773.31,99.45,26.0,34.27,1
PRJ-1338,,Road Transport,Maharashtra,809.56,345.84,64.42,7.0,-22.43,1
PRJ-1339,,Railways,Punjab,1520.16,705.63,79.77,19.0,-24.0,1
PRJ-1340,,Petroleum & Natural Gas,Karnataka,1781.69,1518.05,79.44,27.0,4.7,1
PRJ-1341,,Power,Tamil Nadu,2235.06,1522.99,93.59,19.0,21.06,1
PRJ-1342,,Coal,Uttar Pradesh,1039.1,282.94,46.67,0.0,-15.11,0
PRJ-1343,,Urban Affairs,Karnataka,1940.94,1641.34,99.76,26.0,43.12,1
PRJ-1344,,Water Resources,Karnataka,1556.64,832.43,97.65,15.0,-3.87,1
PRJ-1345,,Road Transport,Haryana,969.52,246.15,12.15,0.0,-2.66,0
PRJ-1346,,Railways,Karnataka,993.19,474.16,92.77,19.0,9.08,1
PRJ-1347,,Petroleum & Natural Gas,Maharashtra,1389.58,1168.67,86.05,25.0,-24.36,1
PRJ-1348,,Power,Karnataka,1492.72,802.66,100.0,15.0,-6.98,1
PRJ-1349,,Coal,Karnataka,1634.63,455.82,99.26,34.0,-16.53,1
PRJ-1350,,Urban Affairs,Karnataka,1511.1,819.26,100.0,15.0,-7.3,1
PRJ-1351,,Water Resources,Punjab,591.16,265.31,25.46,0.0,-16.97,0
PRJ-1352,,Road Transport,Andhra Pradesh,826.41,491.1,99.66,20.0,-34.72,1
PRJ-1353,,Railways,Karnataka,1544.65,833.12,98.24,15.0,-8.49,1
PRJ-1354,,Petroleum & Natural Gas,Uttar Pradesh,695.53,544.04,99.19,4.0,-0.58,0
PRJ-1355,,Power,Punjab,1683.53,1603.68,100.0,72.0,-2.41,1
PRJ-1356,,Coal,Haryana,1126.99,294.15,23.7,0.0,21.17,1
PRJ-1357,,Urban Affairs,Maharashtra,197.51,100.77,48.56,56.0,-1.75,1
PRJ-1358,,Water Resources,Haryana,2778.78,1804.55,75.79,22.0,25.77,1
PRJ-1359,,Road Transport,Gujarat,1415.07,442.63,44.33,19.0,6.19,1
PRJ-1360,,Railways,Maharashtra,1341.68,289.15,54.74,8.0,4.55,1
PRJ-1361,,Petroleum & Natural Gas,Karnataka,196.6,104.44,45.53,56.0,6.26,1
PRJ-1362,,Power,Odisha,1546.12,1655.47,99.05,119.0,-2.16,1
PRJ-1363,,Coal,Bihar,159.07,124.44,40.13,18.0,109.77,1
PRJ-1364,,Urban Affairs,Haryana,893.18,242.5,13.27,0.0,-2.51,0
PRJ-1365,,Water Resources,Tamil Nadu,1687.65,1688.19,96.67,50.0,7.18,1
PRJ-1366,,Road Transport,Haryana,1563.07,861.38,78.98,21.0,-24.11,1
PRJ-1367,,Railways,Kerala,1239.79,1606.43,100.0,74.0,32.47,1
PRJ-1368,,Petroleum & Natural Gas,Punjab,1560.46,1243.96,87.41,11.0,22.12,1
PRJ-1369,,Power,Maharashtra,755.5,315.26,62.72,7.0,-9.28,1
PRJ-1370,,Coal,Punjab,3045.16,1840.88,82.13,25.0,27.0,1
PRJ-1371,,Urban Affairs,Karnataka,1531.26,820.17,98.76,15.0,-5.46,1
PRJ-1372,,Water Resources,Punjab,571.29,252.12,25.62,0.0,-11.66,0
PRJ-1373,,Road Transport,Karnataka,1328.82,532.34,99.37,34.0,-9.22,1
PRJ-1374,,Railways,Maharashtra,1391.06,1118.1,85.75,25.0,-23.8,1
PRJ-1375,,Petroleum & Natural Gas,Bihar,1509.98,472.89,43.51,19.0,-5.97,1
PRJ-1376,,Power,Andhra Pradesh,1517.43,447.95,96.89,34.0,-9.97,1
PRJ-1377,,Coal,Maharashtra,1341.98,1112.44,86.38,25.0,-20.76,1
PRJ-1378,,Urban Affairs,Kerala,1403.63,466.31,42.82,19.0,3.31,1
PRJ-1379,,Water Resources,Punjab,1414.18,440.68,42.28,19.0,6.32,1
PRJ-1380,,Road Transport,Haryana,1713.24,1594.54,97.68,50.0,0.12,1
PRJ-1381,,Railways,Maharashtra,1379.42,291.61,55.3,8.0,3.4,1
PRJ-1382,,Petroleum & Natural Gas,Punjab,1746.39,1419.92,97.01,26.0,31.54,1
PRJ-1383,,Power,Gujarat,1497.22,435.11,43.61,19.0,2.07,1
PRJ-1384,,Coal,Haryana,2889.78,1835.79,75.43,22.0,21.71,1
PRJ-1385,,Urban Affairs,Karnataka,499.83,326.41,94.17,14.0,30.99,1
PRJ-1386,,Water Resources,Maharashtra,1383.66,314.35,53.93,8.0,-3.58,1
PRJ-1387,,Road Transport,Bihar,1560.59,471.18,100.0,34.0,-7.17,1
PRJ-1388,,Railways,Andhra Pradesh,242.85,0.0,43.59,9.0,7.62,1
PRJ-1389,,Petroleum & Natural Gas,Punjab,1528.09,731.9,77.93,19.0,-26.17,1
PRJ-1390,,Power,Maharashtra,1343.99,1199.15,83.16,25.0,-16.93,1
PRJ-1391,,Coal,Punjab,1596.7,1613.78,98.66,50.0,14.07,1
PRJ-1392,,Urban Affairs,Haryana,504.64,317.61,95.48,14.0,30.14,1
PRJ-1393,,Water Resources,Karnataka,1828.22,1438.65,77.08,27.0,1.06,1
PRJ-1394,,Road Transport,Maharashtra,785.34,343.15,63.91,7.0,-16.11,1
PRJ-1395,,Railways,Gujarat,254.73,0.0,43.93,9.0,-5.05,1
PRJ-1396,,Petroleum & Natural Gas,Madhya Pradesh,1550.11,1613.24,99.37,119.0,0.42,1
PRJ-1397,,Power,Karnataka,2950.93,1627.36,86.72,50.0,-0.28,1
PRJ-1398,,Coal,Odisha,948.25,362.11,53.59,18.0,-24.15,1
PRJ-1399,,Urban Affairs,Bihar,780.75,517.04,98.49,20.0,-24.8,1
PRJ-1400,,Water Resources,Karnataka,1985.64,1622.23,98.31,26.0,32.28,1
PRJ-1401,,Road Transport,Punjab,1643.86,1248.0,85.36,11.0,16.0,1
PRJ-1402,,Railways,Kerala,260.09,0.0,45.53,9.0,-4.43,1
PRJ-1403,,Petroleum & Natural Gas,Punjab,585.8,196.74,73.78,14.0,-21.19,1
PRJ-1404,,Power,Uttar Pradesh,951.19,294.59,44.18,0.0,-11.73,0
PRJ-1405,,Coal,Maharashtra,2974.4,1642.37,84.37,50.0,-3.0,1
PRJ-1406,,Urban Affairs,Uttar Pradesh,1515.31,1772.49,99.04,119.0,-0.87,1
PRJ-1407,,Water Resources,Haryana,1543.92,817.1,77.15,21.0,-23.44,1
PRJ-1408,,Road Transport,Madhya Pradesh,793.48,515.69,100.0,20.0,-30.09,1
PRJ-1409,,Railways,Karnataka,1442.18,462.09,43.64,19.0,5.21,1
PRJ-1410,,Petroleum & Natural Gas,Uttar Pradesh,1026.86,278.16,43.68,0.0,-20.95,0
PRJ-1411,,Power,Punjab,621.26,193.63,74.97,14.0,-29.15,1
PRJ-1412,,Coal,Andhra Pradesh,532.39,323.8,95.41,14.0,22.67,1
PRJ-1413,,Urban Affairs,Tamil Nadu,1106.7,297.18,22.92,0.0,22.41,1
PRJ-1414,,Water Resources,Haryana,2823.17,1792.12,75.94,22.0,19.18,1
PRJ-1415,,Road Transport,Punjab,758.38,494.61,98.47,20.0,-26.53,1
PRJ-1416,,Railways,Uttar Pradesh,951.75,292.45,45.77,0.0,-15.42,0
PRJ-1417,,Petroleum & Natural Gas,Maharashtra,1001.8,813.43,73.95,9.0,21.32,1
PRJ-1418,,Power,Karnataka,1202.37,765.05,91.58,19.0,0.32,1
PRJ-1419,,Coal,Gujarat,1431.75,434.79,43.19,19.0,-1.76,1
PRJ-1420,,Urban Affairs,Madhya Pradesh,1586.7,1528.22,99.74,72.0,6.27,1
PRJ-1421,,Water Resources,Karnataka,1489.24,454.4,42.62,19.0,0.23,1
PRJ-1422,,Road Transport,Punjab,2979.49,1746.15,82.53,25.0,20.62,1
PRJ-1423,,Railways,Bihar,789.04,211.24,7.05,0.0,0.96,0
PRJ-1424,,Petroleum & Natural Gas,Andhra Pradesh,2792.81,1627.0,86.84,50.0,1.68,1
PRJ-1425,,Power,Maharashtra,807.56,341.8,64.49,7.0,-15.88,1
PRJ-1426,,Coal,Karnataka,1284.78,762.72,89.37,19.0,-9.09,1
PRJ-1427,,Urban Affairs,Punjab,3076.21,1758.95,85.58,25.0,15.72,1
PRJ-1428,,Water Resources,Karnataka,1710.65,1532.07,78.14,27.0,7.51,1
PRJ-1429,,Road Transport,Maharashtra,1368.85,1194.8,86.38,25.0,-24.72,1
PRJ-1430,,Railways,Punjab,1692.03,1210.35,84.41,11.0,10.75,1
PRJ-1431,,Petroleum & Natural Gas,Gujarat,1613.34,1516.38,99.27,72.0,-1.87,1
PRJ-1432,,Power,Punjab,1686.0,1308.84,86.91,11.0,13.62,1
PRJ-1433,,Coal,Karnataka,241.15,31.58,22.29,0.0,-99.96,0
PRJ-1434,,Urban Affairs,Odisha,3033.93,1668.95,86.13,50.0,-1.98,1
PRJ-1435,,Water Resources,Bihar,164.36,127.41,37.71,18.0,117.57,1
PRJ-1436,,Road Transport,Haryana,1502.46,801.45,78.55,21.0,-20.5,1
PRJ-1437,,Railways,Karnataka,1286.98,763.91,92.16,19.0,-2.84,1
PRJ-1438,,Petroleum & Natural Gas,Kerala,532.26,308.19,95.64,14.0,21.45,1
PRJ-1439,,Power,Punjab,1663.0,437.67,100.0,34.0,-12.57,1
PRJ-1440,,Coal,Haryana,784.01,486.62,98.78,20.0,-28.53,1
PRJ-1441,,Urban Affairs,Maharashtra,954.56,777.64,74.74,9.0,26.42,1
PRJ-1442,,Water Resources,Maharashtra,995.85,799.98,75.4,9.0,14.9,1
PRJ-1443,,Road Transport,Gujarat,3030.79,1622.35,86.77,50.0,-4.17,1
PRJ-1444,,Railways,Madhya Pradesh,1532.1,474.49,100.0,34.0,-12.11,1
PRJ-1445,,Petroleum & Natural Gas,Haryana,923.98,253.58,12.24,0.0,-3.13,0
PRJ-1446,,Power,Uttar Pradesh,1022.33,292.77,46.53,0.0,-15.85,0
PRJ-1447,,Coal,Punjab,1562.98,746.16,81.06,19.0,-24.71,1
PRJ-1448,,Urban Affairs,Karnataka,1250.57,779.37,92.17,19.0,1.19,1
PRJ-1449,,Water Resources,Karnataka,1561.1,821.79,99.62,15.0,-11.23,1
PRJ-1450,,Road Transport,Kerala,535.05,310.34,94.43,14.0,22.19,1
PRJ-1451,,Railways,Punjab,162.28,128.2,40.67,18.0,115.09,1
PRJ-1452,,Petroleum & Natural Gas,Uttar Pradesh,1023.94,276.69,45.07,0.0,-14.16,0
PRJ-1453,,Power,Uttar Pradesh,680.9,538.53,99.37,4.0,0.15,0
PRJ-1454,,Coal,Karnataka,1224.65,749.69,90.04,19.0,-0.39,1
PRJ-1455,,Urban Affairs,Punjab,2898.95,1780.93,82.63,25.0,32.9,1
PRJ-1456,,Water Resources,Karnataka,1797.07,1402.37,76.94,27.0,6.71,1
PRJ-1457,,Road Transport,Maharashtra,765.51,317.99,65.03,7.0,-13.78,1
PRJ-1458,,Railways,Haryana,2905.72,1669.62,73.44,22.0,20.83,1
PRJ-1459,,Petroleum & Natural Gas,Karnataka,2041.57,1710.22,100.0,26.0,37.77,1
PRJ-1460,,Power,Andhra Pradesh,2230.22,1509.24,92.62,19.0,14.01,1
PRJ-1461,,Coal,Tamil Nadu,256.55,0.0,43.45,9.0,0.41,1
PRJ-1462,,Urban Affairs,Karnataka,1502.2,863.71,99.33,15.0,-5.96,1
PRJ-1463,,Water Resources,Punjab,535.64,306.4,92.5,14.0,26.75,1
PRJ-1464,,Road Transport,Punjab,569.98,254.4,26.29,0.0,-15.91,0
PRJ-1465,,Railways,Maharashtra,299.0,160.92,100.0,20.0,2.19,1
PRJ-1466,,Petroleum & Natural Gas,Uttar Pradesh,1425.75,549.97,99.25,34.0,-16.93,1
PRJ-1467,,Power,Maharashtra,999.4,775.67,74.57,9.0,14.57,1
PRJ-1468,,Coal,Punjab,598.08,258.52,26.96,0.0,-19.32,0
PRJ-1469,,Urban Affairs,Karnataka,2892.04,1664.07,84.48,50.0,2.74,1
PRJ-1470,,Water Resources,Haryana,2950.36,1689.93,74.37,22.0,17.07,1
PRJ-1471,,Road Transport,Punjab,1645.4,1234.39,85.0,11.0,11.34,1
PRJ-1472,,Railways,Karnataka,1258.97,736.69,91.04,19.0,-0.4,1
PRJ-1473,,Petroleum & Natural Gas,Punjab,1556.88,708.8,78.29,19.0,-29.28,1
PRJ-1474,,Power,Kerala,1397.94,437.01,41.06,19.0,5.74,1
PRJ-1475,,Coal,Punjab,802.47,528.0,100.0,20.0,-29.75,1
PRJ-1476,,Urban Affairs,Haryana,823.29,489.04,97.84,20.0,-29.71,1
PRJ-1477,,Water Resources,Maharashtra,2975.65,1537.39,85.91,50.0,-0.92,1
PRJ-1478,,Road Transport,Haryana,967.33,244.63,11.43,0.0,-5.02,0
PRJ-1479,,Railways,Uttar Pradesh,980.46,293.61,44.69,0.0,-17.57,0
PRJ-1480,,Petroleum & Natural Gas,Maharashtra,1390.75,306.47,53.6,8.0,4.61,1
PRJ-1481,,Power,Karnataka,1768.0,1467.88,77.47,27.0,-0.46,1
PRJ-1482,,Coal,Odisha,160.52,129.06,39.63,18.0,118.73,1
PRJ-1483,,Urban Affairs,Bihar,796.86,515.71,99.42,20.0,-33.1,1
PRJ-1484,,Water Resources,Punjab,595.61,209.95,76.41,14.0,-25.96,1
PRJ-1485,,Road Transport,Tamil Nadu,295.59,156.81,99.61,20.0,3.65,1
PRJ-1486,,Railways,Punjab,1640.26,1238.8,84.22,11.0,21.17,1
PRJ-1487,,Petroleum & Natural Gas,Punjab,631.23,198.31,73.51,14.0,-29.34,1
PRJ-1488,,Power,Haryana,1560.7,799.58,80.17,21.0,-22.14,1
PRJ-1489,,Coal,Maharashtra,514.41,309.19,94.71,14.0,26.6,1
PRJ-1490,,Urban Affairs,Karnataka,1451.96,823.33,97.9,15.0,2.52,1
PRJ-1491,,Water Resources,Gujarat,519.97,315.79,95.56,14.0,24.19,1
PRJ-1492,,Road Transport,Haryana,2789.81,1773.57,73.03,22.0,21.69,1
PRJ-1493,,Railways,Karnataka,244.68,31.8,18.74,0.0,-99.96,0
PRJ-1494,,Petroleum & Natural Gas,Odisha,2915.17,1518.26,85.53,50.0,-4.85,1
PRJ-1495,,Power,Punjab,595.25,206.81,74.04,14.0,-20.14,1
PRJ-1496,,Coal,Andhra Pradesh,1684.26,1551.51,99.63,72.0,-7.27,1
PRJ-1497,,Urban Affairs,Tamil Nadu,231.58,32.65,22.44,0.0,-99.95,0
PRJ-1498,,Water Resources,Karnataka,1988.51,1768.99,99.81,26.0,33.82,1
PRJ-1499,,Road Transport,Punjab,1796.32,1449.18,99.31,26.0,32.84,1
PRJ-1500,,Railways,Punjab,2891.98,1770.69,83.99,25.0,33.77,1
PRJ-1501,,Petroleum & Natural Gas,Uttar Pradesh,699.16,543.38,98.76,4.0,-1.49,0
PRJ-1502,,Power,Karnataka,1203.44,768.85,89.88,19.0,3.67,1
PRJ-1503,,Coal,Uttar Pradesh,1016.27,295.19,46.92,0.0,-13.93,0
PRJ-1504,,Urban Affairs,Madhya Pradesh,1319.03,542.3,99.86,34.0,-11.83,1
PRJ-1505,,Water Resources,Karnataka,985.2,469.0,90.56,19.0,11.06,1
PRJ-1506,,Road Transport,Karnataka,1475.98,848.66,97.57,15.0,-1.65,1
PRJ-1507,,Railways,Punjab,579.71,257.16,27.79,0.0,-21.01,0
PRJ-1508,,Petroleum & Natural Gas,Andhra Pradesh,1546.84,1725.33,100.0,119.0,5.39,1
PRJ-1509,,Power,Tamil Nadu,2065.65,1563.47,92.1,19.0,31.23,1
PRJ-1510,,Coal,Kerala,1615.76,474.79,100.0,34.0,-13.66,1
PRJ-1511,,Urban Affairs,Kerala,1167.74,1582.59,100.0,74.0,39.29,1
PRJ-1512,,Water Resources,Haryana,2909.79,1746.79,72.97,22.0,25.02,1
PRJ-1513,,Road Transport,Punjab,625.07,207.5,73.82,14.0,-26.0,1
PRJ-1514,,Railways,Uttar Pradesh,161.85,119.98,41.46,18.0,118.01,1
PRJ-1515,,Petroleum & Natural Gas,Maharashtra,748.02,337.16,64.42,7.0,-11.89,1
PRJ-1516,,Power,Punjab,1688.92,1417.01,100.0,26.0,39.39,1
PRJ-1517,,Coal,Karnataka,252.21,0.0,45.42,9.0,-3.3,1
PRJ-1518,,Urban Affairs,Odisha,203.68,98.32,45.03,56.0,-4.97,1
PRJ-1519,,Water Resources,Maharashtra,1448.91,1200.94,85.72,25.0,-23.75,1
PRJ-1520,,Road Transport,Maharashtra,1328.51,315.02,54.08,8.0,7.52,1
PRJ-1521,,Railways,Tamil Nadu,2180.63,1599.17,89.96,19.0,21.96,1
PRJ-1522,,Petroleum & Natural Gas,Kerala,1377.46,502.81,100.0,34.0,-11.87,1
PRJ-1523,,Power,Punjab,1405.08,506.49,98.39,34.0,-18.04,1
PRJ-1524,,Coal,Haryana,1450.81,474.29,41.78,19.0,4.03,1
PRJ-1525,,Urban Affairs,Maharashtra,1428.1,294.73,52.88,8.0,-1.4,1
PRJ-1526,,Water Resources,Karnataka,931.41,437.64,92.42,19.0,12.9,1
PRJ-1527,,Road Transport,Gujarat,1420.49,510.44,97.64,34.0,-14.75,1
PRJ-1528,,Railways,Haryana,414.8,199.14,90.13,26.0,-32.76,1
PRJ-1529,,Petroleum & Natural Gas,Karnataka,306.08,160.43,98.99,20.0,1.34,1
PRJ-1530,,Power,Odisha,775.81,485.06,98.62,20.0,-28.96,1
PRJ-1531,,Coal,Karnataka,2068.94,1719.39,100.0,26.0,33.18,1
PRJ-1532,,Urban Affairs,Andhra Pradesh,1600.94,440.16,96.88,34.0,-15.22,1
PRJ-1533,,Water Resources,Karnataka,1558.23,864.05,97.76,15.0,-4.66,1
PRJ-1534,,Road Transport,Kerala,1517.68,457.25,97.16,34.0,-5.67,1
PRJ-1535,,Railways,Punjab,1500.56,715.9,77.94,19.0,-26.71,1
PRJ-1536,,Petroleum & Natural Gas,Maharashtra,942.21,818.58,71.77,9.0,27.25,1
PRJ-1537,,Power,Uttar Pradesh,663.53,566.18,95.81,4.0,-0.36,0
PRJ-1538,,Coal,Punjab,606.52,197.0,73.46,14.0,-26.38,1
PRJ-1539,,Urban Affairs,Gujarat,206.68,105.6,48.39,56.0,-1.18,1
PRJ-1540,,Water Resources,Punjab,579.19,255.73,27.08,0.0,-18.83,0
PRJ-1541,,Road Transport,Karnataka,1538.51,439.4,97.26,34.0,-11.3,1
PRJ-1542,,Railways,Odisha,295.34,159.1,99.24,20.0,5.27,1
PRJ-1543,,Petroleum & Natural Gas,Bihar,2215.35,1510.7,91.32,19.0,13.76,1
PRJ-1544,,Power,Maharashtra,821.24,335.63,62.58,7.0,-19.55,1
PRJ-1545,,Coal,Karnataka,1982.48,1760.02,99.69,26.0,39.79,1
PRJ-1546,,Urban Affairs,Kerala,1209.5,298.82,21.5,0.0,10.6,0
PRJ-1547,,Water Resources,Punjab,1173.87,322.86,23.63,0.0,14.57,0
PRJ-1548,,Road Transport,Karnataka,1006.28,451.9,90.67,19.0,4.44,1
PRJ-1549,,Railways,Karnataka,939.23,472.74,89.64,19.0,10.65,1
PRJ-1550,,Petroleum & Natural Gas,Uttar Pradesh,815.03,206.61,5.51,0.0,-2.7,0
PRJ-1551,,Power,Gujarat,1609.28,1723.89,96.98,50.0,12.69,1
PRJ-1552,,Coal,Uttar Pradesh,646.29,586.86,96.85,4.0,-0.22,0
PRJ-1553,,Urban Affairs,Haryana,403.82,192.4,88.66,26.0,-27.63,1
PRJ-1554,,Water Resources,Odisha,309.52,162.52,98.8,20.0,-5.31,1
PRJ-1555,,Road Transport,Karnataka,1219.66,780.75,90.04,19.0,3.75,1
PRJ-1556,,Railways,Andhra Pradesh,1616.97,1491.07,98.9,72.0,-2.71,1
PRJ-1557,,Petroleum & Natural Gas,Haryana,1479.76,815.78,80.25,21.0,-14.59,1
PRJ-1558,,Power,Haryana,2873.49,1748.84,73.56,22.0,17.79,1
PRJ-1559,,Coal,Maharashtra,796.97,346.18,65.99,7.0,-13.6,1
PRJ-1560,,Urban Affairs,Haryana,1409.71,507.68,100.0,34.0,-21.12,1
PRJ-1561,,Water Resources,Maharashtra,1118.89,304.15,23.63,0.0,16.46,1
PRJ-1562,,Road Transport,Karnataka,2064.48,1713.91,100.0,26.0,33.3,1
PRJ-1563,,Railways,Karnataka,1297.25,729.9,91.86,19.0,-7.69,1
PRJ-1564,,Petroleum & Natural Gas,Punjab,591.42,267.72,25.02,0.0,-14.71,0
PRJ-1565,,Power,Haryana,965.9,249.7,11.17,0.0,-3.69,0
PRJ-1566,,Coal,Uttar Pradesh,682.64,559.96,97.39,4.0,-1.04,0
PRJ-1567,,Urban Affairs,Bihar,2806.69,1597.38,84.93,50.0,5.51,1
PRJ-1568,,Water Resources,Andhra Pradesh,1467.33,463.07,44.04,19.0,1.08,1
PRJ-1569,,Road Transport,Punjab,1593.59,1252.92,84.44,11.0,24.25,1
PRJ-1570,,Railways,Kerala,1620.34,1661.02,99.39,50.0,13.6,1
PRJ-1571,,Petroleum & Natural Gas,Maharashtra,765.1,338.73,63.18,7.0,-17.38,1
PRJ-1572,,Power,Haryana,922.23,368.56,54.32,18.0,-21.55,1
PRJ-1573,,Coal,Maharashtra,1351.67,519.43,98.31,34.0,-14.58,1
PRJ-1574,,Urban Affairs,Maharashtra,1354.63,292.26,53.89,8.0,0.29,1
PRJ-1575,,Water Resources,Kerala,1228.54,1535.0,100.0,74.0,25.42,1
PRJ-1576,,Road Transport,Haryana,966.02,236.95,10.79,0.0,-2.43,0
PRJ-1577,,Railways,Punjab,1649.22,1281.0,84.5,11.0,13.58,1
PRJ-1578,,Petroleum & Natural Gas,Maharashtra,1328.34,289.38,54.73,8.0,6.76,1
PRJ-1579,,Power,Bihar,2244.86,1509.29,93.24,19.0,10.65,1
PRJ-1580,,Coal,Uttar Pradesh,1040.93,296.13,42.97,0.0,-16.04,0
PRJ-1581,,Urban Affairs,Tamil Nadu,250.34,34.28,19.41,0.0,-99.96,0
PRJ-1582,,Water Resources,Kerala,1648.18,1696.41,98.68,50.0,7.68,1
PRJ-1583,,Road Transport,Punjab,2853.56,1648.42,84.72,50.0,-2.59,1
PRJ-1584,,Railways,Maharashtra,939.94,810.42,73.23,9.0,25.67,1
PRJ-1585,,Petroleum & Natural Gas,Maharashtra,261.63,0.0,44.46,9.0,-5.48,1
PRJ-1586,,Power,Kerala,1162.2,1563.24,99.61,74.0,34.27,1
PRJ-1587,,Coal,Gujarat,2112.75,1550.58,90.08,19.0,24.72,1
PRJ-1588,,Urban Affairs,Punjab,551.55,253.39,26.7,0.0,-8.68,0
PRJ-1589,,Water Resources,Karnataka,210.73,101.01,46.3,56.0,-3.26,1
PRJ-1590,,Road Transport,Uttar Pradesh,953.02,287.96,44.24,0.0,-12.17,0
PRJ-1591,,Railways,Bihar,1610.48,445.26,99.45,34.0,-13.8,1
PRJ-1592,,Petroleum & Natural Gas,Andhra Pradesh,1487.37,1689.02,98.75,119.0,7.43,1
PRJ-1593,,Power,Haryana,426.49,193.67,88.06,26.0,-32.63,1
PRJ-1594,,Coal,Kerala,895.86,370.54,52.53,18.0,-23.45,1
PRJ-1595,,Urban Affairs,Maharashtra,957.51,775.83,73.4,9.0,30.06,1
PRJ-1596,,Water Resources,Haryana,405.09,193.68,90.38,26.0,-25.36,1
PRJ-1597,,Road Transport,Karnataka,1745.36,1455.54,79.11,27.0,6.97,1
PRJ-1598,,Railways,Karnataka,1772.64,1486.19,77.8,27.0,3.19,1
PRJ-1599,,Petroleum & Natural Gas,Punjab,1827.4,1478.37,99.12,26.0,24.15,1
PRJ-1600,,Power,Karnataka,1986.19,1763.51,99.84,26.0,40.55,1
PRJ-1601,,Coal,Karnataka,240.58,0.0,46.14,9.0,0.55,1
PRJ-1602,,Urban Affairs,Kerala,1204.78,1503.64,100.0,74.0,33.34,1
PRJ-1603,,Water Resources,Bihar,1547.13,1710.86,99.73,119.0,-1.89,1
PRJ-1604,,Road Transport,Uttar Pradesh,693.27,563.29,96.97,4.0,-6.99,0
PRJ-1605,,Railways,Punjab,1598.93,1230.47,86.01,11.0,23.54,1
PRJ-1606,,Petroleum & Natural Gas,Karnataka,1281.75,781.34,92.29,19.0,-9.06,1
PRJ-1607,,Power,Punjab,1458.14,439.46,42.35,19.0,3.54,1
PRJ-1608,,Coal,Haryana,1554.89,818.36,77.76,21.0,-17.9,1
PRJ-1609,,Urban Affairs,Maharashtra,1653.4,1578.86,98.43,50.0,6.76,1
PRJ-1610,,Water Resources,Uttar Pradesh,2865.31,1650.01,84.59,50.0,3.69,1
PRJ-1611,,Road Transport,Punjab,1698.42,1379.84,99.38,26.0,37.11,1
PRJ-1612,,Railways,Madhya Pradesh,2895.35,1601.04,83.97,50.0,-4.17,1
PRJ-1613,,Petroleum & Natural Gas,Karnataka,1531.26,476.12,97.43,34.0,-4.57,1
PRJ-1614,,Power,Punjab,615.84,195.61,76.02,14.0,-28.61,1
PRJ-1615,,Coal,Punjab,2915.44,1805.32,82.21,25.0,30.53,1
PRJ-1616,,Urban Affairs,Kerala,1143.08,1595.0,100.0,74.0,40.58,1
PRJ-1617,,Water Resources,Tamil Nadu,1619.65,474.73,99.31,34.0,-9.64,1
PRJ-1618,,Road Transport,Haryana,1537.21,788.82,77.12,21.0,-20.76,1
PRJ-1619,,Railways,Uttar Pradesh,683.7,552.44,96.35,4.0,1.57,0
PRJ-1620,,Petroleum & Natural Gas,Haryana,893.72,234.88,13.78,0.0,-3.63,0
PRJ-1621,,Power,Haryana,398.19,205.46,90.22,26.0,-24.22,1
PRJ-1622,,Coal,Punjab,3112.21,1776.07,84.86,25.0,13.71,1
PRJ-1623,,Urban Affairs,Karnataka,1509.04,815.69,99.68,15.0,-6.41,1
PRJ-1624,,Water Resources,Madhya Pradesh,1306.8,518.85,97.01,34.0,-13.59,1
PRJ-1625,,Road Transport,Uttar Pradesh,1011.85,280.4,43.8,0.0,-20.41,0
PRJ-1626,,Railways,Maharashtra,1391.3,287.26,52.18,8.0,-0.45,1
PRJ-1627,,Petroleum & Natural Gas,Karnataka,1804.28,1530.79,79.55,27.0,1.35,1
PRJ-1628,,Power,Andhra Pradesh,243.91,0.0,46.39,9.0,8.14,1
PRJ-1629,,Coal,Uttar Pradesh,677.76,570.29,96.73,4.0,2.89,0
PRJ-1630,,Urban Affairs,Karnataka,1571.42,803.96,97.58,15.0,-5.71,1
PRJ-1631,,Water Resources,Punjab,295.73,158.9,100.0,20.0,0.62,1
PRJ-1632,,Road Transport,Punjab,1695.28,1488.7,97.94,26.0,36.12,1
PRJ-1633,,Railways,Maharashtra,1393.25,503.23,97.82,34.0,-15.57,1
PRJ-1634,,Petroleum & Natural Gas,Karnataka,1223.17,774.88,89.63,19.0,-1.62,1
PRJ-1635,,Power,Gujarat,212.25,105.97,45.31,56.0,-5.19,1
PRJ-1636,,Coal,Karnataka,1521.27,842.05,100.0,15.0,-1.7,1
PRJ-1637,,Urban Affairs,Karnataka,1292.33,781.82,90.05,19.0,-8.27,1
PRJ-1638,,Water Resources,Odisha,1658.9,1676.46,96.64,50.0,11.15,1
PRJ-1639,,Road Transport,Bihar,790.63,199.07,5.41,0.0,-2.24,0
PRJ-1640,,Railways,Punjab,1666.02,1496.85,96.91,26.0,36.8,1
PRJ-1641,,Petroleum & Natural Gas,Tamil Nadu,547.53,309.34,94.45,14.0,15.56,1
PRJ-1642,,Power,Kerala,1608.83,1686.36,96.9,50.0,5.49,1
PRJ-1643,,Coal,Punjab,1125.04,300.29,22.37,0.0,13.46,0
PRJ-1644,,Urban Affairs,Haryana,1662.69,477.08,98.67,34.0,-17.39,1
PRJ-1645,,Water Resources,Maharashtra,776.37,328.48,64.02,7.0,-17.87,1
PRJ-1646,,Road Transport,Uttar Pradesh,1393.67,541.85,96.4,34.0,-13.93,1
PRJ-1647,,Railways,Uttar Pradesh,661.08,582.19,96.6,4.0,-3.47,0
PRJ-1648,,Petroleum & Natural Gas,Madhya Pradesh,2081.1,1502.79,91.8,19.0,28.37,1
PRJ-1649,,Power,Karnataka,2836.91,1590.27,84.33,50.0,2.85,1
PRJ-1650,,Coal,Odisha,772.41,482.51,100.0,20.0,-24.48,1
PRJ-1651,,Urban Affairs,Maharashtra,783.68,344.97,65.88,7.0,-12.26,1
PRJ-1652,,Water Resources,Maharashtra,775.25,346.53,62.28,7.0,-16.56,1
PRJ-1653,,Road Transport,Punjab,1722.51,1313.35,84.15,11.0,6.43,1
PRJ-1654,,Railways,Kerala,1420.4,539.64,97.71,34.0,-15.94,1
PRJ-1655,,Petroleum & Natural Gas,Punjab,1491.05,436.56,42.42,19.0,-2.63,1
PRJ-1656,,Power,Haryana,1390.32,501.9,99.57,34.0,-18.54,1
PRJ-1657,,Coal,Punjab,621.35,198.4,74.87,14.0,-25.82,1
PRJ-1658,,Urban Affairs,Uttar Pradesh,511.65,334.22,95.62,14.0,29.78,1
PRJ-1659,,Water Resources,Punjab,1675.1,1462.19,98.24,26.0,30.62,1
PRJ-1660,,Road Transport,Madhya Pradesh,311.34,161.51,100.0,20.0,-8.53,1
PRJ-1661,,Railways,Punjab,3144.4,1738.77,85.47,25.0,15.01,1
PRJ-1662,,Petroleum & Natural Gas,Uttar Pradesh,671.64,573.57,99.1,4.0,1.47,0
PRJ-1663,,Power,Haryana,902.47,254.2,13.76,0.0,0.89,0
PRJ-1664,,Coal,Maharashtra,1404.84,297.19,52.54,8.0,4.2,1
PRJ-1665,,Urban Affairs,Punjab,3140.33,1697.55,84.39,25.0,12.19,1
PRJ-1666,,Water Resources,Kerala,928.34,367.3,52.55,18.0,-24.35,1
PRJ-1667,,Road Transport,Punjab,1592.23,1637.18,100.0,119.0,-4.48,1
PRJ-1668,,Railways,Haryana,1599.06,446.62,99.75,34.0,-14.0,1
PRJ-1669,,Petroleum & Natural Gas,Maharashtra,1126.71,305.21,23.74,0.0,21.79,1
PRJ-1670,,Power,Uttar Pradesh,153.6,118.23,37.88,18.0,125.88,1
PRJ-1671,,Coal,Haryana,2855.49,1771.57,73.99,22.0,20.15,1
PRJ-1672,,Urban Affairs,Haryana,1477.98,863.37,79.76,21.0,-17.94,1
PRJ-1673,,Water Resources,Punjab,1575.48,1196.92,85.91,11.0,21.17,1
PRJ-1674,,Road Transport,Maharashtra,1429.98,295.36,53.03,8.0,-2.12,1
PRJ-1675,,Railways,Maharashtra,798.61,324.31,62.96,7.0,-18.71,1
PRJ-1676,,Petroleum & Natural Gas,Maharashtra,797.3,315.79,63.42,7.0,-18.29,1
PRJ-1677,,Power,Karnataka,1001.83,476.47,91.08,19.0,-0.96,1
PRJ-1678,,Coal,Punjab,544.24,258.56,27.98,0.0,-14.8,0
PRJ-1679,,Urban Affairs,Karnataka,1955.01,1726.06,99.9,26.0,38.78,1
PRJ-1680,,Water Resources,Maharashtra,983.56,816.83,75.5,9.0,14.71,1
PRJ-1681,,Road Transport,Karnataka,1427.24,802.13,100.0,15.0,0.69,1
PRJ-1682,,Railways,Karnataka,1526.41,839.0,100.0,15.0,-7.06,1
PRJ-1683,,Petroleum & Natural Gas,Haryana,924.93,257.76,12.4,0.0,2.02,0
PRJ-1684,,Power,Haryana,1590.62,800.6,77.67,21.0,-23.53,1
PRJ-1685,,Coal,Karnataka,971.34,377.86,51.97,18.0,-24.03,1
PRJ-1686,,Urban Affairs,Odisha,1514.86,464.66,43.07,19.0,-4.81,1
PRJ-1687,,Water Resources,Bihar,2803.51,1532.09,85.65,50.0,2.88,1
PRJ-1688,,Road Transport,Karnataka,1930.23,1774.54,100.0,26.0,34.34,1
PRJ-1689,,Railways,Haryana,1544.09,797.72,80.82,21.0,-17.84,1
PRJ-1690,,Petroleum & Natural Gas,Uttar Pradesh,683.64,545.89,97.31,4.0,-5.32,0
PRJ-1691,,Power,Haryana,2969.02,1779.99,74.05,22.0,22.37,1
PRJ-1692,,Coal,Karnataka,1008.21,471.69,91.87,19.0,8.03,1
PRJ-1693,,Urban Affairs,Karnataka,960.1,470.29,91.0,19.0,11.11,1
PRJ-1694,,Water Resources,Uttar Pradesh,1736.48,1499.9,98.89,72.0,-7.15,1
PRJ-1695,,Road Transport,Karnataka,1208.76,782.41,92.43,19.0,-3.34,1
PRJ-1696,,Railways,Haryana,2941.96,1723.75,73.6,22.0,14.07,1
PRJ-1697,,Petroleum & Natural Gas,Punjab,1708.9,1387.48,98.25,26.0,34.68,1
PRJ-1698,,Power,Odisha,1333.81,535.84,99.51,34.0,-14.02,1
PRJ-1699,,Coal,Bihar,951.45,355.3,51.88,18.0,-23.9,1
PRJ-1700,,Urban Affairs,Andhra Pradesh,2846.39,1560.95,83.88,50.0,5.1,1
PRJ-1701,,Water Resources,Tamil Nadu,2797.53,1632.68,86.4,50.0,1.41,1
PRJ-1702,,Road Transport,Punjab,1657.89,1320.68,83.99,11.0,12.7,1
PRJ-1703,,Railways,Punjab,251.65,0.0,45.28,9.0,3.51,1
PRJ-1704,,Petroleum & Natural Gas,Uttar Pradesh,636.53,540.02,98.27,4.0,7.86,0
PRJ-1705,,Power,Maharashtra,797.86,210.1,4.36,0.0,-6.35,0
PRJ-1706,,Coal,Uttar Pradesh,1504.64,471.15,44.53,19.0,-4.19,1
PRJ-1707,,Urban Affairs,Punjab,3193.5,1745.01,84.31,25.0,16.66,1
PRJ-1708,,Water Resources,Kerala,1211.56,1539.0,99.13,74.0,28.43,1
PRJ-1709,,Road Transport,Karnataka,1177.71,295.62,22.52,0.0,12.55,0
PRJ-1710,,Railways,Odisha,308.13,161.89,99.22,20.0,-7.83,1
PRJ-1711,,Petroleum & Natural Gas,Punjab,3067.51,1770.74,85.19,25.0,20.17,1
PRJ-1712,,Power,Andhra Pradesh,1605.82,1688.06,95.69,50.0,13.08,1
PRJ-1713,,Coal,Tamil Nadu,242.16,0.0,43.97,9.0,7.12,1
PRJ-1714,,Urban Affairs,Kerala,1382.68,503.05,97.74,34.0,-18.72,1
PRJ-1715,,Water Resources,Punjab,771.13,532.06,99.89,20.0,-30.63,1
PRJ-1716,,Road Transport,Haryana,295.28,158.6,98.98,20.0,-2.87,1
PRJ-1717,,Railways,Haryana,2845.0,1789.55,75.9,22.0,22.38,1
PRJ-1718,,Petroleum & Natural Gas,Uttar Pradesh,684.28,569.0,95.76,4.0,2.1,0
PRJ-1719,,Power,Gujarat,3005.58,1557.5,85.61,50.0,-2.07,1
PRJ-1720,,Coal,Maharashtra,746.04,317.93,64.57,7.0,-14.99,1
PRJ-1721,,Urban Affairs,Karnataka,232.1,34.68,20.42,0.0,-99.96,0
PRJ-1722,,Water Resources,Haryana,1599.96,824.47,79.68,21.0,-24.86,1
PRJ-1723,,Road Transport,Bihar,1330.92,517.2,99.18,34.0,-15.93,1
PRJ-1724,,Railways,Andhra Pradesh,2088.01,1466.2,92.17,19.0,29.02,1
PRJ-1725,,Petroleum & Natural Gas,Tamil Nadu,2217.07,1473.01,93.3,19.0,18.18,1
PRJ-1726,,Power,Kerala,2202.03,1482.27,92.96,19.0,22.07,1
PRJ-1727,,Coal,Haryana,2827.42,1700.31,74.3,22.0,24.51,1
PRJ-1728,,Urban Affairs,Karnataka,1443.2,815.61,98.15,15.0,-2.76,1
PRJ-1729,,Water Resources,Maharashtra,1618.76,1476.98,98.35,72.0,2.77,1
PRJ-1730,,Road Transport,Karnataka,1733.29,1447.99,80.48,27.0,5.97,1
PRJ-1731,,Railways,Punjab,1698.02,1495.72,100.0,26.0,28.24,1
PRJ-1732,,Petroleum & Natural Gas,Karnataka,1280.81,769.92,91.46,19.0,-5.39,1
PRJ-1733,,Power,Karnataka,974.57,373.78,53.88,18.0,-22.72,1
PRJ-1734,,Coal,Haryana,1579.48,787.52,77.67,21.0,-24.95,1
PRJ-1735,,Urban Affairs,Bihar,1727.98,1602.42,97.09,50.0,3.59,1
PRJ-1736,,Water Resources,Punjab,584.43,259.05,25.22,0.0,-18.19,0
PRJ-1737,,Road Transport,Punjab,3013.6,1730.25,83.3,25.0,17.91,1
PRJ-1738,,Railways,Kerala,526.42,327.21,96.23,14.0,19.5,1
PRJ-1739,,Petroleum & Natural Gas,Punjab,1179.25,312.57,23.28,0.0,12.58,0
PRJ-1740,,Power,Punjab,3019.57,1861.2,83.33,25.0,18.54,1
PRJ-1741,,Coal,Punjab,637.59,198.58,75.18,14.0,-30.54,1
PRJ-1742,,Urban Affairs,Uttar Pradesh,1643.65,1477.65,100.0,72.0,-2.97,1
PRJ-1743,,Water Resources,Maharashtra,1322.27,293.45,51.7,8.0,9.31,1
PRJ-1744,,Road Transport,Madhya Pradesh,772.69,211.32,4.34,0.0,-2.77,0
PRJ-1745,,Railways,Karnataka,1772.88,1400.2,78.1,27.0,6.31,1
PRJ-1746,,Petroleum & Natural Gas,Odisha,261.42,0.0,46.05,9.0,-3.03,1
PRJ-1747,,Power,Punjab,2988.62,1717.21,84.82,25.0,27.19,1
PRJ-1748,,Coal,Andhra Pradesh,2167.09,1525.18,92.32,19.0,25.15,1
PRJ-1749,,Urban Affairs,Maharashtra,1320.58,1117.01,83.31,25.0,-19.1,1
PRJ-1750,,Water Resources,Uttar Pradesh,670.41,582.86,97.96,4.0,-2.98,0
PRJ-1751,,Road Transport,Maharashtra,800.63,334.01,64.83,7.0,-19.69,1
PRJ-1752,,Railways,Haryana,1550.87,1685.65,99.15,119.0,-0.36,1
PRJ-1753,,Petroleum & Natural Gas,Maharashtra,1361.11,548.71,97.24,34.0,-12.73,1
PRJ-1754,,Power,Haryana,981.19,242.24,10.86,0.0,-8.73,0
PRJ-1755,,Coal,Haryana,899.41,236.83,12.8,0.0,-2.11,0
PRJ-1756,,Urban Affairs,Haryana,962.03,246.68,14.0,0.0,-5.53,0
PRJ-1757,,Water Resources,Karnataka,1382.36,507.26,98.31,34.0,-12.27,1
PRJ-1758,,Road Transport,Odisha,2198.61,1558.08,93.59,19.0,17.69,1
PRJ-1759,,Railways,Punjab,1779.16,1467.64,97.68,26.0,30.8,1
PRJ-1760,,Petroleum & Natural Gas,Andhra Pradesh,953.35,367.95,52.51,18.0,-28.18,1
PRJ-1761,,Power,Tamil Nadu,973.92,364.93,52.37,18.0,-28.72,1
PRJ-1762,,Coal,Kerala,1234.56,1516.17,99.49,74.0,26.44,1
PRJ-1763,,Urban Affairs,Haryana,2873.36,1814.8,75.48,22.0,23.49,1
PRJ-1764,,Water Resources,Haryana,2859.37,1715.21,72.09,22.0,21.7,1
PRJ-1765,,Road Transport,Maharashtra,249.52,0.0,46.3,9.0,5.35,1
PRJ-1766,,Railways,Uttar Pradesh,246.43,32.95,20.97,0.0,-99.96,0
PRJ-1767,,Petroleum & Natural Gas,Gujarat,1406.09,454.95,42.07,19.0,-0.54,1
PRJ-1768,,Power,Haryana,1477.3,799.86,78.52,21.0,-12.66,1
PRJ-1769,,Coal,Haryana,1543.46,828.18,80.69,21.0,-21.97,1
PRJ-1770,,Urban Affairs,Maharashtra,931.64,777.96,74.36,9.0,27.27,1
PRJ-1771,,Water Resources,Bihar,779.89,199.94,7.21,0.0,-0.97,0
PRJ-1772,,Road Transport,Andhra Pradesh,2223.12,1530.71,93.31,19.0,12.91,1
PRJ-1773,,Railways,Punjab,2934.4,1686.19,85.13,25.0,29.48,1
PRJ-1774,,Petroleum & Natural Gas,Kerala,1109.54,296.74,22.91,0.0,16.34,1
PRJ-1775,,Power,Karnataka,1011.04,445.62,91.39,19.0,-0.24,1
PRJ-1776,,Coal,Maharashtra,1318.5,300.12,54.04,8.0,6.33,1
PRJ-1777,,Urban Affairs,Punjab,561.34,267.61,26.19,0.0,-11.88,0
PRJ-1778,,Water Resources,Uttar Pradesh,641.37,575.83,95.9,4.0,8.58,0
PRJ-1779,,Road Transport,Kerala,1181.12,1494.29,100.0,74.0,36.76,1
PRJ-1780,,Railways,Karnataka,965.22,436.85,91.39,19.0,9.22,1
PRJ-1781,,Petroleum & Natural Gas,Karnataka,1258.97,744.76,89.29,19.0,-0.69,1
PRJ-1782,,Power,Odisha,231.19,31.8,19.55,0.0,-99.96,0
PRJ-1783,,Coal,Karnataka,2014.02,1694.63,100.0,26.0,32.2,1
PRJ-1784,,Urban Affairs,Haryana,1585.47,799.45,81.07,21.0,-21.65,1
PRJ-1785,,Water Resources,Tamil Nadu,301.08,149.26,99.61,20.0,-4.74,1
PRJ-1786,,Road Transport,Maharashtra,1437.97,298.04,53.78,8.0,1.79,1
PRJ-1787,,Railways,Haryana,973.39,247.48,13.3,0.0,-8.25,0
PRJ-1788,,Petroleum & Natural Gas,Haryana,760.42,193.8,5.35,0.0,2.1,0
PRJ-1789,,Power,Punjab,1462.53,708.59,78.96,19.0,-25.0,1
PRJ-1790,,Coal,Maharashtra,943.56,780.07,71.73,9.0,30.79,1
PRJ-1791,,Urban Affairs,Karnataka,1456.53,874.62,97.91,15.0,-0.21,1
PRJ-1792,,Water Resources,Madhya Pradesh,1521.73,1662.93,98.45,119.0,2.97,1
PRJ-1793,,Road Transport,Punjab,1773.73,1378.95,98.14,26.0,32.08,1
PRJ-1794,,Railways,Maharashtra,803.4,333.88,62.95,7.0,-17.18,1
PRJ-1795,,Petroleum & Natural Gas,Maharashtra,1331.0,311.88,51.83,8.0,4.22,1
PRJ-1796,,Power,Andhra Pradesh,194.68,106.33,47.39,56.0,4.85,1
PRJ-1797,,Coal,Tamil Nadu,1119.04,295.66,25.0,0.0,17.25,1
PRJ-1798,,Urban Affairs,Kerala,157.34,129.46,38.35,18.0,122.45,1
PRJ-1799,,Water Resources,Punjab,500.61,321.38,93.26,14.0,27.26,1
PRJ-1800,,Road Transport,Haryana,1737.95,1533.05,100.0,72.0,-2.96,1
PRJ-1801,,Railways,Maharashtra,1299.59,549.11,98.34,34.0,-11.28,1
PRJ-1802,,Petroleum & Natural Gas,Punjab,589.03,212.75,74.21,14.0,-24.61,1
PRJ-1803,,Power,Gujarat,241.12,0.0,45.72,9.0,9.54,1
PRJ-1804,,Coal,Madhya Pradesh,1498.36,478.3,41.54,19.0,1.82,1
PRJ-1805,,Urban Affairs,Karnataka,235.9,32.74,19.59,0.0,-99.96,0
PRJ-1806,,Water Resources,Odisha,1482.93,1706.53,98.04,119.0,6.51,1
PRJ-1807,,Road Transport,Bihar,237.6,33.15,19.71,0.0,-99.96,0
PRJ-1808,,Railways,Andhra Pradesh,766.25,194.97,4.54,0.0,-0.28,0
PRJ-1809,,Petroleum & Natural Gas,Tamil Nadu,2099.51,1485.98,93.48,19.0,18.69,1
PRJ-1810,,Power,Punjab,558.22,261.44,25.18,0.0,-11.17,0
PRJ-1811,,Coal,Punjab,1658.12,1624.09,98.07,50.0,1.53,1
PRJ-1812,,Urban Affairs,Maharashtra,770.59,343.11,63.06,7.0,-10.59,1
PRJ-1813,,Water Resources,Punjab,566.1,253.25,24.41,0.0,-13.93,0
PRJ-1814,,Road Transport,Punjab,1798.28,1498.51,97.41,26.0,23.28,1
PRJ-1815,,Railways,Punjab,611.6,208.9,76.17,14.0,-22.16,1
PRJ-1816,,Petroleum & Natural Gas,Haryana,1588.81,862.58,78.13,21.0,-20.36,1
PRJ-1817,,Power,Karnataka,203.39,99.27,45.85,56.0,2.65,1
PRJ-1818,,Coal,Odisha,301.11,153.53,99.78,20.0,2.25,1
PRJ-1819,,Urban Affairs,Bihar,1340.47,505.01,97.05,34.0,-9.79,1
PRJ-1820,,Water Resources,Andhra Pradesh,1609.64,1702.73,100.0,119.0,-5.73,1
PRJ-1821,,Road Transport,Tamil Nadu,1583.42,1633.95,98.71,119.0,-5.7,1
PRJ-1822,,Railways,Uttar Pradesh,1015.17,278.4,44.63,0.0,-19.2,0
PRJ-1823,,Petroleum & Natural Gas,Punjab,3018.41,1529.62,85.11,50.0,0.59,1
PRJ-1824,,Power,Punjab,1759.85,1363.26,100.0,26.0,28.03,1
PRJ-1825,,Coal,Punjab,1581.28,1229.7,87.25,11.0,23.71,1
PRJ-1826,,Urban Affairs,Uttar Pradesh,192.52,106.79,45.2,56.0,10.02,1
PRJ-1827,,Water Resources,Karnataka,1006.35,442.87,92.51,19.0,-0.56,1
PRJ-1828,,Road Transport,Madhya Pradesh,1638.51,459.42,97.73,34.0,-15.25,1
PRJ-1829,,Railways,Karnataka,2197.35,1482.12,93.25,19.0,20.4,1
PRJ-1830,,Petroleum & Natural Gas,Haryana,1561.15,857.69,78.76,21.0,-23.61,1
PRJ-1831,,Power,Punjab,1813.65,1421.46,97.29,26.0,19.78,1
PRJ-1832,,Coal,Karnataka,1226.18,755.22,92.22,19.0,3.14,1
PRJ-1833,,Urban Affairs,Haryana,2918.3,1708.14,75.91,22.0,25.31,1
PRJ-1834,,Water Resources,Karnataka,1242.75,734.87,92.37,19.0,-0.82,1
PRJ-1835,,Road Transport,Haryana,976.32,238.91,12.62,0.0,-6.45,0
PRJ-1836,,Railways,Haryana,195.91,106.13,47.52,56.0,2.52,1
PRJ-1837,,Petroleum & Natural Gas,Maharashtra,164.93,118.53,41.2,18.0,104.39,1
PRJ-1838,,Power,Maharashtra,818.3,337.4,62.31,7.0,-16.9,1
PRJ-1839,,Coal,Punjab,1804.87,1471.67,97.29,26.0,32.42,1
PRJ-1840,,Urban Affairs,Madhya Pradesh,518.8,328.9,94.16,14.0,29.5,1
PRJ-1841,,Water Resources,Haryana,393.79,204.06,87.48,26.0,-26.73,1
PRJ-1842,,Road Transport,Karnataka,1573.93,830.64,98.79,15.0,-10.34,1
PRJ-1843,,Railways,Bihar,1355.77,531.76,98.87,34.0,-10.21,1
PRJ-1844,,Petroleum & Natural Gas,Punjab,588.6,251.22,25.85,0.0,-16.87,0
PRJ-1845,,Power,Tamil Nadu,1476.89,458.41,41.8,19.0,-0.46,1
PRJ-1846,,Coal,Haryana,946.77,248.78,13.27,0.0,-5.27,0
PRJ-1847,,Urban Affairs,Punjab,798.07,192.61,7.62,0.0,-4.59,0
PRJ-1848,,Water Resources,Punjab,600.94,195.8,73.49,14.0,-24.59,1
PRJ-1849,,Road Transport,Kerala,1164.69,1577.49,98.56,74.0,39.79,1
PRJ-1850,,Railways,Uttar Pradesh,2796.58,1668.5,86.65,50.0,7.35,1
PRJ-1851,,Petroleum & Natural Gas,Karnataka,1923.77,1741.04,98.47,26.0,35.55,1
PRJ-1852,,Power,Madhya Pradesh,518.11,334.64,93.74,14.0,20.86,1
PRJ-1853,,Coal,Haryana,1579.5,853.64,80.58,21.0,-24.73,1
PRJ-1854,,Urban Affairs,Punjab,587.8,198.07,73.1,14.0,-25.48,1
PRJ-1855,,Water Resources,Maharashtra,934.14,825.33,74.72,9.0,23.05,1
PRJ-1856,,Road Transport,Karnataka,1752.03,1451.04,79.28,27.0,6.7,1
PRJ-1857,,Railways,Punjab,1704.72,1486.47,96.83,26.0,29.2,1
PRJ-1858,,Petroleum & Natural Gas,Kerala,1560.9,1747.2,100.0,119.0,-4.45,1
PRJ-1859,,Power,Punjab,2915.47,1660.1,85.01,50.0,2.74,1
PRJ-1860,,Coal,Haryana,776.21,212.28,5.73,0.0,-2.69,0
PRJ-1861,,Urban Affairs,Punjab,585.23,246.32,25.75,0.0,-18.48,0
PRJ-1862,,Water Resources,Uttar Pradesh,1676.55,1570.64,99.76,72.0,-7.32,1
PRJ-1863,,Road Transport,Uttar Pradesh,1029.11,297.45,45.51,0.0,-20.48,0
PRJ-1864,,Railways,Madhya Pradesh,1127.93,303.79,24.35,0.0,12.33,0
PRJ-1865,,Petroleum & Natural Gas,Karnataka,926.18,461.36,89.73,19.0,10.27,1
PRJ-1866,,Power,Odisha,192.46,98.93,45.58,56.0,9.45,1
PRJ-1867,,Coal,Punjab,1599.03,1267.78,83.68,11.0,14.18,1
PRJ-1868,,Urban Affairs,Andhra Pradesh,760.46,530.2,97.32,20.0,-27.72,1
PRJ-1869,,Water Resources,Kerala,1210.85,1534.76,99.26,74.0,35.88,1
PRJ-1870,,Road Transport,Uttar Pradesh,1018.99,294.54,43.31,0.0,-12.97,0
PRJ-1871,,Railways,Maharashtra,1006.43,805.89,74.83,9.0,18.0,1
PRJ-1872,,Petroleum & Natural Gas,Punjab,614.63,205.01,76.46,14.0,-26.95,1
PRJ-1873,,Power,Karnataka,1218.03,731.85,91.18,19.0,1.86,1
PRJ-1874,,Coal,Uttar Pradesh,812.25,205.82,6.72,0.0,-0.74,0
PRJ-1875,,Urban Affairs,Punjab,3194.22,1861.17,84.03,25.0,16.1,1
PRJ-1876,,Water Resources,Madhya Pradesh,976.39,380.4,53.2,18.0,-27.68,1
PRJ-1877,,Road Transport,Maharashtra,794.03,315.22,64.85,7.0,-13.28,1
PRJ-1878,,Railways,Uttar Pradesh,648.54,565.43,99.23,4.0,7.78,0
PRJ-1879,,Petroleum & Natural Gas,Bihar,255.42,0.0,43.03,9.0,-1.29,1
PRJ-1880,,Power,Karnataka,1765.55,1500.29,77.05,27.0,8.43,1
PRJ-1881,,Coal,Haryana,1547.19,808.9,77.37,21.0,-22.38,1
PRJ-1882,,Urban Affairs,Kerala,248.75,0.0,45.55,9.0,-2.78,1
PRJ-1883,,Water Resources,Maharashtra,1456.21,1187.3,84.57,25.0,-23.23,1
PRJ-1884,,Road Transport,Punjab,596.47,257.47,25.63,0.0,-15.4,0
PRJ-1885,,Railways,Karnataka,1248.25,795.9,89.2,19.0,1.1,1
PRJ-1886,,Petroleum & Natural Gas,Maharashtra,785.33,324.26,62.33,7.0,-14.97,1
PRJ-1887,,Power,Maharashtra,968.63,835.97,74.46,9.0,19.66,1
PRJ-1888,,Coal,Madhya Pradesh,167.48,127.01,40.34,18.0,95.32,1
PRJ-1889,,Urban Affairs,Karnataka,1577.48,1508.73,98.48,72.0,6.48,1
PRJ-1890,,Water Resources,Uttar Pradesh,1031.76,299.49,45.6,0.0,-20.21,0
PRJ-1891,,Road Transport,Kerala,1177.09,1596.14,99.86,74.0,35.55,1
PRJ-1892,,Railways,Haryana,909.14,258.2,12.09,0.0,-4.47,0
PRJ-1893,,Petroleum & Natural Gas,Tamil Nadu,1317.49,516.78,100.0,34.0,-13.28,1
PRJ-1894,,Power,Kerala,1428.91,439.14,42.7,19.0,5.44,1
PRJ-1895,,Coal,Punjab,2081.73,1561.77,91.23,19.0,25.11,1
PRJ-1896,,Urban Affairs,Punjab,1721.74,1203.86,86.73,11.0,13.67,1
PRJ-1897,,Water Resources,Maharashtra,1423.31,511.21,96.41,34.0,-20.67,1
PRJ-1898,,Road Transport,Uttar Pradesh,1327.05,504.48,96.6,34.0,-11.22,1
PRJ-1899,,Railways,Uttar Pradesh,954.82,287.29,44.6,0.0,-8.01,0
PRJ-1900,,Petroleum & Natural Gas,Madhya Pradesh,1680.43,1703.77,96.02,50.0,2.91,1
PRJ-1901,,Power,Karnataka,1336.85,508.74,97.72,34.0,-10.84,1
PRJ-1902,,Coal,Maharashtra,966.27,828.58,75.59,9.0,23.3,1
PRJ-1903,,Urban Affairs,Bihar,1338.57,520.56,96.36,34.0,-11.48,1
PRJ-1904,,Water Resources,Andhra Pradesh,196.26,102.92,45.35,56.0,5.4,1
PRJ-1905,,Road Transport,Karnataka,1426.87,876.75,99.51,15.0,6.2,1
PRJ-1906,,Railways,Karnataka,1441.78,832.43,99.59,15.0,5.84,1
PRJ-1907,,Petroleum & Natural Gas,Punjab,1826.9,1483.05,99.24,26.0,30.39,1
PRJ-1908,,Power,Haryana,285.28,162.58,99.68,20.0,1.26,1
PRJ-1909,,Coal,Maharashtra,2215.11,1496.45,90.79,19.0,19.12,1
PRJ-1910,,Urban Affairs,Uttar Pradesh,1208.95,293.06,24.49,0.0,9.96,0
PRJ-1911,,Water Resources,Punjab,597.25,209.73,73.55,14.0,-25.4,1
PRJ-1912,,Road Transport,Madhya Pradesh,1493.1,452.67,42.29,19.0,-1.9,1
PRJ-1913,,Railways,Karnataka,2139.96,1514.88,93.66,19.0,27.86,1
PRJ-1914,,Petroleum & Natural Gas,Odisha,2879.0,1608.44,85.17,50.0,-2.53,1
PRJ-1915,,Power,Uttar Pradesh,651.59,569.54,97.94,4.0,3.83,0
PRJ-1916,,Coal,Andhra Pradesh,166.85,118.47,37.89,18.0,113.48,1
PRJ-1917,,Urban Affairs,Haryana,1490.43,861.49,77.51,21.0,-20.71,1
PRJ-1918,,Water Resources,Kerala,166.68,122.73,39.86,18.0,97.14,1
PRJ-1919,,Road Transport,Punjab,1669.19,1222.68,86.61,11.0,18.13,1
PRJ-1920,,Railways,Haryana,1639.39,1536.3,98.35,72.0,-4.04,1
PRJ-1921,,Petroleum & Natural Gas,Maharashtra,2874.52,1625.8,85.96,50.0,4.11,1
PRJ-1922,,Power,Punjab,1818.44,1432.97,97.77,26.0,28.98,1
PRJ-1923,,Coal,Maharashtra,1361.95,1204.21,85.49,25.0,-18.51,1
PRJ-1924,,Urban Affairs,Punjab,1811.57,1362.52,97.31,26.0,24.84,1
PRJ-1925,,Water Resources,Maharashtra,811.08,338.39,63.27,7.0,-18.53,1
PRJ-1926,,Road Transport,Punjab,3183.79,1728.05,85.49,25.0,22.2,1
PRJ-1927,,Railways,Bihar,1167.91,294.21,24.96,0.0,11.75,0
PRJ-1928,,Petroleum & Natural Gas,Andhra Pradesh,1307.9,551.53,97.01,34.0,-9.91,1
PRJ-1929,,Power,Karnataka,1502.32,806.65,100.0,15.0,-3.59,1
PRJ-1930,,Coal,Kerala,229.55,32.71,21.55,0.0,-99.96,0
PRJ-1931,,Urban Affairs,Maharashtra,1435.55,1136.31,83.17,25.0,-28.22,1
PRJ-1932,,Water Resources,Punjab,605.51,205.15,73.16,14.0,-24.0,1
PRJ-1933,,Road Transport,Maharashtra,2246.63,1522.06,92.92,19.0,11.38,1
PRJ-1934,,Railways,Punjab,598.96,264.93,24.93,0.0,-18.47,0
PRJ-1935,,Petroleum & Natural Gas,Gujarat,766.3,197.53,6.76,0.0,2.43,0
PRJ-1936,,Power,Uttar Pradesh,683.92,546.86,99.14,4.0,-1.08,0
PRJ-1937,,Coal,Punjab,617.75,195.19,74.89,14.0,-25.87,1
PRJ-1938,,Urban Affairs,Odisha,194.72,99.69,45.49,56.0,0.2,1
PRJ-1939,,Water Resources,Haryana,409.4,206.29,88.46,26.0,-29.99,1
PRJ-1940,,Road Transport,Andhra Pradesh,1514.66,456.14,43.38,19.0,-3.71,1
PRJ-1941,,Railways,Tamil Nadu,1683.36,1618.51,99.28,50.0,3.95,1
PRJ-1942,,Petroleum & Natural Gas,Punjab,2946.55,1716.85,83.87,25.0,19.67,1
PRJ-1943,,Power,Punjab,209.54,100.51,46.16,56.0,-7.12,1
PRJ-1944,,Coal,Haryana,161.45,123.69,38.56,18.0,101.52,1
PRJ-1945,,Urban Affairs,Haryana,2830.98,1672.75,74.13,22.0,17.34,1
PRJ-1946,,Water Resources,Uttar Pradesh,509.66,332.52,92.37,14.0,27.23,1
PRJ-1947,,Road Transport,Punjab,555.33,269.11,25.25,0.0,-11.25,0
PRJ-1948,,Railways,Madhya Pradesh,772.69,518.24,99.9,20.0,-30.48,1
PRJ-1949,,Petroleum & Natural Gas,Karnataka,2970.87,1595.34,84.6,50.0,-2.43,1
PRJ-1950,,Power,Odisha,1125.64,318.68,24.1,0.0,13.65,0
PRJ-1951,,Coal,Uttar Pradesh,956.93,291.22,43.58,0.0,-8.93,0
PRJ-1952,,Urban Affairs,Andhra Pradesh,1727.38,1712.39,97.34,50.0,2.45,1
PRJ-1953,,Water Resources,Maharashtra,1414.05,303.47,53.03,8.0,0.47,1
PRJ-1954,,Road Transport,Kerala,248.49,0.0,44.26,9.0,5.53,1
PRJ-1955,,Railways,Punjab,1716.86,1247.6,85.92,11.0,8.21,1
PRJ-1956,,Petroleum & Natural Gas,Haryana,922.29,358.01,53.13,18.0,-25.86,1
PRJ-1957,,Power,Maharashtra,1538.19,1717.49,99.49,119.0,-2.4,1
PRJ-1958,,Coal,Karnataka,1443.09,799.2,98.83,15.0,-0.83,1
PRJ-1959,,Urban Affairs,Gujarat,2919.33,1550.72,83.26,50.0,-2.44,1
PRJ-1960,,Water Resources,Karnataka,1273.57,733.69,89.79,19.0,-4.07,1
PRJ-1961,,Road Transport,Karnataka,211.39,103.87,47.07,56.0,-1.33,1
PRJ-1962,,Railways,Maharashtra,985.68,830.96,72.52,9.0,19.66,1
PRJ-1963,,Petroleum & Natural Gas,Punjab,1536.88,760.01,79.24,19.0,-26.95,1
PRJ-1964,,Power,Haryana,2906.9,1772.54,73.03,22.0,21.13,1
PRJ-1965,,Coal,Punjab,596.22,210.49,77.0,14.0,-22.7,1
PRJ-1966,,Urban Affairs,Kerala,2837.24,1577.83,86.58,50.0,5.7,1
PRJ-1967,,Water Resources,Punjab,892.98,353.93,52.22,18.0,-18.49,1
PRJ-1968,,Road Transport,Maharashtra,989.66,826.15,73.33,9.0,17.26,1
PRJ-1969,,Railways,Maharashtra,1704.68,1471.19,99.04,72.0,-4.88,1
PRJ-1970,,Petroleum & Natural Gas,Uttar Pradesh,2897.84,1658.72,86.37,50.0,1.48,1
PRJ-1971,,Power,Gujarat,153.5,127.44,38.09,18.0,116.84,1
PRJ-1972,,Coal,Karnataka,1553.93,817.3,97.86,15.0,-4.1,1
PRJ-1973,,Urban Affairs,Maharashtra,809.15,314.06,64.75,7.0,-18.19,1
PRJ-1974,,Water Resources,Punjab,1455.87,696.29,81.35,19.0,-20.68,1
PRJ-1975,,Road Transport,Haryana,399.96,205.36,88.42,26.0,-25.97,1
PRJ-1976,,Railways,Punjab,3173.35,1706.43,82.88,25.0,17.82,1
PRJ-1977,,Petroleum & Natural Gas,Tamil Nadu,537.81,334.67,93.9,14.0,26.96,1
PRJ-1978,,Power,Kerala,1615.12,448.44,98.66,34.0,-12.14,1
PRJ-1979,,Coal,Punjab,1541.27,467.3,41.78,19.0,-6.25,1
PRJ-1980,,Urban Affairs,Maharashtra,1425.67,1139.86,86.14,25.0,-23.59,1
PRJ-1981,,Water Resources,Karnataka,2012.66,1649.1,98.31,26.0,36.36,1
PRJ-1982,,Road Transport,Maharashtra,217.59,0.0,90.2,46.0,5.13,1
PRJ-1983,,Railways,Uttar Pradesh,480.72,0.0,3.91,0.0,-26.79,0
PRJ-1984,,Petroleum & Natural Gas,Gujarat,732.42,428.07,89.98,6.0,4.42,0
PRJ-1985,,Power,Madhya Pradesh,795.97,65.16,23.02,0.0,-3.51,0
PRJ-1986,,Coal,Karnataka,199.67,0.0,91.39,3.0,-6.16,0
PRJ-1987,,Urban Affairs,Odisha,580.41,75.56,14.37,2.0,-7.47,0
PRJ-1988,,Water Resources,Bihar,577.85,373.68,85.98,31.0,-4.34,1
PRJ-1989,,Road Transport,Andhra Pradesh,172.55,2.63,5.69,0.0,4.14,0
PRJ-1990,,Railways,Tamil Nadu,185.63,0.0,90.46,3.0,9.26,0
PRJ-1991,,Petroleum & Natural Gas,Kerala,490.56,377.33,95.22,36.0,0.28,1
PRJ-1992,,Power,Punjab,574.32,258.25,80.6,9.0,0.91,1
PRJ-1993,,Coal,Haryana,320.71,251.19,95.68,28.0,0.91,1
PRJ-1994,,Urban Affairs,Maharashtra,196.2,0.0,90.27,3.0,3.28,0
PRJ-1995,,Water Resources,Uttar Pradesh,185.27,0.0,100.0,39.0,-1.49,1
PRJ-1996,,Road Transport,Gujarat,266.18,0.0,97.12,48.0,0.98,1
PRJ-1997,,Railways,Madhya Pradesh,315.27,191.56,100.0,34.0,-2.6,1
PRJ-1998,,Petroleum & Natural Gas,Karnataka,318.04,241.78,85.35,31.0,-1.72,1
PRJ-1999,,Power,Odisha,481.18,346.6,93.82,36.0,3.09,1
PRJ-2000,,Coal,Bihar,480.58,313.78,97.02,16.0,8.17,1
PRJ-2001,,Urban Affairs,Andhra Pradesh,308.7,220.6,86.15,31.0,-3.14,1
PRJ-2002,,Water Resources,Tamil Nadu,158.01,129.48,23.07,4.0,8.5,0
PRJ-2003,,Road Transport,Kerala,493.27,380.79,94.33,36.0,-2.84,1
PRJ-2004,,Railways,Punjab,169.46,2.6,2.55,0.0,5.54,0
PRJ-2005,,Petroleum & Natural Gas,Haryana,325.8,228.82,87.6,31.0,-0.82,1
PRJ-2006,,Power,Maharashtra,558.37,255.67,81.32,9.0,5.44,1
PRJ-2007,,Coal,Uttar Pradesh,297.4,231.56,85.31,31.0,4.83,1
PRJ-2008,,Urban Affairs,Gujarat,319.66,238.43,86.2,31.0,-4.68,1
PRJ-2009,,Water Resources,Madhya Pradesh,506.85,367.87,96.49,36.0,-4.37,1
PRJ-2010,,Road Transport,Karnataka,363.05,186.54,85.36,47.0,3.11,1
PRJ-2011,,Railways,Odisha,250.48,160.2,100.0,45.0,-1.26,1
PRJ-2012,,Petroleum & Natural Gas,Bihar,463.68,551.75,85.63,36.0,3.48,1
PRJ-2013,,Power,Andhra Pradesh,204.42,0.0,22.68,0.0,-3.77,0
PRJ-2014,,Coal,Tamil Nadu,654.75,487.83,85.32,40.0,3.55,1
PRJ-2015,,Urban Affairs,Kerala,398.49,338.51,91.7,25.0,1.22,1
PRJ-2016,,Water Resources,Punjab,172.41,129.01,25.12,4.0,-4.31,0
PRJ-2017,,Road Transport,Haryana,248.21,0.0,96.39,48.0,3.82,1
PRJ-2018,,Railways,Maharashtra,196.2,0.0,92.46,3.0,-4.19,0
PRJ-2019,,Petroleum & Natural Gas,Uttar Pradesh,580.19,74.25,15.19,2.0,-2.94,0
PRJ-2020,,Power,Gujarat,592.02,395.1,85.25,31.0,1.12,1
PRJ-2021,,Coal,Madhya Pradesh,686.36,0.0,42.63,0.0,2.85,0
PRJ-2022,,Urban Affairs,Karnataka,824.6,67.57,24.11,0.0,-1.87,0
PRJ-2023,,Water Resources,Odisha,225.24,205.07,99.45,40.0,-0.73,1
PRJ-2024,,Road Transport,Bihar,599.58,242.51,79.82,9.0,-5.22,1
PRJ-2025,,Railways,Andhra Pradesh,232.06,173.37,76.49,43.0,0.65,1
PRJ-2026,,Petroleum & Natural Gas,Tamil Nadu,230.38,0.0,90.55,46.0,-4.51,1
PRJ-2027,,Power,Kerala,506.98,0.0,0.99,0.0,-31.74,0
PRJ-2028,,Coal,Punjab,579.79,364.15,85.41,31.0,1.03,1
PRJ-2029,,Urban Affairs,Haryana,231.47,199.37,100.0,40.0,-2.84,1
PRJ-2030,,Water Resources,Maharashtra,190.12,0.0,90.97,3.0,2.08,0
PRJ-2031,,Road Transport,Uttar Pradesh,656.33,508.58,85.22,40.0,4.53,1
PRJ-2032,,Railways,Gujarat,570.19,366.76,85.6,31.0,-2.93,1
PRJ-2033,,Petroleum & Natural Gas,Madhya Pradesh,181.92,2.5,6.44,0.0,-2.51,0
PRJ-2034,,Power,Karnataka,554.23,75.79,14.47,2.0,0.45,0
PRJ-2035,,Coal,Odisha,221.95,0.0,89.95,46.0,4.38,1
PRJ-2036,,Urban Affairs,Bihar,476.61,543.48,87.25,36.0,1.91,1
PRJ-2037,,Water Resources,Andhra Pradesh,418.4,333.56,88.62,25.0,-6.14,1
PRJ-2038,,Road Transport,Tamil Nadu,229.67,143.55,100.0,45.0,-3.19,1
PRJ-2039,,Railways,Kerala,481.88,316.21,96.91,16.0,5.01,1
PRJ-2040,,Petroleum & Natural Gas,Punjab,293.61,189.45,98.0,34.0,3.15,1
PRJ-2041,,Power,Haryana,195.8,0.0,21.62,0.0,3.65,0
PRJ-2042,,Coal,Maharashtra,505.81,312.25,94.77,16.0,4.01,1
PRJ-2043,,Urban Affairs,Uttar Pradesh,232.92,180.34,75.63,43.0,-6.61,1
PRJ-2044,,Water Resources,Gujarat,233.39,145.39,100.0,45.0,-3.63,1
PRJ-2045,,Road Transport,Madhya Pradesh,430.08,332.01,89.56,25.0,-6.95,1
PRJ-2046,,Railways,Karnataka,243.52,0.0,95.29,48.0,6.78,1
PRJ-2047,,Petroleum & Natural Gas,Odisha,420.16,339.79,89.12,25.0,1.45,1
PRJ-2048,,Power,Bihar,745.27,425.61,90.62,6.0,-0.22,0
PRJ-2049,,Coal,Andhra Pradesh,194.44,0.0,21.4,0.0,3.52,0
PRJ-2050,,Urban Affairs,Tamil Nadu,411.11,338.25,88.71,25.0,4.09,1
PRJ-2051,,Water Resources,Kerala,172.87,120.01,22.12,4.0,-4.64,0
PRJ-2052,,Road Transport,Punjab,317.61,237.93,98.71,28.0,-6.0,1
PRJ-2053,,Railways,Haryana,676.76,509.59,82.76,40.0,-5.32,1
PRJ-2054,,Petroleum & Natural Gas,Maharashtra,499.24,308.34,96.74,16.0,-3.47,1
PRJ-2055,,Power,Uttar Pradesh,559.81,193.11,23.22,0.0,-2.65,0
PRJ-2056,,Coal,Gujarat,353.83,186.92,88.69,47.0,-0.55,1
PRJ-2057,,Urban Affairs,Madhya Pradesh,247.4,0.0,95.51,48.0,6.54,1
PRJ-2058,,Water Resources,Karnataka,408.94,347.51,88.19,25.0,4.81,1
PRJ-2059,,Road Transport,Odisha,542.3,69.93,12.24,2.0,6.05,0
PRJ-2060,,Railways,Bihar,252.54,157.7,98.94,45.0,-1.3,1
PRJ-2061,,Petroleum & Natural Gas,Andhra Pradesh,229.3,153.54,99.17,45.0,-2.02,1
PRJ-2062,,Power,Tamil Nadu,573.23,257.43,78.25,9.0,3.9,1
PRJ-2063,,Coal,Kerala,158.46,122.42,23.79,4.0,1.45,0
PRJ-2064,,Urban Affairs,Punjab,263.34,0.0,98.56,48.0,-1.75,1
PRJ-2065,,Water Resources,Haryana,506.17,0.0,2.72,0.0,-27.84,0
PRJ-2066,,Road Transport,Maharashtra,681.76,527.69,84.01,40.0,2.18,1
PRJ-2067,,Railways,Uttar Pradesh,660.71,523.81,83.63,40.0,5.38,1
PRJ-2068,,Petroleum & Natural Gas,Gujarat,259.79,0.0,97.56,48.0,-5.59,1
PRJ-2069,,Power,Madhya Pradesh,250.22,159.84,100.0,45.0,-1.22,1
PRJ-2070,,Coal,Karnataka,370.46,181.87,86.71,47.0,-5.57,1
PRJ-2071,,Urban Affairs,Odisha,188.0,0.0,100.0,39.0,1.73,1
PRJ-2072,,Water Resources,Bihar,348.23,192.34,88.88,47.0,7.37,1
PRJ-2073,,Road Transport,Andhra Pradesh,559.37,241.69,78.57,9.0,0.32,1
PRJ-2074,,Railways,Tamil Nadu,318.86,236.98,89.4,18.0,-3.31,1
PRJ-2075,,Petroleum & Natural Gas,Kerala,232.01,0.0,87.22,46.0,-5.31,1
PRJ-2076,,Power,Punjab,580.76,366.6,86.03,31.0,0.34,1
PRJ-2077,,Coal,Haryana,693.82,0.0,43.14,0.0,4.78,0
PRJ-2078,,Urban Affairs,Maharashtra,567.89,237.23,81.38,9.0,6.61,1
PRJ-2079,,Water Resources,Uttar Pradesh,458.79,341.23,86.14,32.0,6.94,1
PRJ-2080,,Road Transport,Gujarat,832.7,62.47,26.36,0.0,0.46,0
PRJ-2081,,Railways,Madhya Pradesh,347.27,195.18,88.51,47.0,2.2,1
PRJ-2082,,Petroleum & Natural Gas,Karnataka,581.14,72.84,13.77,2.0,-6.98,0
PRJ-2083,,Power,Odisha,195.59,0.0,98.1,39.0,-0.54,1
PRJ-2084,,Coal,Bihar,227.88,171.09,75.28,43.0,-3.01,1
PRJ-2085,,Urban Affairs,Andhra Pradesh,305.71,230.24,92.25,18.0,1.26,1
PRJ-2086,,Water Resources,Tamil Nadu,204.76,0.0,92.24,3.0,-3.12,0
PRJ-2087,,Road Transport,Kerala,501.07,305.7,96.66,16.0,0.71,1
PRJ-2088,,Railways,Punjab,236.99,170.98,73.47,43.0,-7.65,1
PRJ-2089,,Petroleum & Natural Gas,Haryana,289.64,176.92,99.38,34.0,5.39,1
PRJ-2090,,Power,Maharashtra,313.84,190.59,97.4,34.0,-1.45,1
PRJ-2091,,Coal,Uttar Pradesh,313.86,174.23,99.24,34.0,-7.46,1
PRJ-2092,,Urban Affairs,Gujarat,476.4,544.72,87.75,36.0,-4.83,1
PRJ-2093,,Water Resources,Madhya Pradesh,195.93,0.0,23.69,0.0,6.41,0
PRJ-2094,,Road Transport,Karnataka,798.87,65.57,25.31,0.0,-0.88,0
PRJ-2095,,Railways,Odisha,382.87,179.97,85.45,47.0,-3.02,1
PRJ-2096,,Petroleum & Natural Gas,Bihar,572.88,74.63,14.73,2.0,-0.12,0
PRJ-2097,,Power,Andhra Pradesh,460.69,557.72,85.97,36.0,0.57,1
PRJ-2098,,Coal,Tamil Nadu,762.71,437.51,89.69,6.0,3.11,0
PRJ-2099,,Urban Affairs,Kerala,525.42,0.0,1.08,0.0,-30.65,0
PRJ-2100,,Water Resources,Punjab,190.18,0.0,100.0,39.0,0.66,1
PRJ-2101,,Road Transport,Haryana,415.89,341.29,89.44,25.0,1.98,1
PRJ-2102,,Railways,Maharashtra,232.04,183.39,75.91,43.0,-3.7,1
PRJ-2103,,Petroleum & Natural Gas,Uttar Pradesh,189.54,0.0,99.35,39.0,0.24,1
PRJ-2104,,Power,Gujarat,725.17,402.69,92.53,6.0,0.13,0
PRJ-2105,,Coal,Madhya Pradesh,186.88,0.0,100.0,39.0,-2.46,1
PRJ-2106,,Urban Affairs,Karnataka,160.46,121.18,24.28,4.0,1.56,0
PRJ-2107,,Water Resources,Odisha,569.28,202.04,21.48,0.0,-2.68,0
PRJ-2108,,Road Transport,Bihar,320.38,226.43,87.15,31.0,-2.9,1
PRJ-2109,,Railways,Andhra Pradesh,499.78,0.0,4.38,0.0,-27.01,0
PRJ-2110,,Petroleum & Natural Gas,Tamil Nadu,198.58,0.0,91.57,3.0,-4.91,0
PRJ-2111,,Power,Kerala,227.02,0.0,90.58,46.0,0.2,1
PRJ-2112,,Coal,Punjab,544.15,73.93,13.68,2.0,5.2,0
PRJ-2113,,Urban Affairs,Haryana,219.05,174.6,76.39,43.0,3.92,1
PRJ-2114,,Water Resources,Maharashtra,780.83,426.68,91.2,6.0,-2.78,0
PRJ-2115,,Road Transport,Uttar Pradesh,570.95,386.39,84.79,31.0,3.31,1
PRJ-2116,,Railways,Gujarat,238.73,149.34,98.19,45.0,1.29,1
PRJ-2117,,Petroleum & Natural Gas,Madhya Pradesh,241.49,158.15,99.77,45.0,-1.62,1
PRJ-2118,,Power,Karnataka,246.1,0.0,96.4,48.0,6.26,1
PRJ-2119,,Coal,Odisha,430.01,347.92,90.2,25.0,-4.03,1
PRJ-2120,,Urban Affairs,Bihar,319.11,243.35,95.93,28.0,-1.75,1
PRJ-2121,,Water Resources,Andhra Pradesh,731.78,432.86,92.67,6.0,3.35,0
PRJ-2122,,Road Transport,Tamil Nadu,236.24,157.63,100.0,45.0,-6.17,1
PRJ-2123,,Railways,Kerala,605.97,373.9,84.18,31.0,-5.72,1
PRJ-2124,,Petroleum & Natural Gas,Punjab,519.65,296.64,95.27,16.0,-6.58,1
PRJ-2125,,Power,Haryana,477.19,336.84,83.13,32.0,-0.66,1
PRJ-2126,,Coal,Maharashtra,488.78,314.18,96.15,16.0,0.47,1
PRJ-2127,,Urban Affairs,Uttar Pradesh,548.89,210.35,20.96,0.0,-0.37,0
PRJ-2128,,Water Resources,Gujarat,555.84,368.72,84.22,31.0,0.33,1
PRJ-2129,,Road Transport,Madhya Pradesh,163.61,131.06,25.28,4.0,2.25,0
PRJ-2130,,Railways,Karnataka,243.46,149.61,98.38,45.0,-2.25,1
PRJ-2131,,Petroleum & Natural Gas,Odisha,487.86,590.28,87.26,36.0,-5.3,1
