Project_ID,Name,Ministry,State,Original_Cost_Cr,Expenditure_Cr,Physical_Progress_Pct,Delay_Months,Cost_Overrun_Pct,Is_High_Risk,Source_File
611017,2.5 MTPA PATHERDIH NLW WASHERY,Coal,Jharkhand,334.27,162.75,51.81,0.0,0.0,0,FlashReport_April2026.pdf
615193,BASUNDHARA WEST EXTENSION OPEN,Coal,Odisha,479.15,281.57,67.58,0.0,0.0,0,FlashReport_April2026.pdf
400182,SIDULI [OC & UG],Coal,West Bengal,535.18,5.74,14.61,0.0,0.0,0,FlashReport_April2026.pdf
611016,2.0 MTPA BHOJUDIH NLW WASHERY,Coal,West Bengal,384.57,363.14,97.6,0.0,0.0,0,FlashReport_April2026.pdf
612819,300 MW SPP part of 510 MW CPSU scheme,Coal,Rajasthan,1813.0,1753.07,100.0,0.0,0.0,0,FlashReport_April2026.pdf
615327,50 MW Solar PP Minedout Area,Coal,Tamil Nadu,218.03,169.95,100.0,0.0,0.0,0,FlashReport_April2026.pdf
400259,Ghatampur Thermal Power Plant 3 X 660 MW,Power,Uttar Pradesh,17237.8,21237.52,95.68,0.0,26.36,1,FlashReport_April2026.pdf
400005,Transmission Network Expansion in Gujarat to increase its ATC from ISTS Part B,Power,"Multi-States (Dadra & Nagar Haveli and Daman & Diu, Gujarat, Maharashtra)",4546.26,4528.07,99.9,0.0,0.0,0,FlashReport_April2026.pdf
611947,Transmission System for Evacuation of Power from REZ in Rajasthan 20GW under,Power,Rajasthan,428.3,415.45,98.4,0.0,0.0,0,FlashReport_April2026.pdf
702639,Ahmedabad Metro Rail Project [Phase-I],Railways,Gujarat,10773.0,12520.65,99.99,0.0,19.97,1,FlashReport_April2026.pdf
702355,Storm water drainag Development Project,Infrastructure,Dadra & Nagar Haveli and Daman & Diu,210.0,0.0,20.0,0.0,0.0,0,FlashReport_April2026.pdf
702840,Mira-Bhayandar Water Supply Infrastructure Project,Water Resources,Maharashtra,204.55,186.13,99.0,0.0,0.0,0,FlashReport_April2026.pdf
702854,Solapur Sewerage Management Infrastructure Project,Housing & Urban Affairs,Maharashtra,180.24,172.22,98.0,0.0,0.0,0,FlashReport_April2026.pdf
607701,Guwahati Refinery Expansion [1.0 to 1.2 MMTPA] along with installation of CRU ,Petroleum & Natural Gas,Assam,412.3,457.64,94.9,0.0,39.95,1,FlashReport_April2026.pdf
709757,CGD Project in Banka  Dumka  Godda  Jamtara  Pakur  Sahibganj GA ID 11A.02,Petroleum & Natural Gas,"Multi-States (Bihar, Jharkhand)",1377.0,375.17,37.0,0.0,0.0,0,FlashReport_April2026.pdf
701354,Mumbai Nagpur Jharsuguda Pipeline Project,Petroleum & Natural Gas,"Multi-States (Chhattisgarh, Madhya Pradesh, Maharashtra, Odisha)",7844.25,7070.1,98.9,0.0,5.24,0,FlashReport_April2026.pdf
709758,CGD Project in Malda  Birbhum  Murshidabad  Dakshin Dinajpur GA ID 11A.03,Petroleum & Natural Gas,West Bengal,2628.0,388.06,36.3,0.0,0.0,0,FlashReport_April2026.pdf
612201,Construction of 200 bedded ESIC Hospital with 62 Nos Staff quarters   Beltola,Health,Assam,143.23,130.08,98.0,0.0,8.04,0,FlashReport_April2026.pdf
612188,Construction of 200 Bedded [Upgradable to 500 Bedded including 50 beds of SST],Health,Maharashtra,429.25,341.9,78.0,0.0,0.0,0,FlashReport_April2026.pdf
619137,4L of Dwarka-Khambaliya-Devariya section from km 203.500 to km 176.500 and from,Road Transport & Highways,Gujarat,1024.69,882.1,100.0,0.0,71.17,1,FlashReport_April2026.pdf
619070,Tumkur-Chitradurga,Road Transport & Highways,Karnataka,839.0,8.42,100.0,0.0,0.0,0,FlashReport_April2026.pdf
400097,Sardar Sarovar CADWM Project,Water Resources,Gujarat,5021.76,4956.98,90.3,0.0,32.83,1,FlashReport_April2026.pdf
400096,Omkareshwar CADWM Project,Water Resources,Madhya Pradesh,648.09,208.06,49.78,0.0,0.0,0,FlashReport_April2026.pdf
400095,Gosikhurd CADWM Project,Infrastructure,Maharashtra,743.73,459.06,53.93,0.0,0.0,0,FlashReport_April2026.pdf
400105,Urmodi Irrigation Project,Water Resources,Maharashtra,580.79,713.46,76.22,0.0,54.24,1,FlashReport_April2026.pdf
400107,Sulwade-Jamphal-Kanoli Lift Irrigation Scheme,Water Resources,Maharashtra,2407.67,2779.38,80.54,0.0,0.0,0,FlashReport_April2026.pdf
400109,Purna Barrage-2 [Ner Dhamana] Medium Irrigation Project,Water Resources,Maharashtra,848.07,690.49,69.63,0.0,4.76,0,FlashReport_April2026.pdf
400112,Jigaon Irrigation Project,Water Resources,Maharashtra,7222.95,10516.63,92.0,0.0,0.0,0,FlashReport_April2026.pdf
400093,Saryu Nahar CADWM Project,Water Resources,Uttar Pradesh,1672.7,22.24,1.76,0.0,0.0,0,FlashReport_April2026.pdf
701105,Goa Airport Terminal Building Extension Project,Aviation,Goa,255.69,158.78,100.0,0.0,0.0,0,FlashReport_May2026.pdf
611967,Transmission Scheme for Solar Energy Zone in Ananthpuram 2500MW and Kurnool,Power,Andhra Pradesh,823.0,798.31,98.57,0.0,0.0,0,FlashReport_May2026.pdf
900808,Transmission System for Kurnool Wind Energy Zone/ Solar Energy Zone Part-A and,Power,"Multi-States (Andhra Pradesh, Telangana)",3546.94,3532.75,99.69,0.0,0.0,0,FlashReport_May2026.pdf
611948,Transmission system for evacuation of power from REZ in Rajasthan 20 GW under,Power,Rajasthan,1910.0,1852.7,99.46,0.0,0.0,0,FlashReport_May2026.pdf
701263,Rajasthan Refinery Project,Petroleum & Natural Gas,Rajasthan,43129.0,69996.68,92.1,0.0,84.24,1,FlashReport_May2026.pdf
400035,Grass Root Rail-fed Depot at Sekerkote  Agartala as resitement of existing,Railways,Tripura,656.0,541.81,97.7,0.0,0.0,0,FlashReport_May2026.pdf
709760,HP TDAE Unit in Mumbai Refinery,Petroleum & Natural Gas,Maharashtra,240.0,152.75,92.0,0.0,0.0,0,FlashReport_May2026.pdf
709782,ATF Pipeline from Jawaharlal Nehru Port Trust to Navi Mumbai International Airport,Petroleum & Natural Gas,Maharashtra,165.0,102.79,98.8,0.0,0.0,0,FlashReport_May2026.pdf
707414,Multi Modal Transport Hub [MMTH] Project at Boraki in Greater Noida - Infrastructure,Infrastructure,Uttar Pradesh,1480.0,0.0,0.0,0.0,0.0,0,FlashReport_May2026.pdf
617253,Revamping of old sub-systems of Blast Furnace 3 at Bokaro Steel Plant,Steel,Jharkhand,513.82,412.95,98.72,0.0,0.0,0,FlashReport_May2026.pdf
617907,Rehabilitation and Up-gradation from Km 170700 Bhadrachalam to Km 234567 Konta,Road Transport & Highways,Andhra Pradesh,436.09,221.22,100.0,0.0,0.0,0,FlashReport_May2026.pdf
617990,Construction of bypass road to Adoni town connecting NH-167 Hagari - Jadcharla,Road Transport & Highways,Andhra Pradesh,242.0,78.49,95.94,0.0,0.0,0,FlashReport_May2026.pdf
618062,Dornala to Kunta Junction from Design Chainage Km 244000 to 267990 section of,Road Transport & Highways,Andhra Pradesh,244.83,0.0,99.64,0.0,0.0,0,FlashReport_May2026.pdf
618145,Widening to two lane with paved shoulder of Rampachodavaram - Koyyuru section of,Road Transport & Highways,Andhra Pradesh,568.12,303.13,98.63,0.0,0.0,0,FlashReport_May2026.pdf
618161,Widening and Reconstruction of existing road to four lane from Km.56400 to Km,Road Transport & Highways,Andhra Pradesh,839.98,355.56,99.45,0.0,0.0,0,FlashReport_May2026.pdf
618191,Rehabilitation and upgradation of NH-167AD from Macherla to Dachepalli via Paluvai,Road Transport & Highways,Andhra Pradesh,403.22,227.13,99.06,0.0,0.0,0,FlashReport_May2026.pdf
618192,Duttalur at NH-565 Junction to Kavali Joining on NH-16 Chainage Km. 36/400 to Km.,Road Transport & Highways,Andhra Pradesh,423.67,0.0,94.65,0.0,0.0,0,FlashReport_May2026.pdf
618237,Rehabilitation and Up-gradation of Pasarlapudi to Dhindi section from Km 105/170 to,Road Transport & Highways,Andhra Pradesh,263.45,151.56,98.4,0.0,0.0,0,FlashReport_May2026.pdf
618258,Two laning with paved shoulders of Gondiguda to Araku uptoBhallaguda section of NH,Road Transport & Highways,Andhra Pradesh,296.66,237.52,91.5,0.0,0.0,0,FlashReport_May2026.pdf
618259,Two laning with paved shoulders of Paderu to GundigudaSection of NH 516E,Road Transport & Highways,Andhra Pradesh,222.61,122.52,100.0,0.0,0.0,0,FlashReport_May2026.pdf
618527,Six Laning of Vijayawada Bypass from Gollapudi to Chinnakakani in Vijayawada -,Road Transport & Highways,Andhra Pradesh,1194.57,862.59,99.92,0.0,47.15,1,FlashReport_May2026.pdf
618748,Khammam-Devarapalle Pkg IV [4L Access Controlled Greenfield from Recherla village,Road Transport & Highways,Andhra Pradesh,569.37,355.88,100.0,0.0,32.08,1,FlashReport_May2026.pdf
618919,4L PS from Mandlem Existing Km. 38.000/Design Km.30.600 to Atmakur Existing,Road Transport & Highways,Andhra Pradesh,887.28,374.39,99.94,0.0,2.9,0,FlashReport_May2026.pdf
618432,Construction of Balance work of 2-Lane with PS of Joram-Koloriang Road NH-713 on,Road Transport & Highways,Arunachal Pradesh,228.72,0.0,99.52,0.0,0.0,0,FlashReport_May2026.pdf
618285,Widening/Improvement to 4 -Lane with Paved Shoulder from Ch. 88.000km to,Road Transport & Highways,Assam,286.72,186.64,100.0,0.0,0.0,0,FlashReport_May2026.pdf
618327,Widening/Improvement to 4-Lane with Paved Shoulder from KM 113300 to Km,Road Transport & Highways,Assam,625.64,0.0,0.0,0.0,0.0,0,FlashReport_May2026.pdf
618330,Construction of 4/6 Laning from existing Km 159.400 of NH-36 to existing Km 102.500,Road Transport & Highways,Assam,511.02,647.21,100.0,0.0,0.0,0,FlashReport_May2026.pdf
618372,Widening / Improvement to 4-Lane with Paved Shoulder configuration of existing,Road Transport & Highways,Assam,909.02,638.5,100.0,0.0,0.0,0,FlashReport_May2026.pdf
618576,6L Standalone Flyovers at Raha  Demow  Borghat  Kathiatali junctions and ROB at,Road Transport & Highways,Assam,280.75,211.79,99.04,0.0,0.0,0,FlashReport_May2026.pdf
617959,Rehabilitation & Widening work for 2 Lane with Paved Shoulder of Existing NH-80,Road Transport & Highways,Bihar,477.54,311.39,95.66,0.0,0.0,0,FlashReport_May2026.pdf
618006,Sitamarhi-Jaynagar Section km 79.400 to km 156.500 Lot-II,Road Transport & Highways,Bihar,369.77,0.0,98.78,0.0,36.11,1,FlashReport_May2026.pdf
618007,Jaynagar-Narahia Section km 156.500 to km 219.945 Lot-III,Road Transport & Highways,Bihar,553.3,0.0,99.0,0.0,27.67,1,FlashReport_May2026.pdf
618570,4L Elevated Highway and at grade improvements at Gopalganj Town from Km.,Road Transport & Highways,Bihar,325.57,225.44,99.78,0.0,0.0,0,FlashReport_May2026.pdf
618582,4L of Galgalia - Bahadurganj section from Km 0.000 to Km 49.000 Package-I of,Road Transport & Highways,Bihar,1282.97,599.36,100.0,0.0,0.0,0,FlashReport_May2026.pdf
618583,4L of Bahadurganj Araria section from Km 49.000 to Km 94.000 Package-II of NH-,Road Transport & Highways,Bihar,1358.77,713.95,100.0,0.0,0.0,0,FlashReport_May2026.pdf
618774,Ara - Mohania Pkg-II,Road Transport & Highways,Bihar,984.63,798.12,100.0,0.0,0.0,0,FlashReport_May2026.pdf
618779,4L of Aurangabad-Paithan,Road Transport & Highways,Bihar,1505.0,319.54,96.5,0.0,0.0,0,FlashReport_May2026.pdf
618839,Aunta - Simaria including Ganga Bridge,Road Transport & Highways,Bihar,1309.47,812.81,100.0,0.0,60.96,1,FlashReport_May2026.pdf
618915,4L of Bal. works of Patna - Gaya -Dobhi Pkg-II from km. 39.00 to km. 83.00 of Old NH-,Road Transport & Highways,Bihar,1637.29,728.91,89.01,0.0,0.0,0,FlashReport_May2026.pdf
618916,4L of Bal. works of Patna - Gaya -Dobhi Pkg-III from km. 83.00 to km. 127.217 of Old,Road Transport & Highways,Bihar,1077.46,774.78,92.0,0.0,0.0,0,FlashReport_May2026.pdf
619320,Muzaffarpur - Sonbarsa Section of NH-77 from km 2.800 to km 89.000,Road Transport & Highways,Bihar,2290.72,468.71,100.0,0.0,0.89,0,FlashReport_May2026.pdf
617973,Strengthening and widening of existing 2 lane road to two lane paved shoulder from,Road Transport & Highways,Chhattisgarh,188.8,102.56,97.0,0.0,0.0,0,FlashReport_May2026.pdf
618064,Up-gradation of NH-930 Sherpar to Kohka from Km.67880 to Km.114860 to 2LPS in,Road Transport & Highways,Chhattisgarh,278.97,201.05,90.0,0.0,0.0,0,FlashReport_May2026.pdf
618078,Up-gradation of NH-130C Abhanpur to Paund from NH Km. 0000 to KM 40380 to two,Road Transport & Highways,Chhattisgarh,193.16,97.78,85.0,0.0,0.0,0,FlashReport_May2026.pdf
618849,Conversion of Partially Excavated Escape Tunnel to Uni-Directional 2L,Road Transport & Highways,Chhattisgarh,444.21,394.65,100.0,0.0,0.0,0,FlashReport_May2026.pdf
618578,6L Access Controlled Highway from DND Maharani Bagh - Jn. with Jaitpur - Pushta,Road Transport & Highways,Delhi,1467.44,1615.93,98.25,0.0,71.07,1,FlashReport_May2026.pdf
617977,Development of Chiloda - Gandhinagar- Sarkhej ofNH-147 Package -II,Road Transport & Highways,Gujarat,211.28,0.0,99.55,0.0,10.96,1,FlashReport_May2026.pdf
618464,Vadodara Mumbai Expressway Ena -Kim Phase IB - Pkg VI [Km 217.500 to Km,Road Transport & Highways,Gujarat,2271.86,2574.42,98.9,0.0,89.15,1,FlashReport_May2026.pdf
618465,Vadodara Mumbai Expressway Gandeva to Ena Phase IB - Pkg VII [Km 190.00 to Km,Road Transport & Highways,Gujarat,1710.3,2158.87,97.05,0.0,98.34,1,FlashReport_May2026.pdf
618501,Ahmedabad - Dholera Pkg I from km. 0.00 to km. 22.00 [Sardar Patel Ring Road -,Road Transport & Highways,Gujarat,1298.0,1024.93,100.0,0.0,9.48,0,FlashReport_May2026.pdf
618502,Ahmedabad - Dholera Pkg II from km. 22.00 to km. 48.52 [Sindhrej Village - Vejallka,Road Transport & Highways,Gujarat,1415.34,1427.49,100.0,0.0,22.21,1,FlashReport_May2026.pdf
618614,Sanchore - Santalpur from km 67.000 - km 99.000 of NH-754K AJ-RGBS-Package-3,Road Transport & Highways,Gujarat,752.3,569.58,99.0,0.0,1.72,0,FlashReport_May2026.pdf
618699,Pipli Bhavnagar-Package 1 from km 136.025 to km 169.328,Road Transport & Highways,Gujarat,819.14,188.7,100.0,0.0,58.38,1,FlashReport_May2026.pdf
618834,4L Kodinar - Veraval Package VI from km. 222.400 to km. 230.00 Kodinar Bypass of,Road Transport & Highways,Gujarat,162.73,174.82,100.0,0.0,17.99,1,FlashReport_May2026.pdf
618835,4L of Bal Works of Talaja - Mahuva from 54.990 km. to 100.450 km. of Old NH-8E,Road Transport & Highways,Gujarat,698.4,418.41,100.0,0.0,5.31,0,FlashReport_May2026.pdf
619067,6L of Chiloda-Naroda section from Km. 540.595 to Km. 555.595 of NH-8Package-VII,Road Transport & Highways,Gujarat,356.6,104.04,100.0,0.0,29.85,1,FlashReport_May2026.pdf
619147,4L of Bal Works of Mahuva to Kagvadar from 100.450 Km. to 140.470 Km. of NH-8E,Road Transport & Highways,Gujarat,603.08,624.41,99.71,0.0,4.21,0,FlashReport_May2026.pdf
619148,4L of Bhavnagar - Talaja Package-I from Km. 6.945 to Km. 54.990 of Old NH-8E,Road Transport & Highways,Gujarat,1185.66,53.18,100.0,0.0,13.28,1,FlashReport_May2026.pdf
618484,Delhi-Amritsar-Katra Expressway Phase-I Pkg-III from Junction with Jind-Panipat road,Road Transport & Highways,Haryana,1606.27,631.62,79.08,0.0,12.93,1,FlashReport_May2026.pdf
618485,Delhi-Amritsar-Katra Expressway Phase-I Pkg-IV from Junction with Jind-Karnal road,Road Transport & Highways,Haryana,1306.95,563.2,76.13,0.0,20.79,1,FlashReport_May2026.pdf
618050,Rehabilitation and Upgradation to 2-lane/Intermediate lane configuration of Ashyari-,Road Transport & Highways,Himachal Pradesh,345.89,146.64,98.16,0.0,3.95,0,FlashReport_May2026.pdf
618220,Reconstruction and widening to 2 lane with paved shoulder from existing chainage km,Road Transport & Highways,Jammu and Kashmir,642.24,0.0,100.0,0.0,0.0,0,FlashReport_May2026.pdf
618396,Construction & Upgradation to 2 lane with paved shoulder from Design Km. 31.449,Road Transport & Highways,Jammu and Kashmir,486.45,0.0,0.0,0.0,0.0,0,FlashReport_May2026.pdf
618829,4L from km 196.87 Sankha to km 219.6 Khajuri on NH-75 [Rehla / Garhwa Bypass],Road Transport & Highways,Jharkhand,1129.48,527.11,93.45,0.0,0.0,0,FlashReport_May2026.pdf
618946,4L of Mehgama - Hansdiha from km. 41.900 to km. 93.000 of NH -133A Pkg-II,Road Transport & Highways,Jharkhand,1479.72,878.21,99.5,0.0,5.98,0,FlashReport_May2026.pdf
617954,Balance work of Rehabilitation and upgrading to 2lane/2lane with paved shoulder,Road Transport & Highways,Karnataka,398.48,211.59,93.25,0.0,0.0,0,FlashReport_May2026.pdf
618144,Construction of Major Bridge Across Sharavathi Backwaters and approches between,Road Transport & Highways,Karnataka,423.15,0.0,0.0,0.0,0.0,0,FlashReport_May2026.pdf
618698,Challakere to Hariyur section from km 358.500 to km 414.205 of NH-150 A,Road Transport & Highways,Karnataka,1167.52,843.6,99.5,0.0,60.48,1,FlashReport_May2026.pdf
619121,4L of Hubli - Hospet Section of NH-63 from Km 128.850 to Km 272.571,Road Transport & Highways,Karnataka,2531.99,1360.9,99.65,0.0,42.94,1,FlashReport_May2026.pdf
619144,Hospet - Chitradurga from km. 299.00 to km. 418.750,Road Transport & Highways,Karnataka,1519.72,36.7,100.0,0.0,0.0,0,FlashReport_May2026.pdf
618045,Construction of Mihona bypass  Lahar bypass  Daboh bypass & Bhander Bypass total,Road Transport & Highways,Madhya Pradesh,179.18,71.77,67.0,0.0,0.0,0,FlashReport_May2026.pdf
618625,Indore - Gujarat / MP Border from km. Km 9.500 to Km 171.000 of NH-59 in MP,Road Transport & Highways,Madhya Pradesh,1175.0,14.04,99.93,0.0,0.0,0,FlashReport_May2026.pdf
618665,4L of Sagar - Mohari from Km.8 to Km.50 Pkg-I,Road Transport & Highways,Madhya Pradesh,790.78,454.54,98.64,0.0,0.0,0,FlashReport_May2026.pdf
618695,Indore - Harda Pkg-III [Nanasa to Pidgaon Section from km 95.000 to km 142.445],Road Transport & Highways,Madhya Pradesh,1146.22,626.02,98.21,0.0,8.24,0,FlashReport_May2026.pdf
618701,Balance work of 4L of Nauradehi Sanctuary de-scoped stretch of Hiran River to,Road Transport & Highways,Madhya Pradesh,178.18,142.2,57.14,0.0,0.0,0,FlashReport_May2026.pdf
617917,Construction of 4 Lane Flyover at Nagpur RTO Chowk To Nagpur University Campus,Road Transport & Highways,Maharashtra,478.83,0.0,95.0,0.0,2.44,0,FlashReport_May2026.pdf
617933,Up-gradation to four lane/ Two lane with paved shoulders configuration of Kalyan -,Road Transport & Highways,Maharashtra,984.07,0.0,100.0,0.0,0.0,0,FlashReport_May2026.pdf
617944,Kashedi ghat tunnel NH-66 [Bhogaon Khurd - Kashedi section] 4 lanes under NHDP,Road Transport & Highways,Maharashtra,680.43,0.0,98.37,0.0,3.09,0,FlashReport_May2026.pdf
618046,Rehabilitation & Up-gradation of Sabalkhed to Ashti Section from Km 37900 to Km,Road Transport & Highways,Maharashtra,213.33,0.0,95.88,0.0,0.0,0,FlashReport_May2026.pdf
618090,Sarsam - Kothari of NH-161A - 2L PS from Km.33/00 to 90/00,Road Transport & Highways,Maharashtra,545.64,0.0,97.25,0.0,0.0,0,FlashReport_May2026.pdf
618099,Rehabilitation & up-gradation for Talere Gaganbawada - kolhapur Road NH 166G,Road Transport & Highways,Maharashtra,164.13,98.68,100.0,0.0,0.0,0,FlashReport_May2026.pdf
618136,Upgradatiobn and Rehabilitation of Section of NH 361 F from Parli 00/000 to,Road Transport & Highways,Maharashtra,224.44,0.0,91.0,0.0,0.0,0,FlashReport_May2026.pdf
618181,Rehabilitation / Upgradation to 4 Lane with Paved shoulder of Existing Section in,Road Transport & Highways,Maharashtra,153.79,0.0,98.0,0.0,0.0,0,FlashReport_May2026.pdf
618468,Vadodara Mumbai Expressway Phase II - Pkg XI [Km. 77.000 to Km. 103.400] Ganjad,Road Transport & Highways,Maharashtra,1524.71,813.35,99.76,0.0,25.53,1,FlashReport_May2026.pdf
618638,Tarsod - Fagne section of NH-6,Road Transport & Highways,Maharashtra,2267.99,990.0,98.84,0.0,12.9,1,FlashReport_May2026.pdf
618652,Chakur Loha Section of NH-361 from km 114.600 to km 187.80,Road Transport & Highways,Maharashtra,1241.38,785.13,100.0,0.0,169.23,1,FlashReport_May2026.pdf
619209,4L of existing 2/4L stretch from Lonand to Dive Ghat Km 166.400 to Km 220.900 of,Road Transport & Highways,Maharashtra,1709.56,1125.89,98.52,0.0,19.89,1,FlashReport_May2026.pdf
618341,Up-gradation to 2-lane with paved shoulders of Ngopa - Pawlrang section of NH 102B,Road Transport & Highways,Mizoram,523.78,394.29,95.31,0.0,0.0,0,FlashReport_May2026.pdf
618342,Rehabilitation and upgradation to 2 Lane with Paved shoulder of Economic corridor of,Road Transport & Highways,Mizoram,206.9,0.0,0.0,0.0,0.0,0,FlashReport_May2026.pdf
618343,Rehabilitation and Up gradation to 2-lane with paved shoulder of Keifang Section,Road Transport & Highways,Mizoram,292.23,0.0,0.0,0.0,0.0,0,FlashReport_May2026.pdf
618381,Widening and up-gradation to 2-lane with paved shoulder configuration and geometric,Road Transport & Highways,Mizoram,768.76,168.78,98.73,0.0,0.0,0,FlashReport_May2026.pdf
618382,Widening and up-gradation to 2-lane with paved shoulder configuration and geometric,Road Transport & Highways,Mizoram,605.76,0.01,100.0,0.0,23.86,1,FlashReport_May2026.pdf
618384,Widening and Up-gradation to 2- Lane with Paved Shoulder Configuration and,Road Transport & Highways,Mizoram,899.45,191.59,99.88,0.0,0.0,0,FlashReport_May2026.pdf
618771,6L of Varadharajula to Kumarajapet from km 0.000 to km 43.800 of NH-716B Pkg-I,Road Transport & Highways,"Multi-States (Andhra Pradesh, Tamil Nadu)",1924.75,947.66,99.19,0.0,0.0,0,FlashReport_May2026.pdf
618532,6L of Aurangabad to Bihar-Jharkhand border Chordaha section from km. 209.827 to,Road Transport & Highways,"Multi-States (Bihar, Jharkhand)",1822.46,605.5,97.92,0.0,0.0,0,FlashReport_May2026.pdf
618676,6L of Dhanara - Hatibena Section from Km 124.611 to km 146.50 of NH-130-CD,Road Transport & Highways,"Multi-States (Chhattisgarh, Odisha)",477.76,297.98,99.95,0.0,33.61,1,FlashReport_May2026.pdf
619122,Akshardham - DL/UP Border Pkg-01,Road Transport & Highways,"Multi-States (Delhi, Uttar Pradesh)",1479.22,1351.78,100.0,0.0,0.0,0,FlashReport_May2026.pdf
618760,4L Greenfield a Malout bypass from ch. Km 44.500 to ch. Km 35.500 on NH-07 and,Road Transport & Highways,"Multi-States (Haryana, Punjab)",646.42,549.2,98.0,0.0,0.0,0,FlashReport_May2026.pdf
618935,4L Ambala - Kalaamb from Km. -0.800 to Km. 33.015 of old NH-72,Road Transport & Highways,"Multi-States (Haryana, Punjab)",1183.7,452.48,100.0,0.0,0.56,0,FlashReport_May2026.pdf
618828,4L from Km 219.600 Khajuri to Km 260.483 Wyndhamganj on NH-75 Sec-V,Road Transport & Highways,"Multi-States (Jharkhand, Uttar Pradesh)",1436.49,830.18,92.02,0.0,2.02,0,FlashReport_May2026.pdf
619104,4L/2L PS of Govindpur Raiganj - Chas - WB border section of from km. 0.00 to km.,Road Transport & Highways,"Multi-States (Jharkhand, West Bengal)",1139.65,6.64,99.84,0.0,1.33,0,FlashReport_May2026.pdf
618515,6L from Belgaum to Sankeshwar Bypass from Km. 515.000 to Km. 555.017 of NH-48,Road Transport & Highways,"Multi-States (Karnataka, Maharashtra)",1479.3,1178.31,100.0,0.0,0.0,0,FlashReport_May2026.pdf
618624,Mangloor to Telangana Maharashtra Border,Road Transport & Highways,"Multi-States (Maharashtra, Telangana)",1082.65,180.13,96.02,0.0,22.21,1,FlashReport_May2026.pdf
618938,4L of Rajura-Korpana-Adilabad Road upto M.S. Border from km 32.910 to km 89.090,Road Transport & Highways,"Multi-States (Maharashtra, Telangana)",1013.33,630.06,100.0,0.0,25.79,1,FlashReport_May2026.pdf
618755,4L of left out existing road section from Lalgopalganj Km 161.450 to Nawabganj Km,Road Transport & Highways,"Multi-States (Rajasthan, Uttar Pradesh)",159.53,72.44,100.0,0.0,0.0,0,FlashReport_May2026.pdf
618912,Construction of Rudrapur Bypass Section from Km. 0.000 to 20.640 in the state of,Road Transport & Highways,"Multi-States (Uttar Pradesh, Uttarakhand)",1051.73,665.1,99.1,0.0,6.22,0,FlashReport_May2026.pdf
618002,Widening of existing single lane to intermediate lane road from Mokokchung to Chare,Road Transport & Highways,Nagaland,192.93,99.65,0.0,0.0,0.0,0,FlashReport_May2026.pdf
618329,Construction of 4/6 Laning from Km 132.375 to Km 153.058 Total New Alignment,Road Transport & Highways,Nagaland,819.39,0.0,0.0,0.0,0.0,0,FlashReport_May2026.pdf
617924,Construction of bypass to Nayagarh town from km 235.469 to 252.482 of NH-57,Road Transport & Highways,Odisha,300.33,82.33,100.0,0.0,0.0,0,FlashReport_May2026.pdf
618819,Balance work of Panikoili Rimoli Section of new NH-20 from Km 0.00 to Km. 163.000,Road Transport & Highways,Odisha,183.03,89.36,99.0,0.0,9.7,0,FlashReport_May2026.pdf
618913,4-L of Rajamunda to Barkote Section of NH-23 from km. 287.200 to km. 337.185,Road Transport & Highways,Odisha,609.63,114.77,96.52,0.0,3.5,0,FlashReport_May2026.pdf
619075,6L of Bhubaneswar - Jagatpur - Chandikhole Section of NH-16,Road Transport & Highways,Odisha,639.3,52.23,97.48,0.0,0.0,0,FlashReport_May2026.pdf
618487,Delhi-Amritsar-Katra Expressway Phase-I Pkg-VII from Junction with Patiala-Bathinda,Road Transport & Highways,Punjab,1759.82,1250.45,95.8,0.0,0.82,0,FlashReport_May2026.pdf
617891,Construction of Two lane with Paved Shoulder for Fatehpur Bypass Design Km 0.000,Road Transport & Highways,Rajasthan,186.29,66.7,100.0,0.0,0.0,0,FlashReport_May2026.pdf
617900,Upgradation to Two Lane Paved Shoulder in km 33/0 to 126/520 of NH-23 Old NH-,Road Transport & Highways,Rajasthan,150.11,12.2,99.0,0.0,0.0,0,FlashReport_May2026.pdf
618093,Up-gradation to 2 lane with Paved shoulder from Charbhuja at Design km 0.00,Road Transport & Highways,Rajasthan,838.43,55.04,0.0,0.0,0.0,0,FlashReport_May2026.pdf
618118,Upgradation of two lane paved shoulder from Shahpura existing km. 0.00 Design Ch.,Road Transport & Highways,Rajasthan,174.34,63.55,100.0,0.0,0.0,0,FlashReport_May2026.pdf
618456,Delhi-Vadodara Greenfield Alignment NH-148N Pkg-14 Ch. 388.420 to Ch. 419.000,Road Transport & Highways,Rajasthan,1119.35,975.7,99.8,0.0,6.68,0,FlashReport_May2026.pdf
619063,4L Greenfield spur from Delhi-Vadodara Greenfield expressway near Bandikui to,Road Transport & Highways,Rajasthan,1636.15,1278.04,100.0,0.0,32.65,1,FlashReport_May2026.pdf
618562,Dindigul Bypass - Samyanallore from km. 373.275 to km. 426.00,Road Transport & Highways,Tamil Nadu,579.0,1.4,100.0,0.0,0.0,0,FlashReport_May2026.pdf
618743,Trichy 135.800 to Karur 218.000 section of NH-67 - Trichy Bypass,Road Transport & Highways,Tamil Nadu,876.88,66.59,100.0,0.0,0.0,0,FlashReport_May2026.pdf
618745,4L of Vadugapatti to Therkuvenganallur Rajapalyam section from km 36.000 to km,Road Transport & Highways,Tamil Nadu,1317.6,932.02,99.99,0.0,0.0,0,FlashReport_May2026.pdf
618773,Tuticorin - Tirunelveli from km. 0.00 to km. 47.250,Road Transport & Highways,Tamil Nadu,449.85,1.17,100.0,0.0,0.58,0,FlashReport_May2026.pdf
618874,Four Laning of Trichy - Dindigul from km. 333.00 to km. 421.273 of NH-45,Road Transport & Highways,Tamil Nadu,1003.11,9.74,100.0,0.0,0.0,0,FlashReport_May2026.pdf
618897,4L of Sethiyathope -Cholapuram section from Km. 65.960 to Km. 116.440 section of,Road Transport & Highways,Tamil Nadu,2356.19,1011.39,100.0,0.0,0.03,0,FlashReport_May2026.pdf
618943,Salem - Ulundurpet section from km 0.313 to km 136.670 of NH-68,Road Transport & Highways,Tamil Nadu,861.23,140.31,100.0,0.0,18.42,1,FlashReport_May2026.pdf
619083,Thumbipadi-Namakkal from km. 180.00 to km. 248.625 Package No. NS-2/BOT/TN-,Road Transport & Highways,Tamil Nadu,255.53,206.64,100.0,0.0,54.75,1,FlashReport_May2026.pdf
619084,Start of Karur Bypass - Dindigul from km. 292.600 to km. 305.600 Contract Package,Road Transport & Highways,Tamil Nadu,461.54,42.28,100.0,0.0,11.59,1,FlashReport_May2026.pdf
617981,Widening to Two with Paved shoulders from Km 59.500 to Km 132.033 of,Road Transport & Highways,Telangana,359.0,0.0,99.92,0.0,0.0,0,FlashReport_May2026.pdf
617982,Widening and strengthening of existing 2-lane to 2- lane with paved shoulders from km,Road Transport & Highways,Telangana,230.03,0.0,0.0,0.0,0.0,0,FlashReport_May2026.pdf
617992,Rehabilitation & upgradation of NH - 167 from design km 187.723 to 234.434,Road Transport & Highways,Telangana,322.81,148.48,98.14,0.0,0.0,0,FlashReport_May2026.pdf
617993,Rehabilitation and upgradation of NH-167 from design km 157.707 to 187.723 design,Road Transport & Highways,Telangana,220.28,0.0,97.74,0.0,0.0,0,FlashReport_May2026.pdf
617996,Widening to 2/4 Lane with paved shoulders from Km 182.120 to Km 227.600 of NH,Road Transport & Highways,Telangana,298.0,234.7,95.6,0.0,0.0,0,FlashReport_May2026.pdf
618026,Rehabilitation and upgradation to two lane with paved shoulders from Km 0/000 to,Road Transport & Highways,Telangana,605.08,585.2,99.9,0.0,0.0,0,FlashReport_May2026.pdf
618132,Widening & strengthening of existing carriageway in 2 lane with paved shoulders from,Road Transport & Highways,Telangana,206.13,152.77,98.57,0.0,0.0,0,FlashReport_May2026.pdf
618142,Widening to Two lane with Paved shoulders from km.40/410 to 84/037 of,Road Transport & Highways,Telangana,244.54,0.0,99.96,0.0,0.0,0,FlashReport_May2026.pdf
618143,widening to two lane with Paved shoulders from Km.0/970 to Km.40/410 of Jangaon -,Road Transport & Highways,Telangana,197.0,0.0,92.74,0.0,0.0,0,FlashReport_May2026.pdf
618386,Rehabilitation & Upgradation of Road from Km 0.00 to Km 18.600 Total length-18.600,Road Transport & Highways,Tripura,277.5,0.0,0.0,0.0,8.84,0,FlashReport_May2026.pdf
617957,Construction of Jasra Bypass with four lane paved shoulder configurationfrom Km,Road Transport & Highways,Uttar Pradesh,274.06,0.0,91.85,0.0,0.0,0,FlashReport_May2026.pdf
618008,Construction of four-lane elevated viaduct from km.4634 to km.6345 on NH-24A,Road Transport & Highways,Uttar Pradesh,185.09,175.09,100.0,0.0,45.77,1,FlashReport_May2026.pdf
618110,Improvement and upgradation to two lane with Paved Shoulder configuration from,Road Transport & Highways,Uttar Pradesh,307.11,125.88,0.0,0.0,0.0,0,FlashReport_May2026.pdf
618167,Rehabilitation & Upgradation of NH-731A from Km.0.00 to Km.35.00 to 2-lane with,Road Transport & Highways,Uttar Pradesh,264.86,0.0,93.0,0.0,0.0,0,FlashReport_May2026.pdf
618229,Rehabilitation and upgradation to 2-lane with paved sholuders configuration of Near,Road Transport & Highways,Uttar Pradesh,211.09,0.0,100.0,0.0,0.0,0,FlashReport_May2026.pdf
618498,6L Greenfield Kanpur - Lucknow Expressway Pkg II from km. 28.500 to km. 73.744,Road Transport & Highways,Uttar Pradesh,2471.56,1178.84,99.8,0.0,0.71,0,FlashReport_May2026.pdf
618553,6L of Agra Bypass Northern connecting Km. 174.500 of NH-2 new NH-19 to Km.,Road Transport & Highways,Uttar Pradesh,957.62,758.67,100.0,0.0,8.02,0,FlashReport_May2026.pdf
618565,Strengthening of existing 4L Ayodhya Bypass Section from design Km. 121 600 to,Road Transport & Highways,Uttar Pradesh,526.45,259.66,81.85,0.0,0.0,0,FlashReport_May2026.pdf
618770,4L Spur of Panipat - Shamli connecting NH-709AD Panipat Shamli Muzaffarnagar,Road Transport & Highways,Uttar Pradesh,516.16,232.93,74.23,0.0,0.0,0,FlashReport_May2026.pdf
618854,2L PS of Raebareli - Jagdishpur with 4L Jagdishpur Bypass Spur,Road Transport & Highways,Uttar Pradesh,706.41,515.53,97.2,0.0,6.53,0,FlashReport_May2026.pdf
618855,Improvement and Up-Gradation of Existing Road to 2/4L PS from Km 40.000 to,Road Transport & Highways,Uttar Pradesh,838.68,560.48,99.2,0.0,0.0,0,FlashReport_May2026.pdf
618864,4L from Mathura Bypass Start at Existing Km. 154.20 of NH-44 to Gaju Village at Km,Road Transport & Highways,Uttar Pradesh,1722.11,1050.08,100.0,0.0,5.73,0,FlashReport_May2026.pdf
618865,4L from Gaju Village at Km. 32.982 to Devinagar Bypass End at Km. 208.000 of NH-,Road Transport & Highways,Uttar Pradesh,1384.79,823.04,99.99,0.0,8.06,0,FlashReport_May2026.pdf
618959,4L Prayagraj Greenfield By-pass from design Km 50860 near Nibi Kala Uperhar to,Road Transport & Highways,Uttar Pradesh,1017.99,406.6,100.0,0.0,0.0,0,FlashReport_May2026.pdf
617970,Reconstruction of existing 2 L/IL to 2L with paved shoulder from existing km 52.200 to,Road Transport & Highways,Uttarakhand,282.08,166.13,100.0,0.0,0.0,0,FlashReport_May2026.pdf
617975,Rehabilitation and upgradation to 2 lane with paved shoulder configuration from km,Road Transport & Highways,Uttarakhand,237.79,79.56,100.0,0.0,0.0,0,FlashReport_May2026.pdf
618208,Construction and upgradation of existing road to 2-lane with paved shoulder from,Road Transport & Highways,Uttarakhand,180.1,0.0,95.0,0.0,0.0,0,FlashReport_May2026.pdf
611966,Transmission System for Evacuation of power from Potential RE Zone in Khavda Area,Power,Maharashtra,224.41,224.41,100.0,0.0,0.0,0,FlashReport_June_2026.pdf
702851,Pune Water Supply Infrastructure Project,Water Resources,Maharashtra,235.95,220.77,96.0,0.0,0.0,0,FlashReport_June_2026.pdf
701343,Srikakulam Angul Gas Pipeline Project,Petroleum & Natural Gas,"Multi-States (Andhra Pradesh, Odisha)",2658.34,2315.2,98.1,0.0,5.71,0,FlashReport_June_2026.pdf
400078,New Mundra Panipat Crude Oil Pipeline,Petroleum & Natural Gas,"Multi-States (Gujarat, Haryana, Rajasthan)",9028.0,7482.71,94.1,0.0,0.0,0,FlashReport_June_2026.pdf
400382,Rewas Port Project,Infrastructure,Maharashtra,6000.0,5999.89,88.0,0.0,0.0,0,FlashReport_June_2026.pdf
619229,Integrated development of Outer Container Terminal and berth No. 1 though 5 NSD at,Infrastructure,West Bengal,832.25,0.0,0.0,0.0,0.0,0,FlashReport_June_2026.pdf
619326,Nidadavolu-Duvvada 3rd & 4th Lines,Railways,Andhra Pradesh,9889.24,0.0,0.01,0.0,0.0,0,FlashReport_June_2026.pdf
705436,Kotapalli - Narasapur New Line,Railways,Andhra Pradesh,2501.0,1417.7,30.02,0.0,0.0,0,FlashReport_June_2026.pdf
705633,Guntur-Guntakal Doubling Project,Railways,Andhra Pradesh,3733.0,5552.65,94.05,0.0,15.05,1,FlashReport_June_2026.pdf
705648,Vijaywada-Gudur 3rd Line,Railways,Andhra Pradesh,6654.0,6213.64,96.0,0.0,0.0,0,FlashReport_June_2026.pdf
618986,Furkating-New Tinsukia[194 Km],Railways,Assam,3633.58,0.0,0.0,0.0,0.0,0,FlashReport_June_2026.pdf
706922,Guwahati-Dibrugarh via Tinsukia & Simaluguri-Dibrugarh,Railways,Assam,890.36,391.73,89.0,0.0,0.0,0,FlashReport_June_2026.pdf
706940,Mariani-Jorhat  Tinsukia-Dangri and Makum -TirapTrack Electrification Project,Infrastructure,Assam,183.99,0.0,0.0,0.0,0.0,0,FlashReport_June_2026.pdf
706942,Harmuty-Murkongselek Branch Line Electrification Project,Infrastructure,Assam,237.52,0.0,0.0,0.0,0.0,0,FlashReport_June_2026.pdf
705364,Khagaria-Kusheshwar Asthan [42Km] new line project,Railways,Bihar,614.0,491.56,55.7,0.0,125.43,1,FlashReport_June_2026.pdf
617200,KHARSIA- NAYA RAIPUR-PARMALKASA 5th and 6th Line [278KM],Infrastructure,Chhattisgarh,7853.84,0.64,0.0,0.0,0.0,0,FlashReport_June_2026.pdf
617374,Dallirajhara - Rowghat New Rail Line Project  Phase-I,Railways,Chhattisgarh,1516.45,2154.73,98.0,0.0,24.06,1,FlashReport_June_2026.pdf
613785,Redevelopment of New Delhi Railway Station and construction of associated,Railways,Delhi,4744.0,355.8,6.0,0.0,0.0,0,FlashReport_June_2026.pdf
617379,Development of New Bijwasan Railway Terminal,Railways,Delhi,446.21,565.7,80.0,0.0,0.0,0,FlashReport_June_2026.pdf
611977,Dahod Creation of Infrastructure facilities for 9000 HP Electric locomotives,Infrastructure,Gujarat,487.0,222.88,53.0,0.0,0.0,0,FlashReport_June_2026.pdf
611978,Dahod Rolling Stock Workshop Provision of Infrastructure for CBS at,Infrastructure,Gujarat,158.0,51.87,10.0,0.0,0.0,0,FlashReport_June_2026.pdf
611979,Sabarmati Setting up of Maintenance Facilities for Train Sets Phase ii,Railways,Gujarat,250.0,185.02,88.0,0.0,0.0,0,FlashReport_June_2026.pdf
613786,Redevelopment of Ahmedabad railway station and associated infrastructure on,Railways,Gujarat,2379.0,984.21,32.5,0.0,0.0,0,FlashReport_June_2026.pdf
617880,Desalpar-Hajipir-Luna and Vayor-Lakhpat New Line,Railways,Gujarat,2526.47,0.0,0.0,0.0,0.0,0,FlashReport_June_2026.pdf
618972,Devbhumi Dwarka [Okha] - Kanalus Doubling,Railways,Gujarat,1456.77,0.28,0.0,0.0,0.0,0,FlashReport_June_2026.pdf
706757,Modasa-Shamlaji Road Railway Line Project,Road Transport & Highways,Gujarat,262.0,387.82,64.0,0.0,0.0,0,FlashReport_June_2026.pdf
705747,Parasnath-Madhuban-Giridih new line,Railways,Jharkhand,902.86,0.0,0.1,0.0,0.0,0,FlashReport_June_2026.pdf
703585,Yeshvanthpur - Channasandra Doubling Project [21.70 Km],Railways,Karnataka,314.1,173.5,56.8,0.0,117.63,1,FlashReport_June_2026.pdf
705434,New Railway Line between Ginigera and Raichur [165.57 km],Railways,Karnataka,2565.0,2412.11,71.0,0.0,18.32,1,FlashReport_June_2026.pdf
705464,Bangalore-Satyamanglam New Line Project [260 Km] - Part Hejjala - Chamarajanagar,Railways,Karnataka,1382.78,0.0,0.0,0.0,0.0,0,FlashReport_June_2026.pdf
705762,Construction of New BG line between Hassan [Alur] to Belur [ Km 27.34],Infrastructure,Karnataka,748.86,3.64,0.0,0.0,0.0,0,FlashReport_June_2026.pdf
706835,Belgaum-Dharwad via Kittur [73.10Km],Railways,Karnataka,1591.0,0.38,0.0,0.0,0.0,0,FlashReport_June_2026.pdf
705660,Doubling of Katni - Singrauli Railway Line [261 km],Railways,Madhya Pradesh,2445.0,3368.46,81.25,0.0,79.02,1,FlashReport_June_2026.pdf
705763,Indore - Budni New Railway Line [198 kms],Railways,Madhya Pradesh,7474.0,2879.62,41.0,0.0,0.0,0,FlashReport_June_2026.pdf
400019,DHULE [BORVIHIR] - NARDANA NEW LINE [50.60 KMS],Railways,Maharashtra,492.76,560.32,38.0,0.0,137.61,1,FlashReport_June_2026.pdf
400271,Wardha-Nanded Via Yavatmal New BG Line,Railways,Maharashtra,3445.0,3002.93,50.0,0.0,0.0,0,FlashReport_June_2026.pdf
617201,Gondia-Balharshah [Chanda Fort] Doubling [240 Km],Railways,Maharashtra,4373.04,1.79,2.0,0.0,0.0,0,FlashReport_June_2026.pdf
617361,Babupeth - Sasti New Rail Line [13.114 KMs],Railways,Maharashtra,362.81,0.48,0.0,0.0,0.0,0,FlashReport_June_2026.pdf
705799,Nagpur- Nagbhir Railway Line Gauge Conversion Project,Railways,Maharashtra,1400.0,1472.0,80.0,0.0,0.0,0,FlashReport_June_2026.pdf
706779,Mumbai Urban Transport Project [MUTP] - PHASE II,Railways,Maharashtra,8087.0,7559.14,90.0,0.0,0.0,0,FlashReport_June_2026.pdf
706780,Mumbai Urban Transport Project [MUTP] Phase-IIIA,Railways,Maharashtra,33690.0,3854.46,25.0,0.0,0.0,0,FlashReport_June_2026.pdf
706781,Mumbai Urban Transport Project Phase-III,Railways,Maharashtra,10947.0,6880.48,75.0,0.0,0.0,0,FlashReport_June_2026.pdf
705396,Byrnihat-Shillong New Rail Line- 108 km,Railways,Meghalaya,8324.28,266.12,2.04,0.0,0.22,0,FlashReport_June_2026.pdf
617212,Doubling between Mudkhed Medchal & Mahbubnagar Dhone section 417.88 Km,Railways,"Multi-States (Andhra Pradesh, Maharashtra, Telangana)",4686.09,640.06,21.0,0.0,0.0,0,FlashReport_June_2026.pdf
400253,Vizianagaram - Titlagarh 3rd line [272 Km including By - pass line of 7.68 KM],Railways,"Multi-States (Andhra Pradesh, Odisha)",4803.0,6260.17,99.0,0.0,38.87,1,FlashReport_June_2026.pdf
617211,Doubling of Guntur Bibinagar 239 Km,Railways,"Multi-States (Andhra Pradesh, Telangana)",2853.23,357.74,2.6,0.0,0.0,0,FlashReport_June_2026.pdf
705612,Kazipet-Vijayawada 3rd line with electrification [220 km],Railways,"Multi-States (Andhra Pradesh, Telangana)",1953.0,5192.51,95.02,0.0,72.2,1,FlashReport_June_2026.pdf
705794,New Delhi- Howrah Speed Booster[160Kmph] Project,Infrastructure,"Multi-States (Bihar, Delhi, Jharkhand, Uttar Pradesh, West Bengal)",6684.81,127.03,0.0,0.0,0.0,0,FlashReport_June_2026.pdf
618978,Gondia - Dongargarh 4th line [84 Km],Railways,"Multi-States (Chhattisgarh, Maharashtra)",2222.53,0.35,1.0,0.0,0.0,0,FlashReport_June_2026.pdf
617390,Sardega -Bhalumuda New Double line [37.24 Km],Infrastructure,"Multi-States (Chhattisgarh, Odisha)",1281.81,130.14,5.0,0.0,0.0,0,FlashReport_June_2026.pdf
705650,Hospet - Tinaighat - Vasco Rail Doubling Project,Railways,"Multi-States (Goa, Karnataka)",5060.0,5511.03,86.14,0.0,0.0,0,FlashReport_June_2026.pdf
706950,Hospet-Hubli-Vasco da Gama Line Electrification Project,Railways,"Multi-States (Goa, Karnataka)",744.49,1163.32,99.7,0.0,50.79,1,FlashReport_June_2026.pdf
611452,MUMBAI CENTRAL VIRAR VADODARA AHMEDABAAD TRAIN PROTECTION,Railways,"Multi-States (Gujarat, Maharashtra)",311.0,263.42,93.0,0.0,0.0,0,FlashReport_June_2026.pdf
611861,Rewari - Kathuwas Doubling Project [27.72 Km],Railways,"Multi-States (Haryana, Rajasthan)",352.0,342.83,80.0,0.0,0.0,0,FlashReport_June_2026.pdf
705428,Bhanupalli-Bilaspur-Beri New Railway Line Project,Railways,"Multi-States (Himachal Pradesh, Punjab)",13447.0,7781.89,64.0,0.0,0.0,0,FlashReport_June_2026.pdf
617406,RATLAM- DUNGARPUR VIA BANSWARA NEW LINE PROJECT,Railways,"Multi-States (Madhya Pradesh, Rajasthan)",2417.24,7.7,8.0,0.0,0.0,0,FlashReport_June_2026.pdf
705613,Third Line [new] between Kazipet - Balharshah with electrification [201.04 Km],Railways,"Multi-States (Maharashtra, Telangana)",2595.0,4154.83,94.8,0.0,18.34,1,FlashReport_June_2026.pdf
616587,Badampahar-Kendujhargarh new line [82.06 km],Infrastructure,Odisha,1875.72,2.35,0.0,0.0,0.0,0,FlashReport_June_2026.pdf
618995,New Line between Junagarh - Nabarangpur [116.21 Km],Railways,Odisha,2864.51,1.06,0.0,0.0,0.0,0,FlashReport_June_2026.pdf
706898,Khurda Road - Balangir Electrification of Railway Track Project,Road Transport & Highways,Odisha,267.61,0.0,0.0,0.0,0.0,0,FlashReport_June_2026.pdf
709811,GANDHAMARDAN IRON ORE MINES TO GOALDIH STATION/12.76kms,Railways,Odisha,190.0,3.4,5.0,0.0,0.0,0,FlashReport_June_2026.pdf
705362,Jaynagar-Bijalpura  incl. extn. Bet  Bijalpura-Bardibas [Nepal],Railways,Offshore,819.0,580.51,75.0,0.0,0.0,0,FlashReport_June_2026.pdf
617408,NATHDWARA- NATHDWARA TOWN NL,Railways,Rajasthan,166.33,112.55,15.0,0.0,0.0,1,FlashReport_June_2026.pdf
705482,Dholpur - Sirmuttra Gauge Conversion,Railways,Rajasthan,747.0,509.8,49.7,0.0,0.0,1,FlashReport_June_2026.pdf
705912,Sawai Madhopur-Jaipur Railway Line Project,Railways,Rajasthan,1203.89,240.33,19.0,0.0,0.0,0,FlashReport_June_2026.pdf
616856,Doubling between Bhadrachalam Road and Dornakal,Road Transport & Highways,Telangana,770.12,87.94,0.06,0.0,0.0,0,FlashReport_June_2026.pdf
705252,Kazipet Wagon Overhauling Project,Railways,Telangana,385.0,0.0,0.0,0.0,0.0,0,FlashReport_June_2026.pdf
705437,Manoharabad-Kothapalli New Rail Line [151 km],Railways,Telangana,1160.0,3073.41,72.02,0.0,139.74,1,FlashReport_June_2026.pdf
617284,Chunar-Chopan doubling project,Railways,Uttar Pradesh,1423.96,151.57,18.5,0.0,0.0,0,FlashReport_June_2026.pdf
705771,Allahabad-Bamhrauli Flyover Construction & 4th Railway Line Project,Railways,Uttar Pradesh,494.0,410.3,80.0,0.0,0.0,0,FlashReport_June_2026.pdf
705918,Allahabad division - Aligarh - Harduaganj Flyover,Railways,Uttar Pradesh,1457.0,400.19,36.0,0.0,0.0,0,FlashReport_June_2026.pdf
705429,Rishikesh-Karnaprayag New Rail Line- 125 km,Railways,Uttarakhand,38953.0,28828.18,77.5,0.0,0.0,0,FlashReport_June_2026.pdf
400277,Dum Dum Airport-New Garia via Rajarhat-Construction of Metro Railway,Railways,West Bengal,8964.0,8984.66,87.0,0.0,0.0,0,FlashReport_June_2026.pdf
617345,SER Upgradation of maintenance infrastructure at Shalimar into Vande Bharat Chair,Railways,West Bengal,226.87,86.69,50.0,0.0,0.0,0,FlashReport_June_2026.pdf
705730,Joka-BBD Bag new metro project,Railways,West Bengal,4835.0,5098.73,51.0,0.0,114.31,1,FlashReport_June_2026.pdf
706776,Noapara-Barasat via Bimanbandar - Construction of Metro railway [18 km],Railways,West Bengal,4830.0,3350.62,32.2,0.0,0.0,1,FlashReport_June_2026.pdf
706777,Baranagar-Barrackpore and Dakshineshwar- Construction of Metro Railway,Railways,West Bengal,2298.0,429.56,17.0,0.0,18.97,1,FlashReport_June_2026.pdf
617949,Tadipatri Bypass Km 0000 to Km 6285 of 4-Lane on NH-67 in Anantapuramu district,Road Transport & Highways,Andhra Pradesh,159.66,75.64,100.0,0.0,0.0,0,FlashReport_June_2026.pdf
618749,Khammam-Devarapalle Pkg V [4L Access Controlled Greenfield from Gurvaygudem,Road Transport & Highways,Andhra Pradesh,711.94,566.96,100.0,0.0,30.13,1,FlashReport_June_2026.pdf
618033,4-Laning of Itanagar to Bandardewa section of NH-415from km 40430 to km 51735,Road Transport & Highways,Arunachal Pradesh,496.47,171.91,51.37,0.0,0.0,0,FlashReport_June_2026.pdf
618325,Dillai to Lahorijan Package-7,Road Transport & Highways,Assam,204.1,142.21,0.0,0.0,0.0,1,FlashReport_June_2026.pdf
618339,Widening/Improvement to 2-Lane Lane with Paved Shoulder from km 16900 Bogapani,Road Transport & Highways,Assam,356.65,80.08,20.45,0.0,0.0,0,FlashReport_June_2026.pdf
618435,4-Laning from Rangagara to Kaliabor Tiniali from km 297.00 to km 315.315 of NH-37,Road Transport & Highways,Assam,386.51,360.25,97.13,0.0,0.0,0,FlashReport_June_2026.pdf
618439,Construction of Balance Work of 4-Laning of the Section from Jorhat to Jhanji of NH-,Road Transport & Highways,Assam,478.3,0.0,96.79,0.0,0.0,0,FlashReport_June_2026.pdf
618443,Construction of Balance Work of the 4-Laning of the Section from Jorhat to Jhanji of,Road Transport & Highways,Assam,438.44,0.0,95.86,0.0,0.0,0,FlashReport_June_2026.pdf
618444,Construction of Balance Work of the 4-Laning of the Section from Jorhat to Jhanji of,Road Transport & Highways,Assam,279.01,398.54,94.73,0.0,0.0,0,FlashReport_June_2026.pdf
618005,Sheohar-Sitamarhi Section km 40.000 to 79.400 km Lot-I,Road Transport & Highways,Bihar,178.85,0.0,98.65,0.0,55.73,1,FlashReport_June_2026.pdf
618569,Balance work - WB-10 Gandak Bridge Km 402.00 to Km 440.00 Devanpur - Kotwa,Road Transport & Highways,Bihar,210.05,181.96,64.05,0.0,70.58,1,FlashReport_June_2026.pdf
618904,Chhapra - Hajipur from km. 143.200 to km. 209.200,Road Transport & Highways,Bihar,2127.86,526.04,89.81,0.0,2.06,0,FlashReport_June_2026.pdf
618460,Delhi-Vadodara Greenfield Alignment NH-148N Pkg-28 Ch.756052 to Ch.781282,Road Transport & Highways,Gujarat,1263.38,934.98,100.0,0.0,0.28,0,FlashReport_June_2026.pdf
618466,Vadodara Mumbai Expressway Jujuwa - Gandeva from Km. 154.600 to Km. 190.000,Road Transport & Highways,Gujarat,3834.24,197.98,4.85,0.0,0.0,0,FlashReport_June_2026.pdf
618833,Kodinar - Veraval Package VI from km. 221.610 to km. 263.00 of NH-8E & km.,Road Transport & Highways,Gujarat,894.01,730.04,98.79,0.0,26.11,1,FlashReport_June_2026.pdf
619146,Kagvadar - Una Package-IV,Road Transport & Highways,Gujarat,750.53,833.12,97.93,0.0,27.35,1,FlashReport_June_2026.pdf
618051,Rehabilitation and Upgrading of NH-707 OLD 72-B Package - 2 Hewna to Ashyari,Road Transport & Highways,Himachal Pradesh,242.8,145.49,98.38,0.0,0.0,0,FlashReport_June_2026.pdf
618123,Widening and Strengthening/Reconstruction to Two Lane with Paved Shoulder/ Two,Road Transport & Highways,Jharkhand,423.18,5.46,0.01,0.0,0.0,0,FlashReport_June_2026.pdf
618030,Widening to 2 lane with paved shoulder from Km. 103.225 Pattadakal to Km. 133.00,Road Transport & Highways,Karnataka,264.14,3.78,0.0,0.0,0.0,0,FlashReport_June_2026.pdf
617915,Upgradation of Dindori-Sagartola-kabichabutra MP-CG border section of NH -45 from,Road Transport & Highways,Madhya Pradesh,329.14,0.0,100.0,0.0,0.0,0,FlashReport_June_2026.pdf
618175,Rehabilitation and Upgradation of Satana to Mangrul Chandwad Section of NH752 G,Road Transport & Highways,Maharashtra,428.8,0.0,93.46,0.0,0.0,0,FlashReport_June_2026.pdf
618179,Rehabilitation and Upgradation of Shewali phata to Kalambhir section i.e. Km 0443 to,Road Transport & Highways,Maharashtra,181.58,0.0,97.0,0.0,0.0,0,FlashReport_June_2026.pdf
618577,Dwarka Expressway Pkg-III Delhi/HR Border to Start of RoB Gurugram,Road Transport & Highways,"Multi-States (Delhi, Haryana)",2228.26,1759.52,100.0,0.0,3.15,0,FlashReport_June_2026.pdf
619291,4L Poanta SahebMednipur from Km. 435.65 to km. 458.65 of NH-07Pkg-1,Road Transport & Highways,"Multi-States (Himachal Pradesh, Uttarakhand)",524.54,319.77,94.25,0.0,25.31,1,FlashReport_June_2026.pdf
618023,Work of Widening/upgradation of 2-Lane with paved shoulder of Sri Muktsar Sahib to,Road Transport & Highways,Punjab,152.58,0.0,100.0,0.0,0.0,0,FlashReport_June_2026.pdf
618488,Delhi-Amritsar-Katra Expressway Phase-I Pkg-VIII from Junction with Ludhiana-,Road Transport & Highways,Punjab,1895.74,1274.51,31.08,0.0,7.34,1,FlashReport_June_2026.pdf
618490,Delhi-Amritsar-Katra Expressway Phase-I Pkg-X from Jn. with Jalandhar - Moga road,Road Transport & Highways,Punjab,2177.54,1524.23,62.99,0.0,0.0,0,FlashReport_June_2026.pdf
618491,Delhi-Amritsar-Katra Expressway Phase-I Pkg-XI from Junction with Jalandhar -,Road Transport & Highways,Punjab,2175.35,1377.13,43.45,0.0,1.44,1,FlashReport_June_2026.pdf
617887,Beawer Gomti 4LPS from km 58.245 to km 108.600 Pkg-I,Road Transport & Highways,Rajasthan,379.23,206.48,100.0,0.0,0.0,0,FlashReport_June_2026.pdf
619113,4L of Padalur - Trichy section from km. 285.00 to km. 325.00 of NH - 45 Pkg VI-C,Road Transport & Highways,Tamil Nadu,555.8,235.51,100.0,0.0,0.0,0,FlashReport_June_2026.pdf
618558,Improvement of Geometrics of Kalkallu to Gundla Pochanpalli from Km 454.00 to Km,Road Transport & Highways,Telangana,955.49,454.5,36.5,0.0,0.0,0,FlashReport_June_2026.pdf
618559,6L of existing 4L from Gundlapochampally to Bowenpally from km 471.300 to km,Road Transport & Highways,Telangana,521.53,257.31,50.5,0.0,1.28,0,FlashReport_June_2026.pdf
618560,Improvement of Geometrics of Thondupally to Kothur from Km 22.300 to Km 34.14 of,Road Transport & Highways,Telangana,541.58,74.01,17.05,0.0,0.0,0,FlashReport_June_2026.pdf
618165,Construction of 4-lane highway with paved shoulders from Km 49.155 to Km 74.700 of,Road Transport & Highways,Uttar Pradesh,1156.72,0.0,100.0,0.0,0.0,0,FlashReport_June_2026.pdf
618692,Aligarh-Kanpur Pkg I [Aligarh-Bhadwas],Road Transport & Highways,Uttar Pradesh,1226.64,1359.14,100.0,0.0,68.72,1,FlashReport_June_2026.pdf
618910,4L of Purulia Bypass section from Km 84.030 to Km 94.345 of NH-32,Road Transport & Highways,West Bengal,557.55,488.7,94.12,0.0,0.9,0,FlashReport_June_2026.pdf
701406,Rajiv Bhima Lift Irrigation Scheme,Water Resources,Telangana,1402.0,1839.76,100.0,0.0,79.01,1,FlashReport_June_2026.pdf
701395,Morna [Gureghar] Irrigation Project,Water Resources,Uttar Pradesh,219.9,115.2,31.5,0.0,0.0,0,FlashReport_June_2026.pdf
702637,Mumbai Metro Line 3,Railways,Maharashtra,23136.0,35959.97,99.21,0.0,61.12,1,FlashReport_July_2026.pdf
612851,Phase 1B - Construction of Academic Block  Hostel  Residential Tower  Directors,Infrastructure,Delhi,333.49,336.42,100.0,0.0,0.88,0,FlashReport_July_2026.pdf
612894,Construction of Permanent Campus of Central University of Himachal Pradesh at,Infrastructure,Himachal Pradesh,251.98,223.6,86.0,0.0,19.24,1,FlashReport_July_2026.pdf
612877,Establishment of NIT Puducherry Permanent Campus [Phase-I and Phase-II],Education,Puducherry,618.34,543.74,99.5,0.0,0.0,0,FlashReport_July_2026.pdf
709753,Haldia Panagarh Pipeline Project,Petroleum & Natural Gas,West Bengal,1010.0,884.2,98.3,0.0,9.6,0,FlashReport_July_2026.pdf
706965,Establishment of new GMC Saran [Chhapara],Health,Bihar,189.0,113.4,0.0,0.0,0.0,1,FlashReport_July_2026.pdf
706966,Establishment of new GMC Samastipur,Health,Bihar,189.0,113.4,0.0,0.0,0.0,1,FlashReport_July_2026.pdf
707016,Establishment of new GMC Sitamarhi,Health,Bihar,250.0,150.0,0.0,0.0,0.0,0,FlashReport_July_2026.pdf
707017,Establishment of new GMC Jhanjharpur,Health,Bihar,250.0,150.0,0.0,0.0,0.0,0,FlashReport_July_2026.pdf
707018,Establishment of new GMC Siwan,Health,Bihar,250.0,150.0,0.0,0.0,0.0,0,FlashReport_July_2026.pdf
707019,Establishment of new GMC Buxar,Health,Bihar,250.0,150.0,0.0,0.0,0.0,0,FlashReport_July_2026.pdf
707052,Establishment of new GMC Handwara [Distt. Kupwara],Health,Jammu and Kashmir,325.0,173.0,0.0,0.0,0.0,0,FlashReport_July_2026.pdf
707057,Establishment of new GMC Leh,Health,Ladakh,325.0,127.0,0.0,0.0,0.0,0,FlashReport_July_2026.pdf
706988,Establishment of new GMC Gondia,Health,Maharashtra,189.0,113.4,40.14,0.0,0.0,1,FlashReport_July_2026.pdf
706989,Establishment of new GMC West Garo Hills [Tura],Health,Meghalaya,189.0,170.1,0.0,0.0,0.0,1,FlashReport_July_2026.pdf
707067,Establishment of new GMC Mon,Health,Nagaland,325.0,155.0,0.0,0.0,0.0,0,FlashReport_July_2026.pdf
701565,Jal Marg Vikas Project,Water Resources,"Multi-States (Bihar, Jharkhand, Uttar Pradesh, West Bengal)",5369.18,4187.19,85.1,0.0,0.0,0,FlashReport_July_2026.pdf
611927,Kurnool - Setting up facilities for coach midlife rehabilitation workshop,Infrastructure,Andhra Pradesh,560.72,276.66,65.0,0.0,0.0,0,FlashReport_July_2026.pdf
705253,Kurnool Coach Midlife Rehabilitation Project,Railways,Andhra Pradesh,563.0,959.27,75.01,0.0,0.0,0,FlashReport_July_2026.pdf
705450,Jogbani-Biratnagar New Rail Line project,Railways,Bihar,402.0,369.48,86.5,0.0,20.9,1,FlashReport_July_2026.pdf
706759,Rampur Dumra-Tal-Rajendrapul - Addl bridge and doubling 14 km,Infrastructure,Bihar,2373.64,2028.18,95.0,0.0,6.8,0,FlashReport_July_2026.pdf
400220,Kharsia-Dharamjaygarh with Spur line [East Corridor-Phase 1],Railways,Chhattisgarh,3055.0,2790.19,95.15,0.0,24.32,1,FlashReport_July_2026.pdf
602792,Gauge Conversion of Kendri-Dhamtari including Abhanpur - Rajim Branch line 67.20,Infrastructure,Chhattisgarh,1171.0,448.77,100.0,0.0,0.0,0,FlashReport_July_2026.pdf
705433,Dallirajhra- Rowghat New Railway Line - Phase I [95 km],Railways,Chhattisgarh,1628.0,1440.85,82.0,0.0,0.0,0,FlashReport_July_2026.pdf
705444,Gevra Road-Pendra Road New Railway Line [135 km],Road Transport & Highways,Chhattisgarh,4970.0,5327.55,83.36,0.0,49.87,1,FlashReport_July_2026.pdf
616983,Kosamba Umarpada GC PROJECT,Railways,Gujarat,467.58,70.54,16.0,0.0,0.0,0,FlashReport_July_2026.pdf
706837,Pradhan Kuntha Jn Line Doubling Project,Railways,Jharkhand,349.22,145.57,72.0,0.0,0.0,0,FlashReport_July_2026.pdf
400023,Construction of New BG line between Hassan to Belur [27 Km],Railways,Karnataka,749.0,3.43,0.5,0.0,0.0,0,FlashReport_July_2026.pdf
705496,Tumkur-Chitradurg-Davangere 199.7 km,Infrastructure,Karnataka,1876.0,676.71,22.0,0.0,0.0,0,FlashReport_July_2026.pdf
705941,Bangalore Suburban Railway Project,Railways,Karnataka,15767.0,3277.99,20.02,0.0,0.0,0,FlashReport_July_2026.pdf
613015,Redevelopment of Chhatrapati Shivaji Maharaj Terminus [CSMT] and construction of,Railways,Maharashtra,1813.0,873.99,25.0,0.0,0.0,0,FlashReport_July_2026.pdf
705497,Wardha - Yavatmal Nanded Railway Line Project,Railways,Maharashtra,3445.34,4053.03,47.0,0.0,16.99,1,FlashReport_July_2026.pdf
705506,3rd Line Manmad - Jalgaon [160 Kilometres],Railways,Maharashtra,1035.16,1843.54,100.0,0.0,80.65,1,FlashReport_July_2026.pdf
705494,Rayadurg-Tumkur via Kalyandurg 213 km,Infrastructure,"Multi-States (Andhra Pradesh, Karnataka)",2496.0,1906.63,65.0,0.0,84.78,1,FlashReport_July_2026.pdf
400275,Tindivanam-Nagari 179.2 km,Infrastructure,"Multi-States (Andhra Pradesh, Tamil Nadu)",3631.0,1175.82,16.0,0.0,0.01,0,FlashReport_July_2026.pdf
705394,Teteliya-Byrnihat 21.5 km,Infrastructure,"Multi-States (Assam, Meghalaya)",1304.62,1272.35,87.0,0.0,9.77,0,FlashReport_July_2026.pdf
611669,NER Provision of Automatic Block Signalling on Gorakhpur Cantt[Excl] Chhapra,Railways,"Multi-States (Bihar, Uttar Pradesh)",380.47,258.65,25.0,0.0,0.0,1,FlashReport_July_2026.pdf
705728,Mumbai-Ahmedabad High Speed Rail Project- 508 km,Railways,"Multi-States (Dadra & Nagar Haveli and Daman & Diu, Gujarat, Maharashtra)",108000.0,90966.89,62.16,0.0,0.0,0,FlashReport_July_2026.pdf
705793,Raising of speed to 160 kmph/200 kmph on existing New Delhi-Mumbai route incl.,Infrastructure,"Multi-States (Delhi, Gujarat, Madhya Pradesh, Maharashtra, Rajasthan)",6806.44,9480.86,66.32,0.0,18.93,1,FlashReport_July_2026.pdf
705237,Western Dedicated Freight Corridor,Infrastructure,"Multi-States (Gujarat, Haryana, Maharashtra, Rajasthan, Uttar Pradesh)",51101.0,124623.0,96.0,0.0,142.67,1,FlashReport_July_2026.pdf
616842,LUNI- SAMDARI- BHILDI DOUBLING,Railways,"Multi-States (Gujarat, Rajasthan)",3085.59,962.77,36.0,0.0,0.0,0,FlashReport_July_2026.pdf
705608,Jhansi-Khairar-Manikpur & Khirar-Bhimsen,Railways,"Multi-States (Madhya Pradesh, Uttar Pradesh)",4330.0,3102.72,73.0,0.0,0.0,0,FlashReport_July_2026.pdf
705432,Sivok-Rangpo New Rail Line,Railways,"Multi-States (Sikkim, West Bengal)",7877.0,11090.47,80.0,0.0,49.49,1,FlashReport_July_2026.pdf
400006,Jharsuguda-Barpali-Sardega Ph II Works- Rail Connectivity for Coal Loading Bulb at,Railways,Odisha,808.99,743.46,44.0,0.0,0.0,1,FlashReport_July_2026.pdf
400045,Proposed 6 nos Road Over Bridge [ROB] at different locations under MCL Talcher,Road Transport & Highways,Odisha,168.32,69.85,82.0,0.0,0.0,0,FlashReport_July_2026.pdf
400047,Doubling of Lingaraj SILO connectivity of NTPC line and augmentation of NTPC,Railways,Odisha,210.0,41.17,53.0,0.0,0.0,0,FlashReport_July_2026.pdf
400048,Doubling of lines connecting the loading spurs in Talcher Yard.,Railways,Odisha,186.21,105.07,88.0,0.0,0.0,0,FlashReport_July_2026.pdf
705514,Jarapaada-Budhapank with flyover at Talcher Road - 3rd & 4th line 47 44 km,Road Transport & Highways,Odisha,1000.0,758.57,25.0,0.0,0.0,1,FlashReport_July_2026.pdf
705298,North Region Video Surveillance Project,Infrastructure,PAN India,274.39,0.0,48.0,0.0,0.0,0,FlashReport_July_2026.pdf
607653,Ludhiana Mullanpur 21Km Doubling Railway project,Railways,Punjab,234.78,61.39,99.0,0.0,0.0,0,FlashReport_July_2026.pdf
611929,Maintenance cum workshop depot for Vande Bharat Sleeper Trains as per conditions,Infrastructure,Rajasthan,166.86,0.0,0.0,0.0,0.0,0,FlashReport_July_2026.pdf
617403,SADULPUR - CHURU DOUBLING PROJECT,Railways,Rajasthan,468.64,197.84,95.0,0.0,0.0,0,FlashReport_July_2026.pdf
705919,Agra Fort-Bandikui Doubling Line Project,Infrastructure,Rajasthan,1390.0,529.92,56.0,0.0,0.0,0,FlashReport_July_2026.pdf
400280,Phase II extension of MRTS from Velachery to St Thomas Mount,Railways,Tamil Nadu,734.0,486.53,99.9,0.0,0.0,0,FlashReport_July_2026.pdf
613002,Redevelopment of Chennai Egmore Station,Railways,Tamil Nadu,842.0,340.0,0.0,0.0,0.0,0,FlashReport_July_2026.pdf
705244,Coach Production Factory Upgradation Project,Infrastructure,Tamil Nadu,520.0,192.25,0.0,0.0,0.0,0,FlashReport_July_2026.pdf
617409,Railway Manufacturing Unit,Railways,Telangana,521.36,492.12,91.0,0.0,0.0,0,FlashReport_July_2026.pdf
705774,Aligarh-Daud Khan - 3rd line 6.9 km & construction of flyover at Daud Khan,Infrastructure,Uttar Pradesh,758.0,395.24,87.0,0.0,2.84,0,FlashReport_July_2026.pdf
400273,Tarakeswar-Bishnupur with extension upto Dhaniakhali  Arambagh-Irphala  Irphala-,Infrastructure,West Bengal,1189.0,1607.64,75.0,0.0,58.02,1,FlashReport_July_2026.pdf
612096,Construction of Balurghat-Hilli new BG Line,Railways,West Bengal,1209.0,518.15,18.0,0.0,0.0,0,FlashReport_July_2026.pdf
618526,6L of Gundugolanu Design km 1023.280 to Kalaparru Design km 1050.680 of NH-5,Road Transport & Highways,Andhra Pradesh,665.59,643.95,95.73,0.0,0.0,0,FlashReport_July_2026.pdf
618454,Earthwork in Formation  Road Work  Construction of Bridges  Blanketing  P. Way,Road Transport & Highways,Assam,693.97,40.17,93.23,0.0,0.0,0,FlashReport_July_2026.pdf
618455,Development of External Trunk Connectivity and Internal Infrastructure Works at Multi,Road Transport & Highways,Assam,693.97,308.85,100.0,0.0,0.0,0,FlashReport_July_2026.pdf
619090,8L of Dwarka Expressway Pkg-II RuB near Dwarka Sector 21-DL/HR Border from,Road Transport & Highways,Delhi,2067.67,2381.53,100.0,0.0,29.14,1,FlashReport_July_2026.pdf
618503,Ahmedabad - Dholera Pkg III from km. 48.52 to km. 71.06 [Vejallka Village - Start of,Road Transport & Highways,Gujarat,1034.04,1125.55,100.0,0.0,11.74,1,FlashReport_July_2026.pdf
618504,Ahmedabad - Dholera Pkg IV from km. 71.06 to km. 109.019 [Start of DSIR zone -,Road Transport & Highways,Gujarat,1181.76,1222.79,98.08,0.0,14.98,1,FlashReport_July_2026.pdf
618000,Widening to 2-Lane with Paved Shoulders from Km 116.800 to 149.070Design,Road Transport & Highways,Karnataka,170.34,111.33,100.0,0.0,0.0,0,FlashReport_July_2026.pdf
618188,Rehabilitation and Up-gradation to 2 lane with paved shoulder configuration of Mahud,Road Transport & Highways,Maharashtra,253.78,98.95,100.0,0.0,0.0,0,FlashReport_July_2026.pdf
618337,Widening to 2 -Lane with Paved shoulder of Imphal to Jiribam section of NH-37 from,Road Transport & Highways,Manipur,467.0,593.79,86.33,0.0,0.0,0,FlashReport_July_2026.pdf
618347,Widening to 2-lane with Hard shoulder of Churachandpur to Tuivai Section of NH-,Road Transport & Highways,Manipur,241.52,164.85,100.0,0.0,0.0,0,FlashReport_July_2026.pdf
618380,Widening and Up-gradation to 2- Lane with Paved Shoulder Configuration and,Road Transport & Highways,Mizoram,867.09,525.13,97.51,0.0,0.0,0,FlashReport_July_2026.pdf
618072,Widening to Existing single lane /intermediate lane to 2 lane from Km185.00 to Km,Road Transport & Highways,Nagaland,297.25,155.15,100.0,0.0,0.0,0,FlashReport_July_2026.pdf
618680,6L Greenfield Kandili - Aluru Section of NH-130-CD Road from km 342500 to km,Road Transport & Highways,Odisha,1492.74,1088.96,99.9,0.0,28.14,1,FlashReport_July_2026.pdf
619157,4 Laning of Talcher to end of Kamakhyanagar Bypass km 8.844 - km 15.725 of NH-,Road Transport & Highways,Odisha,795.18,715.74,99.0,0.0,1.95,0,FlashReport_July_2026.pdf
617995,Widening to Two Lane with Paved Shoulders from Km 67.000 to Km 114.425 of,Road Transport & Highways,Telangana,300.0,175.12,99.2,0.0,0.0,0,FlashReport_July_2026.pdf
619165,Thanamcherla-Jamandlapally 2LPS,Road Transport & Highways,Telangana,177.18,8.3,100.0,0.0,0.0,0,FlashReport_July_2026.pdf
618240,Rehabilitation and upgradation to 2-lane with paved sholuders configuration of Bewar-,Road Transport & Highways,Uttar Pradesh,236.47,0.0,100.0,0.0,0.0,0,FlashReport_July_2026.pdf
618883,Construction of Four Lane Highway form Ghazipur- Ballia-UP/Bihar State Border,Road Transport & Highways,Uttar Pradesh,1706.47,1447.58,100.0,0.0,0.0,0,FlashReport_July_2026.pdf
618893,Varanasi Gorakhpur Section Packege IV from km. 149.540 to km. 215.160 Mau-,Road Transport & Highways,Uttar Pradesh,2966.63,3455.15,97.35,0.0,17.16,1,FlashReport_July_2026.pdf
619162,4L of Najibabad Bypass from Km. 105.423 to Km. 118.373 excluding 2.45 Km. of NH-,Road Transport & Highways,Uttar Pradesh,578.02,440.93,100.0,0.0,0.0,0,FlashReport_July_2026.pdf
618393,Construction for Mitigation Measures of 10 Nos. Landslides  01 No. Sinking Zones,Road Transport & Highways,Uttarakhand,216.68,117.83,99.97,0.0,0.0,0,FlashReport_July_2026.pdf
612786,Construction of New Domestic Terminal Building Building and miscellaneous works,Aviation,Andhra Pradesh,265.91,186.36,83.0,0.0,0.0,0,FlashReport_August_2026.pdf
701107,Construction of New Integrated Terminal Building and associated works including,Aviation,Andhra Pradesh,611.8,600.58,91.2,0.0,0.0,0,FlashReport_August_2026.pdf
701121,Construction of New Domestic Terminal Building at Rajahmundry Airport.,Aviation,Andhra Pradesh,347.15,190.89,97.0,0.0,0.0,0,FlashReport_August_2026.pdf
706724,Guwahati Airport New Integrated Terminal Building Construction Project,Aviation,Assam,0.0,0.0,99.5,0.0,0.0,0,FlashReport_August_2026.pdf
612183,Development of New Civil Enclave at Bihta,Aviation,Bihar,0.0,19.44,4.48,0.0,0.0,0,FlashReport_August_2026.pdf
612194,Development of New Civil Enclave and associated works at Darbhanga Airport,Aviation,Bihar,911.66,453.47,72.6,0.0,0.0,0,FlashReport_August_2026.pdf
701101,Construction of New Domestic Terminal Building [Phase-I and II] and other allied,Aviation,Bihar,0.0,0.0,99.35,0.0,0.0,0,FlashReport_August_2026.pdf
619054,Development of Keshod Airport.,Aviation,Gujarat,363.1,109.27,48.76,0.0,0.0,0,FlashReport_August_2026.pdf
701126,Development of Dholera International Greenfield Airport   Gujarat,Aviation,Gujarat,0.0,987.56,89.0,0.0,0.0,0,FlashReport_August_2026.pdf
611047,Construction of NTB complex including apron  taxi track and other associated civil,Aviation,Jammu and Kashmir,861.37,388.13,61.35,0.0,0.0,0,FlashReport_August_2026.pdf
612787,Construction of New Domestic Terminal Building and Miscellaneous works at Hubli,Aviation,Karnataka,320.47,169.11,91.75,0.0,0.0,0,FlashReport_August_2026.pdf
612788,Construction of New Domestic Terminal Building and Miscellaneous Works at,Aviation,Karnataka,322.45,242.16,98.0,0.0,0.0,0,FlashReport_August_2026.pdf
612789,Development of additional RESA on either end on Runway 10-28 at Calicut Airport.,Aviation,Kerala,484.57,246.96,66.14,0.0,0.0,0,FlashReport_August_2026.pdf
400010,Construction of Terminal Building & Associated works at Leh Airport  Ladakh,Aviation,Ladakh,480.0,524.37,93.0,0.0,0.0,0,FlashReport_August_2026.pdf
706718,C/o NITB Imphal Airport,Aviation,Manipur,499.0,215.1,53.69,0.0,0.0,0,FlashReport_August_2026.pdf
611570,SITC of ATM Automation System and ASMGCS [Including SMR & MLAT] for Mumbai ,Aviation,"Multi-States (Karnataka, Maharashtra, Telangana, Uttar Pradesh)",500.48,399.77,80.0,0.0,0.0,0,FlashReport_August_2026.pdf
618977,Development of New Greenfield Airport at Bundi  Kota Rajasthan.,Aviation,Rajasthan,0.0,99.47,13.8,0.0,0.0,0,FlashReport_August_2026.pdf
701127,Construction of New Passenger Terminal Building for Domestic Operations at Jodhpur,Aviation,Rajasthan,480.0,348.23,100.0,0.0,0.0,0,FlashReport_August_2026.pdf
701128,Construction of New Integrated Passenger Terminal Building at Udaipur Airport,Aviation,Rajasthan,887.0,588.79,83.71,0.0,0.0,0,FlashReport_August_2026.pdf
612793,Widening of basic strip at Western Side of Runway Chainage 80m to 920m i/c slope,Water Resources,Sikkim,323.26,87.61,36.14,0.0,0.0,0,FlashReport_August_2026.pdf
432726,Construction of 8 Nos. RETs for Runway 07-25  3 nos. RETs for Runway 12-30 ,Aviation,Tamil Nadu,480.06,9.68,3.6,0.0,0.0,0,FlashReport_August_2026.pdf
611602,Modernization of Chennai Airport  Phase II  Part 2,Aviation,Tamil Nadu,0.0,368.1,49.5,0.0,0.0,0,FlashReport_August_2026.pdf
701113,Development of Lal Bahadur Shastri International airport  Varanasi including C/o New,Aviation,Uttar Pradesh,0.0,812.14,35.0,0.0,0.0,0,FlashReport_August_2026.pdf
701122,Development of New Integrated Civil Enclave at Agra Airport,Aviation,Uttar Pradesh,579.0,245.81,46.24,0.0,0.0,0,FlashReport_August_2026.pdf
611495,Development of New Civil Enclave at Bagdogra Airport,Aviation,West Bengal,0.0,570.75,29.27,0.0,0.0,0,FlashReport_August_2026.pdf
612791,Re-Construction of Rigid portions of Secondary Runway  K and A Taxiway and,Aviation,West Bengal,328.3,153.75,73.9,0.0,0.0,0,FlashReport_August_2026.pdf
615820,TIKAK EXTENSION OCP,Infrastructure,Assam,159.77,112.79,89.73,0.0,0.0,0,FlashReport_August_2026.pdf
615821,TIRAP OCP,Infrastructure,Assam,289.46,105.66,5.0,0.0,0.0,0,FlashReport_August_2026.pdf
400144,PORDA CHIMTAPANI OCP [10 MTY],Coal,Chhattisgarh,0.0,119.2,11.81,0.0,0.0,0,FlashReport_August_2026.pdf
400149,BAROUD OC EXPANSION [3.0-10.0M,Coal,Chhattisgarh,0.0,0.0,55.95,0.0,0.0,0,FlashReport_August_2026.pdf
400354,DIPKA EXPANSION OCP [40 MTY],Coal,Chhattisgarh,0.0,0.0,39.34,0.0,0.0,0,FlashReport_August_2026.pdf
400424,GEVRA OC [70 MTY],Coal,Chhattisgarh,0.0,0.0,78.48,0.0,0.0,0,FlashReport_August_2026.pdf
613798,AMERA OC RCE [1.0 MTY],Coal,Chhattisgarh,335.97,91.95,42.47,0.0,0.0,0,FlashReport_August_2026.pdf
613799,AMGAON OC RCE [1.0 MTY],Coal,Chhattisgarh,316.11,193.0,78.86,0.0,0.0,0,FlashReport_August_2026.pdf
613800,JAGANNATHPUR OC RCE PROJECT,Coal,Chhattisgarh,459.49,280.03,96.15,0.0,0.0,0,FlashReport_August_2026.pdf
613801,MAHAMAYA OCP [1.50 MTY],Coal,Chhattisgarh,410.26,188.9,54.6,0.0,0.0,0,FlashReport_August_2026.pdf
615191,KATKONA RO UG MINE,Coal,Chhattisgarh,329.21,62.01,2.01,0.0,0.0,0,FlashReport_August_2026.pdf
616234,PELMA OC MDO,Coal,Chhattisgarh,0.0,16.71,23.75,0.0,0.0,0,FlashReport_August_2026.pdf
617287,KUSMUNDA OC EXPANSION PROJECT,Coal,Chhattisgarh,0.0,847.62,23.85,0.0,0.0,0,FlashReport_August_2026.pdf
617288,MANIKPUR OC EXPANSION PROJECT,Coal,Chhattisgarh,382.61,139.04,21.29,0.0,0.0,0,FlashReport_August_2026.pdf
619171,RPR FOR DURGAPUR OCP 10 MTY,Coal,Chhattisgarh,0.0,5.36,0.01,0.0,0.0,0,FlashReport_August_2026.pdf
619172,MADANNAGAR OCP 12 MTY - MDO,Coal,Chhattisgarh,0.0,1.53,0.0,0.0,0.0,0,FlashReport_August_2026.pdf
400018,HURA C OCP,Coal,Jharkhand,859.41,457.91,63.3,0.0,0.0,0,FlashReport_August_2026.pdf
400073,KONAR EXPANSION OCP,Coal,Jharkhand,674.65,175.59,51.05,0.0,0.0,0,FlashReport_August_2026.pdf
400074,KARO EXPANSION OCP,Coal,Jharkhand,849.31,213.82,23.32,0.0,0.0,0,FlashReport_August_2026.pdf
400136,SANGHMITRA OC,Coal,Jharkhand,0.0,17.34,16.77,0.0,0.0,0,FlashReport_August_2026.pdf
400138,CHANDRAGUPT OCP,Coal,Jharkhand,973.5,440.75,25.11,0.0,0.0,0,FlashReport_August_2026.pdf
400139,KOTRE BASANTPUR PACHMO OCP,Coal,Jharkhand,625.4,456.48,46.09,0.0,0.0,1,FlashReport_August_2026.pdf
400142,Pachwara South Coal Block,Coal,Jharkhand,0.0,0.0,87.0,0.0,0.0,0,FlashReport_August_2026.pdf
400150,RPR MAGADH EXP OCP,Coal,Jharkhand,0.0,0.0,39.48,0.0,0.0,0,FlashReport_August_2026.pdf
400151,NORTH URIMARI EXPANSION OCP,Coal,Jharkhand,634.3,598.45,69.08,0.0,0.0,0,FlashReport_August_2026.pdf
400153,EPR ROHINI - KARKETTA OCP,Coal,Jharkhand,995.57,85.34,24.21,0.0,0.0,0,FlashReport_August_2026.pdf
400154,EPR PUNDI OCP,Coal,Jharkhand,639.6,14.78,11.24,0.0,0.0,0,FlashReport_August_2026.pdf
400155,EPR ASHOK OC,Coal,Jharkhand,0.0,186.02,27.96,0.0,0.0,0,FlashReport_August_2026.pdf
400156,EPR AMRAPALI OCP,Coal,Jharkhand,0.0,0.0,43.78,0.0,0.0,0,FlashReport_August_2026.pdf
400160,RAJRAPPA RCE OCP,Coal,Jharkhand,510.85,488.71,75.78,0.0,0.0,0,FlashReport_August_2026.pdf
400172,CHITRA EAST OC,Coal,Jharkhand,513.99,276.49,53.03,0.0,0.0,0,FlashReport_August_2026.pdf
400352,JHARKHAND-LAIYO OCP,Coal,Jharkhand,654.87,26.54,32.63,0.0,0.0,0,FlashReport_August_2026.pdf
400425,MOONIDIH XV SEAM UG,Coal,Jharkhand,0.0,813.42,85.33,0.0,0.0,0,FlashReport_August_2026.pdf
611864,AMALAGAMATED NTST KUJAMA OCP 8,Coal,Jharkhand,0.0,449.34,31.64,0.0,0.0,0,FlashReport_August_2026.pdf
613808,MURAIDIH UG PROJECT,Coal,Jharkhand,339.87,191.49,70.47,0.0,0.0,0,FlashReport_August_2026.pdf
615349,TAPIN SOUTH EXPN,Coal,Jharkhand,230.41,22.02,24.19,0.0,0.0,0,FlashReport_August_2026.pdf
615822,SIRKA OC,Coal,Jharkhand,183.18,89.92,56.92,0.0,0.0,0,FlashReport_August_2026.pdf
615843,TETARIAKHAR OC,Coal,Jharkhand,232.64,51.07,30.17,0.0,0.0,0,FlashReport_August_2026.pdf
616225,CHUPERBHITA SIMLONG OCP MDO 6,Coal,Jharkhand,979.08,0.0,0.05,0.0,0.0,0,FlashReport_August_2026.pdf
616236,JARANGDIH EXPN. OCP 1.5 MTY,Coal,Jharkhand,372.06,85.6,33.1,0.0,0.0,0,FlashReport_August_2026.pdf
616253,BLOCK E OCP,Coal,Jharkhand,0.0,20.32,4.56,0.0,0.0,0,FlashReport_August_2026.pdf
617416,Revised Jharia Master Plan for Dealing with Fire  Subsidence & Rehabilitation of,Coal,Jharkhand,0.0,520.75,34.0,0.0,0.0,0,FlashReport_August_2026.pdf
617764,North Dhadu Western Part OCP,Coal,Jharkhand,0.0,235.29,40.0,0.0,0.0,0,FlashReport_August_2026.pdf
400148,AMADAND OCP[4.0MTY],Coal,Madhya Pradesh,869.44,333.43,75.15,0.0,0.0,0,FlashReport_August_2026.pdf
400162,BLOCK B EXPANSION [3.5 TO 8.0,Coal,Madhya Pradesh,998.71,548.84,51.53,0.0,0.0,0,FlashReport_August_2026.pdf
400321,NIGAHI EXPANSION [15 TO 25 MTP,Coal,Madhya Pradesh,0.0,0.0,53.74,0.0,0.0,0,FlashReport_August_2026.pdf
540543,RPR OF TAWA III UG MINE - 0.84,Coal,Madhya Pradesh,374.18,0.0,0.01,0.0,0.0,0,FlashReport_August_2026.pdf
613802,KANCHAN OC EXP,Coal,Madhya Pradesh,371.04,153.4,58.2,0.0,0.0,0,FlashReport_August_2026.pdf
613803,JHIRIA WEST OCP [1.5 MTY],Coal,Madhya Pradesh,366.94,37.82,41.29,0.0,0.0,0,FlashReport_August_2026.pdf
613804,RPR TAWA-III UG 0.84 MTY,Coal,Madhya Pradesh,314.09,17.61,17.78,0.0,0.0,0,FlashReport_August_2026.pdf
615185,AMALGAMATED DHANKASA & JAMUNIA,Coal,Madhya Pradesh,399.2,109.67,67.13,0.0,0.0,0,FlashReport_August_2026.pdf
615187,RPR OF VISHNUPURI UG TO OC,Coal,Madhya Pradesh,220.62,0.0,11.2,0.0,0.0,0,FlashReport_August_2026.pdf
615194,URDHAN EXPANSION OC COST PLUS,Coal,Madhya Pradesh,206.88,27.79,2.02,0.0,0.0,0,FlashReport_August_2026.pdf
615195,SHARDA UG MINE,Coal,Madhya Pradesh,166.25,5.27,9.39,0.0,0.0,0,FlashReport_August_2026.pdf
615206,GANDHIGRAM UG MINE,Coal,Madhya Pradesh,414.15,22.19,56.88,0.0,0.0,0,FlashReport_August_2026.pdf
619032,JAYANT EXPN. [20 TO 38 MTPA],Coal,Madhya Pradesh,0.0,425.01,2.63,0.0,0.0,0,FlashReport_August_2026.pdf
619053,RPR FOR RAMPUR BATURA OCP,Coal,Madhya Pradesh,0.0,75.35,0.3,0.0,0.0,0,FlashReport_August_2026.pdf
400033,BHATADI EXPANSION OC,Coal,Maharashtra,580.61,112.17,36.38,0.0,0.0,0,FlashReport_August_2026.pdf
400177,AMALGAMATED YEKONA I & YEKONA,Coal,Maharashtra,727.28,564.42,80.77,0.0,0.0,0,FlashReport_August_2026.pdf
400178,DINESH[MAKARDHOKRA-III] OC,Coal,Maharashtra,822.88,661.7,40.63,0.0,0.0,1,FlashReport_August_2026.pdf
400353,DHUPTALA OC [SASTI UG TO OC ],Coal,Maharashtra,711.01,174.74,19.02,0.0,0.0,0,FlashReport_August_2026.pdf
615184,SAONER UG MINE -1 EXPANSION 1.,Coal,Maharashtra,228.64,160.53,70.08,0.0,0.0,0,FlashReport_August_2026.pdf
615186,SASTI EXPANSION OPENCAST,Coal,Maharashtra,319.04,114.9,32.33,0.0,0.0,0,FlashReport_August_2026.pdf
615188,NEW MAJRI UG TO OC 3 MTY COST,Coal,Maharashtra,402.27,68.74,24.17,0.0,0.0,0,FlashReport_August_2026.pdf
615189,MAKARDHOKRA EXPN OC 4.9 MTY,Coal,Maharashtra,361.87,115.46,12.2,0.0,0.0,0,FlashReport_August_2026.pdf
615190,SINGHORI DEEP OC MIN 2.0 MTY,Coal,Maharashtra,335.75,54.91,9.64,0.0,0.0,0,FlashReport_August_2026.pdf
615192,GOKUL EXTENSION OC MINE,Coal,Maharashtra,309.58,58.86,8.44,0.0,0.0,0,FlashReport_August_2026.pdf
615199,KOLGAON EXPANSION DEEP OC MINE,Coal,Maharashtra,198.71,26.84,8.0,0.0,0.0,0,FlashReport_August_2026.pdf
615330,BALLARPUR NORTH WEST OC MINE,Coal,Maharashtra,360.81,35.58,5.34,0.0,0.0,0,FlashReport_August_2026.pdf
615331,GADEGAON OC 3 MTY,Coal,Maharashtra,497.41,101.95,7.95,0.0,0.0,0,FlashReport_August_2026.pdf
615914,GHONSA EXPANSION DEEP OC MINE,Coal,Maharashtra,184.71,15.72,13.03,0.0,0.0,0,FlashReport_August_2026.pdf
615916,AMLG GAURI PAUNI EXPANSION OC,Coal,Maharashtra,0.0,96.19,4.21,0.0,0.0,0,FlashReport_August_2026.pdf
615917,GAURIDEEP/GAURI CENTRAL OCP 7.,Coal,Maharashtra,973.07,1.54,2.31,0.0,0.0,0,FlashReport_August_2026.pdf
615918,RPR OF BHANEGAON OC,Coal,Maharashtra,405.2,38.51,16.74,0.0,0.0,0,FlashReport_August_2026.pdf
615919,N. EXTN. MUNGOLI NIRGUDA D OCP,Coal,Maharashtra,0.0,221.04,27.92,0.0,0.0,0,FlashReport_August_2026.pdf
615982,NILJAI EXPANSION DEEP OCP,Coal,Maharashtra,319.75,197.75,79.83,0.0,0.0,0,FlashReport_August_2026.pdf
616044,UKNI DEEP OC MINE -COST PLUS,Coal,Maharashtra,237.06,172.53,94.61,0.0,0.0,0,FlashReport_August_2026.pdf
616050,AMALGAMATED INDER-KAMPTEE DEEP,Coal,Maharashtra,235.9,130.67,98.97,0.0,0.0,0,FlashReport_August_2026.pdf
616223,ADASA UG TO OC MINE,Coal,Maharashtra,316.0,209.29,87.02,0.0,0.0,0,FlashReport_August_2026.pdf
616229,AMAL GONDEGAON GHATROHANA EXPN,Coal,Maharashtra,668.54,2.95,2.55,0.0,0.0,0,FlashReport_August_2026.pdf
617233,WAGHODA UG MINE [1.02 MTY],Coal,Maharashtra,379.3,0.0,0.11,0.0,0.0,0,FlashReport_August_2026.pdf
617278,KOLARPIMPRI EXPANSION OC [2.5,Coal,Maharashtra,630.37,0.61,0.44,0.0,0.0,0,FlashReport_August_2026.pdf
619055,SAONER-III EXPN UG MINE 1.54,Coal,Maharashtra,444.42,0.0,0.03,0.0,0.0,0,FlashReport_August_2026.pdf
400369,BINA KAKRI AMALGAMATION EXPANS,Coal,"Multi-States (Madhya Pradesh, Uttar Pradesh)",836.42,840.16,92.25,0.0,0.0,0,FlashReport_August_2026.pdf
615183,KHADIA EXPANSION [10 TO 16 MTP,Coal,"Multi-States (Madhya Pradesh, Uttar Pradesh)",491.67,276.39,58.23,0.0,0.0,0,FlashReport_August_2026.pdf
400165,SUBHADRA OCP,Coal,Odisha,0.0,0.0,46.78,0.0,0.0,0,FlashReport_August_2026.pdf
400166,SIARMAL OCP,Coal,Odisha,0.0,0.0,61.91,0.0,0.0,0,FlashReport_August_2026.pdf
400183,BALARAM EXPANSION OCP,Coal,Odisha,0.0,964.2,64.76,0.0,0.0,0,FlashReport_August_2026.pdf
400185,GOPALJI KANIHA OCP [10 TO 30 M,Coal,Odisha,0.0,0.0,36.01,0.0,0.0,0,FlashReport_August_2026.pdf
400187,INTEGRATED LAKHANPUR-BELPAHAR-,Coal,Odisha,0.0,0.0,83.3,0.0,0.0,0,FlashReport_August_2026.pdf
400392,BHARATPUR RE-ORGANIZATION OCP,Coal,Odisha,0.0,0.0,53.54,0.0,0.0,0,FlashReport_August_2026.pdf
615857,Naini Coal Mine,Coal,Odisha,494.3,491.33,80.0,0.0,0.0,0,FlashReport_August_2026.pdf
616226,INTEGRATED KULDA GARJANBAHAL O,Coal,Odisha,0.0,693.62,10.43,0.0,0.0,0,FlashReport_August_2026.pdf
616231,BHUBANESWARI EXPN OCP 50 MTY,Coal,Odisha,0.0,478.44,34.36,0.0,0.0,0,FlashReport_August_2026.pdf
616232,HINGULA II OC EXPN PH III 15 M,Coal,Odisha,0.0,284.32,33.89,0.0,0.0,0,FlashReport_August_2026.pdf
616233,BALABHADRA OCP,Coal,Odisha,978.44,253.17,19.48,0.0,0.0,0,FlashReport_August_2026.pdf
618982,Talabira II & III OCP - FMC,Coal,Odisha,522.45,334.44,74.8,0.0,0.0,0,FlashReport_August_2026.pdf
615818,Jawahar Khani Open Cast Mine,Coal,Telangana,297.88,50.39,20.0,0.0,0.0,0,FlashReport_August_2026.pdf
615858,Kalyanikhani Opencast Project,Coal,Telangana,384.32,304.46,77.0,0.0,0.0,0,FlashReport_August_2026.pdf
615860,Godavarikhani Coal Mine - 5,Coal,Telangana,607.04,201.0,71.0,0.0,0.0,0,FlashReport_August_2026.pdf
615861,Indaram Opencast Project,Coal,Telangana,424.81,409.12,81.0,0.0,0.0,0,FlashReport_August_2026.pdf
615862,Goleti Opencast Mine,Coal,Telangana,345.6,111.94,33.0,0.0,0.0,0,FlashReport_August_2026.pdf
615863,Venkatesh Khani Coal Mine,Coal,Telangana,484.5,477.14,97.0,0.0,0.0,0,FlashReport_August_2026.pdf
615865,Kakatiyakhani OC - 2 Project,Coal,Telangana,442.42,257.04,64.0,0.0,0.0,0,FlashReport_August_2026.pdf
400173,MOHANPUR EXPANSION OC -PHASE I,Coal,West Bengal,888.99,143.68,31.52,0.0,0.0,0,FlashReport_August_2026.pdf
400180,BONJEMEHARI EXPANSION OCP,Coal,West Bengal,570.11,88.99,17.13,0.0,0.0,0,FlashReport_August_2026.pdf
400181,NAKRAKONDA KUMARDIH- B OCP,Coal,West Bengal,502.68,89.81,28.65,0.0,0.0,0,FlashReport_August_2026.pdf
400186,TILABONI UG,Coal,West Bengal,749.08,87.71,12.16,0.0,0.0,0,FlashReport_August_2026.pdf
400312,JHANJRA EXPANSION UG,Coal,West Bengal,0.0,633.57,52.1,0.0,0.0,0,FlashReport_August_2026.pdf
400315,SONEPUR BAZARI EXPANSION OCP [,Coal,West Bengal,0.0,629.96,18.5,0.0,0.0,0,FlashReport_August_2026.pdf
612816,ITAPARA OCP,Coal,West Bengal,929.1,71.89,8.53,0.0,0.0,0,FlashReport_August_2026.pdf
613793,SHYAMSUNDARPUR UG INCLUDING SA,Coal,West Bengal,483.65,84.82,16.79,0.0,0.0,0,FlashReport_August_2026.pdf
613794,PARASEA-BELBAID UG PROJECT,Coal,West Bengal,389.1,133.27,23.22,0.0,0.0,0,FlashReport_August_2026.pdf
616230,PARASCOLE JAMBAD OCP,Coal,West Bengal,0.0,12.32,0.24,0.0,0.0,0,FlashReport_August_2026.pdf
617299,50 MW Wind Power Project,Power,Gujarat,383.84,333.34,52.0,0.0,0.0,0,FlashReport_August_2026.pdf
617730,600 MW Khavda Solar Power Project,Power,Gujarat,0.0,0.0,65.0,0.0,0.0,0,FlashReport_August_2026.pdf
618991,200 MW SPP part of 510 MW CPSU scheme,Coal,Gujarat,0.0,71.51,5.0,0.0,0.0,0,FlashReport_August_2026.pdf
618992,100 MW SPP part of SECI 150 MW Hybrid,Coal,Gujarat,480.68,2.75,1.2,0.0,0.0,0,FlashReport_August_2026.pdf
400231,NLC Talabira Thermal Power Project,Power,Odisha,0.0,0.0,4.1,0.0,0.0,0,FlashReport_August_2026.pdf
618981,810 MW Solar Power Project - Rajasthan,Power,Rajasthan,0.0,249.95,0.0,0.0,0.0,0,FlashReport_August_2026.pdf
400203,Dharamjaigarh-Korba,Railways,Chhattisgarh,0.0,792.73,43.7,0.0,0.0,0,FlashReport_August_2026.pdf
400416,Shivpur-Kathautia New Rail [BG] Line [49 km] [Package II of Tori-Shivpur-Kathautia,Railways,Jharkhand,0.0,0.0,72.0,0.0,0.0,0,FlashReport_August_2026.pdf
400192,Tubed Coal Mine,Coal,Jharkhand,0.0,628.9,37.0,0.0,0.0,0,FlashReport_August_2026.pdf
603293,Badam Coal Mining project of NTPC,Power,Jharkhand,502.0,442.42,67.86,0.0,0.0,0,FlashReport_August_2026.pdf
602182,Dibang Multipurpose Project,Power,Arunachal Pradesh,0.0,0.0,18.12,0.0,0.0,0,FlashReport_August_2026.pdf
611698,240MW Heo HE Project,Power,Arunachal Pradesh,0.0,107.31,7.85,0.0,0.0,0,FlashReport_August_2026.pdf
611699,186 MW Tato-I H E Project,Power,Arunachal Pradesh,0.0,80.45,5.8,0.0,0.0,0,FlashReport_August_2026.pdf
611716,700 MW Tato-II HE Project,Power,Arunachal Pradesh,0.0,254.77,6.72,0.0,0.0,0,FlashReport_August_2026.pdf
619311,Kalai-II Hydro Electric Project [1200 MW],Infrastructure,Arunachal Pradesh,0.0,190.66,0.0,0.0,0.0,0,FlashReport_August_2026.pdf
602579,Buxar Thermal Power Project [1320 MW],Power,Bihar,0.0,0.0,95.05,0.0,0.0,0,FlashReport_August_2026.pdf
619051,Nabinagar Super Thermal Power Project  Stage-II [3x800 MW],Power,Bihar,0.0,0.0,16.0,0.0,0.0,0,FlashReport_August_2026.pdf
611930,Lara Super Thermal Power Project Stage-II [2 x 800 MW],Power,Chhattisgarh,0.0,0.0,35.0,0.0,0.0,0,FlashReport_August_2026.pdf
617188,Sipat Super Thermal Power Project  Stage-III [1x800 MW],Power,Chhattisgarh,0.0,0.0,23.21,0.0,0.0,0,FlashReport_August_2026.pdf
709747,Bagodara Solar Power Project,Power,Gujarat,339.35,376.64,51.86,0.0,0.0,0,FlashReport_August_2026.pdf
602582,Dhaulasidh Hydro Electric Project [66 MW],Power,Himachal Pradesh,687.97,0.0,81.0,0.0,0.0,0,FlashReport_August_2026.pdf
602593,Luhri Stage-I Hydro Electric Project [210 MW],Power,Himachal Pradesh,0.0,0.0,52.13,0.0,0.0,0,FlashReport_August_2026.pdf
611586,Sunni Dam Hydro Electric Project [382 MW],Power,Himachal Pradesh,0.0,0.0,34.96,0.0,0.0,0,FlashReport_August_2026.pdf
602525,Pakal Dul [Drangdhuran] Hydroelectric Project  1000 MW,Power,Jammu and Kashmir,0.0,0.0,87.0,0.0,0.0,0,FlashReport_August_2026.pdf
602532,Kiru HE Project,Power,Jammu and Kashmir,0.0,0.0,90.5,0.0,0.0,0,FlashReport_August_2026.pdf
602535,Ratle HE Project - 850 MW  Ratle Hydroelectric Power Corporation Limited.,Power,Jammu and Kashmir,0.0,0.0,32.62,0.0,0.0,0,FlashReport_August_2026.pdf
605155,Kwar HE Project,Power,Jammu and Kashmir,0.0,0.0,39.67,0.0,0.0,0,FlashReport_August_2026.pdf
400261,Patratu Thermal Power Station Expansion Project Phase-I [3x800 MW],Power,Jharkhand,0.0,0.0,92.5,0.0,0.0,0,FlashReport_August_2026.pdf
611509,Koderma Thermal Power Station Phase II [2X800 MW] At Koderma  Jharkhand,Power,Jharkhand,0.0,0.0,15.72,0.0,0.0,0,FlashReport_August_2026.pdf
618976,Gadarwara Super Thermal Power Project  Stage-II [2x800 MW],Power,Madhya Pradesh,0.0,0.0,13.0,0.0,0.0,0,FlashReport_August_2026.pdf
602096,Subansiri Lower HE Project [2000 MW],Power,"Multi-States (Arunachal Pradesh, Assam)",0.0,0.0,98.07,0.0,0.0,0,FlashReport_August_2026.pdf
602961,Talcher Thermal Power Station Stage III [2 x 660 MW] Expansion,Power,Odisha,0.0,0.0,56.5,0.0,0.0,0,FlashReport_August_2026.pdf
619056,Darlipali Super Thermal Power Project  Stage-II [1x800 MW],Power,Odisha,0.0,582.74,3.25,0.0,0.0,0,FlashReport_August_2026.pdf
602181,TEESTA-VI HE PROJECT  SIKKIM [500 MW]  executed by LANCO TEESTA HYDRO,Power,Sikkim,0.0,0.0,73.95,0.0,0.0,0,FlashReport_August_2026.pdf
605156,Rangit-IV HE Project [120 MW] executed by Jal Power Corporation Ltd. [JPCL] - A,Power,Sikkim,938.29,0.0,97.86,0.0,0.0,0,FlashReport_August_2026.pdf
619341,Telangana Super Thermal Power Project   Stage-II [3 x 800 MW],Power,Telangana,0.0,733.63,1.04,0.0,0.0,0,FlashReport_August_2026.pdf
298178,Meja Thermal Power Project  Stage-II   (3x800 MW),Power,Uttar Pradesh,0.0,0.0,0.11,0.0,0.0,0,FlashReport_August_2026.pdf
612142,Singrauli Super Thermal Power Project  Stage-III [2x800 MW],Power,Uttar Pradesh,0.0,0.0,25.35,0.0,0.0,0,FlashReport_August_2026.pdf
602185,Tapovan-Vishnugad HEP [4x130 MW],Power,Uttarakhand,0.0,0.0,76.18,0.0,0.0,0,FlashReport_August_2026.pdf
602195,Vishnugad Pipalkoti Hydro Electric Project [444 MW],Infrastructure,Uttarakhand,0.0,0.0,82.0,0.0,0.0,0,FlashReport_August_2026.pdf
400062,Raghunathpur Thermal Power Station Phase II [2X660 MW] at Raghunathpur  Purulia ,Power,West Bengal,0.0,0.0,14.5,0.0,0.0,0,FlashReport_August_2026.pdf
602184,Rammam-III HEPP [3x40 MW],Power,West Bengal,0.0,0.0,59.63,0.0,0.0,0,FlashReport_August_2026.pdf
602538,Installation of FGD for 4x210 & 2x250 MW MTPS U 1-6,Infrastructure,West Bengal,0.0,0.0,97.0,0.0,0.0,0,FlashReport_August_2026.pdf
553920,Transmission System for proposed Green Hydrogen/ Green Ammonia Projects in,Power,Andhra Pradesh,0.0,16.18,0.5,0.0,0.0,0,FlashReport_August_2026.pdf
617183,Transmission system strengthening at Kurnool- III PS for integration of additional RE,Power,Andhra Pradesh,0.0,983.26,45.96,0.0,0.0,0,FlashReport_August_2026.pdf
617375,North Eastern Region Expansion Scheme-XXIII [NERES-XXIII],Power,Arunachal Pradesh,209.38,4.19,5.68,0.0,0.0,0,FlashReport_August_2026.pdf
615336,Transmission system for evacuation of Power from REZ in Rajasthan [20 GW] under,Power,Delhi,284.0,99.4,51.74,0.0,0.0,0,FlashReport_August_2026.pdf
612139,Transmission system for Evacuation of Additional 7 GW RE power from Khavda RE,Power,Gujarat,0.0,0.0,74.0,0.0,0.0,0,FlashReport_August_2026.pdf
612855,Transmission System for Evacuation of Power from Potential Energy Renewable Zone,Power,Gujarat,697.0,634.27,91.0,0.0,0.0,0,FlashReport_August_2026.pdf
615342,Augmentation of Transformation Capacity at jam Khambhaliya PS [GIS] [SPV Name,Power,Gujarat,329.0,85.54,35.33,0.0,0.0,0,FlashReport_August_2026.pdf
615343,Provision of Dynamic Reactive Compensation at Khavda pooling Station 1 [KPS1] and,Power,Gujarat,501.0,30.06,11.67,0.0,0.0,0,FlashReport_August_2026.pdf
615345,Transmission System for Evacuation of Power from Potential Renewable Energy Zone,Power,Gujarat,0.0,0.0,41.32,0.0,0.0,0,FlashReport_August_2026.pdf
617069,Augmentation of Transformation Capacity at KPS1 [GIS] and KPS2 [GIS] [Phase-V,Power,Gujarat,466.0,168.13,47.5,0.0,0.0,0,FlashReport_August_2026.pdf
617182,Augmentation of Banaskantha [Raghanesda] PS [GIS] [POWERGRID Banaskantha,Power,Gujarat,172.0,65.36,45.0,0.0,0.0,0,FlashReport_August_2026.pdf
617391,Augmentation of Transformation Capacity at Bhuj-II PS [GIS],Power,Gujarat,488.29,24.41,14.0,0.0,0.0,0,FlashReport_August_2026.pdf
617405,Jamnagar Transmission Limited,Infrastructure,Gujarat,0.0,698.0,25.0,0.0,0.0,0,FlashReport_August_2026.pdf
617801,Provision of ICT Augmentation & Bus Reactor at Bhuj-II PS,Power,Gujarat,581.74,46.54,13.5,0.0,0.0,0,FlashReport_August_2026.pdf
619026,KPSIII HVDC Transmission Limited,Infrastructure,Gujarat,0.0,20.65,1.0,0.0,0.0,0,FlashReport_August_2026.pdf
619029,Transmission System for Reliable Power Supply to Dholera,Power,Gujarat,319.42,79.85,36.8,0.0,0.0,0,FlashReport_August_2026.pdf
619049,Khavda IVA Power Transmission Limited,Power,Gujarat,0.0,0.0,75.0,0.0,0.0,0,FlashReport_August_2026.pdf
617179,Transmission Scheme for evacuation of Power from Ratle HEP [850 MW] & kiru [624,Power,Jammu and Kashmir,218.6,3.72,1.7,0.0,0.0,0,FlashReport_August_2026.pdf
617326,Implementation of Transmission Systems in the State of Jharkhand consisting of,Power,Jharkhand,0.0,0.0,96.5,0.0,0.0,0,FlashReport_August_2026.pdf
612140,Transmission Scheme for Integration of Renewable Energy Zone [Phase II] in Koppal,Power,Karnataka,0.0,0.0,97.13,0.0,0.0,0,FlashReport_August_2026.pdf
616672,System Strengthening at Koppal-II and GadagII for integration of RE generation,Power,Karnataka,0.0,365.58,45.27,0.0,0.0,0,FlashReport_August_2026.pdf
617068,Augmentation of Transformation Capacity by 3x500 MVA  400/220 KV ICTS [6th-8th],Power,Karnataka,288.0,43.2,29.25,0.0,0.0,0,FlashReport_August_2026.pdf
617184,Transmission Scheme for integration of Davanagere/ Chitradurga and Bellary REZ in,Power,Karnataka,0.0,690.6,25.17,0.0,0.0,0,FlashReport_August_2026.pdf
617803,Transmission System Strengthening at Davanagere for Integration of RE Generation,Power,Karnataka,379.0,17.06,2.5,0.0,0.0,0,FlashReport_August_2026.pdf
619228,Transmission System Strengthening for integration of additional RE Potential at,Power,Karnataka,0.0,44.44,1.0,0.0,0.0,0,FlashReport_August_2026.pdf
994914,Transmission system strengthening at Tumkur-II for integration of additional RE,Power,Karnataka,0.0,24.42,1.0,0.0,0.0,0,FlashReport_August_2026.pdf
619028,Augmentation of 1x500 MVA 400/220kV ICT [3rd] at Thrissur VSC HVDC Station in,Power,Kerala,173.14,2.08,1.5,0.0,0.0,0,FlashReport_August_2026.pdf
615344,Transmission System for Evacuation of Power from Rajasthan REZ Ph-IV [Part-2,Power,Madhya Pradesh,0.0,0.0,60.34,0.0,0.0,0,FlashReport_August_2026.pdf
615346,Transmission System for Evacuation of Power from Rajasthan REZ Ph-IV [Part-2 5.5,Power,Madhya Pradesh,0.0,0.0,74.28,0.0,0.0,0,FlashReport_August_2026.pdf
617272,Implementation of LILO of both circuits of 400KV vindhyachal PS-Sasan D/C Line at,Power,Madhya Pradesh,370.0,162.81,57.62,0.0,0.0,0,FlashReport_August_2026.pdf
617279,Transmission System for evacuation of power from Mahan Energen Limited,Power,Madhya Pradesh,558.0,184.14,19.32,0.0,0.0,0,FlashReport_August_2026.pdf
617802,Augmentation of Transformation Capacity and Implementation of Line Bays at,Power,Madhya Pradesh,319.0,17.92,6.0,0.0,0.0,0,FlashReport_August_2026.pdf
619024,Mahan Transmission Limited,Infrastructure,Madhya Pradesh,0.0,734.79,45.0,0.0,0.0,0,FlashReport_August_2026.pdf
619027,WRNES Talegaon Power Transmission Limited,Power,Maharashtra,0.0,29.0,6.0,0.0,0.0,0,FlashReport_August_2026.pdf
619227,Network Expansion Scheme in Maharashtra for removal of Transmission constraints in,Power,Maharashtra,0.0,63.61,4.32,0.0,0.0,0,FlashReport_August_2026.pdf
617185,Transmission System for Integration of Kurnool-IV REZ Phase-I [for 4.5 GW],Power,"Multi-States (Andhra Pradesh, Karnataka)",0.0,0.0,34.5,0.0,0.0,0,FlashReport_August_2026.pdf
617806,Transmission System for Integration of Ananthapur 2 REZ Phase 1 for 4.5 GW. SPV,Power,"Multi-States (Andhra Pradesh, Karnataka)",0.0,0.0,70.0,0.0,0.0,0,FlashReport_August_2026.pdf
619030,Inter-Regional Strengthening between SR Grid and ER Grid,Power,"Multi-States (Andhra Pradesh, Odisha)",0.0,198.74,3.0,0.0,0.0,0,FlashReport_August_2026.pdf
602223,Comprehensive Scheme for Strengthening of Transmission and Distribution [T&D],Power,"Multi-States (Arunachal Pradesh, Sikkim)",0.0,0.0,84.0,0.0,0.0,0,FlashReport_August_2026.pdf
607709,NORTH EASTERN REGION POWER SYSTEM IMPROVEMENT PROJECT,Power,"Multi-States (Assam, Manipur, Meghalaya, Mizoram, Nagaland, Tripura)",0.0,0.0,99.2,0.0,0.0,0,FlashReport_August_2026.pdf
617271,Eastern Region Expansion Scheme-43 [ERES-43],Power,"Multi-States (Bihar, Odisha, West Bengal)",342.69,150.92,29.75,0.0,0.0,0,FlashReport_August_2026.pdf
617807,Inter-regional [NR-WR] Transmission System strengthening to relieve the loading of,Power,"Multi-States (Bihar, Uttar Pradesh)",0.0,165.76,8.06,0.0,0.0,0,FlashReport_August_2026.pdf
617270,Eastern Region Expansion Scheme-44 [ERES-44],Power,"Multi-States (Bihar, West Bengal)",408.94,6.13,1.5,0.0,0.0,0,FlashReport_August_2026.pdf
663560,WR–ER Inter Regional Network Expansion Scheme – Part A,Power,"Multi-States (Chhattisgarh, Jharkhand, West Bengal)",0.0,12.88,0.1,0.0,0.0,0,FlashReport_August_2026.pdf
612132,Transmission Scheme for Evacuation of power from REZ in Rajasthan [20 GW] under,Power,"Multi-States (Delhi, Haryana, Rajasthan)",0.0,0.0,94.0,0.0,0.0,0,FlashReport_August_2026.pdf
611735,Transmission system for evacuation of power from REZ in Rajasthan 20GW under,Power,"Multi-States (Delhi, Rajasthan)",331.0,248.25,73.6,0.0,0.0,0,FlashReport_August_2026.pdf
615347,TRANSMISSION SYSTEM FOR EVACUATION OF POWER FROM POTENTIAL,Power,"Multi-States (Gujarat, Maharashtra)",0.0,0.0,19.57,0.0,0.0,0,FlashReport_August_2026.pdf
615339,Transmission system for evacuation of power from Rajasthan REZ Ph-IV [Part-,Power,"Multi-States (Haryana, Punjab, Rajasthan)",0.0,0.0,38.0,0.0,0.0,0,FlashReport_August_2026.pdf
615340,TRANSMISSION SYSTEM FOR EVACUATION OF POWER FROM RAJASTHAN,Power,"Multi-States (Haryana, Rajasthan)",0.0,0.0,40.0,0.0,0.0,0,FlashReport_August_2026.pdf
617808,Inter-Regional Strengthening between SR Grid and WR Grid,Power,"Multi-States (Karnataka, Maharashtra)",0.0,60.42,3.0,0.0,0.0,0,FlashReport_August_2026.pdf
612138,Transmission Scheme for Solar Energy Zone in Bidar [2500 MW]  Karnataka [Bidar,Power,"Multi-States (Karnataka, Telangana)",0.0,0.0,98.44,0.0,0.0,0,FlashReport_August_2026.pdf
615333,Transmission System for Evacuation of Power from Rajasthan REZ Ph-IV [Part-2 5.5,Power,"Multi-States (Madhya Pradesh, Rajasthan)",0.0,0.0,54.24,0.0,0.0,0,FlashReport_August_2026.pdf
615334,Transmission System for Evacuation of Power from Rajasthan REZ Ph-IV [Part-2 5.5,Power,"Multi-States (Madhya Pradesh, Rajasthan)",0.0,0.0,48.23,0.0,0.0,0,FlashReport_August_2026.pdf
617186,Rajasthan REZ Ph-V [Part-1- 4 GW] [Sirohi/Nagaur] Complex [POWERGRID Sirohi,Power,"Multi-States (Madhya Pradesh, Rajasthan)",0.0,0.0,38.76,0.0,0.0,0,FlashReport_August_2026.pdf
619025,RAJASTHAN PART I POWER TRANSMISSION LIMITED,Infrastructure,"Multi-States (Madhya Pradesh, Rajasthan, Uttar Pradesh)",0.0,805.05,12.0,0.0,0.0,0,FlashReport_August_2026.pdf
612133,Transmission System for Evacuation of power from Rajasthan REZ Ph-IV [Part-1],Power,"Multi-States (Rajasthan, Uttar Pradesh)",0.0,0.0,73.61,0.0,0.0,0,FlashReport_August_2026.pdf
616670,Transmission System for evacuation of Power from Rajasthan REZ Ph-IV [Part-4 3.5,Power,"Multi-States (Rajasthan, Uttar Pradesh)",0.0,0.0,44.31,0.0,0.0,0,FlashReport_August_2026.pdf
611949,Transmission system for evacuation of power from REZ in Rajasthan 20 GW under,Power,Rajasthan,0.0,0.0,99.93,0.0,0.0,0,FlashReport_August_2026.pdf
612134,Transmission System for Evacuation of power from Rajasthan REZ Ph-IV [Part-1],Power,Rajasthan,0.0,0.0,79.99,0.0,0.0,0,FlashReport_August_2026.pdf
615332,Transmission System for Evacuation of Power from Rajasthan REZ Ph-IV [Part-2 5.5,Power,Rajasthan,0.0,0.0,62.14,0.0,0.0,0,FlashReport_August_2026.pdf
615335,Transmission System Strengthening for Interconnections of Bhadla-III & Bikaner III,Power,Rajasthan,0.0,695.69,62.3,0.0,0.0,0,FlashReport_August_2026.pdf
615337,Additional Transmission System for evacuation of Power from Bhadla-III PS as part of,Power,Rajasthan,369.0,302.58,92.95,0.0,0.0,0,FlashReport_August_2026.pdf
615338,TRANSMISSION SYSTEM FOR EVACUATION OF POWER FROM RAJASTHAN,Power,Rajasthan,0.0,0.0,50.13,0.0,0.0,0,FlashReport_August_2026.pdf
617181,Augmentation at Fatehgarh-II PS  Fatehgarh-IV PS [Section-II] and Barmer-I PS,Power,Rajasthan,404.0,40.4,18.4,0.0,0.0,0,FlashReport_August_2026.pdf
496150,Upgradation / Conversion of Udumalpet - Madurai 400kV S/c Iine to Udumalpet -,Power,Tamil Nadu,772.65,0.0,0.5,0.0,0.0,0,FlashReport_August_2026.pdf
616671,Transmission System under ISTS for evacuation of Power from Kudankulam Unit-3&4,Power,Tamil Nadu,548.0,219.2,28.63,0.0,0.0,0,FlashReport_August_2026.pdf
617269,Transmission System for Strengthening to facilitate evacuation of power from,Power,Uttar Pradesh,212.81,21.28,14.7,0.0,0.0,0,FlashReport_August_2026.pdf
617412,Construction of One Tower of Office Complex and another Tower of Residential,Housing & Urban Affairs,Telangana,644.0,206.31,29.0,0.0,0.0,0,FlashReport_August_2026.pdf
707229,Integrated Command control Center [ICCC] - Construction and Development of,Infrastructure,Andaman & Nicobar,209.88,37.35,97.0,0.0,0.0,0,FlashReport_August_2026.pdf
400188,Redevelopment of Seven General Pool Residential Accommodation [GPRA] Colonies,Housing & Urban Affairs,Delhi,0.0,0.0,46.7,0.0,0.0,0,FlashReport_August_2026.pdf
701719,Rehablitation in Junavadaj Area Smart City Project,Infrastructure,Gujarat,539.0,623.44,98.5,0.0,0.0,0,FlashReport_August_2026.pdf
701766,Green Building Development Project,Infrastructure,Uttarakhand,150.97,62.73,40.32,0.0,0.0,0,FlashReport_August_2026.pdf
702627,Patna Metro Rail Project,Railways,Bihar,0.0,0.0,50.05,0.0,0.0,0,FlashReport_August_2026.pdf
617207,Delhi Metro Rail Phase-IV [2 Corridors],Railways,Delhi,0.0,228.48,4.57,0.0,0.0,0,FlashReport_August_2026.pdf
619031,Delhi Metro Rail Phase V A,Railways,Delhi,0.0,296.94,6.37,0.0,0.0,0,FlashReport_August_2026.pdf
702632,DMRTS Phase - IV [3 Priority Corridors],Railways,Delhi,0.0,0.0,84.28,0.0,0.0,0,FlashReport_August_2026.pdf
702630,Surat Metro Rail Project,Railways,Gujarat,0.0,0.0,82.8,0.0,0.0,0,FlashReport_August_2026.pdf
619022,Metro connectivity from Millennium City Centre to Cyber City with Spur to Dwarka,Railways,Haryana,0.0,206.1,10.43,0.0,0.0,0,FlashReport_August_2026.pdf
612878,Bangalore Metro Rail Project - PHASE-3,Railways,Karnataka,0.0,0.0,3.9,0.0,0.0,0,FlashReport_August_2026.pdf
702635,Construction of Bangalore Metro Rail Project Phase 2.,Railways,Karnataka,0.0,0.0,96.0,0.0,0.0,0,FlashReport_August_2026.pdf
702665,Construction Bangalore Metro Rail Project Phase-2A & 2B,Railways,Karnataka,0.0,0.0,68.0,0.0,0.0,0,FlashReport_August_2026.pdf
702664,Kochi Metro Rail Phase 2 Development Project,Railways,Kerala,0.0,816.8,41.2,0.0,0.0,0,FlashReport_August_2026.pdf
702625,Bhopal Metro Rail Project,Railways,Madhya Pradesh,0.0,0.0,63.1,0.0,0.0,0,FlashReport_August_2026.pdf
702626,Indore Metro Rail Project,Railways,Madhya Pradesh,0.0,0.0,66.04,0.0,0.0,0,FlashReport_August_2026.pdf
617225,PCMC To Nigdi- Extension Of North South Corridor Of Phase-1,Railways,Maharashtra,910.18,336.07,50.47,0.0,0.0,0,FlashReport_August_2026.pdf
617226,Pune Metro Phase-1 Extension line towards south from Swargate to Katraj,Railways,Maharashtra,0.0,204.36,9.66,0.0,0.0,0,FlashReport_August_2026.pdf
617327,Thane Integral Ring Metro Rail Project,Railways,Maharashtra,0.0,136.27,10.56,0.0,0.0,0,FlashReport_August_2026.pdf
618971,Pune Metro Rail Project Phase-2 Corridor 2A Vanaz to Chandani Chowk and Corridor,Railways,Maharashtra,0.0,64.72,3.7,0.0,0.0,0,FlashReport_August_2026.pdf
618985,Pune Metro Rail Project Phase-2 Line-4 Kharadi to Khadakwasla with Spur Line 4A,Railways,Maharashtra,0.0,10.46,1.63,0.0,0.0,0,FlashReport_August_2026.pdf
701745,New Suburba Station Development Project,Infrastructure,Maharashtra,262.76,163.21,48.0,0.0,0.0,1,FlashReport_August_2026.pdf
701991,Kalyan Station Precinct Improvement Project,Infrastructure,Maharashtra,600.0,540.1,86.0,0.0,0.0,0,FlashReport_August_2026.pdf
702658,Nagpur Metro Rail Phase II Development Project,Railways,Maharashtra,0.0,0.0,43.3,0.0,0.0,0,FlashReport_August_2026.pdf
617206,Delhi Metro Rail Phase-IV [Rithala - Kundli Corridor],Railways,"Multi-States (Delhi, Haryana)",0.0,818.42,6.84,0.0,0.0,0,FlashReport_August_2026.pdf
245986,Jaipur Metro Rail Project Phase 2 (Prahladpura to Todi Mod),Railways,Rajasthan,0.0,1.79,1.79,0.0,0.0,0,FlashReport_August_2026.pdf
612066,Rajasthan Metro Rail Project Phase 1C from Badi Chaupar to Transport Nagar via,Railways,Rajasthan,980.08,103.03,0.0,0.0,0.0,0,FlashReport_August_2026.pdf
612068,Jaipur Metro Phase 1D Project from Mansarovar to Ajmer Road Chauraha,Road Transport & Highways,Rajasthan,204.81,23.34,12.48,0.0,0.0,0,FlashReport_August_2026.pdf
702668,Chennai Metro Rail Phase-II Development Project,Railways,Tamil Nadu,0.0,0.0,56.53,0.0,0.0,0,FlashReport_August_2026.pdf
616221,Extension of Aqua Line Metro Corridor from Noida Sector-142 station to Botanical,Railways,Uttar Pradesh,0.0,0.0,0.0,0.0,0.0,0,FlashReport_August_2026.pdf
619052,LUCKNOW METRO RAIL PROJECT PHASE-1B EAST WEST CORRIDOR,Infrastructure,Uttar Pradesh,0.0,15.05,2.2,0.0,0.0,0,FlashReport_August_2026.pdf
702628,Kanpur Metro Rail Project,Railways,Uttar Pradesh,0.0,0.0,83.8,0.0,0.0,0,FlashReport_August_2026.pdf
702629,Agra Metro Rail Project,Railways,Uttar Pradesh,0.0,0.0,73.8,0.0,0.0,0,FlashReport_August_2026.pdf
702674,ESR - 8 nos.  distribution system - 216 Km  new house service connections - 38760,Housing & Urban Affairs,Andhra Pradesh,172.22,88.86,82.0,0.0,0.0,0,FlashReport_August_2026.pdf
702699,Muzaffarpur Storm Water Drainage Phase-I Project,Water Resources,Bihar,158.78,135.72,85.0,0.0,0.0,0,FlashReport_August_2026.pdf
702734,Sewerage Management Scheme Part-3 Implementation,Housing & Urban Affairs,Haryana,278.01,228.49,88.0,0.0,0.0,0,FlashReport_August_2026.pdf
702741,Dhanbad Water Supply Infrastructure Project,Water Resources,Jharkhand,216.55,129.16,76.0,0.0,0.0,0,FlashReport_August_2026.pdf
702742,SAAP-3 Water Supply Infrastructure SAAP-3 Project,Water Resources,Jharkhand,159.31,87.5,67.0,0.0,0.0,0,FlashReport_August_2026.pdf
702746,Augmentation and Strenghthning of Urban Water Supply Phase 1 - SAAP 3,Water Resources,Jharkhand,278.28,186.5,81.0,0.0,0.0,0,FlashReport_August_2026.pdf
702760,Belgavi Improvement in Sewerage System Project,Housing & Urban Affairs,Karnataka,162.73,79.5,80.0,0.0,0.0,0,FlashReport_August_2026.pdf
702793,Indore Water Supply Infrastructure Project,Water Resources,Madhya Pradesh,287.17,252.5,99.0,0.0,0.0,0,FlashReport_August_2026.pdf
702808,Satna Sewerage Management and Treatment Infrastructure Project,Housing & Urban Affairs,Madhya Pradesh,191.56,200.32,97.0,0.0,0.0,0,FlashReport_August_2026.pdf
702810,Singrauli Sewerage Management and Treatment Infrastructure Project,Housing & Urban Affairs,Madhya Pradesh,402.01,387.75,91.0,0.0,0.0,0,FlashReport_August_2026.pdf
702833,Kalyan-Dombivali Water Supply Infrastructure Project,Water Resources,Maharashtra,194.2,136.56,75.0,0.0,0.0,0,FlashReport_August_2026.pdf
703021,Jalandhar Water Supply Infrastructure Project,Water Resources,Punjab,258.53,161.02,90.0,0.0,0.0,0,FlashReport_August_2026.pdf
703057,Patiala Water Supply Infrastructure Part-2 Project,Water Resources,Punjab,287.0,219.34,99.0,0.0,0.0,0,FlashReport_August_2026.pdf
702949,Jhansi Water Supply Infrastructure Phase-II Project,Water Resources,Uttar Pradesh,561.74,506.52,96.0,0.0,0.0,0,FlashReport_August_2026.pdf
702958,Lucknow Sewerage Management Infrastructure Project,Housing & Urban Affairs,Uttar Pradesh,142.46,152.65,95.0,0.0,0.0,0,FlashReport_August_2026.pdf
617280,Construction of Basement + Ground Floor+ 10 Storeyed building for State of the Art,Housing & Urban Affairs,West Bengal,255.37,98.96,64.0,0.0,0.0,0,FlashReport_August_2026.pdf
400426,Expansion of Malanjkhand Copper Project,Mines,Madhya Pradesh,0.0,0.0,32.0,0.0,0.0,0,FlashReport_August_2026.pdf
400141,Expansion of Alumina Refinery Plant with addition of 5th Stream having capacity,Mines,Odisha,0.0,0.0,96.03,0.0,0.0,0,FlashReport_August_2026.pdf
400299,Pottangi Bauxite Mines Project,Mines,Odisha,0.0,770.37,52.5,0.0,0.0,0,FlashReport_August_2026.pdf
709831,SOURCING OF BAUXITE ARRANGEMENT FOR 5TH STREAM ALUMINA,Mines,Odisha,483.0,455.73,93.36,0.0,0.0,0,FlashReport_August_2026.pdf
709832,25.5 MW WIND POWER PROJECT AT KAYATHAR IN TAMILNADU,Mines,Tamil Nadu,166.0,135.0,70.0,0.0,0.0,0,FlashReport_August_2026.pdf
613008,Construction of Permanent Campus of Central Tribal University of Andhra Pradesh,Infrastructure,Andhra Pradesh,305.0,87.46,46.78,0.0,0.0,0,FlashReport_August_2026.pdf
612898,Construction of Permanent Campus of National Institute of Technology Arunachal,Infrastructure,Arunachal Pradesh,592.61,551.3,80.0,0.0,0.0,0,FlashReport_August_2026.pdf
606112,Tezpur University Projects,Infrastructure,Assam,153.71,798.42,97.99,0.0,0.0,0,FlashReport_August_2026.pdf
606013,Additional Campus of NITPatna,Education,Bihar,499.21,449.96,99.0,0.0,0.0,0,FlashReport_August_2026.pdf
617877,Phase B Construction of Permanent Campus of IIT Bhilai,Education,Chhattisgarh,0.0,1.92,0.0,0.0,0.0,0,FlashReport_August_2026.pdf
616886,Delhi University Eastern Campus at Surajmal Vihar,Infrastructure,Delhi,373.0,33.03,15.0,0.0,0.0,0,FlashReport_August_2026.pdf
304532,IIT Gandhinagar - Development of Students Hostel Buildings with Associated Facilities,Education,Gujarat,163.0,45.22,18.5,0.0,0.0,0,FlashReport_August_2026.pdf
612916,Construction of permanent campus of Central University of Gujarat at Village,Infrastructure,Gujarat,490.63,342.26,86.0,0.0,0.0,0,FlashReport_August_2026.pdf
858179,IIT Gandhinagar - Development of Faculty/Staff Housing with Associated Facilities,Education,Gujarat,156.0,130.36,45.0,0.0,0.0,1,FlashReport_August_2026.pdf
602099,Establishment of Permanent campus Phase 1 of IIM Sirmaur,Infrastructure,Himachal Pradesh,392.51,340.11,98.6,0.0,0.0,0,FlashReport_August_2026.pdf
612128,Hostel blocks & dining hall block,Infrastructure,Himachal Pradesh,166.66,138.26,94.0,0.0,0.0,0,FlashReport_August_2026.pdf
602098,Construction of Permanent Campus for IIM Jammu Phase-1 at Jagti  Nagrota ,Infrastructure,Jammu and Kashmir,424.93,484.52,96.0,0.0,0.0,0,FlashReport_August_2026.pdf
606431,CONSTRUCTION OF PERMANENT CAMPUS FOR IIT PALAKKAD UNDER PHASE,Education,Kerala,0.0,707.03,89.5,0.0,0.0,0,FlashReport_August_2026.pdf
617878,Phase B of Construction of Permanent Campus of IIT Palakkad,Education,Kerala,0.0,9.8,0.5,0.0,0.0,0,FlashReport_August_2026.pdf
611957,Phase III A works at IIT Indore [03 Hostels  01 Studio Apartment  01 Housing  Heavy,Education,Madhya Pradesh,496.28,97.35,69.99,0.0,0.0,0,FlashReport_August_2026.pdf
505106,Engineering  Procurement and Construction (EPC) of Various Buildings and External,Infrastructure,Maharashtra,441.85,0.0,0.0,0.0,0.0,0,FlashReport_August_2026.pdf
612885,Construction and Developement of National Institute of Technology Meghalaya,Infrastructure,Meghalaya,494.52,385.32,98.0,0.0,0.0,0,FlashReport_August_2026.pdf
612876,Construction of Permanent Campus for NIT Mizoram at Lengpui  Aizawl,Education,Mizoram,474.23,167.55,4.0,0.0,0.0,0,FlashReport_August_2026.pdf
613013,Establishment of NIT Nagaland,Education,Nagaland,275.63,263.25,98.0,0.0,0.0,0,FlashReport_August_2026.pdf
610315,IISER BERHAMPUR,Education,Odisha,0.0,874.09,98.5,0.0,0.0,0,FlashReport_August_2026.pdf
611961,Construction of IIT Bhubaneswar -Phase III,Education,Odisha,454.27,103.04,11.57,0.0,0.0,0,FlashReport_August_2026.pdf
619033,1000 seater Boys hostel  500 seater Girls hostel  1.5 MLD Sewage Treatment Plant,Education,Odisha,198.97,57.01,53.0,0.0,0.0,0,FlashReport_August_2026.pdf
605292,Construction of Permanent Campus of Indian Institute of Management [IIM] Amritsar ,Infrastructure,Punjab,348.31,294.73,92.69,0.0,0.0,0,FlashReport_August_2026.pdf
617221,Construction of Girls Hostel 400 seater  Boys Hostel 600 seater  Academic Block ,Infrastructure,Punjab,210.99,107.71,65.0,0.0,0.0,0,FlashReport_August_2026.pdf
617421,Phase 3B Development of Permanent Campus of IIT Jodhpur,Education,Rajasthan,522.89,29.47,10.31,0.0,0.0,0,FlashReport_August_2026.pdf
609736,Construction of Sikkim University Campus Phase-I Package-II at Yangang  South,Infrastructure,Sikkim,314.06,292.0,97.0,0.0,0.0,0,FlashReport_August_2026.pdf
612883,Establishment of Permanent Campus of NIT SIkkim at Khamdong-Gangtok District,Education,Sikkim,685.76,283.56,38.5,0.0,0.0,0,FlashReport_August_2026.pdf
609996,Construction of Precast housing and hostels at IIT Hyderabad,Education,Telangana,262.0,225.58,91.1,0.0,0.0,0,FlashReport_August_2026.pdf
606479,Banaras Hindu University [ Kayakalp of Institute of Medical Sciences],Infrastructure,Uttar Pradesh,246.0,214.03,99.2,0.0,0.0,0,FlashReport_August_2026.pdf
611963,Construction & Development of Infrastructural Facilities in the main campus of NIT,Education,Uttarakhand,650.85,414.41,66.0,0.0,0.0,0,FlashReport_August_2026.pdf
609019,HEFA projects on development of student hostels  playgrounds  departmental,Education,West Bengal,500.0,420.1,96.74,0.0,0.0,0,FlashReport_August_2026.pdf
400081,National Sports University [NSU]  Imphal [Manipur],Infrastructure,Manipur,906.47,577.32,97.7,0.0,0.0,0,FlashReport_August_2026.pdf
308266,Development of Rail - Fed Road Tanker Loading POL Terminal at Panchgram [Near,Road Transport & Highways,Assam,433.12,77.37,23.0,0.0,0.0,0,FlashReport_August_2026.pdf
709754,Construction of LPG Facilities at Kamardanga  Assam,Petroleum & Natural Gas,Assam,156.36,116.83,85.7,0.0,0.0,0,FlashReport_August_2026.pdf
709755,Setting up of new rail fed POL facility at Kamardanga  Assam,Petroleum & Natural Gas,Assam,384.04,254.02,89.1,0.0,0.0,0,FlashReport_August_2026.pdf
617839,Capacity Augmentation of Kandla LPG Import Terminal [KLIT] from 0.6 MMTPA to 2.5,Petroleum & Natural Gas,Gujarat,356.86,169.74,68.5,0.0,0.0,0,FlashReport_August_2026.pdf
604833,Andheri Residential Towers  Mumbai,Petroleum & Natural Gas,Maharashtra,281.35,294.89,88.0,0.0,0.0,0,FlashReport_August_2026.pdf
619313,Setting up of 50 MW [plus/minus 5 percent] Wind Power Plant for Captive,Petroleum & Natural Gas,Maharashtra,483.14,381.29,81.1,0.0,0.0,0,FlashReport_August_2026.pdf
617829,LPG Bottling Plant at Mualkhang,Petroleum & Natural Gas,Mizoram,225.71,33.36,34.5,0.0,0.0,0,FlashReport_August_2026.pdf
709759,Petrochemical evacuation marketing terminal at Barmer  Rajasthan,Petroleum & Natural Gas,Rajasthan,461.05,256.76,98.4,0.0,0.0,0,FlashReport_August_2026.pdf
400043,Laying of POL Pipelines in Common Corridor for proposed grass root terminal at,Petroleum & Natural Gas,Tamil Nadu,829.0,388.9,82.3,0.0,0.0,0,FlashReport_August_2026.pdf
400301,Multi Product Pipeline from Irugur to Devangonthi,Water Resources,Tamil Nadu,678.0,0.0,87.9,0.0,0.0,0,FlashReport_August_2026.pdf
400012,Kandla Gorakhpur LPG Pipeline,Petroleum & Natural Gas,Uttar Pradesh,0.0,0.0,96.3,0.0,0.0,0,FlashReport_August_2026.pdf
604852,Grass-root Terminal at Mirzapur  Uttar Pradesh,Petroleum & Natural Gas,Uttar Pradesh,980.45,312.19,77.6,0.0,0.0,0,FlashReport_August_2026.pdf
701349,Paradip-Numaligarh Crude Oil Pipeline [PNCPL] & Crude Oil Import Terminal [COIT],Petroleum & Natural Gas,West Bengal,0.0,0.0,93.6,0.0,0.0,0,FlashReport_August_2026.pdf
400120,KG-DWN-98/2 Cluster - II Development Project - NELP Block,Petroleum & Natural Gas,Andhra Pradesh,0.0,0.0,97.0,0.0,0.0,0,FlashReport_August_2026.pdf
409131,Old Naphtha Isomerization Unit [NIU] revamp for MS maximization at Visakh Refinery,Petroleum & Natural Gas,Andhra Pradesh,449.0,24.57,7.7,0.0,0.0,0,FlashReport_August_2026.pdf
619226,Provision of four bitumen tanks with capacity of 5 TMT each at Visakh Refinery,Petroleum & Natural Gas,Andhra Pradesh,258.34,11.76,23.2,0.0,0.0,0,FlashReport_August_2026.pdf
709752,HP-COAT [Crude to Olefins and Aromatics Technology] demo unit at Visakh Refinery,Petroleum & Natural Gas,Andhra Pradesh,160.0,159.74,94.1,0.0,0.0,0,FlashReport_August_2026.pdf
604791,Numaligarh Refinery Expansion Project,Infrastructure,Assam,0.0,0.0,87.7,0.0,0.0,0,FlashReport_August_2026.pdf
604863,Development of Surface Facilities for production and evacuation of Crude Oil and,Petroleum & Natural Gas,Assam,682.9,601.12,94.6,0.0,0.0,0,FlashReport_August_2026.pdf
616858,Construction of Field Gas Gathering Station at Baghjan area for collection  processing,Petroleum & Natural Gas,Assam,430.76,348.65,97.0,0.0,0.0,0,FlashReport_August_2026.pdf
617827,Pipeline Rehabilitation Project  Phase-II,Petroleum & Natural Gas,Assam,680.0,13.78,29.6,0.0,0.0,0,FlashReport_August_2026.pdf
617836,Coke Drum Structure Package,Infrastructure,Assam,635.28,506.82,76.5,0.0,0.0,0,FlashReport_August_2026.pdf
619316,Group Gathering Station  Lakwagaon,Petroleum & Natural Gas,Assam,495.59,39.97,20.1,0.0,0.0,0,FlashReport_August_2026.pdf
709776,Augmentation/Revamping of Facilities at existing Guwahati Terminal at Betkuchi,Petroleum & Natural Gas,Assam,277.0,237.33,84.8,0.0,0.0,0,FlashReport_August_2026.pdf
709779,Capacity Expansion of Digboi Refinery from 0.65 to 1.0 MMTPA,Petroleum & Natural Gas,Assam,768.0,250.84,60.8,0.0,0.0,0,FlashReport_August_2026.pdf
709847,Pipeline Network Project Rudrasagar,Petroleum & Natural Gas,Assam,481.03,238.83,55.4,0.0,0.0,0,FlashReport_August_2026.pdf
709850,Borholla GGS Life Extension Project [BLEP],Petroleum & Natural Gas,Assam,198.7,110.99,64.3,0.0,0.0,0,FlashReport_August_2026.pdf
709864,DCU Revamp Project,Infrastructure,Assam,370.0,315.57,82.7,0.0,0.0,0,FlashReport_August_2026.pdf
709865,Power Recovery Turbine [PRT] in PFCCU unit as an Energy Conservation Scheme,Power,Assam,293.5,81.84,99.0,0.0,0.0,0,FlashReport_August_2026.pdf
891687,2.4 KTPA Green Hydrogen Generation Unit at Numaligarh,Infrastructure,Assam,170.0,37.33,45.5,0.0,0.0,0,FlashReport_August_2026.pdf
617304,Setting up of LPG Plant with Rail Unloading Facility at Hathua  Dist. Gopalganj  Bihar,Railways,Bihar,340.15,191.0,56.5,0.0,0.0,0,FlashReport_August_2026.pdf
701324,Barauni Refinery Capacity Expansion from 6.0 to 9.0 MMTPA,Petroleum & Natural Gas,Bihar,0.0,0.0,92.2,0.0,0.0,0,FlashReport_August_2026.pdf
709777,Installation of Bitumen Manufacturing Unit along with allied facilities at Barauni,Petroleum & Natural Gas,Bihar,389.35,128.43,68.7,0.0,0.0,0,FlashReport_August_2026.pdf
709792,City Gas Distribution Projects at Darbhanga  Madhubani  Supaul  Sitamarhi and,Petroleum & Natural Gas,Bihar,0.0,508.68,33.7,0.0,0.0,0,FlashReport_August_2026.pdf
709793,City Gas Distribution Projects at Gopalganj  Siwan  West Champaran  East,Petroleum & Natural Gas,Bihar,0.0,534.37,30.3,0.0,0.0,0,FlashReport_August_2026.pdf
617819,City Gas Distribution [CGD] Project in Kondagaon  Bastar  Sukma  Narayanpur ,Petroleum & Natural Gas,Chhattisgarh,557.04,11.63,2.2,0.0,0.0,0,FlashReport_August_2026.pdf
400087,Redevelopment of Sobhasan Complex,Petroleum & Natural Gas,Gujarat,885.63,0.0,96.9,0.0,0.0,0,FlashReport_August_2026.pdf
400167,Redevelopment of Santhal Field [Onshore-Mehsana Asset],Petroleum & Natural Gas,Gujarat,0.0,0.0,97.2,0.0,0.0,0,FlashReport_August_2026.pdf
400169,Redevelopment of Linch Field,Petroleum & Natural Gas,Gujarat,631.03,635.9,94.5,0.0,0.0,0,FlashReport_August_2026.pdf
701329,Petrochemical and Lube Integration Project at Gujarat Refinery,Petroleum & Natural Gas,Gujarat,0.0,0.0,89.9,0.0,0.0,0,FlashReport_August_2026.pdf
709778,Installation of new Biturox Unit along with allied facilities at Gujarat Refinery,Petroleum & Natural Gas,Gujarat,328.29,225.29,88.6,0.0,0.0,0,FlashReport_August_2026.pdf
709838,Commercial Polymer Flooding Project in Bechraji field,Petroleum & Natural Gas,Gujarat,621.4,283.6,50.0,0.0,0.0,0,FlashReport_August_2026.pdf
709840,Restoration of Gas Terminal  Phase-I [Part-A]  Hazira,Petroleum & Natural Gas,Gujarat,249.43,219.56,97.7,0.0,0.0,0,FlashReport_August_2026.pdf
709841,Old Pipe Line Replacement [OPRP] Group-A,Petroleum & Natural Gas,Gujarat,173.03,168.22,94.6,0.0,0.0,0,FlashReport_August_2026.pdf
709842,Kalol Redevelopment Project  Ahmedabad Asset,Petroleum & Natural Gas,Gujarat,0.0,946.45,67.2,0.0,0.0,0,FlashReport_August_2026.pdf
709845,Revamping of SV Stations  Gas Terminal & Kribhco Terminal,Petroleum & Natural Gas,Gujarat,837.34,531.84,71.6,0.0,0.0,0,FlashReport_August_2026.pdf
604853,Indian Oil Technology Development and Deployment Centre at R&D Campus-II ,Petroleum & Natural Gas,Haryana,0.0,0.0,65.5,0.0,0.0,0,FlashReport_August_2026.pdf
611917,Poly Butadiene Rubber plant at Panipat,Petroleum & Natural Gas,Haryana,0.0,0.0,90.9,0.0,0.0,0,FlashReport_August_2026.pdf
619196,Change of service of existing Mundra-Panipat Pipeline [Panipat - Churwa section],Petroleum & Natural Gas,Haryana,359.0,58.24,46.4,0.0,0.0,0,FlashReport_August_2026.pdf
701289,Capacity Expansion of Panipat Refinery from 15 to 25 MMTPA,Petroleum & Natural Gas,Haryana,0.0,0.0,94.7,0.0,0.0,0,FlashReport_August_2026.pdf
709783,Installation of Multiple Effect Evaporator [MEE] for ETP-1  2 & 4 of Panipat Refinery,Petroleum & Natural Gas,Haryana,165.13,197.46,93.0,0.0,0.0,0,FlashReport_August_2026.pdf
709773,City Gas Distribution Project at Jammu  Udhampur  Reasi  Samba and Kathua,Petroleum & Natural Gas,Jammu and Kashmir,538.0,4.47,0.6,0.0,0.0,0,FlashReport_August_2026.pdf
610984,Development of Jharia CBM Block [Phase-1],Petroleum & Natural Gas,Jharkhand,431.0,268.74,66.2,0.0,0.0,0,FlashReport_August_2026.pdf
709785,Laying of Natural Gas Pipeline from Hazaribagh to Ranchi [HRPL],Petroleum & Natural Gas,Jharkhand,202.07,66.68,58.9,0.0,0.0,0,FlashReport_August_2026.pdf
368840,Devanagonthi to KempeGowda International Airport (KIAL) ATF Pipeline Project,Aviation,Karnataka,234.0,0.0,0.0,0.0,0.0,0,FlashReport_August_2026.pdf
503783,Drive Conversion of Turbines in CHT  DHDT and DCU.,Infrastructure,Karnataka,206.24,0.48,12.3,0.0,0.0,0,FlashReport_August_2026.pdf
612790,Power System Upgradation Project,Power,Karnataka,385.0,273.54,92.0,0.0,0.0,0,FlashReport_August_2026.pdf
616879,Demo Bio-ATF Project,Infrastructure,Karnataka,364.0,102.06,60.2,0.0,0.0,0,FlashReport_August_2026.pdf
701338,City Gas Distribution Maharashtra Natural Gas Limited,Petroleum & Natural Gas,Karnataka,0.0,0.0,47.0,0.0,0.0,0,FlashReport_August_2026.pdf
709774,Revamping/ Augmentation of facilities at existing port terminal at Mangalore,Petroleum & Natural Gas,Karnataka,463.0,332.16,85.6,0.0,0.0,0,FlashReport_August_2026.pdf
168896,Capacity Enhancement of VGOHDT unit at Kochi Refinery,Petroleum & Natural Gas,Kerala,264.66,0.0,21.2,0.0,0.0,0,FlashReport_August_2026.pdf
617838,Augmentation of CCKPL and IDPL Pipelines capacity along with setting up of,Petroleum & Natural Gas,Kerala,0.0,340.39,51.1,0.0,0.0,0,FlashReport_August_2026.pdf
691992,Setting up 167 KTPA Sulphuric Acid Unit and Associated Facilities at Kochi Refinery,Petroleum & Natural Gas,Kerala,732.86,0.0,0.5,0.0,0.0,0,FlashReport_August_2026.pdf
709799,Setting up Polypropylene Unit at Kochi Refinery,Petroleum & Natural Gas,Kerala,0.0,0.0,50.1,0.0,0.0,0,FlashReport_August_2026.pdf
244981,50 MW Wind Power Plant in Madhya Pradesh,Petroleum & Natural Gas,Madhya Pradesh,483.14,183.53,67.5,0.0,0.0,0,FlashReport_August_2026.pdf
617830,C2/C3 Vijaipur Pata Pipeline,Petroleum & Natural Gas,Madhya Pradesh,0.0,550.5,74.6,0.0,0.0,0,FlashReport_August_2026.pdf
709798,Ethylene Cracker Project at Bina Refinery including downstream Petrochemical Plants,Petroleum & Natural Gas,Madhya Pradesh,0.0,0.0,36.6,0.0,0.0,0,FlashReport_August_2026.pdf
929104,Vijaipur – BPCL  Bina Pipeline Project,Petroleum & Natural Gas,Madhya Pradesh,449.04,1.4,16.4,0.0,0.0,0,FlashReport_August_2026.pdf
400168,500 KTA PDHPP Project  Usar,Petroleum & Natural Gas,Maharashtra,0.0,0.0,92.4,0.0,0.0,0,FlashReport_August_2026.pdf
616933,Lube Modernization & Bottom Upgradation Project at Mumbai Refinery,Petroleum & Natural Gas,Maharashtra,0.0,326.17,15.8,0.0,0.0,0,FlashReport_August_2026.pdf
619223,Petro Resid Fluidized Catalytic Cracking [PRFCC] Unit and its associated facilities at,Petroleum & Natural Gas,Maharashtra,0.0,109.0,8.4,0.0,0.0,0,FlashReport_August_2026.pdf
619224,Augmentation of DUPL-DPPL Pipeline,Petroleum & Natural Gas,Maharashtra,844.0,1.6,19.7,0.0,0.0,0,FlashReport_August_2026.pdf
619225,Installation of Compression facility at GAIL Usar,Petroleum & Natural Gas,Maharashtra,260.2,0.0,0.0,0.0,0.0,0,FlashReport_August_2026.pdf
619328,ONGC-BP Redevelopment Phase-1 Scheme of Mumbai High Field,Petroleum & Natural Gas,Maharashtra,0.0,0.0,56.3,0.0,0.0,0,FlashReport_August_2026.pdf
684624,Setting up Coprocessing facility in KHT Unit for production of SAF at MR,Petroleum & Natural Gas,Maharashtra,677.0,10.54,19.2,0.0,0.0,0,FlashReport_August_2026.pdf
687613,GAS Turbine GT-3 upgrade from frame 6B to 6B.03,Petroleum & Natural Gas,Maharashtra,217.81,0.02,12.5,0.0,0.0,0,FlashReport_August_2026.pdf
709771,City Gas Distribution Project at Beed  Jalgaon and Jalna Districts,Petroleum & Natural Gas,Maharashtra,865.0,89.81,3.4,0.0,0.0,0,FlashReport_August_2026.pdf
709780,Construction of Additional Tankages and Allied Facilities at JNPT Terminal,Petroleum & Natural Gas,Maharashtra,341.43,305.01,73.1,0.0,0.0,0,FlashReport_August_2026.pdf
709797,POL & LOBS Installations with Receipt Pipelines at Rasayani,Petroleum & Natural Gas,Maharashtra,0.0,0.0,92.5,0.0,0.0,0,FlashReport_August_2026.pdf
616254,Visakh Raipur Pipeline Project,Petroleum & Natural Gas,"Multi-States (Chhattisgarh, Odisha)",0.0,576.0,39.9,0.0,0.0,0,FlashReport_August_2026.pdf
709786,Augmentation/ Revamping of Dimapur Depot  Dimapur,Petroleum & Natural Gas,Nagaland,227.62,28.65,44.2,0.0,0.0,0,FlashReport_August_2026.pdf
604859,Integrated Para Xylene [PX] and Purified Terephthalic Acid [PTA] Project at Paradip,Petroleum & Natural Gas,Odisha,0.0,0.0,95.2,0.0,0.0,0,FlashReport_August_2026.pdf
617818,City Gas Distribution [CGD] Project in Gajapati  Kandhamal  Boudh  & Sonepur GA,Petroleum & Natural Gas,Odisha,514.91,25.77,6.0,0.0,0.0,0,FlashReport_August_2026.pdf
709800,CUF POL Depot at Sadashibpur [Meramundali]  Odisha,Petroleum & Natural Gas,Odisha,393.54,237.3,87.4,0.0,0.0,0,FlashReport_August_2026.pdf
400119,Life Extension of 48 well platforms of Mumbai High & Heera Fields,Petroleum & Natural Gas,Offshore,0.0,0.0,90.0,0.0,0.0,0,FlashReport_August_2026.pdf
616950,PRP-VIII [Group-A],Petroleum & Natural Gas,Offshore,0.0,663.0,61.3,0.0,0.0,0,FlashReport_August_2026.pdf
619314,Pipeline Replacement Project- PRP-IX,Petroleum & Natural Gas,Offshore,0.0,0.0,29.3,0.0,0.0,0,FlashReport_August_2026.pdf
709839,Daman Upside Development Project,Petroleum & Natural Gas,Offshore,0.0,0.0,92.9,0.0,0.0,0,FlashReport_August_2026.pdf
709848,MHN TCPP PGC BGC Project [MTPBP],Petroleum & Natural Gas,Offshore,0.0,0.0,96.1,0.0,0.0,0,FlashReport_August_2026.pdf
709849,PRP-VIII Group B [NH & BS Asset],Petroleum & Natural Gas,Offshore,0.0,0.0,98.7,0.0,0.0,0,FlashReport_August_2026.pdf
709851,Integrated Development of 4 Contract Areas under DSF-II,Petroleum & Natural Gas,Offshore,0.0,0.0,48.7,0.0,0.0,0,FlashReport_August_2026.pdf
757296,Well Head Platforms for MB-OSN-2005/1  SD4 and BS-17 Field (WHPMSBF),Petroleum & Natural Gas,Offshore,0.0,0.0,0.0,0.0,0.0,0,FlashReport_August_2026.pdf
785574,Pipeline Replacement Project- PRP-X,Petroleum & Natural Gas,Offshore,0.0,0.0,0.0,0.0,0.0,0,FlashReport_August_2026.pdf
944988,Additional Development of Ratna-I [ADR-I] and NLM-14 Project,Petroleum & Natural Gas,Offshore,0.0,0.0,0.0,0.0,0.0,0,FlashReport_August_2026.pdf
400171,2G Ethanol Biorefinery at Bathinda,Petroleum & Natural Gas,Punjab,0.0,0.0,95.9,0.0,0.0,0,FlashReport_August_2026.pdf
612853,Gurdaspur Jammu Pipeline,Petroleum & Natural Gas,Punjab,521.9,349.2,92.3,0.0,0.0,0,FlashReport_August_2026.pdf
709770,City Gas Distribution Project at Pathankot District,Petroleum & Natural Gas,Punjab,151.0,9.05,2.0,0.0,0.0,0,FlashReport_August_2026.pdf
701330,Mehsana-Bhatinda & Bhatinda-Jammu Natural Gas Pipeline,Petroleum & Natural Gas,Rajasthan,0.0,0.0,90.2,0.0,0.0,0,FlashReport_August_2026.pdf
709794,City Gas Distribution Projects at Fazilka [except area already authorized]  Ganganagar,Petroleum & Natural Gas,Rajasthan,0.0,431.76,31.9,0.0,0.0,0,FlashReport_August_2026.pdf
167179,Group-II/III LOBS Project,Petroleum & Natural Gas,Tamil Nadu,0.0,77.53,2.2,0.0,0.0,0,FlashReport_August_2026.pdf
604795,CBR 9 MMTPA Project,Petroleum & Natural Gas,Tamil Nadu,0.0,0.0,10.2,0.0,0.0,0,FlashReport_August_2026.pdf
701228,Kochi - Koottanad - Bangalore - Mangalore Pipeline Phase-II,Petroleum & Natural Gas,Tamil Nadu,0.0,0.0,97.6,0.0,0.0,0,FlashReport_August_2026.pdf
709750,Laying of new 28 inch Desal Water Pipeline and 10 inch Reject Water Pipeline,Petroleum & Natural Gas,Tamil Nadu,205.0,117.98,79.1,0.0,0.0,0,FlashReport_August_2026.pdf
709796,City Gas Distribution Projects at the Nilgiris and Erode districts,Petroleum & Natural Gas,Tamil Nadu,0.0,322.83,25.6,0.0,0.0,0,FlashReport_August_2026.pdf
617822,ATF Pipeline from BPCLs Malkapur POL Installation to Hyderabad International,Petroleum & Natural Gas,Telangana,215.0,47.5,34.1,0.0,0.0,0,FlashReport_August_2026.pdf
701346,North East Gas Grid,Petroleum & Natural Gas,Tripura,0.0,0.0,88.6,0.0,0.0,0,FlashReport_August_2026.pdf
709837,Creation of Gas Dehydration Facilities  Tripura Asset,Petroleum & Natural Gas,Tripura,209.33,81.31,72.0,0.0,0.0,0,FlashReport_August_2026.pdf
619191,Kanpur LPG Bottling Plant,Petroleum & Natural Gas,Uttar Pradesh,202.0,133.17,65.0,0.0,0.0,0,FlashReport_August_2026.pdf
619312,Bulk Loading Hub- Kanpur,Petroleum & Natural Gas,Uttar Pradesh,186.0,107.8,65.0,0.0,0.0,0,FlashReport_August_2026.pdf
709781,Revamping / Augmentation of Facilities at Mathura Bitumen Plant,Petroleum & Natural Gas,Uttar Pradesh,260.12,25.84,58.8,0.0,0.0,0,FlashReport_August_2026.pdf
709795,City Gas Distribution Projects at Lakhimpur Kheri   Sitapur  Bahraich ,Petroleum & Natural Gas,Uttar Pradesh,0.0,763.51,20.0,0.0,0.0,0,FlashReport_August_2026.pdf
617302,Durgapur - Haldia Pipeline [Section-3B of JHBDPL Project],Petroleum & Natural Gas,West Bengal,0.0,0.0,95.7,0.0,0.0,0,FlashReport_August_2026.pdf
617828,Siliguri-Jhapa Pipeline Project,Petroleum & Natural Gas,West Bengal,267.0,3.4,17.5,0.0,0.0,0,FlashReport_August_2026.pdf
617837,Siliguri Marketing Terminal [SMT] Capacity Augmentation Project,Infrastructure,West Bengal,484.0,321.23,90.0,0.0,0.0,0,FlashReport_August_2026.pdf
701344,Dhamra Haldia Pipeline Project,Petroleum & Natural Gas,West Bengal,0.0,929.0,94.5,0.0,0.0,0,FlashReport_August_2026.pdf
709772,City Gas Distribution Project at East Mednipore  West Mednipore & Jhargram Districts,Petroleum & Natural Gas,West Bengal,609.0,64.84,3.1,0.0,0.0,0,FlashReport_August_2026.pdf
709791,City Gas Distribution Projects at Alipurduar and Cooch Behar,Petroleum & Natural Gas,West Bengal,0.0,246.55,44.0,0.0,0.0,0,FlashReport_August_2026.pdf
701172,AIIMS Darbhanga,Health,Bihar,0.0,40.33,1.13,0.0,0.0,0,FlashReport_August_2026.pdf
707020,Establishment of new GMC Jamui,Health,Bihar,250.0,103.41,32.0,0.0,0.0,0,FlashReport_August_2026.pdf
707044,Establishment of new GMC Korba,Health,Chhattisgarh,325.0,179.59,56.0,0.0,0.0,0,FlashReport_August_2026.pdf
707045,Establishment of new GMC Mahasamund,Health,Chhattisgarh,325.0,321.7,84.0,0.0,0.0,0,FlashReport_August_2026.pdf
707046,Establishment of new GMC Kanker,Health,Chhattisgarh,325.0,37.1,45.0,0.0,0.0,0,FlashReport_August_2026.pdf
617882,Setting up IT Infrastructure including Network Security and Hosting at AIIMS  New,Health,Delhi,358.19,53.73,50.0,0.0,0.0,0,FlashReport_August_2026.pdf
617883,Redevelopment of Residential colonies at Ayur Vigyan Nagar and West Ansari Nagar,Health,Delhi,0.0,44.44,57.0,0.0,0.0,0,FlashReport_August_2026.pdf
701170,AIIMS Rajkot,Health,Gujarat,0.0,809.29,94.1,0.0,0.0,0,FlashReport_August_2026.pdf
707049,Establishment of new GMC Panchmahal,Health,Gujarat,325.0,467.35,98.0,0.0,0.0,0,FlashReport_August_2026.pdf
707050,Establishment of new GMC Porbandar,Health,Gujarat,325.0,936.84,81.0,0.0,0.0,0,FlashReport_August_2026.pdf
701173,AIIMS Majra Rewari Haryana,Health,Haryana,0.0,772.62,69.7,0.0,0.0,0,FlashReport_August_2026.pdf
701167,AIIMS Kashmir at Awantipora Jammu & Kashmir,Health,Jammu and Kashmir,0.0,0.0,80.0,0.0,0.0,0,FlashReport_August_2026.pdf
707051,Establishment of new GMc Udhampur,Health,Jammu and Kashmir,325.0,226.08,85.0,0.0,0.0,0,FlashReport_August_2026.pdf
707021,Establishment of new GMC Koderma,Health,Jharkhand,250.0,271.0,40.0,0.0,0.0,1,FlashReport_August_2026.pdf
707022,Establishment of new GMC Chaibasa [Singhbhum],Health,Jharkhand,250.0,333.1,83.0,0.0,0.0,0,FlashReport_August_2026.pdf
707058,Establishment of new GMC Rajgarh,Health,Madhya Pradesh,325.0,179.5,86.0,0.0,0.0,0,FlashReport_August_2026.pdf
707059,Establishment of new GMC Mandla,Health,Madhya Pradesh,325.0,89.41,45.5,0.0,0.0,0,FlashReport_August_2026.pdf
707069,Establishment of new GMC Kapurthala,Health,Punjab,325.0,50.0,1.0,0.0,0.0,0,FlashReport_August_2026.pdf
707070,Establishment of new GMC Hoshiarpur,Health,Punjab,325.0,2.04,5.0,0.0,0.0,0,FlashReport_August_2026.pdf
707039,Establishment of new GMC Gangtok,Health,Sikkim,250.0,667.21,100.0,0.0,0.0,0,FlashReport_August_2026.pdf
701168,ALL India Institute of Medical Sciences-AIIMS Madurai,Health,Tamil Nadu,0.0,567.36,57.0,0.0,0.0,0,FlashReport_August_2026.pdf
701171,AIIMS Bibinagar,Health,Telangana,0.0,0.0,87.71,0.0,0.0,0,FlashReport_August_2026.pdf
707086,Establishment of new GMC Rudrapur,Health,Uttarakhand,325.0,353.01,95.0,0.0,0.0,0,FlashReport_August_2026.pdf
707087,Establishment of new GMC Pithoragarh,Health,Uttarakhand,325.0,470.18,78.0,0.0,0.0,0,FlashReport_August_2026.pdf
612167,Construction of 350 beds + 50 Super Specialty beds ESIC Hospital Sheelanagar ,Health,Andhra Pradesh,384.27,286.38,96.0,0.0,0.0,0,FlashReport_August_2026.pdf
612186,350 Bedded [Upgradable to 500 beds] ESI Hospital at Sanand,Health,Gujarat,558.12,92.2,32.0,0.0,0.0,0,FlashReport_August_2026.pdf
612211,Demolition  Construction and upgradation of ESI Hospital  Kalol  Gujarat from 50 beds,Health,Gujarat,205.87,68.9,61.0,0.0,0.0,0,FlashReport_August_2026.pdf
612745,Construction of 200 bed ESI Hospital at Bommasandra  Karnataka,Health,Karnataka,278.0,80.52,38.0,0.0,0.0,0,FlashReport_August_2026.pdf
612748,Construction of 100 bed ESI Hospital and Staff Quarters [32 Nos.] at Harohalli ,Health,Karnataka,150.92,31.05,32.05,0.0,0.0,0,FlashReport_August_2026.pdf
612213,Construction of 200 Bedded ESIC Hospital at Butibori  Nagpur  Maharashtra.,Health,Maharashtra,194.93,116.22,67.0,0.0,0.0,0,FlashReport_August_2026.pdf
616691,Upgradation & Extension of ESIC Hospital and Construction of PG Hostel / Staff,Health,Maharashtra,260.13,216.46,89.0,0.0,0.0,0,FlashReport_August_2026.pdf
612513,Construction of 100 Bedded ESI Hospital at Duburi  Odisha.,Health,Odisha,164.6,17.52,7.2,0.0,0.0,0,FlashReport_August_2026.pdf
612259,CONSTRUCTION OF 300 BEDDED HOSPITAL AT HARIDWAR,Infrastructure,Uttarakhand,102.4,340.3,91.5,0.0,0.0,0,FlashReport_August_2026.pdf
707410,Integrated Multi Modal Logistics Hub at Nangal Chaudhary in Haryana - Other Trunk,Infrastructure,Haryana,763.0,430.0,60.0,0.0,0.0,0,FlashReport_August_2026.pdf
617727,Orvakal Industrial Area,Infrastructure,Andhra Pradesh,0.0,446.32,18.14,0.0,0.0,0,FlashReport_August_2026.pdf
617729,Kopparthy Industrial Area,Infrastructure,Andhra Pradesh,0.0,39.75,5.56,0.0,0.0,0,FlashReport_August_2026.pdf
701658,Krishnapatnam Node - Phase 1 - Roads and Services Development,Road Transport & Highways,Andhra Pradesh,0.0,0.0,48.3,0.0,0.0,0,FlashReport_August_2026.pdf
707420,Gaya Integrated Manufacturing Cluster IMC in Bihar,Infrastructure,Bihar,0.0,0.0,5.0,0.0,0.0,0,FlashReport_August_2026.pdf
701657,Tumakuru Node - Phase 1 - Roads and Services Development,Road Transport & Highways,Karnataka,0.0,375.68,28.65,0.0,0.0,0,FlashReport_August_2026.pdf
701668,Development of Palakkad Node under extension of CBIC to Kochi,Infrastructure,Kerala,0.0,58.62,5.37,0.0,0.0,0,FlashReport_August_2026.pdf
701662,IMC Rajpura - Patiala Development Project,Infrastructure,Punjab,0.0,0.0,4.95,0.0,0.0,0,FlashReport_August_2026.pdf
603210,Development of Jodhpur Pali Marwar Industrial Area JPMIA in Rajasthan,Infrastructure,Rajasthan,921.66,0.0,7.5,0.0,0.0,0,FlashReport_August_2026.pdf
601812,Development of Zaheerabad Node under Hyderabad Nagpur Industrial Corridor,Infrastructure,Telangana,0.0,63.19,5.72,0.0,0.0,0,FlashReport_August_2026.pdf
707419,IMC at Prayagraj,Infrastructure,Uttar Pradesh,658.0,75.63,29.32,0.0,0.0,0,FlashReport_August_2026.pdf
701661,Development of IMC Khurpia Farms under AKIC Project,Infrastructure,Uttarakhand,0.0,14.89,4.1,0.0,0.0,0,FlashReport_August_2026.pdf
615202,Capacity expansion of Deposit-14 and 14 NMZ at Kirandul,Mines,Chhattisgarh,0.0,303.01,25.27,0.0,0.0,0,FlashReport_August_2026.pdf
658240,Shaft Sinking Projects at Kandri Mine.,Infrastructure,Maharashtra,196.9,2.85,0.9,0.0,0.0,0,FlashReport_August_2026.pdf
928129,Shaft Sinking Projects at Dongri Buzurg Mine.,Infrastructure,Maharashtra,217.45,3.94,0.6,0.0,0.0,0,FlashReport_August_2026.pdf
505491,Installation of 140 TPH Walking Beam type Reheating Furnace in Plate Mill at BSP,Steel,Chhattisgarh,268.36,0.0,0.0,0.0,0.0,0,FlashReport_August_2026.pdf
617243,Replacement of Hot Leveller No.1 of Plate Mill at Bhilai Steel Plant,Steel,Chhattisgarh,198.62,129.25,83.33,0.0,0.0,0,FlashReport_August_2026.pdf
617255,Replacement of Converter Vessels  Trunnion Rings  Support System & Installation of,Steel,Chhattisgarh,471.83,272.56,78.97,0.0,0.0,0,FlashReport_August_2026.pdf
617256,Rebuilding of Coke Oven Battery No.7 & 8 at Bhilai Steel Plant,Steel,Chhattisgarh,884.1,702.09,95.99,0.0,0.0,0,FlashReport_August_2026.pdf
706811,NMDC Slurry Pipeline Project Phase-1,Mines,Chhattisgarh,0.0,0.0,96.8,0.0,0.0,0,FlashReport_August_2026.pdf
709826,SCREENING PLANT-III AT KIRANDUL,Mines,Chhattisgarh,0.0,0.0,83.82,0.0,0.0,0,FlashReport_August_2026.pdf
944288,Super accelerated cooling system (Uniform Cooling) for high strength plates in Plate,Steel,Chhattisgarh,192.21,79.05,65.15,0.0,0.0,0,FlashReport_August_2026.pdf
400174,New Sinter Plant at BSL  SAIL,Steel,Jharkhand,0.0,0.0,66.5,0.0,0.0,0,FlashReport_August_2026.pdf
617249,Replacement of existing Grinders in CRM-I & II at Bokaro Steel Plant,Steel,Jharkhand,211.94,143.18,69.27,0.0,0.0,0,FlashReport_August_2026.pdf
617250,Secondary Emission Control in Converters of SMS-II at Bokaro Steel Plant,Steel,Jharkhand,207.13,110.21,57.59,0.0,0.0,0,FlashReport_August_2026.pdf
617254,Replacement of remaining 04 sets of Battery Cyclones with 04 Nos. of ESPs in Sinter,Steel,Jharkhand,260.37,131.44,56.28,0.0,0.0,0,FlashReport_August_2026.pdf
617257,Rebuilding of Coke Oven Battery No.6 at Bokaro Steel Plant,Steel,Jharkhand,627.31,365.64,70.5,0.0,0.0,0,FlashReport_August_2026.pdf
400121,Construction of Screening Plant-II for Donimalai and Kumaraswamy Iron Ore Mining,Mines,Karnataka,0.0,658.17,72.7,0.0,0.0,0,FlashReport_August_2026.pdf
478482,Stamp Charge Battery No.7 Coke Dry Cooling Plant at RSP,Steel,Odisha,0.0,75.81,0.0,0.0,0.0,0,FlashReport_August_2026.pdf
589703,Implementation of Treatment System-2 Under ZLD at RSP,Steel,Odisha,216.02,147.99,93.66,0.0,0.0,0,FlashReport_August_2026.pdf
635651,New Product Testing Laboratory for NPM  SPP & NHSM at RSP,Steel,Odisha,155.26,57.69,73.86,0.0,0.0,0,FlashReport_August_2026.pdf
738679,Stamp Charge Battery No.7 Battery Proper at RSP,Steel,Odisha,0.0,0.0,59.41,0.0,0.0,0,FlashReport_August_2026.pdf
834015,Stamp Charge Battery No.7 By-product Plant at RSP,Steel,Odisha,0.0,219.86,23.27,0.0,0.0,0,FlashReport_August_2026.pdf
364934,Stamp Charge Battery No.12 By-product Plant at IISCO Steel Plant,Steel,West Bengal,999.46,100.91,18.87,0.0,0.0,0,FlashReport_August_2026.pdf
425828,Stamp Charge Battery No.12 Coke Dry Cooling Plant at IISCO Steel Plant,Steel,West Bengal,706.51,143.16,13.7,0.0,0.0,0,FlashReport_August_2026.pdf
612781,Rebuilding of COB 4 at Durgapur Steel Plant,Steel,West Bengal,916.78,248.36,38.83,0.0,0.0,0,FlashReport_August_2026.pdf
617242,Installation of New Bar Mill at Durgapur Steel Plant,Steel,West Bengal,0.0,994.1,69.61,0.0,0.0,0,FlashReport_August_2026.pdf
617246,Up-gradation of Blast Furnace No. 3 at Durgapur Steel Plant,Steel,West Bengal,758.09,330.78,64.17,0.0,0.0,0,FlashReport_August_2026.pdf
617248,Third Ladle Furnace in Secondary Refinery Unit at IISCO Steel Plant,Steel,West Bengal,227.96,119.14,73.31,0.0,0.0,0,FlashReport_August_2026.pdf
617251,Revamping of Air Pollution Control Systems of SP-1 at Durgapur Steel Plant,Steel,West Bengal,196.4,73.24,57.33,0.0,0.0,0,FlashReport_August_2026.pdf
617338,Stamp Charge Battery No.12 Battery Proper at IISCO Steel Plant,Steel,West Bengal,0.0,485.99,30.51,0.0,0.0,0,FlashReport_August_2026.pdf
400298,Nadikude-Srikalahasti 308.7 km,Infrastructure,Andhra Pradesh,0.0,0.0,2.0,0.0,0.0,0,FlashReport_August_2026.pdf
611752,Doubling between Gooty-Pendakallu 29.225 km PB73/2023-24/NR,Infrastructure,Andhra Pradesh,351.83,157.67,45.0,0.0,0.0,0,FlashReport_August_2026.pdf
611754,South Central Railway - Rail road over double line between Guntakal West-Mallapa,Railways,Andhra Pradesh,293.3,94.62,33.0,0.0,0.0,0,FlashReport_August_2026.pdf
612827,Flyover between Pendurthi-Simhachalam North to avoid surface crossing at,Infrastructure,Andhra Pradesh,183.65,28.73,22.0,0.0,0.0,0,FlashReport_August_2026.pdf
616697,3rd & 4 th line Vadlapudi-Gate Jn. incl. tie line between Gangavaram Port-,Water Resources,Andhra Pradesh,154.28,89.66,88.0,0.0,0.0,0,FlashReport_August_2026.pdf
617216,South Central Railway- 3rd line between Gudur-Renigunta stations 83.17 km,Railways,Andhra Pradesh,877.34,53.46,0.0,0.0,0.0,0,FlashReport_August_2026.pdf
616701,Lumding-Furkating section 140 km Umbrella work PB57/2019-20/NR,Infrastructure,Assam,0.0,215.47,15.0,0.0,0.0,0,FlashReport_August_2026.pdf
705572,New Bongaigaon - Goalpara - Guwahati Kamakhya 176 km,Infrastructure,Assam,0.0,0.0,91.0,0.0,0.0,0,FlashReport_August_2026.pdf
400254,Sakri-Hasanpur 79 km,Infrastructure,Bihar,735.2,615.76,80.0,0.0,0.0,0,FlashReport_August_2026.pdf
617231,East Central Railway - Construction of Bulb line at Nabinagar Ankorah 17.49Km,Railways,Bihar,611.74,0.0,0.0,0.0,0.0,0,FlashReport_August_2026.pdf
617239,Narkatiaganj-Raxaul-Sitamarhi-Darbhanga & Sitamarhi-Muzaffarpur Sections doubling,Infrastructure,Bihar,0.0,29.38,0.0,0.0,0.0,0,FlashReport_August_2026.pdf
705366,Hajipur-Sagauli via Vaishali 148.3 km,Infrastructure,Bihar,0.0,0.0,74.0,0.0,0.0,0,FlashReport_August_2026.pdf
705368,Araria-Supaul 92 km,Infrastructure,Bihar,0.0,0.0,40.0,0.0,0.0,0,FlashReport_August_2026.pdf
705373,Fatuah-Islampur incl. material modification for extension of new line from Neora to,Infrastructure,Bihar,0.0,0.0,95.0,0.0,0.0,0,FlashReport_August_2026.pdf
705526,Samastipur-Darbhanga 38 km,Infrastructure,Bihar,519.0,751.29,92.0,0.0,0.0,0,FlashReport_August_2026.pdf
705527,Sagauli - Valmikinagar 109.7 km,Infrastructure,Bihar,0.0,0.0,91.0,0.0,0.0,0,FlashReport_August_2026.pdf
705528,Muzaffarpur - Sagauli 100.6 km,Infrastructure,Bihar,0.0,0.0,99.0,0.0,0.0,0,FlashReport_August_2026.pdf
706860,Barauni-Bachwara 16 km - 3rd & 4th line incl Barauni yard remodelling 32 km,Infrastructure,Bihar,645.0,237.7,38.0,0.0,0.0,0,FlashReport_August_2026.pdf
900874,Jhajha - Batia 20 km Umbrella work PB23/2018-19/NR,Infrastructure,Bihar,588.18,29.78,0.0,0.0,0.0,0,FlashReport_August_2026.pdf
400291,Kirandul-Jagdalpur 150 km,Infrastructure,Chhattisgarh,0.0,0.0,89.0,0.0,0.0,0,FlashReport_August_2026.pdf
612815,Nipania-Bhatapra 14.4 km 4th line PB72/NR/2022-23,Infrastructure,Chhattisgarh,170.49,13.63,3.0,0.0,0.0,0,FlashReport_August_2026.pdf
706854,Boridand-Ambikapur 118.81 km Umbrella work PB57/2019-20/NR,Infrastructure,Chhattisgarh,0.0,512.14,38.0,0.0,0.0,0,FlashReport_August_2026.pdf
709818,4th line - Rajnandgaon-Dongarhgarh 31.2 km PB72/NR/2022-23,Infrastructure,Chhattisgarh,328.34,101.52,5.0,0.0,0.0,0,FlashReport_August_2026.pdf
709819,3rd & 4th line - Saragbundia & Madwarani 12.2 km PB72/NR/2022-23,Infrastructure,Chhattisgarh,167.64,28.49,10.0,0.0,0.0,0,FlashReport_August_2026.pdf
705583,Anand Vihar-Tilak Bridge - 3rd & 4th line 9.77 km,Infrastructure,Delhi,667.0,400.84,23.0,0.0,0.0,1,FlashReport_August_2026.pdf
706865,Chandorgaon-Cansaulim rail flyover 16 km Umbrella work PB57/2019-20/NR,Infrastructure,Goa,0.0,0.0,0.0,0.0,0.0,0,FlashReport_August_2026.pdf
611918,Kosamba- Umarpada 69.70 Km PB32/WR/2023-24,Infrastructure,Gujarat,468.0,161.5,31.0,0.0,0.0,0,FlashReport_August_2026.pdf
611943,New BG line between Naliya - Jakhau Port 24.88 Km,Infrastructure,Gujarat,410.26,11.9,5.0,0.0,0.0,0,FlashReport_August_2026.pdf
611945,Petlad-Bhadran 22.5 km,Infrastructure,Gujarat,307.11,115.19,32.0,0.0,0.0,0,FlashReport_August_2026.pdf
611970,Samlaya-Timba Road 53.53 km,Road Transport & Highways,Gujarat,670.17,202.51,25.0,0.0,0.0,0,FlashReport_August_2026.pdf
611971,Samni-Jambusar 24.08 km,Infrastructure,Gujarat,350.0,189.28,40.0,0.0,0.0,0,FlashReport_August_2026.pdf
611974,Western Railway- Samakhiali-Gandhidham Quadrupiling 53 km PB34/CR/2023-24,Railways,Gujarat,0.0,796.21,50.0,0.0,0.0,0,FlashReport_August_2026.pdf
612072,Barejadi Nandej Geratpur - Sanand - 4th line 38.20 km,Infrastructure,Gujarat,961.67,569.92,25.0,0.0,0.0,0,FlashReport_August_2026.pdf
705458,Miyagam-Karjan-Dabhoi-Samlaya 96.46 km- Gauge conversion with electrification,Infrastructure,Gujarat,483.88,886.85,34.0,0.0,0.0,1,FlashReport_August_2026.pdf
706763,Rajkot-Kanalus 111.20 km,Infrastructure,Gujarat,0.0,0.0,90.0,0.0,0.0,0,FlashReport_August_2026.pdf
709812,Nadiad-Petlad 37.26 km,Infrastructure,Gujarat,461.91,150.35,30.0,0.0,0.0,0,FlashReport_August_2026.pdf
709813,New BG line intersection 5 nos between Geratpur-Sanand & Botad-Ahmedabad 16.51,Infrastructure,Gujarat,437.21,602.87,22.0,0.0,0.0,1,FlashReport_August_2026.pdf
611884,Doubling between Bhiwani - Dobh Bahali PB73/2023-24/NR,Infrastructure,Haryana,471.0,350.86,78.0,0.0,0.0,0,FlashReport_August_2026.pdf
617372,Pradhankhunta Jn-Patherdih Bazar-Bhojudih 17.1 km Umbrella work PB57/2019-,Infrastructure,Jharkhand,349.22,166.86,60.0,0.0,0.0,0,FlashReport_August_2026.pdf
617832,Koderma-Barkakana Arigada 133 Km,Infrastructure,Jharkhand,0.0,0.85,0.0,0.0,0.0,0,FlashReport_August_2026.pdf
705765,Gomoh - Flyover for down trains 20 km,Infrastructure,Jharkhand,686.0,543.45,65.0,0.0,0.0,0,FlashReport_August_2026.pdf
705785,Lodhma-Piska - Link line bypassing Hatia / Ranchi with Y connection 17.2 km,Infrastructure,Jharkhand,473.0,345.49,14.0,0.0,0.0,1,FlashReport_August_2026.pdf
705490,Gadag - Wadi 257.26 km,Infrastructure,Karnataka,0.0,0.0,35.0,0.0,0.0,0,FlashReport_August_2026.pdf
705492,Kadur-Chickmagalur-Sakleshpur 93 km,Infrastructure,Karnataka,825.0,801.77,83.0,0.0,0.0,0,FlashReport_August_2026.pdf
705493,Hubli-Ankola 167 km,Infrastructure,Karnataka,0.0,186.31,10.0,0.0,0.0,0,FlashReport_August_2026.pdf
705495,Bagalkot-Kudachi 142 km,Infrastructure,Karnataka,0.0,808.19,35.0,0.0,0.0,0,FlashReport_August_2026.pdf
705663,Bangalore-Whitefield-Bangalore City-Krishnarajapuram 23.08 km - Quadrupling,Infrastructure,Karnataka,493.0,459.94,70.0,0.0,0.0,0,FlashReport_August_2026.pdf
705761,Shimoga-Shikaripura-Ranebennur 103 km umbrella work PB23/2018-19/NR,Infrastructure,Karnataka,0.0,107.72,14.0,0.0,0.0,0,FlashReport_August_2026.pdf
705638,Kumbalam-Turavur - Patch doubling 15.59 km,Infrastructure,Kerala,813.0,404.17,30.0,0.0,0.0,0,FlashReport_August_2026.pdf
705639,Ernakulam-Kumbalam - Patch doubling 7.71 km,Infrastructure,Kerala,601.0,313.99,25.0,0.0,0.0,0,FlashReport_August_2026.pdf
705419,Gwalior-Sheorpurkalan with extension to Kota 284 km,Infrastructure,Madhya Pradesh,0.0,0.0,91.0,0.0,0.0,0,FlashReport_August_2026.pdf
705659,Satna - Rewa 50 km,Infrastructure,Madhya Pradesh,500.0,620.14,88.0,0.0,0.0,0,FlashReport_August_2026.pdf
705661,Katni - Grade separator / bypass 21.50 km,Railways,Madhya Pradesh,0.0,0.0,84.0,0.0,0.0,0,FlashReport_August_2026.pdf
705933,Nimach-Ratlam 133 km,Infrastructure,Madhya Pradesh,0.0,0.0,100.0,0.0,0.0,0,FlashReport_August_2026.pdf
611751,Aurangabad-Ankai 98.25 km,Infrastructure,Maharashtra,960.64,401.33,0.0,0.0,0.0,0,FlashReport_August_2026.pdf
612845,Pachora-Jamner with extension upto Malkapur-Narrow gauge to broad gauge 84 km,Infrastructure,Maharashtra,955.39,308.07,10.0,0.0,0.0,0,FlashReport_August_2026.pdf
617215,Doubling between Parbhani-Parli Vaijnath stations 64.71 km PB34/CR/2023-24,Infrastructure,Maharashtra,769.93,178.5,1.0,0.0,0.0,0,FlashReport_August_2026.pdf
617364,Central Railway - Double chord line between Nilaje and Kopar 4.495 km,Railways,Maharashtra,338.33,58.47,15.0,0.0,0.0,0,FlashReport_August_2026.pdf
705356,Ahmednagar - Beed - Parli - Vaijnath New Broad Gauge Line Railway Project [261.3,Railways,Maharashtra,0.0,0.0,93.0,0.0,0.0,0,FlashReport_August_2026.pdf
705357,Baramati - Lonand 54 km,Infrastructure,Maharashtra,138.48,0.0,60.0,0.0,0.0,0,FlashReport_August_2026.pdf
705479,Wadsa-Gadchiroli 49.5 km,Infrastructure,Maharashtra,0.0,0.0,69.0,0.0,0.0,0,FlashReport_August_2026.pdf
705498,Kalyan-Kasara - 3rd line 67.62 km,Infrastructure,Maharashtra,792.89,0.0,73.0,0.0,0.0,0,FlashReport_August_2026.pdf
705500,Wardha Sevagram-Nagpur - 3rd line 76.3 km,Infrastructure,Maharashtra,540.02,841.24,93.0,0.0,0.0,0,FlashReport_August_2026.pdf
705502,Wardha-Balharshah - 3rd line 132 km,Infrastructure,Maharashtra,0.0,0.0,86.0,0.0,0.0,0,FlashReport_August_2026.pdf
705504,Daund - Manmad 247.50 km,Infrastructure,Maharashtra,0.0,0.0,95.0,0.0,0.0,0,FlashReport_August_2026.pdf
705505,Wardha-Nagpur - 4th line 78.70 km,Infrastructure,Maharashtra,637.95,0.0,93.0,0.0,0.0,0,FlashReport_August_2026.pdf
705735,Solapur-Osmanabad - New line via Tuljapur 84.44 km umbrella work PB23/2018-,Infrastructure,Maharashtra,904.92,0.0,38.0,0.0,0.0,0,FlashReport_August_2026.pdf
705391,Jiribam-Imphal 110 km,Infrastructure,Manipur,0.0,0.0,78.0,0.0,0.0,0,FlashReport_August_2026.pdf
705491,Marikuppam-Kuppam 23.7 km,Infrastructure,"Multi-States (Andhra Pradesh, Karnataka)",297.0,145.88,20.0,0.0,0.0,0,FlashReport_August_2026.pdf
705512,Kottavalasa-Koraput 189.278 km,Infrastructure,"Multi-States (Andhra Pradesh, Odisha)",0.0,0.0,74.0,0.0,0.0,0,FlashReport_August_2026.pdf
617210,Tirupati-Pakala-Katpadi Doubling 104.39 Km Item83/NR/2024-25,Infrastructure,"Multi-States (Andhra Pradesh, Tamil Nadu)",0.0,0.0,0.0,0.0,0.0,0,FlashReport_August_2026.pdf
705610,Renigunta 9.60 km  Wadi 7.60 km & Gooty 3.8 km - Bypass,Infrastructure,"Multi-States (Andhra Pradesh, Tamil Nadu)",302.0,421.36,50.0,0.0,0.0,0,FlashReport_August_2026.pdf
616857,Doubling between Motumari Vishnupuram 88.81 km and Rail over Rail RoR at,Railways,"Multi-States (Andhra Pradesh, Telangana)",0.0,327.62,22.0,0.0,0.0,0,FlashReport_August_2026.pdf
617214,South Central Railway- Rail connectivity to Amaravati  Capital of Andhra Pradesh,Railways,"Multi-States (Andhra Pradesh, Telangana)",0.0,155.0,0.0,0.0,0.0,0,FlashReport_August_2026.pdf
705632,Vijayawada19.50 km & Kazipet10.65 km -Byepass line,Infrastructure,"Multi-States (Andhra Pradesh, Telangana)",647.0,711.08,90.0,0.0,0.0,0,FlashReport_August_2026.pdf
705401,Murkongselek-Pasighat 26.15 km,Infrastructure,"Multi-States (Arunachal Pradesh, Assam)",435.0,0.0,67.0,0.0,0.0,0,FlashReport_August_2026.pdf
705392,Dimapur-Kohima 88 km,Infrastructure,"Multi-States (Assam, Nagaland)",0.0,0.0,48.0,0.0,0.0,0,FlashReport_August_2026.pdf
705375,Koderma-Tilaiya 68 km,Infrastructure,"Multi-States (Bihar, Jharkhand)",0.0,0.0,90.0,0.0,0.0,0,FlashReport_August_2026.pdf
705385,Pirpainti - Jasidih 97 km,Infrastructure,"Multi-States (Bihar, Jharkhand)",0.0,0.0,40.0,0.0,0.0,0,FlashReport_August_2026.pdf
616699,Multi tracking of Son Nagar-Andal 374.53 rkm & 814.38 tkm PB34/ECOR/2023-24,Infrastructure,"Multi-States (Bihar, Jharkhand, Uttar Pradesh, West Bengal)",0.0,0.0,3.0,0.0,0.0,0,FlashReport_August_2026.pdf
617224,Gorakhpur-Valmikinagar Doubling project,Infrastructure,"Multi-States (Bihar, Uttar Pradesh)",0.0,442.7,46.0,0.0,0.0,0,FlashReport_August_2026.pdf
617333,Construction of surface traingle between Bhadaura and new crossing station Karma,Infrastructure,"Multi-States (Bihar, Uttar Pradesh)",199.96,64.59,0.0,0.0,0.0,0,FlashReport_August_2026.pdf
705562,Chhapra-Ballia - Patch doubling 65 km,Infrastructure,"Multi-States (Bihar, Uttar Pradesh)",963.0,0.0,95.0,0.0,0.0,0,FlashReport_August_2026.pdf
617245,Katihar-Kumedpur & Katihar-Mukuria 64.5 km Umbrella work PB57/2019-20/NR,Infrastructure,"Multi-States (Bihar, West Bengal)",942.64,952.95,65.0,0.0,0.0,0,FlashReport_August_2026.pdf
705617,Rajnandgaon-Nagpur - 3rd line 228 km,Infrastructure,"Multi-States (Chhattisgarh, Maharashtra)",0.0,0.0,95.0,0.0,0.0,0,FlashReport_August_2026.pdf
709815,4th line - Bhatapara-Hathband 8.8 km PB72/NR/2022-23,Infrastructure,"Multi-States (Chhattisgarh, Maharashtra)",177.03,21.08,3.0,0.0,0.0,0,FlashReport_August_2026.pdf
709816,4th line - Bhilai-Bhilai nagar 8.8 km PB72/NR/2022-23,Infrastructure,"Multi-States (Chhattisgarh, Maharashtra)",177.34,39.39,3.0,0.0,0.0,0,FlashReport_August_2026.pdf
709817,4th line - Dadhapara-Belha 9.2 km PB72/NR/2022-23,Infrastructure,"Multi-States (Chhattisgarh, Maharashtra)",169.06,65.72,10.0,0.0,0.0,0,FlashReport_August_2026.pdf
705511,Jagdalpur-Koraput 110.22 km,Infrastructure,"Multi-States (Chhattisgarh, Odisha)",0.0,0.0,90.0,0.0,0.0,0,FlashReport_August_2026.pdf
705616,Jharsuguda - Bilaspur - 4th line 206 km,Infrastructure,"Multi-States (Chhattisgarh, Odisha)",0.0,0.0,88.0,0.0,0.0,0,FlashReport_August_2026.pdf
705453,Dahod-Indore via Sardarpur  Jhabua & Dhar 200.97 km incl. material modification for,Infrastructure,"Multi-States (Gujarat, Madhya Pradesh)",456.07,0.0,57.0,0.0,0.0,0,FlashReport_August_2026.pdf
705454,Chhota Udepur-Dhar 157 km,Infrastructure,"Multi-States (Gujarat, Madhya Pradesh)",0.0,0.0,58.0,0.0,0.0,0,FlashReport_August_2026.pdf
400022,Taranga Hill-Abu Road via Ambaji 116.65 km,Road Transport & Highways,"Multi-States (Gujarat, Rajasthan)",0.0,0.0,50.0,0.0,0.0,0,FlashReport_August_2026.pdf
705424,Chandigarh-Baddi 33.23 km,Infrastructure,"Multi-States (Haryana, Himachal Pradesh)",0.0,0.0,48.0,0.0,0.0,0,FlashReport_August_2026.pdf
705410,Nangal Dam-Talwara 83.74 km - New broad gauge line & taking over siding Mukerian-,Infrastructure,"Multi-States (Himachal Pradesh, Punjab)",0.0,0.0,84.0,0.0,0.0,0,FlashReport_August_2026.pdf
705628,Bondamunda - Ranchi 158.50 km,Infrastructure,"Multi-States (Jharkhand, Odisha)",0.0,0.0,95.0,0.0,0.0,0,FlashReport_August_2026.pdf
616588,Buramara - Chakulia 59.96 km PB9/SECR/2023-24,Infrastructure,"Multi-States (Jharkhand, Odisha, West Bengal)",0.0,12.55,2.0,0.0,0.0,0,FlashReport_August_2026.pdf
616227,3rd line between Chandil - Anara- Damodar section 121.26 km,Infrastructure,"Multi-States (Jharkhand, West Bengal)",0.0,10.27,0.0,0.0,0.0,0,FlashReport_August_2026.pdf
705668,Kharagpur-Adityapur - 3rd line 132 km,Railways,"Multi-States (Jharkhand, West Bengal)",0.0,0.0,98.0,0.0,0.0,0,FlashReport_August_2026.pdf
703586,Baiyyappanahalli-Hosur 48 km,Infrastructure,"Multi-States (Karnataka, Tamil Nadu)",498.7,700.64,85.0,0.0,0.0,0,FlashReport_August_2026.pdf
705635,Trivandrum - Kanyakumari 86.56 km,Infrastructure,"Multi-States (Kerala, Tamil Nadu)",0.0,0.0,60.0,0.0,0.0,0,FlashReport_August_2026.pdf
705457,Ratlam-Mhow-Khandwa-Akola 472.64 km including material modification for,Infrastructure,"Multi-States (Madhya Pradesh, Maharashtra)",0.0,0.0,75.0,0.0,0.0,0,FlashReport_August_2026.pdf
705507,Itarsi-Nagpur bal. 280 km,Infrastructure,"Multi-States (Madhya Pradesh, Maharashtra)",0.0,0.0,55.0,0.0,0.0,0,FlashReport_August_2026.pdf
705481,Ramganj Mandi-Bhopal 262 km,Infrastructure,"Multi-States (Madhya Pradesh, Rajasthan)",0.0,0.0,88.0,0.0,0.0,0,FlashReport_August_2026.pdf
705764,Nimach-Badi Sadri NL Project 48 km,Infrastructure,"Multi-States (Madhya Pradesh, Rajasthan)",495.0,577.16,60.0,0.0,0.0,0,FlashReport_August_2026.pdf
705667,Mathura-Jhansi - 3rd line 273.80 km,Railways,"Multi-States (Madhya Pradesh, Rajasthan, Uttar Pradesh)",0.0,0.0,94.0,0.0,0.0,0,FlashReport_August_2026.pdf
705480,Lalitpur-Satna  Rewa-Singrauli & Mahoba-Khajuraho 541 km,Infrastructure,"Multi-States (Madhya Pradesh, Uttar Pradesh)",0.0,0.0,73.0,0.0,0.0,0,FlashReport_August_2026.pdf
705598,Jhansi-Bina - 3rd line 152.57 km,Infrastructure,"Multi-States (Madhya Pradesh, Uttar Pradesh)",0.0,0.0,98.0,0.0,0.0,0,FlashReport_August_2026.pdf
616586,Bangriposi - Gorumahisani 85.60 km PB9/SECR/2023-24,Infrastructure,"Multi-States (Odisha, West Bengal)",0.0,7.84,2.0,0.0,0.0,0,FlashReport_August_2026.pdf
705629,Narayangarh - Bhadrak - 3rd line 155 km,Infrastructure,"Multi-States (Odisha, West Bengal)",0.0,0.0,87.0,0.0,0.0,0,FlashReport_August_2026.pdf
400223,Tiruchchirappalli-Nagore-Karaikal with extension of Nagapattinam-Velankani-,Infrastructure,"Multi-States (Puducherry, Tamil Nadu)",713.0,0.0,80.0,0.0,0.0,0,FlashReport_August_2026.pdf
602797,Sainthia  Sitarampur  Mughalsarai  Allahabad & Etawah - Bypass 35 km,Infrastructure,"Multi-States (Uttar Pradesh, West Bengal)",461.64,208.47,15.0,0.0,0.0,0,FlashReport_August_2026.pdf
400232,Brundamal - Jharsuguda - Fly-over connection for joining down line 6.6 km,Infrastructure,Odisha,297.0,49.63,55.0,0.0,0.0,0,FlashReport_August_2026.pdf
612834,3rd & 4th line between Sarla - Sason 8 km PB73/2023-24/NR,Infrastructure,Odisha,252.0,188.33,88.0,0.0,0.0,0,FlashReport_August_2026.pdf
615915,Rourkela-Bondamunda A-Cabin 5th line 10 km Umbrella work PB57/2019-20/NR,Infrastructure,Odisha,244.99,162.31,50.0,0.0,0.0,0,FlashReport_August_2026.pdf
616694,Flyover between Siju & Paradeep coaching yard 7 km PB73/2023-24/NR,Infrastructure,Odisha,200.77,55.95,1.0,0.0,0.0,0,FlashReport_August_2026.pdf
616695,Construction of Paradeep- Badabandha 3rd & 4th line 18.51 km PB34/ECOR/2023-24,Infrastructure,Odisha,300.15,21.63,10.0,0.0,0.0,0,FlashReport_August_2026.pdf
616839,Gunupur - Therubali new line 73.62 km,Infrastructure,Odisha,0.0,2.55,0.0,0.0,0.0,0,FlashReport_August_2026.pdf
705358,Khurda Road-Bolangir 301 km,Road Transport & Highways,Odisha,0.0,0.0,93.0,0.0,0.0,0,FlashReport_August_2026.pdf
705359,Talcher-Bimlagarh 154 km,Infrastructure,Odisha,0.0,0.0,56.0,0.0,0.0,0,FlashReport_August_2026.pdf
705510,Bhadrak-Nergundi - 3rd line 80 km,Infrastructure,Odisha,0.0,0.0,85.0,0.0,0.0,0,FlashReport_August_2026.pdf
705513,Koraput-Singapur Road 164.56 km,Road Transport & Highways,Odisha,0.0,0.0,56.0,0.0,0.0,0,FlashReport_August_2026.pdf
705515,Budhapank-Salegaon via Rajatgarh - 3rd & 4th line 85 85 km,Infrastructure,Odisha,0.0,0.0,86.0,0.0,0.0,0,FlashReport_August_2026.pdf
705741,Jeypore - Navarangpur 38 km,Infrastructure,Odisha,748.0,16.28,1.0,0.0,0.0,0,FlashReport_August_2026.pdf
705742,Jeypore - Malkangiri 130 km,Infrastructure,Odisha,0.0,738.6,6.0,0.0,0.0,0,FlashReport_August_2026.pdf
705783,Ludhiana-Kila Raipur 19 km with freight line at Gill station,Infrastructure,Punjab,237.64,109.63,70.0,0.0,0.0,0,FlashReport_August_2026.pdf
611855,Nathdwara Mavli - Devgarh Madariya 82.542 km,Infrastructure,Rajasthan,968.92,830.89,75.0,0.0,0.0,0,FlashReport_August_2026.pdf
616841,Pushkar - Merta Katyasani 51.346 km,Infrastructure,Rajasthan,799.64,242.08,7.0,0.0,0.0,0,FlashReport_August_2026.pdf
616843,Ajmer-Chanderiya section 178.28 km Umbrella work PB57/2019-20/NR,Infrastructure,Rajasthan,0.0,560.17,23.0,0.0,0.0,0,FlashReport_August_2026.pdf
617404,North Western Railway - New line between Ramdevra and Pokhran via Bhairav Gufa,Railways,Rajasthan,189.21,57.4,3.0,0.0,0.0,0,FlashReport_August_2026.pdf
705752,Gudha-Thathana Mithri - Construction of dedicated test track for testing and trial of,Infrastructure,Rajasthan,819.48,326.2,95.0,0.0,0.0,0,FlashReport_August_2026.pdf
706836,Dedicatedtest track for RDSO Phase-2 34 km Umbrella work PB22/2019-20/NR,Infrastructure,Rajasthan,466.42,586.33,98.0,0.0,0.0,0,FlashReport_August_2026.pdf
706866,Sawaimadhopur - Bypass line 6.98 km Umbrella work PB57/2019-20/NR,Infrastructure,Rajasthan,304.0,188.07,72.0,0.0,0.0,0,FlashReport_August_2026.pdf
705489,Madurai-Tuticorin via Aruppukkottai 143.5 km,Infrastructure,Tamil Nadu,601.43,351.21,14.0,0.0,0.0,0,FlashReport_August_2026.pdf
400204,Bahraich - Khalilabad via Bhinga  Shravasti  Balrampur  Utraula  Domriyaganj ,Infrastructure,Uttar Pradesh,0.0,0.0,16.0,0.0,0.0,0,FlashReport_August_2026.pdf
400205,Sahjanwa - Dohrighat 81.17 km,Infrastructure,Uttar Pradesh,0.0,749.57,1.0,0.0,0.0,0,FlashReport_August_2026.pdf
617213,Varanasi- Pt. Deen Dayal Upadhyaya - Multitracking 15 km  including construction of a,Road Transport & Highways,Uttar Pradesh,0.0,119.36,7.0,0.0,0.0,0,FlashReport_August_2026.pdf
617252,Anand Nagar - Ghughuli via Maharajganj 53.37 km,Infrastructure,Uttar Pradesh,958.27,894.1,14.0,0.0,0.0,1,FlashReport_August_2026.pdf
617370,Doubling between Jaunpur Jn - Zaffarabad 6.28 km PB73/2023-24/NR,Infrastructure,Uttar Pradesh,180.66,79.74,22.0,0.0,0.0,0,FlashReport_August_2026.pdf
705567,Burhwal - Gonda - 3rd line 61.72 km,Infrastructure,Uttar Pradesh,0.0,795.57,100.0,0.0,0.0,0,FlashReport_August_2026.pdf
705588,Janghai - Pratapgarh - Amethi 87 km,Infrastructure,Uttar Pradesh,722.0,0.0,80.0,0.0,0.0,0,FlashReport_August_2026.pdf
705766,Lalitpur - Birari with flyover at Lalitpur 15.80 km,Infrastructure,Uttar Pradesh,304.44,287.94,85.0,0.0,0.0,0,FlashReport_August_2026.pdf
705772,Mughalsarai - Allahabad - 3rd line 150 km,Infrastructure,Uttar Pradesh,0.0,0.0,78.0,0.0,0.0,0,FlashReport_August_2026.pdf
705777,Bhandai - Flyover for Etawah bound down trains 10 km,Infrastructure,Uttar Pradesh,250.18,147.35,11.0,0.0,0.0,0,FlashReport_August_2026.pdf
705780,Bhatni - Aunrihar with electrification 125 km excl Indara - Mau 116.95 km,Railways,Uttar Pradesh,0.0,0.0,94.0,0.0,0.0,0,FlashReport_August_2026.pdf
705782,Barabanki-Malhaur - 3rd & 4th Line 32.84 km,Infrastructure,Uttar Pradesh,407.0,444.86,77.0,0.0,0.0,0,FlashReport_August_2026.pdf
400247,Kalinarayanpur-Krishnanagar with Krishnanagar-Shantipur-Nabadwipghat - GC ,Infrastructure,West Bengal,0.0,926.51,49.0,0.0,0.0,0,FlashReport_August_2026.pdf
619184,Rehabilitation and up-gradation and completion of balance works of the section from,Road Transport & Highways,Andaman & Nicobar,207.45,0.0,81.95,0.0,0.0,0,FlashReport_August_2026.pdf
619185,Rehabilitation and up-gradation and completion of balance work of section from Km,Road Transport & Highways,Andaman & Nicobar,183.56,163.63,53.81,0.0,0.0,0,FlashReport_August_2026.pdf
619186,Construction of Balance works of Major Bridge over Middle Strait Creek between,Road Transport & Highways,Andaman & Nicobar,262.96,112.15,12.98,0.0,0.0,0,FlashReport_August_2026.pdf
617984,Gudivada Town 2 RoB  and Road improvement NH-165,Road Transport & Highways,Andhra Pradesh,317.22,234.36,75.2,0.0,0.0,0,FlashReport_August_2026.pdf
617985,Widening to two lane with paved shoulders from Km 0/0 to 64/020 Pamarru to,Road Transport & Highways,Andhra Pradesh,529.54,441.1,74.41,0.0,0.0,0,FlashReport_August_2026.pdf
617986,Kurnool/Kadapa Border-Jammalamadugu section of NH-167K i.e. Design Ch. Km,Road Transport & Highways,Andhra Pradesh,292.63,0.0,95.77,0.0,0.0,0,FlashReport_August_2026.pdf
617987,Nandyala-Kurnool/Kadapa Border section of NH-167K i.e. Km 186/000 to Km,Road Transport & Highways,Andhra Pradesh,691.81,256.39,49.71,0.0,0.0,0,FlashReport_August_2026.pdf
617988,Sangameswaram - Atmakuru section from Km 96 to Km 124 & Velegodu- Nandyal,Road Transport & Highways,Andhra Pradesh,776.17,350.3,49.44,0.0,0.0,0,FlashReport_August_2026.pdf
617991,Rehabilitation and up-gradation of NH-167 from Km 14/900 to Km70/000 Design Ch.,Road Transport & Highways,Andhra Pradesh,290.15,205.04,91.9,0.0,0.0,0,FlashReport_August_2026.pdf
618013,4-laning of Puttaparthi-Koduru Section of NH-342,Road Transport & Highways,Andhra Pradesh,0.0,640.13,94.42,0.0,0.0,0,FlashReport_August_2026.pdf
618037,Rehabilitation and Up-gradation of existin of road from 2-lane to 2-lane with paved,Road Transport & Highways,Andhra Pradesh,439.82,213.12,90.2,0.0,0.0,0,FlashReport_August_2026.pdf
618052,Gorantla - Hindupur section from Km 120/300 to 165/000 of NH716G in the State of,Road Transport & Highways,Andhra Pradesh,808.7,187.44,43.87,0.0,0.0,0,FlashReport_August_2026.pdf
618053,Muddanur to B. Kothapalli section of NH-716G from Km. 0/000 to Km. 56/500 56.500,Road Transport & Highways,Andhra Pradesh,0.0,0.0,33.55,0.0,0.0,0,FlashReport_August_2026.pdf
618101,Kondamodu to Perecherla Section Design Ch. Km 000 to Km 49917 of NH-167AG to,Road Transport & Highways,Andhra Pradesh,881.61,430.77,57.76,0.0,0.0,0,FlashReport_August_2026.pdf
618103,Rehabilitation and upgradation from Km 22300 to 58635 of MudireddyPalle to,Road Transport & Highways,Andhra Pradesh,279.29,168.7,90.33,0.0,0.0,0,FlashReport_August_2026.pdf
618125,Rehabilitation and upgradation of NH 326A from km 0/0 to 41/979 excluding km 2/255,Road Transport & Highways,Andhra Pradesh,228.32,183.07,100.0,0.0,0.0,0,FlashReport_August_2026.pdf
618193,Widening of Existing Road to Two Lane with Paved Shoulder Configuration from Km,Road Transport & Highways,Andhra Pradesh,368.63,134.99,45.62,0.0,0.0,0,FlashReport_August_2026.pdf
618194,Rehabilitation and upgradation of New NH 544DD from design Chainage Km. 56/000,Road Transport & Highways,Andhra Pradesh,294.13,257.77,98.52,0.0,0.0,0,FlashReport_August_2026.pdf
618236,Rehabilitation and Up-gradation of Dhindi - Digamarru section from Km 126/510 to Km,Road Transport & Highways,Andhra Pradesh,316.06,283.54,100.0,0.0,0.0,0,FlashReport_August_2026.pdf
618238,Rehabilitation and Up-gradation of Thimmapuram to Gurajanapalli section from Km,Road Transport & Highways,Andhra Pradesh,350.61,481.3,98.2,0.0,0.0,0,FlashReport_August_2026.pdf
618239,Rehabilitation & Upgradation of NH214 New NH-216 from Km 34/230 to Km 84/550,Road Transport & Highways,Andhra Pradesh,445.22,431.25,98.6,0.0,0.0,0,FlashReport_August_2026.pdf
618254,Construction of Paderu bypass Km 0000 to Km 13000 of 2- lane with paved shoulder,Infrastructure,Andhra Pradesh,244.43,21.96,13.0,0.0,0.0,0,FlashReport_August_2026.pdf
618255,Two laning with paved shoulders of Lambasingi to Paderusection of NH 516E,Road Transport & Highways,Andhra Pradesh,361.24,180.54,57.99,0.0,0.0,0,FlashReport_August_2026.pdf
618256,Rehabilitation and Upgradation to 2-lane with paved should ders Sir  configuration of,Road Transport & Highways,Andhra Pradesh,311.22,217.37,93.01,0.0,0.0,0,FlashReport_August_2026.pdf
618257,Rehabilitation and Upgradation to 2-lane with paved shoulders configuration of,Road Transport & Highways,Andhra Pradesh,349.29,267.62,98.09,0.0,0.0,0,FlashReport_August_2026.pdf
618412,Construction of i Connecting Road from Z-Morh Tunnel to Zojila Tunnel Road Length,Road Transport & Highways,Andhra Pradesh,0.0,0.0,68.8,0.0,0.0,0,FlashReport_August_2026.pdf
618475,Bangalore Chennai Expressway Phase-II Pkg-II from km.96.000 to Km 127.000,Road Transport & Highways,Andhra Pradesh,0.0,0.0,94.24,0.0,0.0,0,FlashReport_August_2026.pdf
618476,Bangalore Chennai Expressway Phase-II Pkg-III from km.127.000 to Km 156.000,Road Transport & Highways,Andhra Pradesh,0.0,868.76,99.46,0.0,0.0,0,FlashReport_August_2026.pdf
618524,Construction of 6 lane elevated corridor including its approaches from Km. 629880 to,Road Transport & Highways,Andhra Pradesh,257.98,61.8,39.1,0.0,0.0,0,FlashReport_August_2026.pdf
618525,Construction of flyover at Gammon Junction at Km.903.265 on NH16 including vent at,Road Transport & Highways,Andhra Pradesh,326.61,60.66,26.2,0.0,0.0,0,FlashReport_August_2026.pdf
618579,6L of Anandapuram Pendurthi Anakapalli Section from km. 681.000 to km. 731.780 of,Road Transport & Highways,Andhra Pradesh,0.0,0.0,100.0,0.0,0.0,0,FlashReport_August_2026.pdf
618629,Nandigama Bypass and Kanchikacherla bypass,Road Transport & Highways,Andhra Pradesh,416.07,387.77,98.47,0.0,0.0,0,FlashReport_August_2026.pdf
618633,4L of Kadapa China Orampadu section of NH-716 Package I of Kadapa-Renigunta,Road Transport & Highways,Andhra Pradesh,0.0,163.41,5.01,0.0,0.0,0,FlashReport_August_2026.pdf
618682,6L Korlam-Kantakapalle Section of NH-130CD Road from Km 421.100 to Km 445.100,Road Transport & Highways,Andhra Pradesh,0.0,850.01,99.5,0.0,0.0,0,FlashReport_August_2026.pdf
618700,Renigunta - Poyya - Naidupeta km 124.60 to km 183.4 of NH 71,Road Transport & Highways,Andhra Pradesh,0.0,0.0,98.6,0.0,0.0,0,FlashReport_August_2026.pdf
618712,6L Access Controlled Greenfield Highway from Kodur Ch. 0000 to Vanavolu Ch.,Road Transport & Highways,Andhra Pradesh,912.94,358.13,87.65,0.0,0.0,0,FlashReport_August_2026.pdf
618713,6L Access Controlled Greenfield Highway from Yerragudipadu Ch. 129000 to,Road Transport & Highways,Andhra Pradesh,0.0,282.21,47.2,0.0,0.0,0,FlashReport_August_2026.pdf
618714,6L Access Controlled Greenfield Highway from Nallacheruvu palli Ch. 96300 to,Road Transport & Highways,Andhra Pradesh,0.0,389.2,67.05,0.0,0.0,0,FlashReport_August_2026.pdf
618715,6L Access Controlled Greenfield Highway from Odulapalle Ch. 72000 to Nallacheruvu-,Road Transport & Highways,Andhra Pradesh,0.0,403.37,76.97,0.0,0.0,0,FlashReport_August_2026.pdf
618716,6L Access Controlled Greenfield Highway from Vankarakunta Ch. 45700 to Odulapalle,Road Transport & Highways,Andhra Pradesh,992.91,351.25,77.21,0.0,0.0,0,FlashReport_August_2026.pdf
618717,6L Access Controlled Greenfield Highway from Vanavolu Ch. 24300 to Vankarakunta,Road Transport & Highways,Andhra Pradesh,750.81,261.41,87.24,0.0,0.0,0,FlashReport_August_2026.pdf
618718,6L Access Controlled Greenfield Highway from Kavulakuntla Ch. 196000 to,Road Transport & Highways,Andhra Pradesh,0.0,242.13,54.56,0.0,0.0,0,FlashReport_August_2026.pdf
618719,6L Access Controlled Greenfield Highway from Mallapalle Ch. 176000 to,Road Transport & Highways,Andhra Pradesh,909.02,290.05,65.92,0.0,0.0,0,FlashReport_August_2026.pdf
618720,6L Access Controlled Greenfield Highway from Audireddipalle Ch. 160000 to,Road Transport & Highways,Andhra Pradesh,987.1,338.45,73.78,0.0,0.0,0,FlashReport_August_2026.pdf
618721,6L Access Controlled Greenfield Highway from Chandrasekharapuram Ch. 228000 to,Road Transport & Highways,Andhra Pradesh,0.0,358.74,64.2,0.0,0.0,0,FlashReport_August_2026.pdf
618759,4L PS Mydukur - Badvel from Km 585.820 to Km 630.960 of NH-67,Road Transport & Highways,Andhra Pradesh,0.0,586.02,90.4,0.0,0.0,0,FlashReport_August_2026.pdf
618777,4L of Pileru to Kalur Section from Km 55.900 to Km 92.800 & Km 94.500 to Km,Road Transport & Highways,Andhra Pradesh,0.0,266.59,98.84,0.0,0.0,0,FlashReport_August_2026.pdf
618778,4L of Madanapalle to Pileru Section from Km 0.000 to Km 55.900 of NH-71Package-I,Road Transport & Highways,Andhra Pradesh,0.0,0.0,94.9,0.0,0.0,0,FlashReport_August_2026.pdf
618803,Development of 4L Road from Samarlakota to Achampeta Junction as part of,Road Transport & Highways,Andhra Pradesh,645.63,694.72,93.0,0.0,0.0,0,FlashReport_August_2026.pdf
618804,Dedicated Port road to Krishnapatnam Port Package-I from Km. 0.000 to Km. 18.000,Road Transport & Highways,Andhra Pradesh,348.72,310.54,80.19,0.0,0.0,0,FlashReport_August_2026.pdf
618805,6L Connectivity to Port Road from Sabbavaram Sheelanagar-NH516C,Road Transport & Highways,Andhra Pradesh,977.33,156.52,7.2,0.0,0.0,0,FlashReport_August_2026.pdf
618806,Improvement of 4L road to 6L road and 4L dedicated Port Roads for the Port,Road Transport & Highways,Andhra Pradesh,685.99,508.74,79.0,0.0,0.0,0,FlashReport_August_2026.pdf
618807,4L Greenfield Road connecting North and South industrial cluster of Khandaleru Creek,Road Transport & Highways,Andhra Pradesh,609.43,593.76,84.03,0.0,0.0,0,FlashReport_August_2026.pdf
618826,4 Laning of NH-544D from Km 0.000 to km 37.000 of Anantapur- Muchukota section,Road Transport & Highways,Andhra Pradesh,907.76,493.1,92.34,0.0,0.0,0,FlashReport_August_2026.pdf
618827,4 Laning of NH-544D from Km 37.000 to km 69.000 of Muchukota- Bugga section,Road Transport & Highways,Andhra Pradesh,0.0,466.89,84.92,0.0,0.0,0,FlashReport_August_2026.pdf
618920,Access Controlled Highway of 4 Lane with Paved Shoulders from TN/AP Border,Road Transport & Highways,Andhra Pradesh,0.0,204.93,42.48,0.0,0.0,0,FlashReport_August_2026.pdf
619046,4L Access controlled Highway From Vakalpudi Light House to Annavaram on NH-16,Road Transport & Highways,Andhra Pradesh,0.0,8.78,0.0,0.0,0.0,0,FlashReport_August_2026.pdf
619076,Six Laning of Vijayawada Bypass from Chinna Avutapalli to Gollapudi in Vijayawada -,Road Transport & Highways,Andhra Pradesh,0.0,0.0,98.2,0.0,0.0,0,FlashReport_August_2026.pdf
619102,4 L of China Orampadu-Renigunta section of NH-716 Package-II of Kadapa-,Road Transport & Highways,Andhra Pradesh,0.0,122.05,2.25,0.0,0.0,0,FlashReport_August_2026.pdf
619111,6L Jakkuva Korlam Section of NH-130CD Road from km 396.800 to km 421.100 Pkg,Road Transport & Highways,Andhra Pradesh,840.51,573.9,99.83,0.0,0.0,0,FlashReport_August_2026.pdf
619112,6L Kantakapalle Sabbavaram Section of NH-130CD Road from Km 445.100 to Km,Road Transport & Highways,Andhra Pradesh,0.0,704.27,84.6,0.0,0.0,0,FlashReport_August_2026.pdf
619123,6L Access Controlled Greenfield Highway from Narayanmpet Ch. 203500 to,Road Transport & Highways,Andhra Pradesh,813.66,238.29,66.12,0.0,0.0,0,FlashReport_August_2026.pdf
619124,6L Access Controlled Greenfield Highway from Polavaram Ch. 260000 to Marripudi,Road Transport & Highways,Andhra Pradesh,747.29,250.94,70.2,0.0,0.0,0,FlashReport_August_2026.pdf
619125,6L Access Controlled Greenfield Highway from Somavarappadu Ch.314.600 to,Road Transport & Highways,Andhra Pradesh,0.0,279.46,44.56,0.0,0.0,0,FlashReport_August_2026.pdf
619126,6L Access Controlled Greenfield Highway from Marripudi Ch. 285500 to,Road Transport & Highways,Andhra Pradesh,976.41,370.83,73.0,0.0,0.0,0,FlashReport_August_2026.pdf
619140,6L of Naidupeta Junction - Turpukanupur Section from km 57.046 to km 91.927,Road Transport & Highways,Andhra Pradesh,0.0,397.32,53.7,0.0,0.0,0,FlashReport_August_2026.pdf
619141,Construction of four lane access controlled highway from Chillakuru cross road to,Road Transport & Highways,Andhra Pradesh,864.2,369.28,55.53,0.0,0.0,0,FlashReport_August_2026.pdf
619160,Balance works in AP Portion and punch list items in TN & AP portion of NH-205,Road Transport & Highways,Andhra Pradesh,166.52,98.52,100.0,0.0,0.0,0,FlashReport_August_2026.pdf
198592,Construction of road from Bomdilla9th Mile- Nafra Lada section of Frontier Highway,Road Transport & Highways,Arunachal Pradesh,0.0,151.9,0.0,0.0,0.0,0,FlashReport_August_2026.pdf
617892,Construction of 2-lane road of Potin to Pangin section of NH-13 from Km 163.59 to Km,Road Transport & Highways,Arunachal Pradesh,450.65,403.84,96.61,0.0,0.0,0,FlashReport_August_2026.pdf
618401,Construction of Intermediate Lane with Hard Shoulder of Hunli to Hayuliang Package-,Road Transport & Highways,Arunachal Pradesh,0.0,93.29,2.5,0.0,0.0,0,FlashReport_August_2026.pdf
618402,Construction of Intermediate Lane with Hard Shoulder of Hunli to Hayuliang from,Road Transport & Highways,Arunachal Pradesh,0.0,257.02,22.12,0.0,0.0,0,FlashReport_August_2026.pdf
618403,Construction of Intermediate Lane Road with hard shoulder from design Km 0.000 to,Road Transport & Highways,Arunachal Pradesh,275.5,166.24,60.96,0.0,0.0,0,FlashReport_August_2026.pdf
618404,Construction of lntermediate Lane Road with hard shoulder from design chainage Km,Road Transport & Highways,Arunachal Pradesh,625.61,274.89,23.03,0.0,0.0,0,FlashReport_August_2026.pdf
618405,Construction of Intermediate Lane of Pango to Jorging Road from 0000 to Design Km,Road Transport & Highways,Arunachal Pradesh,898.19,259.63,40.12,0.0,0.0,0,FlashReport_August_2026.pdf
618433,Construction of Balance work of 2-Lane with PS of Joram Koloriang Road from,Road Transport & Highways,Arunachal Pradesh,184.89,156.42,99.69,0.0,0.0,0,FlashReport_August_2026.pdf
618434,Roing-Hunli Road Greenfield Alignment Project,Road Transport & Highways,Arunachal Pradesh,0.0,0.0,82.48,0.0,0.0,0,FlashReport_August_2026.pdf
618445,Construction of 2-Laning with hard shoulders of Demwe-Brahmakund section of NH-,Road Transport & Highways,Arunachal Pradesh,353.9,26.82,23.2,0.0,0.0,0,FlashReport_August_2026.pdf
619014,lmprovement and Widening to 2 lane with paved Shoulder of NH-15 old NH-52 from,Road Transport & Highways,Arunachal Pradesh,316.73,35.1,23.9,0.0,0.0,0,FlashReport_August_2026.pdf
619248,lmprovement and Widening to 2-lane with Paved Shoulder of NH-13 & 15 Old NH-52,Road Transport & Highways,Arunachal Pradesh,441.41,44.87,19.92,0.0,0.0,0,FlashReport_August_2026.pdf
619256,Construction of road from Bomdilla 9th Mile - Nafra Lada section of Frontier Highway,Road Transport & Highways,Arunachal Pradesh,0.0,107.62,0.0,0.0,0.0,0,FlashReport_August_2026.pdf
619257,Construction of road from Km 70.000 to Km 113.000 of Bomdila-Nafra-Lada Section,Road Transport & Highways,Arunachal Pradesh,0.0,79.0,0.0,0.0,0.0,0,FlashReport_August_2026.pdf
619266,Construction of road from Taliha to Tato section of Frontier Highway NH-913,Road Transport & Highways,Arunachal Pradesh,735.2,135.42,0.0,0.0,0.0,0,FlashReport_August_2026.pdf
619267,Construction of road from km 113.25 to km 160.75 of Huri-Taliha section of NH-913,Road Transport & Highways,Arunachal Pradesh,0.0,137.54,0.0,0.0,0.0,0,FlashReport_August_2026.pdf
617895,Construction of Mangaldoi Bypass NH-15 starting at Ch 26400 and terminating at Ch,Road Transport & Highways,Assam,535.03,215.32,76.78,0.0,0.0,0,FlashReport_August_2026.pdf
617896,Construction of 4 lane Gauripur Bypass Starting bfrom Km 852.56 of NH-,Road Transport & Highways,Assam,421.15,55.16,34.0,0.0,0.0,0,FlashReport_August_2026.pdf
618034,Construction of 2 lane Barpeta Bypass from Km 77900Baradi to Km 86150 Deurikuchi,Road Transport & Highways,Assam,173.65,173.65,20.0,0.0,0.0,1,FlashReport_August_2026.pdf
618159,Construction of new 2 Lane with paved shoulders of NH Standards from km 0.080 to,Road Transport & Highways,Assam,382.1,25.6,7.15,0.0,0.0,0,FlashReport_August_2026.pdf
618160,Construction of 2 lane Major Bridge including approaches over Brahmaputra between,Road Transport & Highways,Assam,0.0,17.38,5.31,0.0,0.0,0,FlashReport_August_2026.pdf
618282,4-L Bilasipara-Guwahati Package-10,Road Transport & Highways,Assam,0.0,633.62,65.64,0.0,0.0,0,FlashReport_August_2026.pdf
618283,4-L Bilasipara-Guwahati Package-9,Road Transport & Highways,Assam,0.0,506.42,61.78,0.0,0.0,0,FlashReport_August_2026.pdf
618284,Widening/Improvement to 4-Lane with paved shoulder from Km 99930 to Km 143680,Road Transport & Highways,Assam,0.0,996.13,93.96,0.0,0.0,0,FlashReport_August_2026.pdf
618286,Construction of New 2-Lane Bridge with its approaches from km 0000 to Km 4385,Road Transport & Highways,Assam,746.76,447.07,84.69,0.0,0.0,0,FlashReport_August_2026.pdf
618287,Widening/Improvement to 4-Lane with paved Shoulder from Ch. 25.633 Km to Ch.,Road Transport & Highways,Assam,0.0,199.15,12.5,0.0,0.0,0,FlashReport_August_2026.pdf
618288,Widening/lmprovement to 4-Lane with Paved Shoulder from Ch.5.580 Km to,Road Transport & Highways,Assam,0.0,163.24,35.98,0.0,0.0,0,FlashReport_August_2026.pdf
618289,Construction and up gradation to 4-Lane of existing two lane with paved shoulder from,Road Transport & Highways,Assam,224.85,209.95,97.76,0.0,0.0,0,FlashReport_August_2026.pdf
618308,Construction of 4-Lane Panchgram Bypass from Design Chainage km 15500 on NH-,Road Transport & Highways,Assam,676.18,358.25,60.05,0.0,0.0,0,FlashReport_August_2026.pdf
618309,Widening/lmprovement to 4-Laning and Greenfield alignment with Paved shoulder of,Road Transport & Highways,Assam,0.0,185.17,25.46,0.0,0.0,0,FlashReport_August_2026.pdf
618310,Widening/lmprovement to 4-L of Karimgani - sutarkandi section of NH 37 from design,Road Transport & Highways,Assam,791.79,135.92,44.5,0.0,0.0,0,FlashReport_August_2026.pdf
618311,Widening/lmprovement to 4-Lane with Paved shoulder for existing as well as,Road Transport & Highways,Assam,870.0,158.08,44.9,0.0,0.0,0,FlashReport_August_2026.pdf
618312,Widening/lmprovement to 4-Lane with Paved Shoulder from existing road and,Road Transport & Highways,Assam,0.0,187.02,14.6,0.0,0.0,0,FlashReport_August_2026.pdf
618313,Widening/lmprovement of Existing 2 lane to 4-Laning of Karimganj-Silchar section of,Road Transport & Highways,Assam,0.0,178.8,41.64,0.0,0.0,0,FlashReport_August_2026.pdf
618314,4-Laning of Dhanehari Lailapur / Vairengte section from Existing Chainage km 12920,Road Transport & Highways,Assam,0.0,0.0,82.6,0.0,0.0,0,FlashReport_August_2026.pdf
618315,4-Laning of Silchar - Dhanehari section from Existing Chainage km 263800 of NH 37,Road Transport & Highways,Assam,0.0,635.51,60.43,0.0,0.0,0,FlashReport_August_2026.pdf
618326,Widening/Improvement to 4-Lane with Paved Shoulder from KM 38500 to Km 51246,Road Transport & Highways,Assam,516.88,323.35,99.7,0.0,0.0,0,FlashReport_August_2026.pdf
618331,lmprovement to 4-Lane with Paved Shoulder from existing km 260000 Design,Road Transport & Highways,Assam,957.95,214.73,48.17,0.0,0.0,0,FlashReport_August_2026.pdf
618340,Widening/Improvement to 4-Lane with Paved Shoulder from km 626030 Nalani hulla,Road Transport & Highways,Assam,458.59,264.54,89.92,0.0,0.0,0,FlashReport_August_2026.pdf
618351,Widening & Upgradation to 2 lanes with paved shoulders road from Tamenglong to,Road Transport & Highways,Assam,890.33,628.77,92.51,0.0,0.0,0,FlashReport_August_2026.pdf
618352,Widening & Upgradation to 2 lanes with paved shoulders road from Tamenglong to,Road Transport & Highways,Assam,860.37,559.71,97.25,0.0,0.0,0,FlashReport_August_2026.pdf
618353,Widening & Upgradation to 2-lanes with paved shoulders road from Tamenglong to,Road Transport & Highways,Assam,904.04,563.52,96.7,0.0,0.0,0,FlashReport_August_2026.pdf
618354,Wideinig & Upgradation to 2-lanes with paved shoulders road from Tamenglong to,Road Transport & Highways,Assam,846.82,482.38,90.36,0.0,0.0,0,FlashReport_August_2026.pdf
618371,Widening/Improvement to 4-Lane with Paved Shoulder configuration of existing single,Road Transport & Highways,Assam,613.89,385.77,89.76,0.0,0.0,0,FlashReport_August_2026.pdf
618373,Construction of 4-Lane Bridge including approaches over River Brahmaputra between,Road Transport & Highways,Assam,0.0,0.0,79.36,0.0,0.0,0,FlashReport_August_2026.pdf
618436,4-Laning of Jamugurihat to end of Biswanath Chariali By-Pass from Km 182.000 to,Road Transport & Highways,Assam,599.0,433.62,100.0,0.0,0.0,0,FlashReport_August_2026.pdf
618437,Construction of Balance Work of 4-Laning of NH-37 Section between End of Moran,Road Transport & Highways,Assam,274.34,116.67,100.0,0.0,0.0,0,FlashReport_August_2026.pdf
618438,4-Laning of NH-37 Section between Demow to End of Moran Bypass From Km.,Road Transport & Highways,Assam,385.57,681.4,100.0,0.0,0.0,0,FlashReport_August_2026.pdf
618440,Construction of Balance Work of 4-Laning of the Section from Jhanji to Demow of NH-,Road Transport & Highways,Assam,187.09,16.71,62.67,0.0,0.0,0,FlashReport_August_2026.pdf
618441,Construction of Balance Work of 4-Laning of the Section from Jhanji to Demow of NH-,Road Transport & Highways,Assam,467.79,97.88,88.93,0.0,0.0,0,FlashReport_August_2026.pdf
618442,Construction of Balance Work of the 4-Laning of the Section from Jorhat to Jhanji of,Road Transport & Highways,Assam,358.72,100.4,100.0,0.0,0.0,0,FlashReport_August_2026.pdf
618934,Guwahati Ring Road in the State of Assam,Road Transport & Highways,Assam,0.0,364.51,1.3,0.0,0.0,0,FlashReport_August_2026.pdf
618958,2L with ES of Yagyi - Kalewa section from Milepost 40/0 to Milepost 115/5 in Myanmar,Road Transport & Highways,Assam,0.0,0.0,52.0,0.0,0.0,0,FlashReport_August_2026.pdf
619013,Construction of Balance Work of 4-Laning of the Section from Jhanji to Demow of NH-,Road Transport & Highways,Assam,508.76,114.14,81.27,0.0,0.0,0,FlashReport_August_2026.pdf
619057,Construction of 4-Lane Badarpur Bypass from Design Chainage km 27300 at crossing,Road Transport & Highways,Assam,574.26,331.19,71.09,0.0,0.0,0,FlashReport_August_2026.pdf
619060,Construction of Balance Work of 4-Laning of the Section from Jhanji to Demow of NH-,Road Transport & Highways,Assam,344.71,56.61,74.4,0.0,0.0,0,FlashReport_August_2026.pdf
619089,Balance work of 4L of NarimbangloJatinga Junction- Harangajoroad section from Km,Road Transport & Highways,Assam,0.0,0.0,98.0,0.0,0.0,0,FlashReport_August_2026.pdf
617897,Construction of proposed 4Lane Revelgunj bypass NH-19 in the State of Bihar on,Road Transport & Highways,Bihar,295.24,178.52,91.79,0.0,0.0,0,FlashReport_August_2026.pdf
617958,Widening & Strenthening from km132.895 to km 190.15 NH-80,Road Transport & Highways,Bihar,566.1,376.64,95.15,0.0,0.0,0,FlashReport_August_2026.pdf
617961,Gaya-Hisua-Rajgir-Nalanda-Biharsharif section km0.00 to 92.935 NH-82,Road Transport & Highways,Bihar,0.0,0.0,97.0,0.0,0.0,0,FlashReport_August_2026.pdf
617966,Rehabilitation and Upgrading to 2 lanes/2-lane with paved shoulders configuration and,Road Transport & Highways,Bihar,780.77,832.37,99.74,0.0,0.0,0,FlashReport_August_2026.pdf
617969,Construction of 4 Lane ROB and its approaches at the level crossing LC No 29 B of,Road Transport & Highways,Bihar,201.08,57.98,62.0,0.0,0.0,0,FlashReport_August_2026.pdf
618004,Construction of Bhabhua Bypass from Ch. 10800Design Ch. 10800 to Ch. 19860,Road Transport & Highways,Bihar,179.86,30.54,3.0,0.0,0.0,0,FlashReport_August_2026.pdf
618073,Improvement to Two lane with Paved Shoulder from Junction of NH22 near Hajipur to,Road Transport & Highways,Bihar,226.16,71.04,65.0,0.0,0.0,0,FlashReport_August_2026.pdf
618074,Pre construction activity of NH 122B from km 0 to 72.348 and Improvement to two,Road Transport & Highways,Bihar,624.43,392.71,97.0,0.0,0.0,0,FlashReport_August_2026.pdf
618080,Improvement to two lane with paved shoulders of BH WB Border Amdabad Manihari,Road Transport & Highways,Bihar,353.27,512.4,8.0,0.0,0.0,1,FlashReport_August_2026.pdf
618120,construction of Four-Lane of chausa-Buxar Bypass from Km 45.000 to Km 65.915,Road Transport & Highways,Bihar,0.0,29.84,6.0,0.0,0.0,0,FlashReport_August_2026.pdf
618121,Improvement to two lane with paved shoulders of NH-319A from km 0 to km 45 in,Road Transport & Highways,Bihar,427.29,276.13,93.0,0.0,0.0,0,FlashReport_August_2026.pdf
618126,Pre-Construction activities from Km 134.000 to Km 190.233 of NH-333A and,Road Transport & Highways,Bihar,479.37,101.5,58.75,0.0,0.0,0,FlashReport_August_2026.pdf
618146,Estimate for Improvement to two lane with paved shoulder from Ramnagar to Roseda,Road Transport & Highways,Bihar,495.16,221.38,40.0,0.0,0.0,0,FlashReport_August_2026.pdf
618228,construction of a new 4 lane Parallel to existing MG Setu with its approaces from km,Road Transport & Highways,Bihar,0.0,0.0,75.79,0.0,0.0,0,FlashReport_August_2026.pdf
618234,Construction of a new 4-lane major bridge across river Kosi at Phulaut including,Road Transport & Highways,Bihar,0.0,0.0,99.0,0.0,0.0,0,FlashReport_August_2026.pdf
618246,Construction of New 4-Lane Bridge Parallel to existing Vikramashila Setufrom km,Road Transport & Highways,Bihar,0.0,522.58,52.6,0.0,0.0,0,FlashReport_August_2026.pdf
618250,Construction of 6-Lane Elevated / Extra Dose Cable Bridge on River Ganga parallel to,Road Transport & Highways,Bihar,0.0,407.62,18.92,0.0,0.0,0,FlashReport_August_2026.pdf
618251,Improvement and Up gradation to four lane with Paved shoulder configuration from,Road Transport & Highways,Bihar,0.0,209.87,10.03,0.0,0.0,0,FlashReport_August_2026.pdf
618571,Permanent rectification of 3 nos. of black spots in project Highway NH-27 of U.P,Road Transport & Highways,Bihar,227.25,233.89,83.01,0.0,0.0,0,FlashReport_August_2026.pdf
618725,6L Greenfield Varanasi-Ranchi-Kolkata Highway from Pachmon village to,Road Transport & Highways,Bihar,0.0,439.98,24.87,0.0,0.0,0,FlashReport_August_2026.pdf
618726,6L Greenfield Varanasi-Ranchi-Kolkata Highway from junction with Chandauli-,Road Transport & Highways,Bihar,0.0,252.45,26.77,0.0,0.0,0,FlashReport_August_2026.pdf
618727,6L Greenfield Varanasi-Ranchi-Kolkata Highway from junction with Bhabhua-Adhaura,Road Transport & Highways,Bihar,0.0,328.35,27.91,0.0,0.0,0,FlashReport_August_2026.pdf
618738,6L Bridge and its approaches across River Ganga as Part of Patna Ring Road NH-,Road Transport & Highways,Bihar,0.0,769.02,22.05,0.0,0.0,0,FlashReport_August_2026.pdf
618739,4L Greenfield Alignment of Amas to Shivrampur from 0.000 Km. to 55.002 Km. of NH,Road Transport & Highways,Bihar,0.0,642.43,54.8,0.0,0.0,0,FlashReport_August_2026.pdf
618740,4L Greenfield Alignment of Shivrampur to Ramnagar from Km. 55.002 to Km.,Road Transport & Highways,Bihar,0.0,706.06,50.8,0.0,0.0,0,FlashReport_August_2026.pdf
618741,4L Greenfield Alignment from Kalyanapur to Tal Dashraha of NH-119D Pkg-III,Road Transport & Highways,Bihar,0.0,957.5,36.25,0.0,0.0,0,FlashReport_August_2026.pdf
618742,Construction of 6-lane Greenfield corridor from Ramnagar to Kacchi Dargah NH-119D,Road Transport & Highways,Bihar,0.0,13.38,0.8,0.0,0.0,0,FlashReport_August_2026.pdf
618775,Ara Bypass,Road Transport & Highways,Bihar,226.32,6.32,25.78,0.0,0.0,0,FlashReport_August_2026.pdf
618790,Construction of four laning of Bakarpur- Manikpur road section starting from village,Road Transport & Highways,Bihar,0.0,671.84,49.0,0.0,0.0,0,FlashReport_August_2026.pdf
618791,4L PS under NH configuration of Manikpur-Sahebganj of NH-139W,Road Transport & Highways,Bihar,0.0,599.9,27.5,0.0,0.0,0,FlashReport_August_2026.pdf
618840,Simaria Km. 206.050 to Khagaria Km. 266.282,Road Transport & Highways,Bihar,664.02,816.96,97.73,0.0,0.0,0,FlashReport_August_2026.pdf
618841,4L Elevated Section and at-grade improvements at Begusarai town Simaria - Khagaria,Road Transport & Highways,Bihar,491.04,354.71,96.2,0.0,0.0,0,FlashReport_August_2026.pdf
618861,Bakhtiyarpur-Rajauli Pkg-II from km. 54.405 to km.101.630,Road Transport & Highways,Bihar,897.45,914.29,97.85,0.0,0.0,0,FlashReport_August_2026.pdf
618862,Bakhtiyarpur-Rajauli Pkg-III from km. 101.630 to km.152.520,Road Transport & Highways,Bihar,0.0,0.0,99.14,0.0,0.0,0,FlashReport_August_2026.pdf
618902,Maheshkunt-Saharsa-Purnea Pkg I km 0.00 to km. 90.00 of NH-107,Road Transport & Highways,Bihar,662.44,0.0,90.38,0.0,0.0,0,FlashReport_August_2026.pdf
618903,Maheshkunt -Saharsa-Purnea Pkg II,Road Transport & Highways,Bihar,0.0,0.0,94.0,0.0,0.0,0,FlashReport_August_2026.pdf
618905,Widening with additional 3L abetting Chhapra Bypass Section of NH-19 from Km.,Road Transport & Highways,Bihar,470.5,318.83,77.28,0.0,0.0,0,FlashReport_August_2026.pdf
618914,4L Elevated Corridor and at-grade improvements from Design Ch0000 to Design Ch,Road Transport & Highways,Bihar,0.0,0.0,63.91,0.0,0.0,0,FlashReport_August_2026.pdf
618917,4L Greenfield starting from NH-30 near Saristabad Patna to Nathupur Project end,Road Transport & Highways,Bihar,488.24,101.06,90.03,0.0,0.0,0,FlashReport_August_2026.pdf
618926,4L of Siwan- Masrakh section of Ram Janki Marg from Km 230.385 to Km 281.391 of,Road Transport & Highways,Bihar,0.0,521.99,10.97,0.0,0.0,0,FlashReport_August_2026.pdf
618953,Umagaon-Saharsa Package-IV Koshi Bridge & approach Road - Bheja-Bakaur,Road Transport & Highways,Bihar,0.0,0.0,92.4,0.0,0.0,0,FlashReport_August_2026.pdf
618954,Umagaon - Saharsa Package - I Combined Umagaon-Kaluahi0.000KM to 21.609Km,Road Transport & Highways,Bihar,0.0,666.87,23.78,0.0,0.0,0,FlashReport_August_2026.pdf
618955,2L PS of Majhauli to Charout section from km. 0.00 to km. 63.655,Road Transport & Highways,Bihar,638.29,0.0,99.8,0.0,0.0,0,FlashReport_August_2026.pdf
618956,Construction of Major Bridge over Baghmati and Lakhandei River along with,Road Transport & Highways,Bihar,498.97,57.79,26.84,0.0,0.0,0,FlashReport_August_2026.pdf
619127,4L of Greenfield Alignment from Km. 47.000 to Km. 89.210 of Balbhadarpur to Bela,Road Transport & Highways,Bihar,0.0,764.98,30.41,0.0,0.0,0,FlashReport_August_2026.pdf
619136,Rehabilitation and Upgradation of Chorma - Bairgania Section of National Highway,Road Transport & Highways,Bihar,610.78,340.56,100.0,0.0,0.0,0,FlashReport_August_2026.pdf
619152,Bakhtiyarpur Km 153.300 to Mokama Km 197.900,Road Transport & Highways,Bihar,0.0,0.0,99.95,0.0,0.0,0,FlashReport_August_2026.pdf
619166,Umagaon-Saharsa Package-V Bakaur-Parsarma-Bangaon-Bariyahi & Spur to Mahishi,Road Transport & Highways,Bihar,768.35,509.34,99.5,0.0,0.0,0,FlashReport_August_2026.pdf
619289,4L of Munger Mirzachauki section from Munger to Kharia village junction from Km,Road Transport & Highways,Bihar,0.0,685.55,85.15,0.0,0.0,0,FlashReport_August_2026.pdf
619301,Construction of Approach Road to Rail-cum- Road Bridge across river Ganga at,Road Transport & Highways,Bihar,537.88,574.02,99.99,0.0,0.0,0,FlashReport_August_2026.pdf
619305,4L of Munger Mirzachauki section from start of existing Bhagalpur bypass to Rasulpur,Road Transport & Highways,Bihar,0.0,681.07,81.03,0.0,0.0,0,FlashReport_August_2026.pdf
619306,4L of Munger Mirzachauki section from Km 95580 to Km 125000 Pkg-2,Road Transport & Highways,Bihar,0.0,643.08,95.9,0.0,0.0,0,FlashReport_August_2026.pdf
619317,4L of Hajipur-Muzaffarpur Section of the existing NH-77 from Km. 0000 Ramashish,Road Transport & Highways,Bihar,0.0,0.0,99.45,0.0,0.0,0,FlashReport_August_2026.pdf
617908,Bemetara Bypass NH 30,Road Transport & Highways,Chhattisgarh,161.96,38.39,45.0,0.0,0.0,0,FlashReport_August_2026.pdf
617919,Construction of 4 Nos Grade separtor between km. 281.000 to km. 307.600 km.,Road Transport & Highways,Chhattisgarh,349.03,321.49,97.9,0.0,0.0,0,FlashReport_August_2026.pdf
617971,Up-gradation to Two/Four lane with paved shoulder Configuration of Kondagaon-,Road Transport & Highways,Chhattisgarh,322.4,142.76,70.0,0.0,0.0,0,FlashReport_August_2026.pdf
617972,Upgradation to Two lane with Paved Shoulder Configuration of Narayanpur,Road Transport & Highways,Chhattisgarh,200.67,0.0,0.0,0.0,0.0,0,FlashReport_August_2026.pdf
618014,Upgradation of Ambikapur-Ramanujganj-Garwa road of NH-343  Package-III  Badki,Road Transport & Highways,Chhattisgarh,199.05,76.7,38.56,0.0,0.0,0,FlashReport_August_2026.pdf
618015,Upgradation of Keonchi - Ratanpur Road of NH 45 Package-I  from design chainage,Road Transport & Highways,Chhattisgarh,225.41,99.1,60.0,0.0,0.0,0,FlashReport_August_2026.pdf
618016,Upgradation of Ambikapur Ramanujganj - Garhwa Road NH 343 of Package-I ,Road Transport & Highways,Chhattisgarh,397.44,120.08,28.07,0.0,0.0,0,FlashReport_August_2026.pdf
618017,Upgradation of Keonchi - Ratanpur Road of NH 45 Package-II  from design chainage,Road Transport & Highways,Chhattisgarh,286.0,125.64,60.0,0.0,0.0,0,FlashReport_August_2026.pdf
618018,Upgradation of Bilaspur-Takhatpur-Mungeli-Pandariya-Pondi Road on N.H.-130A,Road Transport & Highways,Chhattisgarh,351.19,119.91,11.0,0.0,0.0,0,FlashReport_August_2026.pdf
618589,Durg-Raipur Bypass Section Package - 1 from km. 0.00 to km. 44.50 near Tendesara,Road Transport & Highways,Chhattisgarh,0.0,0.0,75.39,0.0,0.0,0,FlashReport_August_2026.pdf
618590,Durg-Raipur-Arang Package - 2 from km. 44.50 to km. 92.23 near Khatti Village to,Road Transport & Highways,Chhattisgarh,0.0,0.0,73.96,0.0,0.0,0,FlashReport_August_2026.pdf
618639,4L of Bilaspur to Urga km 0.00 to 70.2 of NH-130A,Road Transport & Highways,Chhattisgarh,0.0,0.0,94.81,0.0,0.0,0,FlashReport_August_2026.pdf
618640,4L of Urga - Pathalgaon from Km. 70.200 to km. 157.745 of NH-130A,Road Transport & Highways,Chhattisgarh,0.0,0.0,81.5,0.0,0.0,0,FlashReport_August_2026.pdf
618646,4L of Pathalgaon-Kunkuri-CG/JH Border section of NH-43 from Km. 00.000 to,Road Transport & Highways,Chhattisgarh,0.0,0.03,0.0,0.0,0.0,0,FlashReport_August_2026.pdf
618673,Development of 6L of Jhanki Sargi Section Road from km 0.000 to km 42.800 of NH-,Road Transport & Highways,Chhattisgarh,0.0,715.41,99.41,0.0,0.0,0,FlashReport_August_2026.pdf
618674,Development of 6L Sargi Basanwahi Section from km 42.800 to km 99.500 of NH-,Road Transport & Highways,Chhattisgarh,0.0,757.66,100.0,0.0,0.0,0,FlashReport_August_2026.pdf
618675,Development of 6L of Basanwahi Marangpuri Section from km 99.500 to km 124.661,Road Transport & Highways,Chhattisgarh,0.0,518.96,70.73,0.0,0.0,0,FlashReport_August_2026.pdf
618957,4 laning of Champa - Korba from km 0.00 to km 38.2,Road Transport & Highways,Chhattisgarh,0.0,944.79,98.75,0.0,0.0,0,FlashReport_August_2026.pdf
619039,Balance Works of Rehabilitation and Up gradation of NH-43 New NH-30 from Krn,Road Transport & Highways,Chhattisgarh,307.96,10.71,0.0,0.0,0.0,0,FlashReport_August_2026.pdf
619103,4/6 Laning of Raipur-Simga Pkg-I from km. 0.00 to km. 48.58,Road Transport & Highways,Chhattisgarh,0.0,905.64,100.0,0.0,0.0,0,FlashReport_August_2026.pdf
619167,4 Laning with PS of Pathrapalli-Katghora km 53.3 to km 92.6 Pkg-II of Bilaspur,Road Transport & Highways,Chhattisgarh,865.1,853.93,93.1,0.0,0.0,0,FlashReport_August_2026.pdf
619347,Balance Work Estimate of Rehabilitation and Up-gradation of NH- 43 from Km.,Road Transport & Highways,Chhattisgarh,201.16,4.53,0.0,0.0,0.0,0,FlashReport_August_2026.pdf
619183,Widening of Existing Road from Intermediate Lane 2-lane to 4-lane Between Km,Road Transport & Highways,Dadra & Nagar Haveli and Daman & Diu,198.06,173.71,92.0,0.0,0.0,0,FlashReport_August_2026.pdf
618509,Development of 6L UER II [Package - I] NH-1 Near Bakoli till Karala Kanjhawala Road,Road Transport & Highways,Delhi,0.0,0.0,99.99,0.0,0.0,0,FlashReport_August_2026.pdf
619202,Dwarka Expressway from Km -0.600 to Km 5.300 - Pkg-I Shivmurti Chowk-RuB near,Road Transport & Highways,Delhi,0.0,0.0,98.8,0.0,0.0,0,FlashReport_August_2026.pdf
617941,4-Laning from End of Zuari approaches to Start of Margao Bypass section of NH-66,Road Transport & Highways,Goa,398.25,1.47,1.12,0.0,0.0,0,FlashReport_August_2026.pdf
617942,Construction of Six lane Elevated Corridor from Km. 508.000 to Km. 513.150 including,Road Transport & Highways,Goa,641.46,484.35,100.0,0.0,0.0,0,FlashReport_August_2026.pdf
617943,4-laning of Navelim to Cuncolim Section of NH-66 from Km 554.245 to Km 561.480 on,Road Transport & Highways,Goa,746.75,1.25,0.0,0.0,0.0,0,FlashReport_August_2026.pdf
618609,Construction of 4L Flyover from MES College Junction to Bogmalo Junction on NH-,Road Transport & Highways,Goa,463.08,182.85,59.18,0.0,0.0,0,FlashReport_August_2026.pdf
617906,Up-gradation of Dhoraji-Jamkandorna-Kalavad Section of NH-927D from Design,Road Transport & Highways,Gujarat,246.6,0.0,35.0,0.0,0.0,0,FlashReport_August_2026.pdf
617916,Work of 6 laning/Construction of elevated corridor from km 0/0 to 10/170 Narol,Road Transport & Highways,Gujarat,0.0,179.4,40.0,0.0,0.0,0,FlashReport_August_2026.pdf
617926,Construction of new 4 lane major bridge with approaches on Sabarmati River near,Road Transport & Highways,Gujarat,398.4,97.73,58.0,0.0,0.0,0,FlashReport_August_2026.pdf
617927,Widening to 2LPS between Km 0/0 to 56/0 Khokhara Gujarat Border Vijayanagar,Road Transport & Highways,Gujarat,699.19,76.36,36.0,0.0,0.0,0,FlashReport_August_2026.pdf
617928,Widening 2 lane to 4-lane from KM 92/320 to Km 115/320 Vav Chokdi-Satlasana to to,Road Transport & Highways,Gujarat,151.13,151.29,100.0,0.0,0.0,0,FlashReport_August_2026.pdf
617976,Work of development and construction of elevated corridorfrom km 38/660 to km,Road Transport & Highways,Gujarat,530.2,380.24,92.0,0.0,0.0,0,FlashReport_August_2026.pdf
618022,Upgradation to two lane with paved Shoulder Configuaration from Km. 0/00 to 47/000,Road Transport & Highways,Gujarat,173.06,125.54,77.0,0.0,0.0,0,FlashReport_August_2026.pdf
618107,Upgradation of Mehsana-Visnagar-vadnagar-Kheralu-Idar section from km 0/00 to,Road Transport & Highways,Gujarat,0.0,141.84,23.0,0.0,0.0,0,FlashReport_August_2026.pdf
618108,Up-gradation and strengthening to 2lanePS from Km 95/500 to km 129/775 of Nh,Road Transport & Highways,Gujarat,237.28,180.9,65.0,0.0,0.0,0,FlashReport_August_2026.pdf
618459,Delhi-Vadodara Greenfield Alignment NH-148N Pkg-26 Ch.696890 to Ch.726390,Road Transport & Highways,Gujarat,0.0,0.0,85.5,0.0,0.0,0,FlashReport_August_2026.pdf
618462,Delhi-Vadodara Greenfield Alignment NH-148N Pkg-31 Ch.824920 to Ch.844382,Road Transport & Highways,Gujarat,0.0,0.0,100.0,0.0,0.0,0,FlashReport_August_2026.pdf
618463,Vadodara Mumbai Expressway Kim to Ankleshwar Phase IA - Pkg V,Road Transport & Highways,Gujarat,0.0,0.0,91.34,0.0,0.0,0,FlashReport_August_2026.pdf
618467,Vadodara Mumbai Expressway Karvad - Jujuwa from Km. 128.000 to Km. 154.600,Road Transport & Highways,Gujarat,0.0,238.42,21.75,0.0,0.0,0,FlashReport_August_2026.pdf
618507,Balance work of Six Laning of Shamlaji-Motachiloda from Km. 401.200 to Km.494.410,Road Transport & Highways,Gujarat,466.8,581.28,91.83,0.0,0.0,0,FlashReport_August_2026.pdf
618508,Construction of Additional Structures including Approaches in Vadodara Surat Section,Road Transport & Highways,Gujarat,907.39,376.84,48.73,0.0,0.0,0,FlashReport_August_2026.pdf
618564,6L with PS of Samakhiyali to Santalpur section from km. 339.700 to Km. 430.100 of,Road Transport & Highways,Gujarat,0.0,29.11,64.52,0.0,0.0,0,FlashReport_August_2026.pdf
618615,Sanchore - Santalpur from km 99.000 - km 130.073 of NH-754K AJ-RGBS-Package-4,Road Transport & Highways,Gujarat,778.15,767.89,99.7,0.0,0.0,0,FlashReport_August_2026.pdf
618616,4L of Dhrol bypass section of NH-151A Approx. length 5.7 Km & widening upto 4,Road Transport & Highways,Gujarat,625.58,166.02,35.47,0.0,0.0,0,FlashReport_August_2026.pdf
618787,Upgradation to 4L PS from Bhimasar  Junction of NH-41 to Anjar- Bhuj upto Airport,Road Transport & Highways,Gujarat,0.0,837.99,96.0,0.0,0.0,0,FlashReport_August_2026.pdf
618901,4L PS Divided Carriageway from Patan Near Rajpur to Gojariya From Km 52.000 to,Road Transport & Highways,Gujarat,0.0,949.71,87.12,0.0,0.0,0,FlashReport_August_2026.pdf
618930,4L PS from Ch. 94.030 in Jabugam Village to Ch. 132.320 in Dhamasiya Village of,Road Transport & Highways,Gujarat,0.0,180.01,25.82,0.0,0.0,0,FlashReport_August_2026.pdf
618931,4L PS from Ch. 179.780 in Bitada/Movi Village to Ch. 208.900 in Nasarpore Village of,Road Transport & Highways,Gujarat,764.02,111.34,10.85,0.0,0.0,0,FlashReport_August_2026.pdf
619061,Construction of 4 lane with PS Idar-Badoli bypass section from design km 81/300 to,Road Transport & Highways,Gujarat,705.09,92.49,8.0,0.0,0.0,0,FlashReport_August_2026.pdf
619087,Widening to 6L of Existing 4L Jetpur - Gondal - Rajkot Section from Km. 117.600 to,Road Transport & Highways,Gujarat,0.0,0.0,76.83,0.0,0.0,0,FlashReport_August_2026.pdf
619145,Four Laning of Una to Kodinar from km. 180.478 to km. 221.610 Package-V,Road Transport & Highways,Gujarat,877.71,0.0,100.0,0.0,0.0,0,FlashReport_August_2026.pdf
619197,Delhi-Vadodara Greenfield Alignment NH-148N Pkg-27 Ch.729.700 to Ch.756.052,Road Transport & Highways,Gujarat,0.0,0.0,98.9,0.0,0.0,0,FlashReport_August_2026.pdf
619273,Construction of 6 lane Elevated Structure along with its approaches from Km. 142.000,Road Transport & Highways,Gujarat,262.28,0.06,0.0,0.0,0.0,0,FlashReport_August_2026.pdf
619276,Development of 4-lane with paved shoulders from Budhel Junction to Vartej Y-,Road Transport & Highways,Gujarat,247.34,65.09,0.0,0.0,0.0,0,FlashReport_August_2026.pdf
619297,Upgradation of Existing Two Lane Carriageway to Two Lane Carriageway with Paved,Road Transport & Highways,Gujarat,647.2,9.24,0.0,0.0,0.0,0,FlashReport_August_2026.pdf
618482,Delhi-Amritsar-Katra Expressway Phase-I Pkg-I from Jussur Kheri on NH-KMP,Road Transport & Highways,Haryana,0.0,0.0,99.91,0.0,0.0,0,FlashReport_August_2026.pdf
618483,Delhi-Amritsar-Katra Expressway Phase-I Pkg-II from Junction with Rohtak-Panipat,Road Transport & Highways,Haryana,0.0,0.0,99.89,0.0,0.0,0,FlashReport_August_2026.pdf
618506,Construction of Additional Structures  Improvement of Service Road & Maintenance of,Road Transport & Highways,Haryana,401.74,143.18,61.38,0.0,0.0,0,FlashReport_August_2026.pdf
618580,Gohana - Sonipat PKG-2,Road Transport & Highways,Haryana,0.0,0.0,97.86,0.0,0.0,0,FlashReport_August_2026.pdf
618788,4L Greenfield Jalbhera Shahbad section from km. 0.000 to km. 22.850 of NH-152G,Road Transport & Highways,Haryana,927.22,550.77,87.05,0.0,0.0,0,FlashReport_August_2026.pdf
618792,4L Bhiwani-Hansi road section of NH-148B,Road Transport & Highways,Haryana,0.0,493.13,99.5,0.0,0.0,0,FlashReport_August_2026.pdf
618936,Jagadhari - Tajewala from Km -0.175 to 32.337 km of NH-344,Road Transport & Highways,Haryana,0.0,725.04,68.0,0.0,0.0,0,FlashReport_August_2026.pdf
619080,4L PS of Ambala Ring Road of New NH-44,Road Transport & Highways,Haryana,0.0,601.46,92.97,0.0,0.0,0,FlashReport_August_2026.pdf
619092,4L of Jind-Gohana road Package-1 from km. 0.00 to km. 40.601 of NH-352 A under,Road Transport & Highways,Haryana,994.22,0.0,99.97,0.0,0.0,0,FlashReport_August_2026.pdf
619132,4/6L of Gurgaon - Pataudi - Rewari from km. 0.00 to km.43.87 of NH-352W,Road Transport & Highways,Haryana,0.0,0.0,77.76,0.0,0.0,0,FlashReport_August_2026.pdf
619201,Karnal ring road Lot-4/Pkg-1,Road Transport & Highways,Haryana,0.0,834.86,96.66,0.0,0.0,0,FlashReport_August_2026.pdf
618215,Improvement/construction of existing CL-5 Road to NH Intermediate lane specification,Road Transport & Highways,Himachal Pradesh,274.36,60.73,25.3,0.0,0.0,0,FlashReport_August_2026.pdf
618216,Improvement/construction of existing CL-5 Road to NH Intermediate lane specification,Road Transport & Highways,Himachal Pradesh,230.55,75.92,23.24,0.0,0.0,0,FlashReport_August_2026.pdf
618217,Improvement/construction of existing Class-5 Road to NH Intermediate lane,Road Transport & Highways,Himachal Pradesh,314.67,141.55,62.28,0.0,0.0,0,FlashReport_August_2026.pdf
618230,Rehabilitation and Upgradation to 2-lane configuration of Kalwahn-Mandi Section km,Road Transport & Highways,Himachal Pradesh,314.32,140.98,70.74,0.0,0.0,0,FlashReport_August_2026.pdf
618231,Rehabilitation and Upgradation to 2-lane configuration of Hamirpur-Karnohal Section,Road Transport & Highways,Himachal Pradesh,371.93,252.54,93.62,0.0,0.0,0,FlashReport_August_2026.pdf
618232,Rehabilitation and Upgradation to 2-lane configuration of Karnohal- Kalwahn Section,Road Transport & Highways,Himachal Pradesh,251.62,121.55,58.0,0.0,0.0,0,FlashReport_August_2026.pdf
618253,Construction of missing link from Birhu to Lathiani from Km 35/550 Design chainage,Road Transport & Highways,Himachal Pradesh,870.95,100.56,5.8,0.0,0.0,0,FlashReport_August_2026.pdf
618850,Nerchowk km 190.000 to Pandoh including Pandoh bypass km221.305,Road Transport & Highways,Himachal Pradesh,0.0,0.0,100.0,0.0,0.0,0,FlashReport_August_2026.pdf
618851,Pandoh bypass 221.305 to Takoli 242.000 of NH-21 in the state of Himachal Pradesh,Road Transport & Highways,Himachal Pradesh,0.0,0.0,95.65,0.0,0.0,0,FlashReport_August_2026.pdf
618852,4L Sundar Nagar Bypass from Km.173.900 to Km.179.600 of NH-21,Road Transport & Highways,Himachal Pradesh,191.11,182.64,100.0,0.0,0.0,0,FlashReport_August_2026.pdf
618878,Rehabilitation and Upgradation to 4L configuration & Strengthening of Sihuni to Rajol,Road Transport & Highways,Himachal Pradesh,696.65,496.72,99.18,0.0,0.0,0,FlashReport_August_2026.pdf
618879,Rehabilitation and Upgradation to 2L PS configuration & Strengthening of Padhar to,Road Transport & Highways,Himachal Pradesh,930.86,667.09,99.86,0.0,0.0,0,FlashReport_August_2026.pdf
618880,Rehabilitation and Up-gradation to 4L configuration & Strengthening of Thanpuri to,Road Transport & Highways,Himachal Pradesh,815.68,497.44,56.61,0.0,0.0,0,FlashReport_August_2026.pdf
618881,4L PS bijni to mandi section from Km 202.815 to Km 208.000 of NH-20 New NH-154,Road Transport & Highways,Himachal Pradesh,0.0,592.16,35.3,0.0,0.0,0,FlashReport_August_2026.pdf
618888,Rehabilitation and Up-gradation of existing road to 2L PS from End of Hamirpur,Road Transport & Highways,Himachal Pradesh,0.0,987.51,97.2,0.0,0.0,0,FlashReport_August_2026.pdf
618889,4L of Bhangbar Near Ranital to Kangra Bypass Section of Old NH-88 New NH-,Road Transport & Highways,Himachal Pradesh,0.0,0.0,97.45,0.0,0.0,0,FlashReport_August_2026.pdf
618890,2L PS of Hamirpur Bypass from Km 121.175 to Km.138.295 of NH-103&3,Road Transport & Highways,Himachal Pradesh,739.39,370.02,94.37,0.0,0.0,0,FlashReport_August_2026.pdf
618891,4L PS from Kalar Bala Village to Nauni Chowk of NH 205 from Km 41.000 to Km,Road Transport & Highways,Himachal Pradesh,0.0,145.82,31.46,0.0,0.0,0,FlashReport_August_2026.pdf
618892,4 Lane with Paved Shoulder from Dareota Village to Kalar Bala NH 205  Design,Road Transport & Highways,Himachal Pradesh,992.85,5.28,0.68,0.0,0.0,0,FlashReport_August_2026.pdf
618921,4L of Kathlighat to Shakral Village from Km 128.835 to Km 146.300 of NH- 5 Shimla,Road Transport & Highways,Himachal Pradesh,0.0,0.0,64.2,0.0,0.0,0,FlashReport_August_2026.pdf
618922,4L of Shakral Village to Dhalli Section from Km 146.300 to Km 156.560 Shimla,Road Transport & Highways,Himachal Pradesh,0.0,0.0,59.88,0.0,0.0,0,FlashReport_August_2026.pdf
619003,Solan - Kaithlighat Section of NH-22 Now NH-5 from Km. 106.139 to Km.129.05,Road Transport & Highways,Himachal Pradesh,881.74,0.0,90.11,0.0,0.0,0,FlashReport_August_2026.pdf
619153,4L of HP/Punjab Border - Mo from km. 11.00 to km. 42.00 of Old NH-20 New NH-154,Road Transport & Highways,Himachal Pradesh,0.0,837.74,68.65,0.0,0.0,0,FlashReport_August_2026.pdf
618038,Construction of Shopian Bypass on NH-444 taking off from existing chainage Km,Road Transport & Highways,Jammu and Kashmir,547.47,194.18,5.0,0.0,0.0,0,FlashReport_August_2026.pdf
618201,Widening and strengthening to 2 lane with paved shoulder from existing Ch. Km,Road Transport & Highways,Jammu and Kashmir,702.1,188.08,52.95,0.0,0.0,0,FlashReport_August_2026.pdf
618202,Construction of 2 lane with paved shoulders Baramulla Bypass Greenfield bypass,Road Transport & Highways,Jammu and Kashmir,992.43,502.59,48.8,0.0,0.0,0,FlashReport_August_2026.pdf
618203,Construction of 4 lane with paved shoulder Pattan bypass Greenfield bypass from,Road Transport & Highways,Jammu and Kashmir,980.21,538.31,62.5,0.0,0.0,0,FlashReport_August_2026.pdf
618204,Construction of realignment between Pandrass- Pashkyun Total length 27.10 km,Road Transport & Highways,Jammu and Kashmir,426.15,118.68,54.89,0.0,0.0,0,FlashReport_August_2026.pdf
618205,Construction of 4 lane with paved shoulder from Existing Ch. 14200 to 24320 Design,Road Transport & Highways,Jammu and Kashmir,823.46,547.5,87.6,0.0,0.0,0,FlashReport_August_2026.pdf
618206,Widening and Strengthening of Rafiabad-Kupwara-Chowkibal-Tangdhar-Chamkot NH-,Road Transport & Highways,Jammu and Kashmir,0.0,530.41,49.55,0.0,0.0,0,FlashReport_August_2026.pdf
618221,Rehabilitation and upgradation to 2 lane with paved shoulder from existing chainage,Road Transport & Highways,Jammu and Kashmir,734.64,243.21,60.0,0.0,0.0,0,FlashReport_August_2026.pdf
618222,Widening and Strengthening up gradation to 2 lane with paved shoulder from existing,Road Transport & Highways,Jammu and Kashmir,562.45,158.68,71.27,0.0,0.0,0,FlashReport_August_2026.pdf
618223,Rehabilitation and up-gradation to 2 lane with paved shoulder from existing chainage,Road Transport & Highways,Jammu and Kashmir,152.93,137.09,90.06,0.0,0.0,0,FlashReport_August_2026.pdf
618224,Rehabilitation and up-gradation to 2 lane with paved shoulder from existing chainage,Road Transport & Highways,Jammu and Kashmir,796.97,575.21,99.0,0.0,0.0,0,FlashReport_August_2026.pdf
618225,Rehabilitation and up-gradation to 2 lane with paved shoulder from existing chainage,Road Transport & Highways,Jammu and Kashmir,395.25,283.64,89.2,0.0,0.0,0,FlashReport_August_2026.pdf
618226,Rehabilitation and upgradation to 2 lane with paved shoulder from existing chainage,Road Transport & Highways,Jammu and Kashmir,272.49,200.42,95.27,0.0,0.0,0,FlashReport_August_2026.pdf
618394,Up-gradation to 2-lane with Paved Shoulder from Km 12.850 to Km20.300 of 7.450Km,Road Transport & Highways,Jammu and Kashmir,228.39,183.3,94.26,0.0,0.0,0,FlashReport_August_2026.pdf
618395,Construction & Upgradation to 2-lane with paved shoulder from Design Ch. Km 51700,Road Transport & Highways,Jammu and Kashmir,512.43,164.66,53.49,0.0,0.0,0,FlashReport_August_2026.pdf
618397,Widening and Up-gradation to 2-Lane with Paved Shoulder of configuration and,Road Transport & Highways,Jammu and Kashmir,255.9,240.59,94.06,0.0,0.0,0,FlashReport_August_2026.pdf
618398,Up-gradation to 2-lane with Paved Shoulder from Km 20.300 to Km 29.030 of 8.730,Road Transport & Highways,Jammu and Kashmir,210.79,190.26,96.95,0.0,0.0,0,FlashReport_August_2026.pdf
618399,Construction of Kishtwar bypass with 2 lane with paved shoulder from Design Km.,Road Transport & Highways,Jammu and Kashmir,859.67,363.24,50.64,0.0,0.0,0,FlashReport_August_2026.pdf
618400,Construction & Upgradation to 2-lane with paved shoulder from Design Km 67.805 at,Road Transport & Highways,Jammu and Kashmir,398.51,120.09,98.55,0.0,0.0,0,FlashReport_August_2026.pdf
618406,Up-gradation to 4-lane with Paved Shoulder of Jammu-Akhnoor road section of NH-,Road Transport & Highways,Jammu and Kashmir,322.49,410.94,93.15,0.0,0.0,0,FlashReport_August_2026.pdf
618407,Jammu-Akhnoor Road Pkg-I,Road Transport & Highways,Jammu and Kashmir,245.3,115.31,75.29,0.0,0.0,0,FlashReport_August_2026.pdf
618494,Delhi-Amritsar-Katra Expressway Phase-II Pkg-XV [Junction with Hiranagar Road,Road Transport & Highways,Jammu and Kashmir,0.0,0.0,90.01,0.0,0.0,0,FlashReport_August_2026.pdf
618495,4/6L Access Control Expressway from Design Chainage Km 515.000 to 528.300,Road Transport & Highways,Jammu and Kashmir,0.0,0.0,66.74,0.0,0.0,0,FlashReport_August_2026.pdf
618496,Delhi-Amritsar-Katra Expressway Phase-II Pkg-XVI Existing Jakh Vijaypur-Kunjwani,Road Transport & Highways,Jammu and Kashmir,0.0,0.0,94.14,0.0,0.0,0,FlashReport_August_2026.pdf
618497,Delhi Amritsar Katra Expressway Phase-II Pkg XVIII Development and Upgradation of,Road Transport & Highways,Jammu and Kashmir,0.0,670.32,70.17,0.0,0.0,0,FlashReport_August_2026.pdf
618541,4L Ring road/bypass around Srinagar city from km 0.000 to km 42.100 Phase-I,Road Transport & Highways,Jammu and Kashmir,0.0,0.0,89.0,0.0,0.0,0,FlashReport_August_2026.pdf
618542,4L of existing Wayul Ganderbal Pandach Soura section of old NH-1 as a part of,Road Transport & Highways,Jammu and Kashmir,827.98,265.2,0.02,0.0,0.0,0,FlashReport_August_2026.pdf
618543,4L of twin tube tunnel configuration including approaches from Marog to Digdol from,Road Transport & Highways,Jammu and Kashmir,0.0,425.31,30.5,0.0,0.0,0,FlashReport_August_2026.pdf
618544,4L twin tube tunnel including approaches from Digdol to Khuni Nallah North Bound,Road Transport & Highways,Jammu and Kashmir,0.0,0.0,87.1,0.0,0.0,0,FlashReport_August_2026.pdf
618545,4L of Km.165.092 to Km.171.855 North Bound and from Km.166.895 to Km.173.638,Road Transport & Highways,Jammu and Kashmir,614.48,312.38,42.8,0.0,0.0,0,FlashReport_August_2026.pdf
618547,2L NH-1 from km 8.660 to km 33.775 Sumbal to Wayul to 4L dual carriageway NH,Road Transport & Highways,Jammu and Kashmir,961.0,484.85,55.02,0.0,0.0,0,FlashReport_August_2026.pdf
618549,Construction of twin tube tunnels on Jammu Kashmir Ring Road NH-244A Between,Road Transport & Highways,Jammu and Kashmir,242.65,678.54,83.87,0.0,0.0,0,FlashReport_August_2026.pdf
618550,Corridor Efficiency Improvement including removal of black spots in Lakhanpur -,Road Transport & Highways,Jammu and Kashmir,855.74,204.92,74.63,0.0,0.0,0,FlashReport_August_2026.pdf
618967,Upgradation and Strengthening of Chenani to Nashri Section via Patnitop of NH244,Road Transport & Highways,Jammu and Kashmir,295.06,210.02,64.88,0.0,0.0,0,FlashReport_August_2026.pdf
619038,Construction/upgradation to 2-lane with paved shoulder from Design Km 95.55,Road Transport & Highways,Jammu and Kashmir,497.09,270.82,99.97,0.0,0.0,0,FlashReport_August_2026.pdf
618060,Widening and Strengthening of existing paveemnt to two lane with paved shoulders,Road Transport & Highways,Jharkhand,315.21,169.76,90.0,0.0,0.0,0,FlashReport_August_2026.pdf
618083,Construction of byepass around Lohardaga town of NH-143A in the Sate of Jharkhand,Road Transport & Highways,Jharkhand,458.78,116.23,5.0,0.0,0.0,0,FlashReport_August_2026.pdf
618084,Widening to 2-lane with paved shoulder from km 0.00 to 44.00 Kuru-Ghaghra section,Road Transport & Highways,Jharkhand,153.01,108.0,95.0,0.0,0.0,0,FlashReport_August_2026.pdf
618127,Construction of 2- Lane with paved shoulder from km 56.45 Dharampur More to,Road Transport & Highways,Jharkhand,255.73,32.78,15.0,0.0,0.0,0,FlashReport_August_2026.pdf
618242,Widening and Reconstruction to 4-lane/4-lane with service road including structures,Road Transport & Highways,Jharkhand,300.46,175.68,56.31,0.0,0.0,0,FlashReport_August_2026.pdf
618534,Construction of Six lane elevated flyover including reconstruction/rehabilitation of,Road Transport & Highways,Jharkhand,470.75,1.43,0.0,0.0,0.0,0,FlashReport_August_2026.pdf
618535,Construction of Six lane elevated flyover including reconstruction/rehabilitation of,Road Transport & Highways,Jharkhand,687.77,80.51,19.91,0.0,0.0,0,FlashReport_August_2026.pdf
618641,4 Lane of CG/JH Border-Gumla from km 0.000 to km 32.370 of NH-43 in the State of,Road Transport & Highways,Jharkhand,0.0,341.47,9.76,0.0,0.0,0,FlashReport_August_2026.pdf
618642,4L of Palma to Gumla from km. 26.00 to km. 89.170 of NH-23,Road Transport & Highways,Jharkhand,0.0,0.0,99.9,0.0,0.0,0,FlashReport_August_2026.pdf
618644,4L of Ormanjhi-Gola section from Km 81.450 to Km 53.600 of NH- 320BPKG-II,Road Transport & Highways,Jharkhand,0.0,995.16,86.57,0.0,0.0,0,FlashReport_August_2026.pdf
618645,4L of Gola-BokaroJaina More section from Km 53.600 to Km 21.110 of NH-320PKG-1,Road Transport & Highways,Jharkhand,0.0,627.94,78.1,0.0,0.0,0,FlashReport_August_2026.pdf
618729,6 Lane Greenfield Varanasi- Ranchi- Kolkata Highway from Donoreshan village to,Road Transport & Highways,Jharkhand,0.0,284.44,0.0,0.0,0.0,0,FlashReport_August_2026.pdf
618730,6 Lane Greenfield Varanasi- Ranchi- Kolkata Highway from Deoria village to,Road Transport & Highways,Jharkhand,0.0,223.12,5.65,0.0,0.0,0,FlashReport_August_2026.pdf
618731,6 Lane Greenfield Varanasi- Ranchi- Kolkata Highway from Chatra to junction with,Road Transport & Highways,Jharkhand,0.0,148.74,0.0,0.0,0.0,0,FlashReport_August_2026.pdf
618733,6L Greenfield Varanasi- Ranchi- Kolkata Highway from junction with NH-20 in,Road Transport & Highways,Jharkhand,0.0,253.03,0.1,0.0,0.0,0,FlashReport_August_2026.pdf
618736,4L Elevated corridor of Kalimandir-Dimna Chowk-Baliguma Jamshedpur Section of,Road Transport & Highways,Jharkhand,936.26,346.55,49.5,0.0,0.0,0,FlashReport_August_2026.pdf
618737,Grade separated Interchanges at Km. 113.730 junction with Ranchi Hazaribagh Road,Road Transport & Highways,Jharkhand,303.53,6.01,0.0,0.0,0.0,0,FlashReport_August_2026.pdf
618830,4L from Km 147.450 Bhogu to Km 196.870 Sankha on NH-75 Sec-III,Road Transport & Highways,Jharkhand,0.0,0.0,76.95,0.0,0.0,0,FlashReport_August_2026.pdf
618831,4L from Km 95.400 Udaipura to Km 147.450 Bhogu on NH-75 Sec-II,Road Transport & Highways,Jharkhand,0.0,419.79,29.2,0.0,0.0,0,FlashReport_August_2026.pdf
618832,4L from Km 55.00 Kuru to Km 95.400 Udaipura on NH-75 Sec-I,Road Transport & Highways,Jharkhand,0.0,253.66,11.1,0.0,0.0,0,FlashReport_August_2026.pdf
618863,Barhi-Koderma Section of NH31 km 0.00 - km 27.5,Road Transport & Highways,Jharkhand,662.44,828.1,98.5,0.0,0.0,0,FlashReport_August_2026.pdf
618947,4L of NH-80 from km 215.00 to km 260.00 Mirza Chauki to Farkka Pkg-I,Road Transport & Highways,Jharkhand,0.0,0.0,91.83,0.0,0.0,0,FlashReport_August_2026.pdf
618949,4L of Basukinath- Deoghar Section of NH-114A,Road Transport & Highways,Jharkhand,0.0,781.51,90.53,0.0,0.0,0,FlashReport_August_2026.pdf
618950,Construction of Bypass to NH-114A Connecting NH-333 and NH-133 Deoghar,Road Transport & Highways,Jharkhand,0.0,106.35,12.0,0.0,0.0,0,FlashReport_August_2026.pdf
619005,Construction of bypass around Chatra Town on NH-22 old NH-99 in the state of,Road Transport & Highways,Jharkhand,235.42,44.83,14.0,0.0,0.0,0,FlashReport_August_2026.pdf
617935,Construction of Elevated corridor from Km. 135.650 to 136.300 on 63  from Km. 249 to,Road Transport & Highways,Karnataka,298.0,262.05,65.0,0.0,0.0,0,FlashReport_August_2026.pdf
617950,Construction of Srinivasapura Bypass from existing Km 453.890 Design Ch. 0000,Road Transport & Highways,Karnataka,204.42,55.06,25.0,0.0,0.0,0,FlashReport_August_2026.pdf
617951,Construction of Chintamani Bypass from Design Ch.0000 Existing Ch.428880 to,Road Transport & Highways,Karnataka,314.55,65.75,15.0,0.0,0.0,0,FlashReport_August_2026.pdf
617955,Widening to two lane with paved Shoulders from Km 40.00 to Km 75.00 Existing,Road Transport & Highways,Karnataka,718.52,522.66,86.0,0.0,0.0,0,FlashReport_August_2026.pdf
617989,Construction of Major Bridge at Km.180.865 across river Krishna on NH 167 Hagari,Road Transport & Highways,Karnataka,157.32,0.0,69.0,0.0,0.0,0,FlashReport_August_2026.pdf
617997,Widening of existing 2 lane to 4 lane with paved shoulder from Designed km 25.15 to,Road Transport & Highways,Karnataka,538.71,90.45,6.0,0.0,0.0,0,FlashReport_August_2026.pdf
617998,Widening to existing 2 lane with paved Shoulder to 4 Lane with paved shoulder from,Road Transport & Highways,Karnataka,177.94,135.57,83.0,0.0,0.0,0,FlashReport_August_2026.pdf
617999,Widening to 2LPS from Km 67 to Km 115 on Kadur-Hosadurga section NH 173 in the,Road Transport & Highways,Karnataka,471.62,230.91,74.79,0.0,0.0,0,FlashReport_August_2026.pdf
618027,Widening to 2LPS from Km 71.00 to 104.00 Existing chainages Sarjapur to,Road Transport & Highways,Karnataka,445.62,255.52,90.0,0.0,0.0,0,FlashReport_August_2026.pdf
618028,Construction of Bypass at Kuknoor  Yelburga  Gajendragada of Bhanapur,Road Transport & Highways,Karnataka,333.96,147.67,36.0,0.0,0.0,0,FlashReport_August_2026.pdf
618029,Widening to 4 lane from Km. 133.00 to 158.04 design Chainage Km. 130.88 to,Road Transport & Highways,Karnataka,350.69,253.15,83.33,0.0,0.0,0,FlashReport_August_2026.pdf
618031,Balance work of Construction of Two/Four lane with paved shoulder from Km 422.000,Road Transport & Highways,Karnataka,516.96,386.5,98.0,0.0,0.0,0,FlashReport_August_2026.pdf
618086,Widening to Two Lane with Paved Shoulders from KB Cross to Chunchanahalli ie. ,Road Transport & Highways,Karnataka,617.28,135.24,48.6,0.0,0.0,0,FlashReport_August_2026.pdf
618087,Widening to intermediate/two lane to 2 lane with paved shoulder from Existing,Road Transport & Highways,Karnataka,255.88,201.76,98.0,0.0,0.0,0,FlashReport_August_2026.pdf
618095,Widening to Two Lane with Paved Shoulders from Km 0.00 Design Chainage 0.00 to,Road Transport & Highways,Karnataka,196.05,82.41,75.0,0.0,0.0,0,FlashReport_August_2026.pdf
618109,Widening to 4 lane from Km 51.60 to 76.20 Hebri to Parkala and from Km 85.20 to,Road Transport & Highways,Karnataka,355.72,269.8,88.33,0.0,0.0,0,FlashReport_August_2026.pdf
618147,Widening to 2 Lane with Paved Shoulders from design Km 103.200 Existing Km,Road Transport & Highways,Karnataka,166.58,85.43,75.0,0.0,0.0,0,FlashReport_August_2026.pdf
618148,Widening to 4LPS of NH-548B from Km 80.000 Near Murgundi to Km 140.200 Near,Road Transport & Highways,Karnataka,785.79,128.84,6.0,0.0,0.0,0,FlashReport_August_2026.pdf
618149,Widening to two lane with paved shoulders from Km 0.00 to 102.310 Design Chainage,Road Transport & Highways,Karnataka,957.09,400.01,63.1,0.0,0.0,0,FlashReport_August_2026.pdf
618151,Widening to 4LPS of NH-548B from Km 118.450 Near Shirguppi to Km 128.450 Near,Road Transport & Highways,Karnataka,0.0,100.04,0.0,0.0,0.0,0,FlashReport_August_2026.pdf
618184,Construction of 2 Lane with paved shoulder from km 55.6 to km 90.7 existing,Road Transport & Highways,Karnataka,313.56,185.3,65.0,0.0,0.0,0,FlashReport_August_2026.pdf
618185,Widening to 2LPS from Km 0.000 to 37.850 Except Ex. Km 24.45 to 27.20 of NH-766c,Road Transport & Highways,Karnataka,394.95,36.96,12.0,0.0,0.0,0,FlashReport_August_2026.pdf
618189,Widening to two lane with paved shoulder of NH-73New spur road Ujire -,Road Transport & Highways,Karnataka,613.65,64.4,27.5,0.0,0.0,0,FlashReport_August_2026.pdf
618517,4/6L of Bangalore - Pune Section of bypass connecting Dharwad - Hubli from km.,Road Transport & Highways,Karnataka,0.0,744.44,83.8,0.0,0.0,0,FlashReport_August_2026.pdf
618518,Davanagere - Haveri of NH-48 Old NH-4 from km. 260.00 to km. 338.923,Road Transport & Highways,Karnataka,0.0,0.0,98.87,0.0,0.0,0,FlashReport_August_2026.pdf
618520,4L of km 0.00 to km 42.00 of Dobbaspet to Doddaballapura Bypass section of NH-648,Road Transport & Highways,Karnataka,0.0,0.0,99.2,0.0,0.0,0,FlashReport_August_2026.pdf
618630,6L of MH/KN Border Nimbal Village to KN/TS Border Singnodi Village from Km.,Road Transport & Highways,Karnataka,0.0,0.0,81.35,0.0,0.0,0,FlashReport_August_2026.pdf
618649,4 Lane with PS from Des. Ch 228.500 to Des. Ch. 273.400 of Belgaum-Hungund-,Road Transport & Highways,Karnataka,0.0,412.78,56.93,0.0,0.0,0,FlashReport_August_2026.pdf
618650,4 Lane with PS from Des. Ch 89.900 to Des. Ch. 136.100 of Belgaum-Hungund-,Road Transport & Highways,Karnataka,0.0,316.73,24.5,0.0,0.0,0,FlashReport_August_2026.pdf
618651,4 Lane with PS from Des. Ch 43.800 to Des. Ch. 89.900 of Belgaum-Hungund-,Road Transport & Highways,Karnataka,0.0,606.24,58.7,0.0,0.0,0,FlashReport_August_2026.pdf
618697,4LPS Access Controlled Highway of Bellary Bypass Balance work from Ch. 254750 to,Road Transport & Highways,Karnataka,626.01,126.0,38.97,0.0,0.0,0,FlashReport_August_2026.pdf
618702,4L of Addahole Near Gundya to Bantwal Cross section Pkg-02 from Design Km,Road Transport & Highways,Karnataka,0.0,0.0,94.21,0.0,0.0,0,FlashReport_August_2026.pdf
618706,Bangalore-Nidagatta Pkg. I,Road Transport & Highways,Karnataka,0.0,0.0,99.19,0.0,0.0,0,FlashReport_August_2026.pdf
618707,Additional works under BM1 to ensure road safety under 6L of Bengaluru Mysuru,Road Transport & Highways,Karnataka,738.37,32.83,12.67,0.0,0.0,0,FlashReport_August_2026.pdf
618709,4L of Left-Over Works of Hospet-Bellary -Karnataka/AP border from Km.280.080,Road Transport & Highways,Karnataka,0.0,948.93,92.51,0.0,0.0,0,FlashReport_August_2026.pdf
618799,Belakeri Port to Kumta - Sirsi road from km 0.00 - km 4.265 of Belekeri Port Road Link,Road Transport & Highways,Karnataka,440.16,476.34,95.23,0.0,0.0,0,FlashReport_August_2026.pdf
618870,4L PS from near Hemmige Village Periyapatna - Hassan Road Jn. to near Hunsur -,Road Transport & Highways,Karnataka,883.62,447.2,27.8,0.0,0.0,0,FlashReport_August_2026.pdf
618871,4L PS from Near Guddehosur to Start of Kushalnagara Bypass to near Hemmige,Road Transport & Highways,Karnataka,909.86,328.35,14.53,0.0,0.0,0,FlashReport_August_2026.pdf
618872,4L PS from near Hunsur - KR Nagar Junction to near Yalachahalli village KR Nagara -,Road Transport & Highways,Karnataka,0.0,286.32,19.58,0.0,0.0,0,FlashReport_August_2026.pdf
618873,4L PS from near Yalachahalli village KR Nagara - Yelawala Road junction to,Road Transport & Highways,Karnataka,0.0,466.92,17.36,0.0,0.0,0,FlashReport_August_2026.pdf
618887,4L of Bettadahalli- Shivamogga section from Km.170.415 to km. 226.750 of NH-206,Road Transport & Highways,Karnataka,0.0,0.0,84.2,0.0,0.0,0,FlashReport_August_2026.pdf
618896,4L of Sannur to Bikarnakatte section from Km 691.350 to Km 736.362 of NH-169,Road Transport & Highways,Karnataka,0.0,0.0,76.1,0.0,0.0,0,FlashReport_August_2026.pdf
619065,4L Expressway from Km 26.400 to km 53.500 of Malur to Bangarpet section of,Road Transport & Highways,Karnataka,0.0,0.0,99.8,0.0,0.0,0,FlashReport_August_2026.pdf
619071,Tumkur - Nelamangala 6L,Road Transport & Highways,Karnataka,0.0,0.0,61.36,0.0,0.0,0,FlashReport_August_2026.pdf
619072,Bangalore/TN border to Hoskote,Road Transport & Highways,Karnataka,0.0,0.0,94.89,0.0,0.0,0,FlashReport_August_2026.pdf
619073,4L of 42.000 to km 80.00 of Dodaballapur Bypass to Hoskote section of NH-648 Old,Road Transport & Highways,Karnataka,0.0,0.0,99.2,0.0,0.0,0,FlashReport_August_2026.pdf
619096,Goa / Karnataka Km.93.700 to Kundapur Km.283.30,Road Transport & Highways,Karnataka,0.0,0.0,97.94,0.0,0.0,0,FlashReport_August_2026.pdf
619106,4 Lane with PS from Des. Ch 182.300 to Des. Ch. 228.500 of Belgaum-Hungund-,Road Transport & Highways,Karnataka,0.0,270.91,40.63,0.0,0.0,0,FlashReport_August_2026.pdf
619107,4 Lane with PS from Des. Ch 136.100 to Des. Ch. 182.300 of Belgaum-Hungund-,Road Transport & Highways,Karnataka,0.0,244.01,15.0,0.0,0.0,0,FlashReport_August_2026.pdf
619108,4 Lane with PS from Des. Ch 0.000 to Des. Ch. 43.800 of Belgaum-Hungund-Raichur,Road Transport & Highways,Karnataka,0.0,509.43,40.21,0.0,0.0,0,FlashReport_August_2026.pdf
619117,Hassan km 184.912 to Maranahally km 230.060 of NH - 75 in Karnataka,Road Transport & Highways,Karnataka,0.0,0.0,97.8,0.0,0.0,0,FlashReport_August_2026.pdf
619120,Nidagatta-Mysore Pkg II,Road Transport & Highways,Karnataka,0.0,0.0,99.19,0.0,0.0,0,FlashReport_August_2026.pdf
619138,Yekkambi-Haveri,Road Transport & Highways,Karnataka,294.62,94.93,24.7,0.0,0.0,0,FlashReport_August_2026.pdf
619150,BRT Tiger Reserve Boundary Km.287.500 to Bangalore Section Km.458.420 of NH-,Road Transport & Highways,Karnataka,0.0,0.0,99.7,0.0,0.0,0,FlashReport_August_2026.pdf
619164,Belgaum-Khanapur Pkg I Km 0.000-Km 30.800 of NH-4A,Road Transport & Highways,Karnataka,0.0,917.83,75.72,0.0,0.0,0,FlashReport_August_2026.pdf
619211,6L of MH/KN Border Nimbal Village to KN/TS Border Singnodi Village from Km.,Road Transport & Highways,Karnataka,0.0,0.0,73.9,0.0,0.0,0,FlashReport_August_2026.pdf
619214,4L of Channarayapatna Bypass and Hassan Bypass with structures in Devihalli -,Road Transport & Highways,Karnataka,688.0,617.61,82.34,0.0,0.0,0,FlashReport_August_2026.pdf
619218,4L Tumkur-Shimoga Pkg-I from Mallasandra to Karadi village of NH-206 from Km.,Road Transport & Highways,Karnataka,0.0,0.0,100.0,0.0,0.0,0,FlashReport_August_2026.pdf
619219,4L of Tumkur-Shimoga Pkg-II from Km 65.195 Karadi to Km 121.900 Banawara of,Road Transport & Highways,Karnataka,0.0,0.0,99.98,0.0,0.0,0,FlashReport_August_2026.pdf
619220,Tumkur-Shimoga Pkg-III from Km 121.900 Banawara to Km 170.415 Bettadahalli of,Road Transport & Highways,Karnataka,0.0,876.08,98.0,0.0,0.0,0,FlashReport_August_2026.pdf
618070,Widening to 2 Lanes with paved shoulders from Km.87/000 to 133/720 Nattukal to,Road Transport & Highways,Kerala,294.28,0.0,98.0,0.0,0.0,0,FlashReport_August_2026.pdf
618595,6L of Chengala - Neeleshwaram from km. 56.200 to km. 93.468,Road Transport & Highways,Kerala,0.0,0.0,90.82,0.0,0.0,0,FlashReport_August_2026.pdf
618596,6L of Taliparamba to Muzhappilangad from Km 134.650 to Km 170.6 of NH-66,Road Transport & Highways,Kerala,0.0,0.0,83.7,0.0,0.0,0,FlashReport_August_2026.pdf
618597,6L of Azhiyur-Vengalam from km. 189.200 to km. 230.400 of NH-66,Road Transport & Highways,Kerala,0.0,0.0,60.07,0.0,0.0,0,FlashReport_August_2026.pdf
618598,6L Minor Bridge Paloli Palam at km. 203.160 & Major Bridge Morad at km. 204.895,Road Transport & Highways,Kerala,210.0,190.47,100.0,0.0,0.0,0,FlashReport_August_2026.pdf
618599,6L of Ramanatukkara Junction to start of Valanchery bypass section of NH-66,Road Transport & Highways,Kerala,0.0,0.0,100.0,0.0,0.0,0,FlashReport_August_2026.pdf
618600,6L of Valanchery bypass to Kappirikkad of NH 66 from km. 298500 to km 335850,Road Transport & Highways,Kerala,0.0,0.0,100.0,0.0,0.0,0,FlashReport_August_2026.pdf
618601,6L of Kappirikkad to Thalikulam section from km 335.85 to km 369.015 of NH - 66 old,Road Transport & Highways,Kerala,0.0,0.0,95.27,0.0,0.0,0,FlashReport_August_2026.pdf
618602,6L of Thalikulam to Kodugallur section from km 369.015 to km 397.850 of NH - 66 old,Road Transport & Highways,Kerala,0.0,0.0,95.05,0.0,0.0,0,FlashReport_August_2026.pdf
618603,6L of Kodugallur to Edapppally section from km 397.750 to km 423.780 of NH - 66 old,Road Transport & Highways,Kerala,0.0,0.0,71.11,0.0,0.0,0,FlashReport_August_2026.pdf
618604,Aroor-Thuravoor Thekku,Road Transport & Highways,Kerala,0.0,0.0,91.63,0.0,0.0,0,FlashReport_August_2026.pdf
618605,Thuravoor Thekku-Paravoor,Road Transport & Highways,Kerala,0.0,0.0,81.49,0.0,0.0,0,FlashReport_August_2026.pdf
618606,Paravoor-Kottankulangara,Road Transport & Highways,Kerala,0.0,0.0,71.2,0.0,0.0,0,FlashReport_August_2026.pdf
618607,Kottankulangara- Start of Kollam Bypass,Road Transport & Highways,Kerala,0.0,0.0,73.89,0.0,0.0,0,FlashReport_August_2026.pdf
618708,Widening/Development of Existing NH-85 from Km 0.000 to Km 124.636 section to,Road Transport & Highways,Kerala,0.0,807.31,81.98,0.0,0.0,0,FlashReport_August_2026.pdf
619098,Kozhikode Bypass Calicut Bypass Vengalam Jn. to Ramanattukara Jn.,Road Transport & Highways,Kerala,0.0,0.0,98.75,0.0,0.0,0,FlashReport_August_2026.pdf
619206,6L of Perole Nileshwar town to Taliparamba from Km 94.248 to Km 134.650 of NH-66,Road Transport & Highways,Kerala,0.0,0.0,86.65,0.0,0.0,0,FlashReport_August_2026.pdf
619207,Start of Kollam Bypass - Kadambattukonam,Road Transport & Highways,Kerala,0.0,0.0,81.8,0.0,0.0,0,FlashReport_August_2026.pdf
619208,Kadambattukonam-Kazhakuttom,Road Transport & Highways,Kerala,0.0,0.0,44.34,0.0,0.0,0,FlashReport_August_2026.pdf
618408,Kargil Zanskar Road,Road Transport & Highways,Ladakh,398.37,344.61,98.09,0.0,0.0,0,FlashReport_August_2026.pdf
618409,Widening & Up-gradation to 2 lane with Paved shoulder of NH-301 Kargil- Zanskar,Road Transport & Highways,Ladakh,381.01,316.16,95.09,0.0,0.0,0,FlashReport_August_2026.pdf
618410,Widening & Up-gradation to 2 lane with paved shoulder of NH-301 Kargil- Zanskar,Road Transport & Highways,Ladakh,404.89,377.66,89.87,0.0,0.0,0,FlashReport_August_2026.pdf
617909,Construction of Rewa Bypass to 4-lane with paved shoulder along with service road,Road Transport & Highways,Madhya Pradesh,648.05,119.26,67.0,0.0,0.0,0,FlashReport_August_2026.pdf
617911,Rehabilitation and upgradation Umaria to Shahdol section of NH-78 from Existing Km.,Road Transport & Highways,Madhya Pradesh,511.83,504.85,94.5,0.0,0.0,0,FlashReport_August_2026.pdf
617914,Upgradation and reconstruction of Shahpura-Dindori Section of NH 45 from Km,Road Transport & Highways,Madhya Pradesh,241.23,129.86,41.25,0.0,0.0,0,FlashReport_August_2026.pdf
618019,Upgradation & widening of Jharkheda- Berasia - Dholkhedi from design km 0000 to,Road Transport & Highways,Madhya Pradesh,365.21,304.07,91.0,0.0,0.0,0,FlashReport_August_2026.pdf
618020,Rehabilitation & Upgradation of KurwaiMungaoliChanderi Road section of NH-346 ,Road Transport & Highways,Madhya Pradesh,386.49,242.83,67.57,0.0,0.0,0,FlashReport_August_2026.pdf
618021,Up-gradation of Pichhore- Dinara section of NH-346 from Km 292.750 to 334.550 to,Road Transport & Highways,Madhya Pradesh,425.97,90.26,38.02,0.0,0.0,0,FlashReport_August_2026.pdf
618035,Rehabilitation & Upgradation of existing intermediate lane to two Lane with paved,Road Transport & Highways,Madhya Pradesh,275.4,131.31,60.14,0.0,0.0,0,FlashReport_August_2026.pdf
618036,Upgradation and reconstruction of existing intermediate lane to two Lane with paved,Road Transport & Highways,Madhya Pradesh,315.55,119.05,43.0,0.0,0.0,0,FlashReport_August_2026.pdf
618043,Upgradation and reconstruction of Dindori - Mandla Section of NH 543 from Km 77100,Road Transport & Highways,Madhya Pradesh,492.12,309.82,88.0,0.0,0.0,0,FlashReport_August_2026.pdf
618044,Upgradation of Shahdol- Sagartola Section of NH 543 from km 0000 to km 69400 to 2,Road Transport & Highways,Madhya Pradesh,851.4,49.32,12.06,0.0,0.0,0,FlashReport_August_2026.pdf
618068,Construction of Kaithi-Padaria Kala bypass  Patna-Tamoli bypass  Jaso bypass and,Road Transport & Highways,Madhya Pradesh,158.36,63.03,62.8,0.0,0.0,0,FlashReport_August_2026.pdf
618085,Upgradation of Nasrullagani-Rehti-Budhni Scction to 2-lane with paved shoulder from,Road Transport & Highways,Madhya Pradesh,305.12,237.68,92.33,0.0,0.0,0,FlashReport_August_2026.pdf
618129,Construction of Kasrawad bypass  Selani bypass  Khargone bypass & Bistan bypass,Road Transport & Highways,Madhya Pradesh,467.93,269.61,99.15,0.0,0.0,0,FlashReport_August_2026.pdf
618156,Construction of Morena bypass  Ambah bypass & Porsa bypass Totat length 27.16 km,Road Transport & Highways,Madhya Pradesh,492.66,314.26,75.0,0.0,0.0,0,FlashReport_August_2026.pdf
618157,Construction of Ater realignment & Bhind bypass Total length. 21.50 km Section of,Road Transport & Highways,Madhya Pradesh,348.06,103.82,69.95,0.0,0.0,0,FlashReport_August_2026.pdf
618158,Upgradation of Goras to Shyampur Road section of NH-552 Ext.  from Design,Road Transport & Highways,Madhya Pradesh,416.96,56.68,16.84,0.0,0.0,0,FlashReport_August_2026.pdf
618170,Construction of Two lane with paved shoulder configuration of Shujalpur Bypass,Road Transport & Highways,Madhya Pradesh,214.07,69.76,46.76,0.0,0.0,0,FlashReport_August_2026.pdf
618171,Work of Upgradation of Jirapur-Pachore Road including Pachore  Jirapur  Chhapiheda,Road Transport & Highways,Madhya Pradesh,352.69,167.59,57.26,0.0,0.0,0,FlashReport_August_2026.pdf
618619,Bypass on Western side of Gwalior City,Road Transport & Highways,Madhya Pradesh,998.95,227.59,0.0,0.0,0.0,0,FlashReport_August_2026.pdf
618620,Additional works 2VUPs  MR-10 junction flyover and underpass in Six lane Indore-,Road Transport & Highways,Madhya Pradesh,207.77,155.24,90.18,0.0,0.0,0,FlashReport_August_2026.pdf
618621,Indore - Edlabad Pkg-II [Tejajinagar to Balwara],Road Transport & Highways,Madhya Pradesh,0.0,824.5,87.8,0.0,0.0,0,FlashReport_August_2026.pdf
618622,4L of Indore - Boregaon Pkg-III [Balwara to Dhangaon] from km. 42.260 to km. 82.660,Road Transport & Highways,Madhya Pradesh,0.0,835.16,92.5,0.0,0.0,0,FlashReport_August_2026.pdf
618623,4L Boregaon Buzurg to Shahpur Pkg I of Boregaon Buzurg to Muktainagar of NH,Road Transport & Highways,Madhya Pradesh,0.0,556.92,92.5,0.0,0.0,0,FlashReport_August_2026.pdf
618654,4L Greenfield Rudhi to Deshgaon Pkg V of Betul-Khandwa/Deshgaon,Road Transport & Highways,Madhya Pradesh,521.21,216.6,63.79,0.0,0.0,0,FlashReport_August_2026.pdf
618655,2L PS of Roshni to Ashapur Section of NH-347B from Design KM Ch. 89.900 to,Road Transport & Highways,Madhya Pradesh,200.99,132.61,100.0,0.0,0.0,0,FlashReport_August_2026.pdf
618661,4L from km 0.000 to 42.040 Bhopal Ratnaigiri Tiraha to Vidisha Morikodi,Road Transport & Highways,Madhya Pradesh,0.0,194.11,20.23,0.0,0.0,0,FlashReport_August_2026.pdf
618662,4L Vidisha Gyaraspur section of NH-146 from Design Chainage km 59475 existing,Road Transport & Highways,Madhya Pradesh,980.2,113.19,12.25,0.0,0.0,0,FlashReport_August_2026.pdf
618663,i 4L Vidisha to Hinotiya from km 0.000 to Km 27.000 Vidisha Mehulwa-Talbehat Pkg-,Road Transport & Highways,Madhya Pradesh,0.0,434.21,90.04,0.0,0.0,0,FlashReport_August_2026.pdf
618664,Berkhedi to Godpehra on NH-44 Sagar link road,Road Transport & Highways,Madhya Pradesh,524.84,391.54,93.05,0.0,0.0,0,FlashReport_August_2026.pdf
618666,4- Laning of Mohari to Satai Ghat section NH-934 from Km 50300 to Km 89875 Total,Road Transport & Highways,Madhya Pradesh,710.92,533.05,99.91,0.0,0.0,0,FlashReport_August_2026.pdf
618667,4L of near Satai Ghat to Chowka section of NH-34 from D. Ch. 89.875 to D. Ch.,Road Transport & Highways,Madhya Pradesh,0.0,224.7,38.26,0.0,0.0,0,FlashReport_August_2026.pdf
618671,4-lanning of Rahatgarh to Berkhedi section of NH-146 from Design Ch 124470 to Ch.,Road Transport & Highways,Madhya Pradesh,618.33,53.19,14.6,0.0,0.0,0,FlashReport_August_2026.pdf
618672,4-lanning of Gyaraspur to Rahatgarh section of NH-146 from Design Ch. 88361 to Ch,Road Transport & Highways,Madhya Pradesh,903.44,191.87,35.25,0.0,0.0,0,FlashReport_August_2026.pdf
618684,Outer Ring Road of Jabalpur Town from Manegaon to NH-45 Pkg-2,Road Transport & Highways,Madhya Pradesh,917.26,529.01,78.75,0.0,0.0,0,FlashReport_August_2026.pdf
618685,Outer Ring Road of Jabalpur Town from NH45 to Kushner Pkg-3,Road Transport & Highways,Madhya Pradesh,911.24,552.62,79.8,0.0,0.0,0,FlashReport_August_2026.pdf
618686,Outer Ring Road of Jabalpur Town from Kushner to Amjhar Road including Airport,Road Transport & Highways,Madhya Pradesh,612.94,369.68,79.63,0.0,0.0,0,FlashReport_August_2026.pdf
618687,Outer Ring Road of Jabalpur Town from Barela to Manegaon Pkg-1,Road Transport & Highways,Madhya Pradesh,652.33,501.21,89.72,0.0,0.0,0,FlashReport_August_2026.pdf
618688,Outer Ring Road of Jabalpur Town from Amjhar Road including Airport Connectivity,Road Transport & Highways,Madhya Pradesh,794.7,105.49,32.38,0.0,0.0,0,FlashReport_August_2026.pdf
618694,Indore - Harda Pkg-I [Indore to Raghav Garh from km. 0.25 to km. 26.903],Road Transport & Highways,Madhya Pradesh,0.0,710.89,96.09,0.0,0.0,0,FlashReport_August_2026.pdf
618735,4L of Chandesara to Khedakhajuriya from Km. 0.000 to - 750 & Km 0.000 to km,Road Transport & Highways,Madhya Pradesh,909.84,587.82,99.0,0.0,0.0,0,FlashReport_August_2026.pdf
618751,2L PS of Hinotiya-Mehulwa section of NH-346 from Km. 27.000 to Km 75.700 Vidisha,Road Transport & Highways,Madhya Pradesh,581.65,274.61,69.04,0.0,0.0,0,FlashReport_August_2026.pdf
618762,Itarsi Km. 63.000 to Betul Km. 137.000 of NH-69 in Madhya Pradesh,Road Transport & Highways,Madhya Pradesh,950.27,666.78,100.0,0.0,0.0,0,FlashReport_August_2026.pdf
618784,Balance works of 4 lane divided carriageway of Missing Link section of NH-39 Rewa,Road Transport & Highways,Madhya Pradesh,355.36,264.26,84.44,0.0,0.0,0,FlashReport_August_2026.pdf
618932,Construction of 6 lane Indore western bypass from km 0000 to Km 34000 Pkg -l in the,Road Transport & Highways,Madhya Pradesh,0.0,721.68,27.6,0.0,0.0,0,FlashReport_August_2026.pdf
618933,Construction of 6 lane Indore western bypass from km 34000 to Km 64000 Pkg-II in,Road Transport & Highways,Madhya Pradesh,0.0,881.78,17.5,0.0,0.0,0,FlashReport_August_2026.pdf
618962,4L of Budhni to Shahganj Bypass End Package-III of NH-146B from Km. 73.750 to,Road Transport & Highways,Madhya Pradesh,0.0,196.81,28.95,0.0,0.0,0,FlashReport_August_2026.pdf
618963,Construction work of 4-laning of Shahganj bypass end to Badi Package-IV of NH-146B,Road Transport & Highways,Madhya Pradesh,784.14,347.21,53.6,0.0,0.0,0,FlashReport_August_2026.pdf
618964,4 Laning of Sandalpur to Nasrullaganj Pkg-1 section of NH-146B Length 43.2 Km.,Road Transport & Highways,Madhya Pradesh,0.0,198.59,11.57,0.0,0.0,0,FlashReport_August_2026.pdf
618966,Six laning with both sides Service Road of Ayodhya Bypass from Design Km 0000,Road Transport & Highways,Madhya Pradesh,0.0,177.29,21.61,0.0,0.0,0,FlashReport_August_2026.pdf
619007,Upgradation of Sarvardewla to Pal MP/MH Border Road section of NH-347 C from,Road Transport & Highways,Madhya Pradesh,461.23,22.2,3.1,0.0,0.0,0,FlashReport_August_2026.pdf
619100,Dhangaon - Borgaon section km 81.000 to km 139.000 [Indore - Edlabad Pkg IV],Road Transport & Highways,Madhya Pradesh,866.0,746.6,99.8,0.0,0.0,0,FlashReport_August_2026.pdf
619114,Indore - Harda Pkg-II [Raghavgarh to Nanasa from km. 29.30 to km. 92.30],Road Transport & Highways,Madhya Pradesh,0.0,370.33,40.25,0.0,0.0,0,FlashReport_August_2026.pdf
619304,Balance work for rehabilitation and upgradation of Sidhi -Singrauli Road from Km,Road Transport & Highways,Madhya Pradesh,568.32,4.09,0.0,0.0,0.0,0,FlashReport_August_2026.pdf
617912,Construction of 6 lane flyover from Khapari ROB to Mihan Interchange design,Road Transport & Highways,Maharashtra,619.55,22.85,12.21,0.0,0.0,0,FlashReport_August_2026.pdf
617932,Construction of New Four Lane Bypass to Parbhani City Parwa to Asola Km 463/265,Road Transport & Highways,Maharashtra,496.64,216.62,73.0,0.0,0.0,0,FlashReport_August_2026.pdf
617934,Nasratpur to Barasgaon section of NH-61 2L / 4L PS from Km.514/00 to 558/200,Road Transport & Highways,Maharashtra,406.54,528.24,95.84,0.0,0.0,0,FlashReport_August_2026.pdf
617937,Udgir Raavi Degloor Aadampur phata to Sagroli fata,Road Transport & Highways,Maharashtra,809.77,42.26,20.0,0.0,0.0,0,FlashReport_August_2026.pdf
617938,Rehabilitation And Upgradation to four lane with paved shoulder configuration from km,Road Transport & Highways,Maharashtra,574.18,28.75,20.0,0.0,0.0,0,FlashReport_August_2026.pdf
617945,Balance work of NH-66 from design Km 84/00 to Km 87/100 Indapur Bypass and Km,Road Transport & Highways,Maharashtra,354.21,156.44,70.34,0.0,0.0,0,FlashReport_August_2026.pdf
617946,Kashedi to Parshuram Ghat section of NH-66 from Km 161/600 - Km 205/400 - 4L PS,Road Transport & Highways,Maharashtra,0.0,0.0,97.5,0.0,0.0,0,FlashReport_August_2026.pdf
617947,Arawali Kante section of NH-17New NH-66 4L PS from Km.241/300 to 281/300,Road Transport & Highways,Maharashtra,0.0,773.14,80.06,0.0,0.0,0,FlashReport_August_2026.pdf
617948,Kante - Wakad section of NH-66 4L PS from Km.281/300 to 332/200,Road Transport & Highways,Maharashtra,0.0,0.0,90.14,0.0,0.0,0,FlashReport_August_2026.pdf
617965,Kopargaon to Savali Vihir section,Road Transport & Highways,Maharashtra,195.38,105.16,93.5,0.0,0.0,0,FlashReport_August_2026.pdf
617978,Rehabilitation  upgradation & widening of existing highway to 2L/4LPS Rigid,Road Transport & Highways,Maharashtra,631.76,303.71,88.3,0.0,0.0,0,FlashReport_August_2026.pdf
617979,Rehabilitation  upgradation & widening of existing highway to 2L/4LPS Rigid,Road Transport & Highways,Maharashtra,533.76,217.44,77.07,0.0,0.0,0,FlashReport_August_2026.pdf
618042,Rehabilitation/ Upgradation of existing Highway to four lane standards in Kurkheda,Road Transport & Highways,Maharashtra,163.86,62.18,50.25,0.0,0.0,0,FlashReport_August_2026.pdf
618047,Widening  Reconstruction & Up-gradation to 2 lane with Paved Shoulder/Four Lane,Road Transport & Highways,Maharashtra,657.16,383.14,93.93,0.0,0.0,0,FlashReport_August_2026.pdf
618049,Up-gradation to 2/4 lane with paved shoulder configuration of NH-652 from Tuljapur,Road Transport & Highways,Maharashtra,183.41,85.7,98.0,0.0,0.0,0,FlashReport_August_2026.pdf
618059,Construction of four-lane Concrete Road from Police Headquarter Gondia City to,Road Transport & Highways,Maharashtra,328.11,111.48,34.15,0.0,0.0,0,FlashReport_August_2026.pdf
618061,Strengthening  Widening & Up-gradation of newly declared NH-761 from NH-,Road Transport & Highways,Maharashtra,386.16,114.55,62.5,0.0,0.0,0,FlashReport_August_2026.pdf
618065,Rehabilitation/Upgradation of existing Highway to 2LPS/4 lane of Dhawali to Rajoli,Road Transport & Highways,Maharashtra,316.44,84.06,37.2,0.0,0.0,0,FlashReport_August_2026.pdf
618088,Nandurshingote to Kolhar,Road Transport & Highways,Maharashtra,325.79,263.09,45.0,0.0,0.0,1,FlashReport_August_2026.pdf
618089,Rehabilitation & Up-gradation of Mudkhed to Nanded section from Km. 372000 to Km,Road Transport & Highways,Maharashtra,206.54,7.77,65.14,0.0,0.0,0,FlashReport_August_2026.pdf
618094,Pen to Khopoli 2LPS,Road Transport & Highways,Maharashtra,369.39,212.04,86.3,0.0,0.0,0,FlashReport_August_2026.pdf
618096,Rehabilitation and Up-gradation to 2 lane road with paved shoulders configuration for,Road Transport & Highways,Maharashtra,181.45,84.97,87.0,0.0,0.0,0,FlashReport_August_2026.pdf
618097,Guhagar - Rampur - 2L-PS - km 0/00 Guhagar to 26/230 Rampur and 40/00 Mirjoli to,Road Transport & Highways,Maharashtra,407.2,274.73,91.89,0.0,0.0,0,FlashReport_August_2026.pdf
618098,Upgradation of exhisting 2 lane flexible pavement to 2 lane paved shoulders rigid,Road Transport & Highways,Maharashtra,167.97,102.29,93.75,0.0,0.0,0,FlashReport_August_2026.pdf
618133,Strengthening and Widening of road Sakoli- Wadsa-Armori-Gadchiroli-Ashti- Allapalli -,Road Transport & Highways,Maharashtra,280.57,210.92,67.39,0.0,0.0,0,FlashReport_August_2026.pdf
618134,Rehabilitation /Upgradation from Lagam to Alapalli section Desing Km. 199/400 to km,Road Transport & Highways,Maharashtra,459.39,220.61,85.05,0.0,0.0,0,FlashReport_August_2026.pdf
618137,Rehabilitation and Up-gradation of Jarud - Sirsala section of NH-361F km 59500 to,Road Transport & Highways,Maharashtra,540.35,217.2,72.1,0.0,0.0,0,FlashReport_August_2026.pdf
618138,Widening  Reconstruction & Up-gradation to 2 lane with Paved Shoulder/Four Lane,Road Transport & Highways,Maharashtra,349.57,77.84,62.96,0.0,0.0,0,FlashReport_August_2026.pdf
618139,Rehabilitation and Up-gradation of Gangakhed Loha section of NH-361F from Km,Road Transport & Highways,Maharashtra,355.12,0.0,43.46,0.0,0.0,0,FlashReport_August_2026.pdf
618150,Rehabilitation and Up-gradation of i. Deogaon phata to Digras phata Ch. 0/000 to,Road Transport & Highways,Maharashtra,761.83,96.78,22.0,0.0,0.0,0,FlashReport_August_2026.pdf
618152,Mhaswad to Tembhurni section of NH-548C - 2L PS,Road Transport & Highways,Maharashtra,488.6,298.45,96.19,0.0,0.0,0,FlashReport_August_2026.pdf
618153,Satara to Mhaswad,Road Transport & Highways,Maharashtra,653.46,384.64,98.08,0.0,0.0,0,FlashReport_August_2026.pdf
618154,Rehabilitation & upgradation of Jamkhed to Sautada Section of NH548 D from km,Road Transport & Highways,Maharashtra,157.62,0.0,68.93,0.0,0.0,0,FlashReport_August_2026.pdf
618155,Development/Widening of Talegaon Chakan Shikrapur Nhavara Section of NH-548D,Road Transport & Highways,Maharashtra,396.17,237.74,72.52,0.0,0.0,0,FlashReport_August_2026.pdf
618172,Paithan - Shirur section 2LPS Km 0.0 to 55.00,Road Transport & Highways,Maharashtra,341.8,253.74,82.0,0.0,0.0,0,FlashReport_August_2026.pdf
618173,Shirur-Kharda section from 55937 km to 114486 km to 2LPS/4L,Road Transport & Highways,Maharashtra,381.77,262.2,83.93,0.0,0.0,0,FlashReport_August_2026.pdf
618174,Rehabilitation and Upgradation to two lane with paved shoulder configuration of NH-,Road Transport & Highways,Maharashtra,226.58,142.62,100.0,0.0,0.0,0,FlashReport_August_2026.pdf
618176,Rehabilitation and upgradation from ch km 50/200 to 56/800 and km 62/600 to,Road Transport & Highways,Maharashtra,349.08,66.84,35.45,0.0,0.0,0,FlashReport_August_2026.pdf
618177,Pal Phata Phulambri - Khultabad 2LPS,Road Transport & Highways,Maharashtra,227.19,155.88,95.29,0.0,0.0,0,FlashReport_August_2026.pdf
618178,Widening and strengthening of Gangakhed to Kingaon section of NH-752K in Km,Road Transport & Highways,Maharashtra,162.67,5.76,91.0,0.0,0.0,0,FlashReport_August_2026.pdf
618180,Pune raigarh District Border To Mangaon Ch 69000 to 103775 NH-753F,Road Transport & Highways,Maharashtra,223.46,124.0,89.08,0.0,0.0,0,FlashReport_August_2026.pdf
618198,Balance work of Rehabilitation and Up-gradation to 2-lane road with paved shoulders,Road Transport & Highways,Maharashtra,388.93,249.66,93.07,0.0,0.0,0,FlashReport_August_2026.pdf
618199,Rehabilitation  Upgradation & Widening of existing Highway to Rigid Pavement 2 Lane,Road Transport & Highways,Maharashtra,723.13,217.9,53.5,0.0,0.0,0,FlashReport_August_2026.pdf
618469,Vadodara Mumbai Expressway Phase II - Pkg XIII [Km. 26.582 to Km. 50.700],Road Transport & Highways,Maharashtra,0.0,0.0,98.2,0.0,0.0,0,FlashReport_August_2026.pdf
618470,Vadodara Mumbai Expressway Phase II - Pkg XIV [Km. 3.000 to Km. 20.200 of Spur],Road Transport & Highways,Maharashtra,0.0,645.91,98.0,0.0,0.0,0,FlashReport_August_2026.pdf
618471,Vadodara Mumbai Expressway Phase II - Pkg XV [Km. 20.200 to Km. 43.000 of Spur],Road Transport & Highways,Maharashtra,0.0,651.95,94.6,0.0,0.0,0,FlashReport_August_2026.pdf
618472,Vadodara Mumbai Expressway Phase II - Pkg XVI [Km. 43.000 to Km. 69.800 of Spur],Road Transport & Highways,Maharashtra,0.0,952.69,95.5,0.0,0.0,0,FlashReport_August_2026.pdf
618473,Vadodara Mumbai Expressway Phase II - Pkg XVII [Km. 69.800 to Km. 79.783 of,Road Transport & Highways,Maharashtra,0.0,931.24,90.73,0.0,0.0,0,FlashReport_August_2026.pdf
618511,Upgradation & rehabilitation of Service Roads on both sides in urban areas of Pune,Road Transport & Highways,Maharashtra,604.59,69.84,24.08,0.0,0.0,0,FlashReport_August_2026.pdf
618512,Tunnel at Khambataki Ghat Section and its approaches from existing Km. 771.730 to,Road Transport & Highways,Maharashtra,907.03,687.05,89.2,0.0,0.0,0,FlashReport_August_2026.pdf
618513,6L of Kagal-Satara section from Km 592.500 to Km 658.000 of NH-48 Pkg-I,Road Transport & Highways,Maharashtra,0.0,634.62,51.14,0.0,0.0,0,FlashReport_August_2026.pdf
618514,6L of Kagal-Satara section from Km 658.000 to Km 725.000 of NH-48 Pkg-II,Road Transport & Highways,Maharashtra,0.0,206.69,90.12,0.0,0.0,0,FlashReport_August_2026.pdf
618557,4L of Indora Chowk to Pachpaoli and Agrasen Chowk - Ashoka Chowk,Road Transport & Highways,Maharashtra,0.0,699.6,84.0,0.0,0.0,0,FlashReport_August_2026.pdf
618585,6L of Gonde Km. 439.038 to Pimpri Sado Km. 459.905 section of NH-848 Old NH-3,Road Transport & Highways,Maharashtra,856.93,160.2,40.5,0.0,0.0,0,FlashReport_August_2026.pdf
618586,Improvement and strengthening of existing 2 lane stretch to 2-Lane with PS 1.5m on,Road Transport & Highways,Maharashtra,254.78,119.17,77.0,0.0,0.0,0,FlashReport_August_2026.pdf
618588,4L Mitigation Measure structures on CH/MH Border to Wainganga Bridge Section of,Road Transport & Highways,Maharashtra,540.24,464.37,99.79,0.0,0.0,0,FlashReport_August_2026.pdf
618594,Balance work of 4L Panvel to Indapur section of NH-66 Old NH- 17 from km 0.000,Road Transport & Highways,Maharashtra,329.82,188.13,98.66,0.0,0.0,0,FlashReport_August_2026.pdf
618626,Four laning from Dive Ghat Km. 220.900 to Hadapsar Km. 234.150 of Mohol Alandi,Road Transport & Highways,Maharashtra,819.52,141.56,70.01,0.0,0.0,0,FlashReport_August_2026.pdf
618627,Construction of 7 Nos of Standalone safety structures/works at different locations on,Road Transport & Highways,Maharashtra,168.52,38.33,33.35,0.0,0.0,0,FlashReport_August_2026.pdf
618628,Strengthening of Existing Alignment of Pandharpur Town Part Bypassed Section of,Road Transport & Highways,Maharashtra,150.21,80.94,69.25,0.0,0.0,0,FlashReport_August_2026.pdf
618653,Loha-Waranga Section of NH-361 from km 187.800 to km 244.369,Road Transport & Highways,Maharashtra,0.0,0.0,96.22,0.0,0.0,0,FlashReport_August_2026.pdf
618693,Bodhre - Dhule,Road Transport & Highways,Maharashtra,0.0,838.04,97.69,0.0,0.0,0,FlashReport_August_2026.pdf
618754,Upgradation of 2L/4L with Paved Shoulder of Shirwal-Lonand Section from KM,Road Transport & Highways,Maharashtra,538.11,189.06,43.57,0.0,0.0,0,FlashReport_August_2026.pdf
618766,Up-gradation to Four Lane with Paved Shoulder configuration of the highway starting,Road Transport & Highways,Maharashtra,862.0,327.05,48.55,0.0,0.0,0,FlashReport_August_2026.pdf
618836,4L of Ratnagiri - Kolhapur section from km 67.140 to km 112.340 of NH-166 Pkg II,Road Transport & Highways,Maharashtra,0.0,0.0,81.57,0.0,0.0,0,FlashReport_August_2026.pdf
618837,4L of Ratnagiri - Kolhapur section from km 112.340 to km 145.300 of NH-166 PkgIII,Road Transport & Highways,Maharashtra,0.0,0.0,68.95,0.0,0.0,0,FlashReport_August_2026.pdf
618937,4L of Nagpur-Katol Section from Km. 13.00 to Km. 62.900 of NH-353J,Road Transport & Highways,Maharashtra,0.0,0.0,81.54,0.0,0.0,0,FlashReport_August_2026.pdf
618939,Construction of Standalone Flyover cum ROB from Design Ch.66.600 to Design,Road Transport & Highways,Maharashtra,191.31,40.01,40.08,0.0,0.0,0,FlashReport_August_2026.pdf
619008,Rehabilitation and Up gradation of Charthana Jintur Section of NH 752 I Km 25100 to,Road Transport & Highways,Maharashtra,157.69,61.9,85.0,0.0,0.0,0,FlashReport_August_2026.pdf
619042,Construction of six lane Flyover at Katraj junction at Km  3/880 of NH 548-DD,Road Transport & Highways,Maharashtra,163.51,108.55,89.2,0.0,0.0,0,FlashReport_August_2026.pdf
619043,Capacity Augmentation in the stretch of DhulePimpalgaon section of NH60 Km.,Road Transport & Highways,Maharashtra,341.63,10.9,5.1,0.0,0.0,0,FlashReport_August_2026.pdf
619069,Satara Km 725.000 to Pune Km 865.350 of NH - 4 New NH - 48 in Maharashtra,Road Transport & Highways,Maharashtra,361.72,387.34,99.05,0.0,0.0,0,FlashReport_August_2026.pdf
619095,Balance works of 4L Panvel Indapur section of NH66 old NH17 from km 42.300 kasu,Road Transport & Highways,Maharashtra,546.44,420.99,96.73,0.0,0.0,0,FlashReport_August_2026.pdf
619149,4L of Ratnagiri - Kolhapur section of NH-166 from km 0.000 to km 19.769 and km,Road Transport & Highways,Maharashtra,0.0,0.0,97.4,0.0,0.0,0,FlashReport_August_2026.pdf
619163,4L of Baramati to Indapur Pkg-II from km. 41.400 to km. 84.550 of NH-965G Saint,Road Transport & Highways,Maharashtra,0.0,0.0,86.2,0.0,0.0,0,FlashReport_August_2026.pdf
619198,Vadodara Mumbai Expressway Phase II - Pkg XII [Km. 50.700 to Km. 77.000] Masvan,Road Transport & Highways,Maharashtra,0.0,979.42,99.87,0.0,0.0,0,FlashReport_August_2026.pdf
619203,Vadape to Thane from km 539.202 to km 563.000 section of NH-3 new NH-848,Road Transport & Highways,Maharashtra,0.0,491.86,87.0,0.0,0.0,0,FlashReport_August_2026.pdf
619204,Capacity Augmentation in the stretch of Pimpri Sado Vadape section of NH848 Km.,Road Transport & Highways,Maharashtra,372.03,1.5,1.0,0.0,0.0,0,FlashReport_August_2026.pdf
619210,Dharampuri-Lonand from km. 117.00 to 166.40 Pkg-IV on Mohol-Alandi Section,Road Transport & Highways,Maharashtra,0.0,0.0,97.4,0.0,0.0,0,FlashReport_August_2026.pdf
619263,Rehabilitation and upgradation of Wardha Salod Hirapur - Pulgaon Section of NH,Road Transport & Highways,Maharashtra,252.95,0.05,0.0,0.0,0.0,0,FlashReport_August_2026.pdf
619298,Construction of 6 Lane Elevated corridor from KM 612582 to KM 617540 including,Road Transport & Highways,Maharashtra,0.0,0.06,0.0,0.0,0.0,0,FlashReport_August_2026.pdf
619299,Construction of a 6-Lane Elevated Corridor from Km 593766 to Km 596620 Including,Road Transport & Highways,Maharashtra,357.99,0.08,0.0,0.0,0.0,0,FlashReport_August_2026.pdf
619300,Construction of Four Lane Nagpur-Katol section of NH-353J including Mitigation,Road Transport & Highways,Maharashtra,300.68,0.0,0.0,0.0,0.0,0,FlashReport_August_2026.pdf
618298,Widening/Improvement of existing 2-Lane road to 4-Lane Divided Highway from,Road Transport & Highways,Manipur,211.7,272.3,95.48,0.0,0.0,0,FlashReport_August_2026.pdf
618299,Improvement/Up-gradation of existing 2-Lane Road to 4-Lane Divided Highway from,Road Transport & Highways,Manipur,268.98,210.28,58.7,0.0,0.0,0,FlashReport_August_2026.pdf
618300,Improvement/Up-gradation of existing 2-Lane Road to 4-Lane Divided Highway from,Road Transport & Highways,Manipur,379.39,314.73,91.39,0.0,0.0,0,FlashReport_August_2026.pdf
618301,Widening/Improvement of existing 2-lane to 4-Lane Divided Highway from Kuraopokpi,Road Transport & Highways,Manipur,228.97,143.26,48.36,0.0,0.0,1,FlashReport_August_2026.pdf
618302,Widening/Improvement to 2-lane with earthen shoulder of Yaingangpokpi - Finch,Road Transport & Highways,Manipur,256.04,195.0,98.12,0.0,0.0,0,FlashReport_August_2026.pdf
618303,Widening/Improvement to 2-lane with earthen shoulder of Yaingangpokpi - Finch,Road Transport & Highways,Manipur,222.77,140.9,88.96,0.0,0.0,0,FlashReport_August_2026.pdf
618304,Widening/Improvement to 2 Lane with earthen shoulder of Jessami to Laynen bridge,Road Transport & Highways,Manipur,164.89,132.28,31.23,0.0,0.0,1,FlashReport_August_2026.pdf
618305,Widening/Improvement to 2 lane with earthen shoulder of Marrem Khullen to Jessami,Road Transport & Highways,Manipur,554.66,230.0,27.34,0.0,0.0,0,FlashReport_August_2026.pdf
618306,Widening/Improvement to 2 lane with earthen shoulder of Choithar to Marrem Khullen,Road Transport & Highways,Manipur,564.05,173.58,14.5,0.0,0.0,0,FlashReport_August_2026.pdf
618333,Widening to 2 lane with Paved shoulder of lmphal to Jiribam section of NH-37 from,Road Transport & Highways,Manipur,760.16,428.17,92.52,0.0,0.0,0,FlashReport_August_2026.pdf
618334,Widening to 2 Lane with Paved shoulder of lmphal to Jiribam section of NH-37 from,Road Transport & Highways,Manipur,504.76,328.0,95.2,0.0,0.0,0,FlashReport_August_2026.pdf
618335,Widening to 2 Lane with Paved shoulder of lmphal to Jiribam section of NH-37 from,Road Transport & Highways,Manipur,410.68,386.28,91.02,0.0,0.0,0,FlashReport_August_2026.pdf
618336,Widening to 2 -Lane with Paved shoulder of Imphal to Jiribam section of NH-37 from,Road Transport & Highways,Manipur,579.63,408.21,86.53,0.0,0.0,0,FlashReport_August_2026.pdf
618338,Widening to 2-Lane with Paved shoulder of Imphal to Jiribam section of NH-37 from,Road Transport & Highways,Manipur,195.14,162.73,93.22,0.0,0.0,0,FlashReport_August_2026.pdf
618344,Widening to 2-lane with Hard shoulder of Churachandpur to Tuivai Section of NH-,Road Transport & Highways,Manipur,673.27,563.39,85.84,0.0,0.0,0,FlashReport_August_2026.pdf
618345,Widening to 2-lane with Hard shoulder of Churachandpur to Tuivai Section from Km,Road Transport & Highways,Manipur,365.53,198.73,88.2,0.0,0.0,0,FlashReport_August_2026.pdf
618346,Widening to 2-lane with Hard shoulder of Churachandpur to Tuivai Section of NH-,Road Transport & Highways,Manipur,232.99,155.44,100.0,0.0,0.0,0,FlashReport_August_2026.pdf
618348,Balance work of Widening to 2 Two lane with hard shoulder of Churachandpur to,Road Transport & Highways,Manipur,177.76,100.95,14.63,0.0,0.0,0,FlashReport_August_2026.pdf
618349,Balance work of Widening to 2 Two lane with hard shoulder of Churachandpur to,Road Transport & Highways,Manipur,204.12,115.96,26.53,0.0,0.0,0,FlashReport_August_2026.pdf
618355,Construction of of 2 -Lane with paved shoulders road from Tamenglong-Tousem-,Road Transport & Highways,Manipur,483.87,375.87,95.28,0.0,0.0,0,FlashReport_August_2026.pdf
618356,Construction of 2 -Lane with paved shoulders road from Tamenglong to Mahur in the,Road Transport & Highways,Manipur,234.08,201.13,98.5,0.0,0.0,0,FlashReport_August_2026.pdf
618357,Construction of 2 -Lane with paved shoulders road from Tamenglong to Mahur NH-,Road Transport & Highways,Manipur,477.86,330.13,84.87,0.0,0.0,0,FlashReport_August_2026.pdf
618358,Construction of 2 -Lane with paved shoulders road from Tamenglong to Mahur NH-,Road Transport & Highways,Manipur,311.18,231.08,87.42,0.0,0.0,0,FlashReport_August_2026.pdf
618387,Construction of 2-laning with Hard shoulder of Ukhrul Tolloi - Tadubi section of NH-,Road Transport & Highways,Manipur,578.98,283.36,80.75,0.0,0.0,0,FlashReport_August_2026.pdf
618388,Construction of 2-laning with Hard shoulder road of Ukhrul - Tolloi - Tadubi section of,Road Transport & Highways,Manipur,315.56,257.41,94.5,0.0,0.0,0,FlashReport_August_2026.pdf
618389,Construction of 2-laning with Hard shoulder road of Ukhrul - Tolloi - Tadubi section of,Road Transport & Highways,Manipur,310.76,287.73,97.0,0.0,0.0,0,FlashReport_August_2026.pdf
618415,Improvement of existing road to 2 laning with Hard Shoulders of Maram-Peren section,Road Transport & Highways,Manipur,188.36,0.0,100.0,0.0,0.0,0,FlashReport_August_2026.pdf
618416,Improvement of existing road to 2 laning with Hard Shoulders of Maram -Peren,Road Transport & Highways,Manipur,226.32,190.19,75.08,0.0,0.0,0,FlashReport_August_2026.pdf
617885,Rehabilitation and Up-gradation of Nongstoin Wahkaji section of Project Road Km,Road Transport & Highways,Meghalaya,302.88,232.62,99.62,0.0,0.0,0,FlashReport_August_2026.pdf
618076,Improvement and Widening two lannig with paved Shoulder of NH 127B from km,Road Transport & Highways,Meghalaya,504.0,75.72,4.5,0.0,0.0,0,FlashReport_August_2026.pdf
618294,Improvement and Widening of National Highway No. 127B Darugiri - Songsak -,Road Transport & Highways,Meghalaya,801.07,186.68,27.76,0.0,0.0,0,FlashReport_August_2026.pdf
618295,Improvement/Widening of New NH-217 Dainadubi-Darugiri section to Two lane with,Road Transport & Highways,Meghalaya,705.83,0.0,49.82,0.0,0.0,0,FlashReport_August_2026.pdf
618374,Improvement/Widening to 2-L with Paved Shoulder/ 4-Laning of NH-40 section from,Road Transport & Highways,Meghalaya,284.21,170.81,43.86,0.0,0.0,1,FlashReport_August_2026.pdf
618375,Improvement/Widening to 2-Lane with Paved Shoulder from design Km 45.760 to Km,Road Transport & Highways,Meghalaya,445.51,42.39,53.85,0.0,0.0,0,FlashReport_August_2026.pdf
618376,Improvement/Widening to 2-Lane with Paved Shoulder between Shillong-Dawki road,Road Transport & Highways,Meghalaya,525.67,0.0,53.22,0.0,0.0,0,FlashReport_August_2026.pdf
618377,Improvement/Widening to 2-L with Paved Shoulder/4-L from Km 81740 to Km 93490,Road Transport & Highways,Meghalaya,351.12,243.5,100.0,0.0,0.0,0,FlashReport_August_2026.pdf
618418,Rehabilitation and up gradation of Nongstoin-Rambrai-Kyrshai road up to Meghalaya-,Road Transport & Highways,Meghalaya,359.86,310.09,83.15,0.0,0.0,0,FlashReport_August_2026.pdf
618419,Construction of 2-Lane with paved shoulders of Shillong Western Bypass starting from,Road Transport & Highways,Meghalaya,562.48,340.17,52.29,0.0,0.0,0,FlashReport_August_2026.pdf
618420,Construction of 2 lane with paved shoulder of Shillong Western Bypass starting from,Road Transport & Highways,Meghalaya,686.03,360.59,50.95,0.0,0.0,0,FlashReport_August_2026.pdf
618421,Construction of 2-Lane with paved shoulder of Shillong Western Bypass starting from,Road Transport & Highways,Meghalaya,620.3,332.96,75.41,0.0,0.0,0,FlashReport_August_2026.pdf
618316,4-Laning of Vairengte - Chhimluang section Package-3 of NH-306 from Existing,Road Transport & Highways,Mizoram,491.39,245.24,17.86,0.0,0.0,0,FlashReport_August_2026.pdf
618317,4-Laning of chhimluang-Kolasib from section pkg-4 of NH-306 & NH-6 existing,Road Transport & Highways,Mizoram,561.91,224.19,17.12,0.0,0.0,0,FlashReport_August_2026.pdf
618318,4-Laning of Kolasib - Sethawn section Package-5 of NH-6 from Existing Chainage km,Road Transport & Highways,Mizoram,720.4,260.12,11.86,0.0,0.0,0,FlashReport_August_2026.pdf
618319,4-Laning of Sethawn - N. Kawnpui section Package-6 of NH-6 from Existing Chainage,Road Transport & Highways,Mizoram,595.65,189.4,6.72,0.0,0.0,0,FlashReport_August_2026.pdf
618320,Construction of 4-Laning of N. Kawnpui N. Mualvum Mualkhang via Khamrang Village,Road Transport & Highways,Mizoram,866.32,198.28,18.9,0.0,0.0,0,FlashReport_August_2026.pdf
618321,Construction of 4-Laning of West Serawlg-Sairang section of NH-6 from Existing,Road Transport & Highways,Mizoram,875.79,288.71,13.95,0.0,0.0,0,FlashReport_August_2026.pdf
618323,Construction of Twin Tube Uni-directional Aizawl Bypass Tunnel of 2.5 km and its,Road Transport & Highways,Mizoram,0.0,0.11,0.0,0.0,0.0,0,FlashReport_August_2026.pdf
618324,Construction of 2-lane Aizawl Bypass from km 15.200 to km 34.500 Package-3 on,Road Transport & Highways,Mizoram,720.72,102.91,15.1,0.0,0.0,0,FlashReport_August_2026.pdf
618362,Construction of 2-laning with hard shoulder of Lunglei to Chhumkhum from Design,Road Transport & Highways,Mizoram,698.45,554.29,64.78,0.0,0.0,0,FlashReport_August_2026.pdf
618363,Construction of 2-laning with hard shoulder configuration of Chhumkhum to Tlabung,Road Transport & Highways,Mizoram,740.58,494.49,61.34,0.0,0.0,0,FlashReport_August_2026.pdf
618379,Widening and Up-gradation to 2- Lane with Paved Shoulder Configuration and,Road Transport & Highways,Mizoram,752.89,125.64,95.35,0.0,0.0,0,FlashReport_August_2026.pdf
618383,Widening and up-gradation to 2-lane with paved shoulder configuration and geometric,Road Transport & Highways,Mizoram,637.06,551.56,99.82,0.0,0.0,0,FlashReport_August_2026.pdf
618452,2-laning of Zorinpui - Longmasu section of NH-502A from km 0.000 to km 28.244 in,Road Transport & Highways,Mizoram,781.85,48.39,4.71,0.0,0.0,0,FlashReport_August_2026.pdf
619010,Up-gradation to 2 lane with paved shoutders of Pawlrang - Rulchawm section- of NH-,Road Transport & Highways,Mizoram,500.88,443.52,99.52,0.0,0.0,0,FlashReport_August_2026.pdf
619321,Balance work of widening to two laning/re-alignment and geometric improvement from,Road Transport & Highways,Mizoram,170.96,0.0,2.0,0.0,0.0,0,FlashReport_August_2026.pdf
619199,Bangalore Chennai Expressway Phase-II Pkg-I from km.71.000 to Km 96.000,Road Transport & Highways,"Multi-States (Andhra Pradesh, Karnataka)",0.0,747.22,99.2,0.0,0.0,0,FlashReport_August_2026.pdf
618681,6L Aluru - Jakkuva Section of NH-130CD Road from km 365.033 to km 396.800 Pkg.,Road Transport & Highways,"Multi-States (Andhra Pradesh, Odisha)",0.0,731.37,99.63,0.0,0.0,0,FlashReport_August_2026.pdf
618477,Bangalore Chennai Expressway Phase-III Package I Gudipala to Walajajhpet from,Road Transport & Highways,"Multi-States (Andhra Pradesh, Tamil Nadu)",0.0,751.77,99.02,0.0,0.0,0,FlashReport_August_2026.pdf
618634,6L of Veera Kaveri Raja Puram to Pondavakkam from km 61.380 to km 96.040 of NH,Road Transport & Highways,"Multi-States (Andhra Pradesh, Tamil Nadu)",0.0,809.3,98.89,0.0,0.0,0,FlashReport_August_2026.pdf
618769,Walajahpet/Ranipet to TN/AP Border Section of from Km.106.800 to Km.133.36 NH-4,Road Transport & Highways,"Multi-States (Andhra Pradesh, Tamil Nadu)",0.0,243.33,15.58,0.0,0.0,0,FlashReport_August_2026.pdf
618772,6L of Kumarajapet to Veera Kaveri Raja Puram from km 43.800 to km 61.380 of NH-,Road Transport & Highways,"Multi-States (Andhra Pradesh, Tamil Nadu)",702.52,405.96,99.8,0.0,0.0,0,FlashReport_August_2026.pdf
619077,6 laning of Balance Work of Chennai - Tada from km. 21.40 to km. 54.40,Road Transport & Highways,"Multi-States (Andhra Pradesh, Tamil Nadu)",464.62,389.97,100.0,0.0,0.0,0,FlashReport_August_2026.pdf
618747,Khammam-Devarapalle Pkg III [4L Access Controlled Greenfield from Chintagudem,Road Transport & Highways,"Multi-States (Andhra Pradesh, Telangana)",829.5,669.77,98.82,0.0,0.0,0,FlashReport_August_2026.pdf
618818,4L Access Controlled Greenfield Highway section on NH-163G Khammam Vijayawada,Road Transport & Highways,"Multi-States (Andhra Pradesh, Telangana)",0.0,229.02,5.8,0.0,0.0,0,FlashReport_August_2026.pdf
619143,4L Access Controlled Greenfield Highway section on NH-163G Khammam,Road Transport & Highways,"Multi-States (Andhra Pradesh, Telangana)",826.01,176.6,25.78,0.0,0.0,0,FlashReport_August_2026.pdf
619212,6L Access Controlled Greenfield Highway of Julekal village to Dinnedevarapadu,Road Transport & Highways,"Multi-States (Andhra Pradesh, Telangana)",0.0,539.2,70.6,0.0,0.0,0,FlashReport_August_2026.pdf
618359,Widening/Improvement to 4-Lane with Paved Shoulder from km 55000 Nagabang,Road Transport & Highways,"Multi-States (Arunachal Pradesh, Assam)",665.47,380.97,96.7,0.0,0.0,0,FlashReport_August_2026.pdf
618531,6L of Aurangabad to Bihar-Jharkhand border Chordaha section from km. 180.000 to,Road Transport & Highways,"Multi-States (Bihar, Jharkhand)",0.0,242.25,37.93,0.0,0.0,0,FlashReport_August_2026.pdf
618724,6L Greenfield Varanasi-Ranchi-Kolkata Highway from Anarbansalea village to,Road Transport & Highways,"Multi-States (Bihar, Jharkhand)",0.0,388.27,28.16,0.0,0.0,0,FlashReport_August_2026.pdf
618732,6L Greenfield Varanasi- Ranchi- Kolkata Highway from Sonepurbigha village to,Road Transport & Highways,"Multi-States (Bihar, Jharkhand)",0.0,204.73,4.5,0.0,0.0,0,FlashReport_August_2026.pdf
618951,Hariharganj to Parwa Mode section from km 23.284 to km 57.049 of NH-98,Road Transport & Highways,"Multi-States (Bihar, Jharkhand)",0.0,830.08,91.3,0.0,0.0,0,FlashReport_August_2026.pdf
618952,4L of Sahibganj - Manihari Ganga Bridge including Manihari Bypass,Road Transport & Highways,"Multi-States (Bihar, Jharkhand)",0.0,0.0,87.02,0.0,0.0,0,FlashReport_August_2026.pdf
619078,Six Laning of Bihar - Jharkhand Border Chordaha - Gorhar section of NH-2 from km,Road Transport & Highways,"Multi-States (Bihar, Jharkhand)",0.0,0.0,78.0,0.0,0.0,0,FlashReport_August_2026.pdf
619307,4L of Munger Mirzachauki section from Km 157350 to Km 193931 Pkg-4,Road Transport & Highways,"Multi-States (Bihar, Jharkhand)",0.0,896.75,92.74,0.0,0.0,0,FlashReport_August_2026.pdf
618530,Six Laning of Varanasi to Aurangabad from km. 786.00 to km. 978.40 of Old NH-2,Road Transport & Highways,"Multi-States (Bihar, Uttar Pradesh)",0.0,0.0,99.92,0.0,0.0,0,FlashReport_August_2026.pdf
618728,6L Greenfield Varanasi-Ranchi-Kolkata Highway from junction with NH-19 & Varanasi,Road Transport & Highways,"Multi-States (Bihar, Uttar Pradesh)",0.0,598.1,47.63,0.0,0.0,0,FlashReport_August_2026.pdf
618882,Construction of additional 3-Lane Bridge over River Ganga for connection between,Road Transport & Highways,"Multi-States (Bihar, Uttar Pradesh)",531.61,47.4,22.26,0.0,0.0,0,FlashReport_August_2026.pdf
619154,Construction of Four Lane Highway from Ghazipur- Ballia-UP/Bihar State Border,Road Transport & Highways,"Multi-States (Bihar, Uttar Pradesh)",0.0,0.0,86.11,0.0,0.0,0,FlashReport_August_2026.pdf
618584,4L of Kishanganj - Bahadurganj section from Km. 0.000 to Km. 23.649 & interchange,Road Transport & Highways,"Multi-States (Bihar, West Bengal)",962.84,221.43,20.14,0.0,0.0,0,FlashReport_August_2026.pdf
619064,Vadodara Mumbai Expressway Talsari to Karvad Phase IB - Pkg X [Km 103.400 to,Road Transport & Highways,"Multi-States (Dadra & Nagar Haveli and Daman & Diu, Gujarat, Maharashtra)",0.0,0.0,36.23,0.0,0.0,0,FlashReport_August_2026.pdf
618942,Balance work of 2L PS from Km 30.800 to Km 70.800 and 2L with Rigid Carriageway,Road Transport & Highways,"Multi-States (Goa, Karnataka)",226.76,110.31,85.8,0.0,0.0,0,FlashReport_August_2026.pdf
618637,Bal. Works of Fagne Km. 510.000 to Maharashtra/Gujarat Border Km. 650.794,Road Transport & Highways,"Multi-States (Gujarat, Maharashtra)",0.0,0.0,99.7,0.0,0.0,0,FlashReport_August_2026.pdf
618486,Delhi-Amritsar-Katra Expressway Phase-I Pkg-V from Junction with Ambala-Kaithal-,Road Transport & Highways,"Multi-States (Haryana, Punjab)",0.0,0.0,98.7,0.0,0.0,0,FlashReport_August_2026.pdf
619093,4L Ismailabad to Ambala Section of NH-152 Lot-4/Package-1,Road Transport & Highways,"Multi-States (Haryana, Punjab)",609.32,311.06,76.3,0.0,0.0,0,FlashReport_August_2026.pdf
619134,6L of Ambala-Chandigarh greenfield section from Km. 0.000 to Km. 25.000 with 4L,Road Transport & Highways,"Multi-States (Haryana, Punjab)",0.0,0.0,90.01,0.0,0.0,0,FlashReport_August_2026.pdf
619216,6L access Controlled Greenfield Highway from Adhoya Musalmana to Sadopur,Road Transport & Highways,"Multi-States (Haryana, Punjab)",0.0,825.1,81.33,0.0,0.0,0,FlashReport_August_2026.pdf
618505,Additional Structures on 6LGurgaon-Jaipur Section of NH-48 between KM 42.700 to,Road Transport & Highways,"Multi-States (Haryana, Rajasthan)",409.64,204.85,88.9,0.0,0.0,0,FlashReport_August_2026.pdf
618691,4 laning of Aligarh-Palwal Section from Km. 46.390 Design Chainage to Km. 69.110,Road Transport & Highways,"Multi-States (Haryana, Uttar Pradesh)",939.17,276.52,17.16,0.0,0.0,0,FlashReport_August_2026.pdf
618723,6L access Controlled Greenfield Highway from Ranipur Barsi to Adhoya Musalmana,Road Transport & Highways,"Multi-States (Haryana, Uttar Pradesh)",0.0,862.64,82.75,0.0,0.0,0,FlashReport_August_2026.pdf
619068,Construction of Greenfield Connectivity to Jewar International Airport from DND-,Road Transport & Highways,"Multi-States (Haryana, Uttar Pradesh)",0.0,0.0,76.3,0.0,0.0,0,FlashReport_August_2026.pdf
618907,2L/4L of Hoshiarpur to Una section including Hoshiarpur Bypass of NH 503A,Road Transport & Highways,"Multi-States (Himachal Pradesh, Punjab)",571.34,265.2,26.43,0.0,0.0,0,FlashReport_August_2026.pdf
619066,Delhi-Amritsar-Katra Expressway Phase-II Pkg-XIV from Junction with Pathankot-,Road Transport & Highways,"Multi-States (Jammu and Kashmir, Punjab)",0.0,0.0,87.3,0.0,0.0,0,FlashReport_August_2026.pdf
618533,Barwa Adda Km. 398.240 to Panagarh Km. 521.120,Road Transport & Highways,"Multi-States (Jharkhand, West Bengal)",0.0,0.0,100.0,0.0,0.0,0,FlashReport_August_2026.pdf
618734,6L Greenfield Varanasi- Ranchi- Kolkata Highway from junction with NH-320 in Lepo,Road Transport & Highways,"Multi-States (Jharkhand, West Bengal)",0.0,331.43,24.76,0.0,0.0,0,FlashReport_August_2026.pdf
618909,2L PS of JH / WB Border km. 70.524 - Purulia km.84.400 & Purulia km. 94.30 -,Road Transport & Highways,"Multi-States (Jharkhand, West Bengal)",0.0,0.0,97.75,0.0,0.0,0,FlashReport_August_2026.pdf
618948,4L of NH-80 section of Mirza Chauki to Farakka section from existing km 190.00 to,Road Transport & Highways,"Multi-States (Jharkhand, West Bengal)",782.18,225.87,7.98,0.0,0.0,0,FlashReport_August_2026.pdf
619205,Six Laning of KT/KL Border Thalapaddy -Chengala from Km. 17.200 to Km. 57.20,Road Transport & Highways,"Multi-States (Karnataka, Kerala)",0.0,0.0,100.0,0.0,0.0,0,FlashReport_August_2026.pdf
618516,6L from Sankeshwar Bypass to MH-KNT Border from Km. 555.017 to Km. 592.853 of,Road Transport & Highways,"Multi-States (Karnataka, Maharashtra)",0.0,0.0,85.3,0.0,0.0,0,FlashReport_August_2026.pdf
618636,Akkalkot MH/KN border New Greenfield corridor from Km 512.000 to Km 548.400 of,Road Transport & Highways,"Multi-States (Karnataka, Maharashtra)",0.0,336.55,57.54,0.0,0.0,0,FlashReport_August_2026.pdf
618519,Bangalore Ring Road STRR-NH-948A- Package-I of Phase-III from Belagondapalli TN,Road Transport & Highways,"Multi-States (Karnataka, Tamil Nadu)",0.0,777.13,92.95,0.0,0.0,0,FlashReport_August_2026.pdf
618581,Hosur to Dhamrapuri Pkg-1 [Neraluru - Thorapalli Agraharam],Road Transport & Highways,"Multi-States (Karnataka, Tamil Nadu)",0.0,0.0,78.7,0.0,0.0,0,FlashReport_August_2026.pdf
618631,6L of MH/KN Border Nimbal Village to KN/TS Border Singnodi Village from Km. 162.5,Road Transport & Highways,"Multi-States (Karnataka, Telangana)",0.0,840.34,99.51,0.0,0.0,0,FlashReport_August_2026.pdf
618632,6L Access Controlled Greenfield Highway of Nandinne village to Julekal village from,Road Transport & Highways,"Multi-States (Karnataka, Telangana)",972.06,459.47,93.79,0.0,0.0,0,FlashReport_August_2026.pdf
619097,Thalassery Mahe Bypass Km 170.600 to Km 189.200 of NH-17New NH-66 in Kerala,Road Transport & Highways,"Multi-States (Kerala, Puducherry)",0.0,0.0,100.0,0.0,0.0,0,FlashReport_August_2026.pdf
619101,4L Shahpur to Muktainagar from Km. 186.000 to km 216.278 of NH 753L Pkg II of,Road Transport & Highways,"Multi-States (Madhya Pradesh, Maharashtra)",784.35,368.01,64.0,0.0,0.0,0,FlashReport_August_2026.pdf
618556,Construction of 26 VUPs  Major Bridge  Service Road etc. on Lalitpur-Sagar-,Road Transport & Highways,"Multi-States (Madhya Pradesh, Uttar Pradesh)",665.91,574.39,97.4,0.0,0.0,0,FlashReport_August_2026.pdf
618668,4L of Chowka to Kaimaha near MP/UP Border section NH-34 from D. Ch. 145.000 to,Road Transport & Highways,"Multi-States (Madhya Pradesh, Uttar Pradesh)",996.5,328.65,49.18,0.0,0.0,0,FlashReport_August_2026.pdf
618941,4L of Bamni - Rajura - Warur - Devada upto M.S. Border of NH - 930D from km,Road Transport & Highways,"Multi-States (Maharashtra, Telangana)",968.05,852.15,78.16,0.0,0.0,0,FlashReport_August_2026.pdf
618844,Viluppuram Km.0.000 to Puducherry Km.29.000,Road Transport & Highways,"Multi-States (Puducherry, Tamil Nadu)",0.0,527.54,98.32,0.0,0.0,0,FlashReport_August_2026.pdf
618845,Puducherry Km.29.000 to Poondiyankuppam Km.67.000,Road Transport & Highways,"Multi-States (Puducherry, Tamil Nadu)",0.0,460.48,98.75,0.0,0.0,0,FlashReport_August_2026.pdf
618847,Sattanathapuram to Nagapattinam from Km 123.800 to Km 179.555,Road Transport & Highways,"Multi-States (Puducherry, Tamil Nadu)",0.0,0.0,85.6,0.0,0.0,0,FlashReport_August_2026.pdf
618711,6L with access control provision Saharanpur bypass to Ganeshpur section from 13.89,Road Transport & Highways,"Multi-States (Uttar Pradesh, Uttarakhand)",796.65,510.29,99.29,0.0,0.0,0,FlashReport_August_2026.pdf
618783,4-laning of Pilibhit - Sitarganj from Km. 32.500 to Km. 70.800 Pkg-2 of NH-30,Road Transport & Highways,"Multi-States (Uttar Pradesh, Uttarakhand)",0.0,480.64,44.41,0.0,0.0,0,FlashReport_August_2026.pdf
618886,Road Safety Improvement of Critical Junctions on MuzaffarnagarHaridwar Section of,Road Transport & Highways,"Multi-States (Uttar Pradesh, Uttarakhand)",238.66,47.37,22.64,0.0,0.0,0,FlashReport_August_2026.pdf
618928,Improvement & Up-gradation of NH-734 Section of Moradabad-Thakurdwara Kashipur,Road Transport & Highways,"Multi-States (Uttar Pradesh, Uttarakhand)",936.12,400.47,53.84,0.0,0.0,0,FlashReport_August_2026.pdf
618969,4/6L of Spur to Haridwar Greenfield from Km. 0.000 to Km. 50.70,Road Transport & Highways,"Multi-States (Uttar Pradesh, Uttarakhand)",0.0,0.0,92.98,0.0,0.0,0,FlashReport_August_2026.pdf
619217,4L of Haridwar-Nagina section from km. 0.00 to km. 71.614 of NH-74,Road Transport & Highways,"Multi-States (Uttar Pradesh, Uttarakhand)",0.0,0.0,99.85,0.0,0.0,0,FlashReport_August_2026.pdf
617886,Widening of existing Single lane / Intermediate lane road to 2 lane from Km 101 to Km,Road Transport & Highways,Nagaland,252.2,65.4,44.46,0.0,0.0,0,FlashReport_August_2026.pdf
618290,Construction of 2-lane with Paved shoulder of Kohima- Bypass Road Connecting NH-,Road Transport & Highways,Nagaland,202.36,102.45,46.77,0.0,0.0,0,FlashReport_August_2026.pdf
618291,Construction of 2-lane with Paved shoulder of Kohima-Bypass Road connecting NH-,Road Transport & Highways,Nagaland,159.85,128.51,39.62,0.0,0.0,1,FlashReport_August_2026.pdf
618292,Construction of 2-Lane with paved shoulder of Kohima-Bypass Road connecting New,Road Transport & Highways,Nagaland,277.44,201.99,71.29,0.0,0.0,0,FlashReport_August_2026.pdf
618293,Construction of 2-Lane with paved shoulder of Kohima-Bypass Road connecting NH-,Road Transport & Highways,Nagaland,232.29,120.94,27.39,0.0,0.0,0,FlashReport_August_2026.pdf
618296,Balance work of Construction of 2-lane with hard shoulder of Kohima - Jessami road,Road Transport & Highways,Nagaland,330.8,268.18,98.39,0.0,0.0,0,FlashReport_August_2026.pdf
618297,Construction of 2-lane with hard shoulder of Kohima - Jessami road on NH-29 Old NH-,Road Transport & Highways,Nagaland,355.79,0.0,43.13,0.0,0.0,0,FlashReport_August_2026.pdf
618328,4-Laning of Balance work of Dimapur-Kohima Road from design km 152.490 to km,Road Transport & Highways,Nagaland,562.98,551.33,84.32,0.0,0.0,0,FlashReport_August_2026.pdf
618364,Widening to 2 Lane with Hard shoulder of Akegwo-Avangkhu section of NH-202K for,Road Transport & Highways,Nagaland,430.24,0.0,87.0,0.0,0.0,0,FlashReport_August_2026.pdf
618365,Widening to 2 Lane with Hard shoulder of Akegwo-Avangkhu section of NH-202K for,Road Transport & Highways,Nagaland,497.18,0.0,85.67,0.0,0.0,0,FlashReport_August_2026.pdf
618366,Widening to 2 Lane with Hard shoulder of Akegwo-Avangkhu section of NH-202K for,Road Transport & Highways,Nagaland,442.54,0.0,58.5,0.0,0.0,0,FlashReport_August_2026.pdf
618413,Construction of 2 laning with Hard shoulder of Peren-Dimapur section on NH 129A,Road Transport & Highways,Nagaland,177.77,111.89,95.62,0.0,0.0,0,FlashReport_August_2026.pdf
618414,Construction of Balance work for 2-lane with hard shoulder of Peren- Dimapur section,Road Transport & Highways,Nagaland,258.52,136.09,96.53,0.0,0.0,0,FlashReport_August_2026.pdf
618422,Construction of 2-lane with hard shoulders of Merangkong-Tamlu-Mon road Wakching,Road Transport & Highways,Nagaland,161.73,101.28,99.75,0.0,0.0,0,FlashReport_August_2026.pdf
618423,Construction of 2-Lane with hard shoulders of Merangkong-Tamlu-Mon MTM Road,Road Transport & Highways,Nagaland,215.79,173.12,100.0,0.0,0.0,0,FlashReport_August_2026.pdf
619059,Construction of 2-Lane with hard shoulders of Merangkong-Tamlu-Mon Road on EPC,Road Transport & Highways,Nagaland,323.98,147.38,79.03,0.0,0.0,0,FlashReport_August_2026.pdf
617898,New construction of Major Bridge with Approaches from Km 0.000 to 1.200 Madhopur,Road Transport & Highways,Odisha,199.5,5.03,0.0,0.0,0.0,0,FlashReport_August_2026.pdf
617899,Widening and Strengthening to 4LPS/2LPS from km 0.000 to 35.800 Kuakhia -,Road Transport & Highways,Odisha,636.1,446.67,56.11,0.0,0.0,0,FlashReport_August_2026.pdf
617902,construction or By-pass road on NH-26 for Nabrangpur Town,Road Transport & Highways,Odisha,168.95,77.75,38.0,0.0,0.0,0,FlashReport_August_2026.pdf
617904,Construction of Bypass road to Balangir town from km 72/400 Desing km 0/0 to km,Road Transport & Highways,Odisha,238.78,121.31,55.0,0.0,0.0,0,FlashReport_August_2026.pdf
617905,Construction of 4 lane ROB with approaches in lieu of LC No. RV-172 at km 176.00 of,Road Transport & Highways,Odisha,324.09,161.75,78.0,0.0,0.0,0,FlashReport_August_2026.pdf
617918,Widening and Strengthening of existing S/L  I/L  & D/L to 2 Lane with PS from Km,Road Transport & Highways,Odisha,174.21,62.29,0.0,0.0,0.0,0,FlashReport_August_2026.pdf
617920,Widening and Strengthening to 2LPS including LA from km 318.970 to 353.450,Road Transport & Highways,Odisha,511.54,50.15,3.0,0.0,0.0,0,FlashReport_August_2026.pdf
617921,Widening and strengthening to 2LPS including LA of Kandarpur-Balikuda from km,Road Transport & Highways,Odisha,499.79,352.67,66.0,0.0,0.0,0,FlashReport_August_2026.pdf
617922,Construction of Jharsuguda Bypass including Land acqusition on NH-49 from km,Road Transport & Highways,Odisha,587.1,164.89,25.0,0.0,0.0,0,FlashReport_August_2026.pdf
617923,Construction of Daspalla Bypass from km 195.250 To 200.635 of NH-57 including,Road Transport & Highways,Odisha,155.97,54.64,25.0,0.0,0.0,0,FlashReport_August_2026.pdf
617925,Construction of Bypass to Khordha town from Km 294/000 to 300/300 on NH-57,Road Transport & Highways,Odisha,157.49,118.68,92.0,0.0,0.0,0,FlashReport_August_2026.pdf
617930,Construction of Bypass on NH-59 from Km 336/350 to 349/910 13.56 km near,Road Transport & Highways,Odisha,196.94,92.7,70.0,0.0,0.0,0,FlashReport_August_2026.pdf
618003,Construction of four lane ROB and its approaches in lieu of existing Level Crossing,Road Transport & Highways,Odisha,154.49,106.0,90.0,0.0,0.0,0,FlashReport_August_2026.pdf
618012,Widening & strengthenlng to 2LPS from km 0 000 to 40.000 Dhaugaon- Podamari,Road Transport & Highways,Odisha,186.52,84.85,60.0,0.0,0.0,0,FlashReport_August_2026.pdf
618079,Construction of Dharmagarh Bypass on NH-130C including land acquisition in the,Road Transport & Highways,Odisha,172.66,62.32,15.0,0.0,0.0,0,FlashReport_August_2026.pdf
618122,Widening to 2 lane with paved shoulded of Jareikela Jharkhand/Odisha Border -,Road Transport & Highways,Odisha,172.09,53.11,34.0,0.0,0.0,0,FlashReport_August_2026.pdf
618523,Bhadrak KM 136.500 to Baleshwar KM 199.141,Road Transport & Highways,Odisha,844.67,785.3,91.32,0.0,0.0,0,FlashReport_August_2026.pdf
618591,Construction of 6-lane flyover at Ainthapali junction and a 2-lane ROB LHS on NH-53,Road Transport & Highways,Odisha,374.17,112.53,54.2,0.0,0.0,0,FlashReport_August_2026.pdf
618592,Balance work of 8 nos. of Elephant Underpasses EUPs  1 no. of Vehicular Underpass,Road Transport & Highways,Odisha,320.64,55.3,25.04,0.0,0.0,0,FlashReport_August_2026.pdf
618593,Balance work of Rehabilitation and Upgradation to four laning of Baharagora,Road Transport & Highways,Odisha,263.32,14.33,9.95,0.0,0.0,0,FlashReport_August_2026.pdf
618677,6L Greenfield Kaliagura Baunsaguar Section of NH-130-CD Road from km 249000 to,Road Transport & Highways,Odisha,0.0,0.0,97.8,0.0,0.0,0,FlashReport_August_2026.pdf
618678,6L Greenfield Baunsaguar - Baraja Section of NH-130-CD Road from km 293000 to,Road Transport & Highways,Odisha,0.0,0.0,99.6,0.0,0.0,0,FlashReport_August_2026.pdf
618704,6L Flyover including RE Wall approaches with Flexible Pavement in the Elephant,Road Transport & Highways,Odisha,150.86,106.14,100.0,0.0,0.0,0,FlashReport_August_2026.pdf
618705,4L Godibandha to Ballhar Chhak  Ballhar Chhak to Banarpal & Banarpal to Start of,Road Transport & Highways,Odisha,973.12,299.01,5.4,0.0,0.0,0,FlashReport_August_2026.pdf
618820,Rehabilitation and Up gradation from 4 to 8 laning of Chandikhole Paradip Section of,Road Transport & Highways,Odisha,861.84,395.98,92.02,0.0,0.0,0,FlashReport_August_2026.pdf
618821,Rehabilitation and Up gradation from 4 to 8 laning of Chandikhole Paradip Section of,Road Transport & Highways,Odisha,920.47,435.46,98.22,0.0,0.0,0,FlashReport_August_2026.pdf
618822,Rehabilitation and Up gradation from 4 to 8 laning of Chandikhole Paradip Section of,Road Transport & Highways,Odisha,929.91,403.23,96.75,0.0,0.0,0,FlashReport_August_2026.pdf
618908,3L Major Bridge over River Brahmani at Km. 401.250 Duburi - Chandikhole Section of,Road Transport & Highways,Odisha,153.61,73.76,38.0,0.0,0.0,0,FlashReport_August_2026.pdf
619109,6L of Badakumari - Karki Section from Km 179.000 to km 226.500 of NH-130-CD,Road Transport & Highways,Odisha,0.0,713.51,99.7,0.0,0.0,0,FlashReport_August_2026.pdf
619118,Four Laning of Angul to Sambalpur from Km.112.000 to Km.265.000,Road Transport & Highways,Odisha,0.0,0.0,99.98,0.0,0.0,0,FlashReport_August_2026.pdf
619119,Cuttack-Angul Section of NH-42 New NH-55 from km 0.400 to km 60.200 Pkg-I in the,Road Transport & Highways,Odisha,999.32,0.0,99.0,0.0,0.0,0,FlashReport_August_2026.pdf
619158,4 Laning of Duburi Chandikhole from km 388.376 to km 428.074 Pkg-III,Road Transport & Highways,Odisha,789.0,725.21,86.0,0.0,0.0,0,FlashReport_August_2026.pdf
619181,Rehabilitation and Up gradation from 4 to 8 laning of Chandikhole Paradip Section of,Road Transport & Highways,Odisha,882.45,201.34,36.02,0.0,0.0,0,FlashReport_August_2026.pdf
619213,6L of Hatibena - Badakumari Section from Km 146.50 to km 179.00 of NH-130-CD,Road Transport & Highways,Odisha,791.17,734.23,99.99,0.0,0.0,0,FlashReport_August_2026.pdf
619215,Cuttack-Angul Section of NH-42 New NH-55 from Km.60.200 to Km. 112.000 Pkg-II in,Road Transport & Highways,Odisha,991.41,0.0,99.66,0.0,0.0,0,FlashReport_August_2026.pdf
618010,Development to 4-lane with paved shoulder for the road section Talwandi Sabo-,Road Transport & Highways,Punjab,546.67,382.82,72.0,0.0,0.0,0,FlashReport_August_2026.pdf
618024,Up-gradation to two lane with paved shoulder configuration of NH-354 Section Arifkes-,Road Transport & Highways,Punjab,263.19,193.83,89.0,0.0,0.0,0,FlashReport_August_2026.pdf
618489,Delhi-Amritsar-Katra Expressway Phase-I Pkg-IX from Junction with Ludhiana-Moga,Road Transport & Highways,Punjab,0.0,0.0,73.35,0.0,0.0,0,FlashReport_August_2026.pdf
618492,Delhi-Amritsar-Katra Expressway Phase-I Pkg-XII from Junction with Amritsar-Mehta-,Road Transport & Highways,Punjab,0.0,781.01,27.6,0.0,0.0,0,FlashReport_August_2026.pdf
618493,Delhi-Amritsar-Katra Expressway Phase-I Spur-I from Jn. with Kapurthala - Sultanpur,Road Transport & Highways,Punjab,0.0,635.8,34.79,0.0,0.0,0,FlashReport_August_2026.pdf
618551,Greenfield connectivity from Govindsar village on Delhi Amritsar Katra Expressway to,Road Transport & Highways,Punjab,666.81,231.08,29.01,0.0,0.0,0,FlashReport_August_2026.pdf
618552,Development of 6L Greenfield Jalandhar Bypass starting from Kahlwan NH-03 ending,Road Transport & Highways,Punjab,0.0,0.0,56.7,0.0,0.0,0,FlashReport_August_2026.pdf
618610,6L of Jodhpur Romana Bathinda - Mandi Dabwali Punjab Haryana Border section of,Road Transport & Highways,Punjab,789.26,719.19,99.0,0.0,0.0,0,FlashReport_August_2026.pdf
618617,6L Amritsar-Bathinda Greenfield section from village Tiba on NE-5A to Jn. with Moga,Road Transport & Highways,Punjab,0.0,0.0,72.41,0.0,0.0,0,FlashReport_August_2026.pdf
618618,6L Amritsar-Bathinda Greenfield section from Jn. with Bhagta Bhai Ka-Bhadaur Road,Road Transport & Highways,Punjab,0.0,0.0,74.0,0.0,0.0,0,FlashReport_August_2026.pdf
618647,6L Access Controlled Ludhiana-Bathinda Greenfield highway from Jn. with Amritsar-,Road Transport & Highways,Punjab,906.51,687.98,81.5,0.0,0.0,0,FlashReport_August_2026.pdf
618648,Development of 6-lane Greenfield Southern Ludhiana Bypass from intersection with,Road Transport & Highways,Punjab,0.0,178.12,5.79,0.0,0.0,0,FlashReport_August_2026.pdf
618764,Moga - Bagha Purana - Bajakhana from km. 0.00 to km. 43.32,Road Transport & Highways,Punjab,0.0,804.37,76.0,0.0,0.0,0,FlashReport_August_2026.pdf
618776,4L of Greenfield section from Sirhind to Mohali,Road Transport & Highways,Punjab,0.0,0.0,98.66,0.0,0.0,0,FlashReport_August_2026.pdf
618785,4/6L Greenfield LudhianaRupnagar highway from Jn. with NE-5 village near to,Road Transport & Highways,Punjab,0.0,0.0,80.71,0.0,0.0,0,FlashReport_August_2026.pdf
618786,4L of Phagwara - Hoshiarpur,Road Transport & Highways,Punjab,0.0,556.53,20.03,0.0,0.0,0,FlashReport_August_2026.pdf
618793,4L of Fazilka to Abohar section of NH-07 including construction of Greenfield Abohar,Road Transport & Highways,Punjab,0.0,914.43,67.0,0.0,0.0,0,FlashReport_August_2026.pdf
618794,Amritsarairport Junction - Ramdas from km. 100.835 to km. 139.813 Pkg - IV,Road Transport & Highways,Punjab,524.88,403.35,96.0,0.0,0.0,0,FlashReport_August_2026.pdf
618795,Amritsar Bypass Pkg III from km. 71.496 to km. 105.158,Road Transport & Highways,Punjab,0.0,0.0,82.88,0.0,0.0,0,FlashReport_August_2026.pdf
618809,4L of Beas-Mehta-Batala-Dera Baba Nanak from intersection with Jalandhar-Amritsar,Road Transport & Highways,Punjab,809.51,701.25,68.2,0.0,0.0,0,FlashReport_August_2026.pdf
618810,4L of existing Beas Baba Bakala - Dera Baba Nanak Section from start of Batala,Road Transport & Highways,Punjab,0.0,818.68,80.9,0.0,0.0,0,FlashReport_August_2026.pdf
618906,4L of Amritsar-Ghoman - Tanda - Una Section from Km 8.270 to Km 54.000 of NH-,Road Transport & Highways,Punjab,857.91,773.01,68.9,0.0,0.0,0,FlashReport_August_2026.pdf
619099,6L Amritsar-Bathinda Greenfield section from Jn. with Moga Jalandhar road NH-703,Road Transport & Highways,Punjab,0.0,0.0,66.64,0.0,0.0,0,FlashReport_August_2026.pdf
619105,6L Access Controlled Ludhiana-Bathinda Greenfield highway from Jn. with Moga-,Road Transport & Highways,Punjab,0.0,723.45,25.55,0.0,0.0,0,FlashReport_August_2026.pdf
619200,Delhi-Amritsar-Katra Expressway Phase-I Spur-III from Junction with Amritsar-,Road Transport & Highways,Punjab,0.0,0.0,34.37,0.0,0.0,0,FlashReport_August_2026.pdf
619318,4/6L Greenfield Ludhiana Rupnagar highway from Jn. with NE-5 village near to,Road Transport & Highways,Punjab,0.0,533.48,15.31,0.0,0.0,0,FlashReport_August_2026.pdf
617901,Widening of Pachpadra-Bagundi Section to 4 Lane from Km 73/60 to 95/70 of NH-25,Infrastructure,Rajasthan,194.88,55.29,98.58,0.0,0.0,0,FlashReport_August_2026.pdf
618011,Construction of 2 lane with paved shoulder for the work of Development of remaining,Road Transport & Highways,Rajasthan,411.44,297.73,93.22,0.0,0.0,0,FlashReport_August_2026.pdf
618069,Upgradation to Two-lane with paved shoulder of Hanumangarh to Kenchiyan section,Road Transport & Highways,Rajasthan,334.64,185.26,72.0,0.0,0.0,0,FlashReport_August_2026.pdf
618092,Up-gradation to 2 lane with paved shoulder from Neechli Oden Nathdwara at Design,Road Transport & Highways,Rajasthan,606.61,256.14,65.19,0.0,0.0,0,FlashReport_August_2026.pdf
618117,Upgradation to 2-Lane with Paved Shoulder from Design Km 36300 to Design,Road Transport & Highways,Rajasthan,154.89,28.47,23.0,0.0,0.0,0,FlashReport_August_2026.pdf
618200,Construction of 2 lane with Paved Shoulder for Northern Bypass Phase-II of Kota city,Road Transport & Highways,Rajasthan,317.74,154.91,52.57,0.0,0.0,0,FlashReport_August_2026.pdf
618235,Balance work of Rehabilitation and Up-gradation to 4-Lane configuration of Ras-,Road Transport & Highways,Rajasthan,278.1,104.4,58.1,0.0,0.0,0,FlashReport_August_2026.pdf
618457,Delhi-Vadodara Greenfield Alignment NH-148N Pkg-10 Ch. 292.950 to Ch. 319.400,Road Transport & Highways,Rajasthan,0.0,0.0,95.25,0.0,0.0,0,FlashReport_August_2026.pdf
618458,Delhi-Vadodara Greenfield Alignment NH-148N Pkg-15 Ch. 419.000 to Ch.427.300,Road Transport & Highways,Rajasthan,0.0,0.0,98.28,0.0,0.0,0,FlashReport_August_2026.pdf
618611,Sangariya near Chautala-Rasisar near Bikaner section of NH-754K Phase-I AJ/SR-,Road Transport & Highways,Rajasthan,520.63,450.73,100.0,0.0,0.0,0,FlashReport_August_2026.pdf
618612,Deogarh near Dhandhaniya-Rajasthan/Gujarat Border Phase-I AJ/DRGB-Package-6,Road Transport & Highways,Rajasthan,846.59,707.32,100.0,0.0,0.0,0,FlashReport_August_2026.pdf
618613,Deogarh near Dhandhaniya-Rajasthan/Gujarat Border Phase-I AJ/DRGB-Package-7,Road Transport & Highways,Rajasthan,662.08,561.8,99.2,0.0,0.0,0,FlashReport_August_2026.pdf
618757,6L access controlled Highway from Km 40080 to Km 86513 Mator to Barodameo,Road Transport & Highways,Rajasthan,0.0,723.71,37.27,0.0,0.0,0,FlashReport_August_2026.pdf
618758,6L accesscontrolled highway from km 0000 to km 40080 Paniyala to Mator Section of,Road Transport & Highways,Rajasthan,0.0,585.41,42.75,0.0,0.0,0,FlashReport_August_2026.pdf
618796,Tanot -Ramgarh-Bhadasar-Jaisalmer NH-68 and BhadasarMokal-Sarkaritala up to,Road Transport & Highways,Rajasthan,828.58,756.0,100.0,0.0,0.0,0,FlashReport_August_2026.pdf
618797,Widening Strengthening of 2-Lane with Paved Shoulder from MyajlarJaisalmer from,Road Transport & Highways,Rajasthan,0.0,94.08,21.22,0.0,0.0,0,FlashReport_August_2026.pdf
618838,4L of Karwar Km. 281.980 of NH-62 Nagaur road to Dangiyavas of Jodhpur Ring,Road Transport & Highways,Rajasthan,736.75,464.14,100.0,0.0,0.0,0,FlashReport_August_2026.pdf
618853,Construction of Four lane Elevated Structure at Raniwada Circle in Sanchore City on,Road Transport & Highways,Rajasthan,353.3,199.77,89.37,0.0,0.0,0,FlashReport_August_2026.pdf
619251,Construction of two lane with paved shoulder of Ghatol Bypass from km 133.250 to,Road Transport & Highways,Rajasthan,170.49,40.77,24.0,0.0,0.0,0,FlashReport_August_2026.pdf
619270,Upgradation of 6 laned Jaipur- Kishangarh section of NH-48 from km 274100 to,Road Transport & Highways,Rajasthan,910.91,0.0,0.0,0.0,0.0,0,FlashReport_August_2026.pdf
619271,Construction of Elevated Corridor at Kherwara Town on Udaipur Ratanpur Shamlaji,Road Transport & Highways,Rajasthan,363.89,0.38,0.0,0.0,0.0,0,FlashReport_August_2026.pdf
618071,Construction of two lane with paved shoulder Gangtok Bypass Road from Ranipool to,Road Transport & Highways,Sikkim,385.15,254.56,92.0,0.0,0.0,0,FlashReport_August_2026.pdf
618426,Construction/Up gradation of Existing road to 2 Lane with Paved Shoulder including,Road Transport & Highways,Sikkim,264.84,127.34,87.03,0.0,0.0,0,FlashReport_August_2026.pdf
618428,Realignment of NH-717A from Design Ch.0.00 Km 77.800 of NH-10 to Design Ch.2.00,Road Transport & Highways,Sikkim,264.84,70.71,100.0,0.0,0.0,0,FlashReport_August_2026.pdf
618446,Construction & Upgradation of existing road to 2-lane with paved shoulder from New,Road Transport & Highways,Sikkim,493.42,395.19,79.13,0.0,0.0,0,FlashReport_August_2026.pdf
618447,Construction of 2-Laning with Paved Shoulder of New Greenfield Alignment From,Road Transport & Highways,Sikkim,410.6,241.77,82.64,0.0,0.0,0,FlashReport_August_2026.pdf
618448,Construction of 2-Laning with Paved Shoulder of New Greenfield Alignment From,Road Transport & Highways,Sikkim,816.79,474.96,64.31,0.0,0.0,0,FlashReport_August_2026.pdf
618449,Construction & Upgradation of existing road to 2-lane with paved shoulder from,Road Transport & Highways,Sikkim,230.45,249.71,86.19,0.0,0.0,0,FlashReport_August_2026.pdf
618450,Rehabilitation & Upgradation of existing road to 2-lane with paved shoulder including,Road Transport & Highways,Sikkim,292.8,256.52,65.15,0.0,0.0,0,FlashReport_August_2026.pdf
617962,Construction of Bypass to Madurai Achambathu Viratipathu in between km 6/850,Road Transport & Highways,Tamil Nadu,238.97,217.37,94.0,0.0,0.0,0,FlashReport_August_2026.pdf
618478,Bangalore Chennai Expressway Phase-III Package II Walajahpet to Arakkonam from,Road Transport & Highways,Tamil Nadu,0.0,616.01,93.04,0.0,0.0,0,FlashReport_August_2026.pdf
618479,Bangalore Chennai Expressway Phase-III Package III Arakkonam to Kancheepuram,Road Transport & Highways,Tamil Nadu,0.0,360.95,53.56,0.0,0.0,0,FlashReport_August_2026.pdf
618480,Construction of Trumpet Interchange Connecting Bangalore Chennai Expressway,Road Transport & Highways,Tamil Nadu,162.55,59.96,38.52,0.0,0.0,0,FlashReport_August_2026.pdf
618481,4L Bangalore-Chennai Expressway from Km. 230.000 to Km. 261.705 of,Road Transport & Highways,Tamil Nadu,0.0,0.0,89.97,0.0,0.0,0,FlashReport_August_2026.pdf
618521,Karaipettai to Walajapet from Km 71.015 to 107.091,Road Transport & Highways,Tamil Nadu,766.51,613.76,93.55,0.0,0.0,0,FlashReport_August_2026.pdf
618522,Balance Works for six laning of Sriperumbudur to karaipettai section of NH-4 New NH-,Road Transport & Highways,Tamil Nadu,411.16,161.6,38.26,0.0,0.0,0,FlashReport_August_2026.pdf
618561,Improving the Alignment of Thoppur Ghat Section from Km 158.500 to Km 165.100 in,Road Transport & Highways,Tamil Nadu,904.99,230.58,47.84,0.0,0.0,0,FlashReport_August_2026.pdf
618563,4L of Madurai Ring Road Phase 1 [Vadipatti-Thamrapatti] from km 0.00 - km 29.960,Road Transport & Highways,Tamil Nadu,900.05,905.53,99.42,0.0,0.0,0,FlashReport_August_2026.pdf
618608,4L of left-over works including additional structures from Kerala/Tamil Nadu border to,Road Transport & Highways,Tamil Nadu,0.0,0.0,81.85,0.0,0.0,0,FlashReport_August_2026.pdf
618635,6L of Pondavakkam to Kannigaipair from km 96.040 to km 116.100 of NH 716B Pkg-,Road Transport & Highways,Tamil Nadu,0.0,409.63,44.53,0.0,0.0,0,FlashReport_August_2026.pdf
618744,4L of Thirumangalam to Vadugapatti section from km 0.000 to km 36.000 of NH-744,Road Transport & Highways,Tamil Nadu,0.0,685.87,95.95,0.0,0.0,0,FlashReport_August_2026.pdf
618756,Melur - Pilayarpatti - Karaikudi from km 99.920 of NH 38 to km 12.9 of NH 383 Ext.,Road Transport & Highways,Tamil Nadu,0.0,948.46,98.12,0.0,0.0,0,FlashReport_August_2026.pdf
618800,Construction of New Double Tier 4L Elevated Corridor from Chennai Port to,Road Transport & Highways,Tamil Nadu,0.0,271.12,18.13,0.0,0.0,0,FlashReport_August_2026.pdf
618801,Construction of New Double Tier 4-lane Elevated Corridor from Chennai Port to,Road Transport & Highways,Tamil Nadu,0.0,297.34,22.8,0.0,0.0,0,FlashReport_August_2026.pdf
618846,Poondiyankuppam Km.67.000 to Sattanathapuram Km.123.800,Road Transport & Highways,Tamil Nadu,0.0,0.0,99.8,0.0,0.0,0,FlashReport_August_2026.pdf
618894,4L of Madathukulam - Pollachi from km. 74.38 to km. 116.95 of old NH-209 New NH-,Road Transport & Highways,Tamil Nadu,0.0,0.0,97.65,0.0,0.0,0,FlashReport_August_2026.pdf
618895,Kamalapuram to Oddanchatram from km. 0.00 to km. 35.822,Road Transport & Highways,Tamil Nadu,0.0,649.84,93.6,0.0,0.0,0,FlashReport_August_2026.pdf
618898,Balance Works for Four laning of Vikravandi to Sethiyathope section from Km 0.0 to,Road Transport & Highways,Tamil Nadu,0.0,320.41,37.62,0.0,0.0,0,FlashReport_August_2026.pdf
618899,Kallagam km.38.700 to Meensurutti Km.98.433 of NH-227 in Tamil Nadu,Road Transport & Highways,Tamil Nadu,0.0,0.0,100.0,0.0,0.0,0,FlashReport_August_2026.pdf
619045,Construction of New Double Tier 4L Elevated Corridor from Chennai Port to,Road Transport & Highways,Tamil Nadu,0.0,96.86,8.58,0.0,0.0,0,FlashReport_August_2026.pdf
619074,6-laning of Krishnagiri Km.0.000 to Walajahpet Km.148.300 section on NH-46 under,Road Transport & Highways,Tamil Nadu,0.0,708.34,99.99,0.0,0.0,0,FlashReport_August_2026.pdf
619086,Chengapalli km 102.035 to Neelambur Km144.680 and Madukkarai Km 170.880 to,Road Transport & Highways,Tamil Nadu,0.0,7.46,100.0,0.0,0.0,0,FlashReport_August_2026.pdf
619094,Thorapalli - Agraharam - Jittandahalli Section from km 23.350 to km 60.100 [Hosur to,Road Transport & Highways,Tamil Nadu,0.0,823.86,77.57,0.0,0.0,0,FlashReport_August_2026.pdf
619129,Mahabalipuram - Pondicherry Pkg-I [Mamallapuram to Mugaiyur],Road Transport & Highways,Tamil Nadu,0.0,921.42,58.65,0.0,0.0,0,FlashReport_August_2026.pdf
619130,Mahabalipuram - Pondicherry Pkg-II [Mugaiyur to Marakkanam],Road Transport & Highways,Tamil Nadu,0.0,818.96,53.41,0.0,0.0,0,FlashReport_August_2026.pdf
619131,Four Laning of Chettikulam to Natham section of NH-785,Road Transport & Highways,Tamil Nadu,837.61,641.94,99.75,0.0,0.0,0,FlashReport_August_2026.pdf
619139,Construction of New Double Tier 4L Elevated Corridor from Chennai Port to,Road Transport & Highways,Tamil Nadu,0.0,209.5,17.24,0.0,0.0,0,FlashReport_August_2026.pdf
619156,4 Laning of Paramakudi to Ramanathapuram Section of NH-87 Old NH-49,Road Transport & Highways,Tamil Nadu,0.0,218.27,0.0,0.0,0.0,0,FlashReport_August_2026.pdf
619161,Access Controlled Highway of 4 Lane with Paved Shoulders from Tiruvallur Design,Road Transport & Highways,Tamil Nadu,0.0,182.19,46.31,0.0,0.0,0,FlashReport_August_2026.pdf
619222,Balance works of four lane from km 43.950 Thiruvallur Bypass to km 61.470,Road Transport & Highways,Tamil Nadu,467.99,596.15,97.92,0.0,0.0,0,FlashReport_August_2026.pdf
617913,6-laning of km 9.900 to km 19/948 Aramgarh to Shamshabad Section of Hyderabad-,Road Transport & Highways,Telangana,283.15,270.88,92.62,0.0,0.0,0,FlashReport_August_2026.pdf
617936,Widening to two/four lane with paved shoulder from Km.180.600 to Km.223.000 of,Road Transport & Highways,Telangana,253.99,0.0,100.0,0.0,0.0,0,FlashReport_August_2026.pdf
617939,6-Laning of Pune-Hyderabad Section of NH-65 from Km 493/0 to Km 524/0 from,Road Transport & Highways,Telangana,0.0,453.75,47.8,0.0,0.0,0,FlashReport_August_2026.pdf
617940,Rehabilitation and Upgradation of LB-Nagar to Malkapur section to 6-Lane main,Road Transport & Highways,Telangana,545.11,398.53,83.47,0.0,0.0,0,FlashReport_August_2026.pdf
617980,Construction of six lane elevated corridor from km 7.950 Uppal to km 14.200 of NH-,Road Transport & Highways,Telangana,626.76,290.8,55.25,0.0,0.0,0,FlashReport_August_2026.pdf
617983,Widening & Strengthening of Existing 2LPS to 4 lane PS from Km 150000 to Km,Road Transport & Highways,Telangana,317.19,252.45,91.0,0.0,0.0,0,FlashReport_August_2026.pdf
617994,Rehabilitation and upgradation of NH-167 from design km 113.900 to 154.479,Road Transport & Highways,Telangana,294.13,249.23,88.22,0.0,0.0,0,FlashReport_August_2026.pdf
618001,Construction of 4-lane flyover at Amberpet-X road  Hyderabad on NH-202 in the State,Road Transport & Highways,Telangana,216.53,214.53,92.1,0.0,0.0,0,FlashReport_August_2026.pdf
618025,Rehabiitation and upgradation from km 121/000 to 154/000 Nakrekal to Mallampally,Road Transport & Highways,Telangana,192.67,171.88,96.0,0.0,0.0,0,FlashReport_August_2026.pdf
618091,Widening to two lane with paved shoulders from Km 0/000 to Km 45/946 of Nizampet-,Road Transport & Highways,Telangana,512.98,173.34,47.57,0.0,0.0,0,FlashReport_August_2026.pdf
618104,Widening to two lane with paved shoulders from Km 0/000 to Km 79/300 of,Road Transport & Highways,Telangana,886.69,620.25,90.05,0.0,0.0,0,FlashReport_August_2026.pdf
618105,Widening and strengthening to 4 lane / 2-lane with paved shoulders of Mahabubnagar,Road Transport & Highways,Telangana,631.49,219.29,50.14,0.0,0.0,0,FlashReport_August_2026.pdf
618106,Widening and Strengthening to 2/4 lane with paved shoulders of Mahabubnagar,Road Transport & Highways,Telangana,703.68,499.88,90.69,0.0,0.0,0,FlashReport_August_2026.pdf
618130,Widening to 2 lane with paved shoulders from 0.00 to 32.970 ofAdilabadto Bela,Road Transport & Highways,Telangana,490.92,159.09,80.08,0.0,0.0,0,FlashReport_August_2026.pdf
618140,Widening to two/four lane with paved shoulders from Km.34.250 to Km.71.830 of NH-,Road Transport & Highways,Telangana,445.76,67.29,14.85,0.0,0.0,0,FlashReport_August_2026.pdf
618141,Widening and Improvement of existing carriage way to 2 lane with paved shoulders,Road Transport & Highways,Telangana,423.48,262.93,77.85,0.0,0.0,0,FlashReport_August_2026.pdf
618182,Widening to Two lane with paved shoulders from 106/830 to 158/496 of Yellareddy-,Road Transport & Highways,Telangana,499.88,248.31,69.2,0.0,0.0,0,FlashReport_August_2026.pdf
618183,Widening to 2 lane with paved shoulders from Km 62/920 to km 106/830 of Medak -,Road Transport & Highways,Telangana,399.01,170.44,70.6,0.0,0.0,0,FlashReport_August_2026.pdf
618186,Rehabilitation and Up-gradation of Valigonda to Thorrur Section to Two Lane with,Road Transport & Highways,Telangana,549.28,389.39,94.97,0.0,0.0,0,FlashReport_August_2026.pdf
618190,Widening to two lane with paved shoulders of 'Bodhan Basar Bhainsa ' section from,Road Transport & Highways,Telangana,644.45,459.72,98.6,0.0,0.0,0,FlashReport_August_2026.pdf
618196,Widening to 2 lane with Paved Shoulders of Siddipet-Elkathurthy section from Km,Road Transport & Highways,Telangana,578.85,0.0,85.0,0.0,0.0,0,FlashReport_August_2026.pdf
618197,Widening to 2 lane with Paved Shoulders of Medak - Siddipet section from Km 0/0 to,Road Transport & Highways,Telangana,882.18,428.7,74.06,0.0,0.0,0,FlashReport_August_2026.pdf
618746,Khammam-Devarapalle Pkg I [4L Access Controlled Greenfield from Thallampadu,Road Transport & Highways,Telangana,797.36,684.72,97.26,0.0,0.0,0,FlashReport_August_2026.pdf
618765,4L of Karimnagar-Warangal section from km 49.500 to km 117.820 of NH-563,Road Transport & Highways,Telangana,0.0,0.0,92.4,0.0,0.0,0,FlashReport_August_2026.pdf
618811,4L Access Controlled Greenfield Highway Section Mancherial Warangal from,Road Transport & Highways,Telangana,0.0,209.85,5.63,0.0,0.0,0,FlashReport_August_2026.pdf
618812,4L Access Controlled Greenfield Section Mancherial Warangal from Puttapaka village,Road Transport & Highways,Telangana,0.0,211.69,9.04,0.0,0.0,0,FlashReport_August_2026.pdf
618813,4L Access Controlled Greenfield Section Mancherial Warangal from Narva village at,Road Transport & Highways,Telangana,0.0,162.07,11.28,0.0,0.0,0,FlashReport_August_2026.pdf
618814,4L Access Controlled Greenfield Highway section on NH163G Warangal-Khammam,Road Transport & Highways,Telangana,0.0,162.11,0.0,0.0,0.0,0,FlashReport_August_2026.pdf
618815,4L Access Controlled Greenfield Highway section on NH-163G Warangal-Khammam,Road Transport & Highways,Telangana,0.0,430.46,77.65,0.0,0.0,0,FlashReport_August_2026.pdf
618816,4L Access Controlled Greenfield Highway section on NH-163G Warangal-Khammam,Road Transport & Highways,Telangana,0.0,204.68,10.11,0.0,0.0,0,FlashReport_August_2026.pdf
618817,4L Access Controlled Greenfield Highway section on NH-163G Khammam Vijayawada,Road Transport & Highways,Telangana,973.45,271.81,45.89,0.0,0.0,0,FlashReport_August_2026.pdf
618944,Hyderabad - Maneguda,Road Transport & Highways,Telangana,958.86,433.39,24.2,0.0,0.0,0,FlashReport_August_2026.pdf
618945,4L of Kodad Design Km 0.00/Existing Km 185.00 of NH-65 to Khammam Design Km,Road Transport & Highways,Telangana,0.0,937.96,99.98,0.0,0.0,0,FlashReport_August_2026.pdf
619009,Upgradation to Two Lane with Paved Shoulders from Km 0.000 to Km 41.920 Green,Road Transport & Highways,Telangana,690.33,102.92,4.87,0.0,0.0,0,FlashReport_August_2026.pdf
619128,Khammam-Devarapalle Pkg II [4L Access Controlled Greenfield from Somavaram,Road Transport & Highways,Telangana,615.78,524.11,98.02,0.0,0.0,0,FlashReport_August_2026.pdf
619193,Rehabilitation and upgradation of NH-221 from km 121/0 to 165/0 Rudrampur to,Road Transport & Highways,Telangana,295.47,209.88,82.76,0.0,0.0,0,FlashReport_August_2026.pdf
619253,Construction of 4 lane Bypass to Nalgonda Town lrorn Km 000 Existing Ch. 181590 to,Road Transport & Highways,Telangana,516.17,262.22,62.07,0.0,0.0,0,FlashReport_August_2026.pdf
619265,Rehabilitation & Upgradation of Thorrur to Nehru Nagar section to Two Lane with,Road Transport & Highways,Telangana,675.45,24.95,2.5,0.0,0.0,0,FlashReport_August_2026.pdf
618307,Rehabilitation and up-gradation of road from km 16.077 to km 43.935 total length,Road Transport & Highways,Tripura,456.88,205.69,54.56,0.0,0.0,0,FlashReport_August_2026.pdf
618350,Improvement & widening of existing NH-08 to 4-lane with Paved Shoulder from,Road Transport & Highways,Tripura,920.66,404.82,48.3,0.0,0.0,0,FlashReport_August_2026.pdf
618367,Improvement and Widening to 2-lane with paved shoulder of road from design Km,Road Transport & Highways,Tripura,726.9,100.84,9.5,0.0,0.0,0,FlashReport_August_2026.pdf
618368,Improvement and Widening to 2-lane with paved shoulder of road from design Km,Road Transport & Highways,Tripura,670.9,183.24,14.9,0.0,0.0,0,FlashReport_August_2026.pdf
618369,Improvement and Widening to 2-lane with paved shoulder of road from existing Km,Road Transport & Highways,Tripura,657.21,306.14,61.4,0.0,0.0,0,FlashReport_August_2026.pdf
618370,Improvement and Widening to 2-lane with paved shoulder of road from Km 101.300 to,Road Transport & Highways,Tripura,431.78,265.36,63.15,0.0,0.0,0,FlashReport_August_2026.pdf
618385,Rehabilitation and up-gradation of road from design km 25.250 to km 36.460 Total,Road Transport & Highways,Tripura,174.43,67.1,53.14,0.0,0.0,0,FlashReport_August_2026.pdf
618411,Melaghar-Srimantapur section on NH-08 Spur from Km 23 to Km 34.500 11.5 Km and,Road Transport & Highways,Tripura,195.95,95.54,72.48,0.0,0.0,0,FlashReport_August_2026.pdf
618417,Construction of 4-Lane with paved shoulder Agartala bypass Western side  length,Road Transport & Highways,Tripura,0.0,462.34,9.2,0.0,0.0,0,FlashReport_August_2026.pdf
617963,Rehabilitation and upgradation to four lane road from km 70.500 to km 78.600 of NH-,Road Transport & Highways,Uttar Pradesh,296.02,128.07,40.0,0.0,0.0,0,FlashReport_August_2026.pdf
617964,Widening to Four Lane rigid pavement configuration from Km 90.00 to Km 100.800 on,Road Transport & Highways,Uttar Pradesh,309.63,63.04,32.21,0.0,0.0,0,FlashReport_August_2026.pdf
618009,Balance work of Construction of Ring Road for Raebareli City on eastern side of NH-,Road Transport & Highways,Uttar Pradesh,319.96,293.18,95.0,0.0,0.0,0,FlashReport_August_2026.pdf
618054,Construction of Balrampur bypass with 2L flexible pavement configuration from,Road Transport & Highways,Uttar Pradesh,515.69,365.38,56.0,0.0,0.0,0,FlashReport_August_2026.pdf
618055,Construction of Pratapgarh Bypass Extension connecting NH-31 to NH-330 on EPC,Road Transport & Highways,Uttar Pradesh,225.17,134.1,78.0,0.0,0.0,0,FlashReport_August_2026.pdf
618056,Improvement and Up-gradation to two Lane with Paved Shoulder Configuration from,Road Transport & Highways,Uttar Pradesh,509.65,268.33,62.0,0.0,0.0,0,FlashReport_August_2026.pdf
618057,Construction of Shohratgarh Bypass on NH-730 under EPC mode in the State of Uttar,Road Transport & Highways,Uttar Pradesh,189.31,85.77,54.0,0.0,0.0,0,FlashReport_August_2026.pdf
618063,Widening & Strenghteningof section from Bharthana chowk to Kodarkoot km.0.00 to,Road Transport & Highways,Uttar Pradesh,262.37,115.38,94.0,0.0,0.0,0,FlashReport_August_2026.pdf
618066,Construction of Amethi bypass Part-II at km.30.050 of NH-931 under EPC mode in the,Road Transport & Highways,Uttar Pradesh,283.86,105.94,52.0,0.0,0.0,0,FlashReport_August_2026.pdf
618067,Rehabilitation & Up-gradation from design Km. 0.000 to Km. 69.280 of NH-931,Road Transport & Highways,Uttar Pradesh,0.0,141.2,10.9,0.0,0.0,0,FlashReport_August_2026.pdf
618075,Construction of two lane with paved shoulder from existing Km.0.000 to Km.55.610,Road Transport & Highways,Uttar Pradesh,840.93,210.11,77.0,0.0,0.0,0,FlashReport_August_2026.pdf
618081,Construction of Mariahu Bypass with four lane paved shoulder configuration Km.,Road Transport & Highways,Uttar Pradesh,438.24,255.05,55.0,0.0,0.0,0,FlashReport_August_2026.pdf
618082,Widening & Upgradation to four lane configuration from Km.34.900 Bhadohi to,Road Transport & Highways,Uttar Pradesh,395.62,358.27,95.0,0.0,0.0,0,FlashReport_August_2026.pdf
618111,Improvement and upgradation to two lane with paved shoulder configuration from,Road Transport & Highways,Uttar Pradesh,403.36,204.35,96.0,0.0,0.0,0,FlashReport_August_2026.pdf
618112,Improvement and up-gradation of NH-227B 84 Kosi Parikrama Marg Package I  from,Road Transport & Highways,Uttar Pradesh,912.5,421.43,8.0,0.0,0.0,0,FlashReport_August_2026.pdf
618113,Improvement and up-gradation of NH-227B 84 Kosi Parikrama Marg Package III  from,Road Transport & Highways,Uttar Pradesh,587.97,285.2,52.45,0.0,0.0,0,FlashReport_August_2026.pdf
618114,Improvement and up-gradation of NH-227B 84 Kosi Parikrama Marg PackageV  from,Road Transport & Highways,Uttar Pradesh,0.0,105.72,8.0,0.0,0.0,0,FlashReport_August_2026.pdf
618116,lmprovement and Up-gradation from Km. 73.300 Bikapur to Km.140.960 Patranga of,Road Transport & Highways,Uttar Pradesh,0.0,707.07,40.5,0.0,0.0,0,FlashReport_August_2026.pdf
618124,Rehabilitation and upgradation from km 51.600 to km 75.700 of NH-321G Nuhkhas to,Road Transport & Highways,Uttar Pradesh,343.54,88.97,73.0,0.0,0.0,0,FlashReport_August_2026.pdf
618162,Improvement and up-gradation to 2LPS of NH-227B 84-Kosi Parikrama Marg,Road Transport & Highways,Uttar Pradesh,0.0,506.45,22.0,0.0,0.0,0,FlashReport_August_2026.pdf
618163,Rehabilitation and Up-gradation from km. 0000 to km.40390 of NH-730S,Road Transport & Highways,Uttar Pradesh,809.25,352.88,61.0,0.0,0.0,0,FlashReport_August_2026.pdf
618164,Construction of four lane highway with paved shoulder from Km.74.700 to Km.112.950,Road Transport & Highways,Uttar Pradesh,0.0,627.83,100.0,0.0,0.0,0,FlashReport_August_2026.pdf
618166,Construction of 4-lane green field highway from Km. 35.000 to Km. 49.155 of NH-,Road Transport & Highways,Uttar Pradesh,697.66,340.43,100.0,0.0,0.0,0,FlashReport_August_2026.pdf
618168,Widening to four lane with paved shoulder from Design Km.49.200 to Km.89.285 of,Road Transport & Highways,Uttar Pradesh,917.91,685.18,56.0,0.0,0.0,0,FlashReport_August_2026.pdf
618169,Construction of Two Lane with paved shoulder highway from Design Ch.0.000 to,Road Transport & Highways,Uttar Pradesh,640.18,580.93,99.0,0.0,0.0,0,FlashReport_August_2026.pdf
618187,Rehabilitation and upgradation of Salon - Jais - Jagdishpur Road section of NH-931A ,Road Transport & Highways,Uttar Pradesh,947.15,179.04,11.56,0.0,0.0,0,FlashReport_August_2026.pdf
618233,Construction of 6-lane bridge on Ganga on NH-96 and its approaches in Phaphamau,Road Transport & Highways,Uttar Pradesh,0.0,0.0,92.0,0.0,0.0,0,FlashReport_August_2026.pdf
618243,Construction of Basti Ring Road Phase-I with 4L configuration for Basti City in the,Road Transport & Highways,Uttar Pradesh,0.0,404.59,39.0,0.0,0.0,0,FlashReport_August_2026.pdf
618244,Construction of Raebareli Ring Road Phase-2 with four Lane configuration for,Road Transport & Highways,Uttar Pradesh,0.0,524.96,56.0,0.0,0.0,0,FlashReport_August_2026.pdf
618247,Construction of 4 lane Mirzapur bypass including bridge over river Ganga from km,Road Transport & Highways,Uttar Pradesh,0.0,341.16,8.0,0.0,0.0,0,FlashReport_August_2026.pdf
618248,Widening to 4 lane from km. 139.00 to km 179.20 of NH-135A Pkg-III Jaunpur,Road Transport & Highways,Uttar Pradesh,0.0,340.43,24.0,0.0,0.0,0,FlashReport_August_2026.pdf
618249,Widening to 4 lane from km. 108.50 to km 139.00 of NH-135A Pkg-II Jaunpur,Road Transport & Highways,Uttar Pradesh,0.0,398.15,45.0,0.0,0.0,0,FlashReport_August_2026.pdf
618252,Improvement and Up-gradation to two Lane with Paved Shoulder/Four Lane,Road Transport & Highways,Uttar Pradesh,974.19,765.31,59.0,0.0,0.0,0,FlashReport_August_2026.pdf
618260,Construction of Salempur bypass to 4LPS from km 64.000 of NH-727A Km 171.00 of,Road Transport & Highways,Uttar Pradesh,0.0,318.71,38.0,0.0,0.0,0,FlashReport_August_2026.pdf
618262,Construction of Deoria Bypass from existing Km. 27.140 to existing Km. 46.780,Road Transport & Highways,Uttar Pradesh,0.0,482.81,10.0,0.0,0.0,0,FlashReport_August_2026.pdf
618263,Rehabilitation and Up-gradation to 2LPS from Km. 0.000 to Km. 7.800 and Km.,Road Transport & Highways,Uttar Pradesh,701.02,436.04,81.18,0.0,0.0,0,FlashReport_August_2026.pdf
618264,Widening and Strengthening to two Lane with Paved Shoulder/Four Lane with paved,Road Transport & Highways,Uttar Pradesh,0.0,599.82,43.0,0.0,0.0,0,FlashReport_August_2026.pdf
618265,Rehabilitation and upgradation to 2-lane with paved sholuders configuration of,Road Transport & Highways,Uttar Pradesh,172.5,144.33,92.0,0.0,0.0,0,FlashReport_August_2026.pdf
618266,Rehabilitation and upgradation to 2-lane with paved sholuders configuration of Bewar-,Road Transport & Highways,Uttar Pradesh,325.24,306.61,99.0,0.0,0.0,0,FlashReport_August_2026.pdf
618267,Widening/Upgradation to four lane configuration of Shahjahanpur-Bisalpur section,Road Transport & Highways,Uttar Pradesh,0.0,194.98,1.0,0.0,0.0,0,FlashReport_August_2026.pdf
618499,6L Elevated Kanpur - Lucknow Exeressway Pkg-1 from Km. 10980 to Km. 28500,Road Transport & Highways,Uttar Pradesh,0.0,775.81,100.0,0.0,0.0,0,FlashReport_August_2026.pdf
618500,Construction of 4L Connector from Delhi Meerut Expressway Km 50.000 of Pkg IV to,Road Transport & Highways,Uttar Pradesh,0.0,463.14,78.0,0.0,0.0,0,FlashReport_August_2026.pdf
618529,Varanasi Ring Road Pkg-II connecting Sandaha Village km 11.70 / NH-29 with,Road Transport & Highways,Uttar Pradesh,0.0,0.0,96.86,0.0,0.0,0,FlashReport_August_2026.pdf
618536,Construction of Ring Road around Kanpur from Ch.68.650 to Ch.93.209 Jarkala to,Road Transport & Highways,Uttar Pradesh,0.0,287.37,39.2,0.0,0.0,0,FlashReport_August_2026.pdf
618537,Construction of Ring Road around Kanpur from Km.000 to Km. 23.325 Chachendi,Road Transport & Highways,Uttar Pradesh,0.0,479.58,62.15,0.0,0.0,0,FlashReport_August_2026.pdf
618538,Construction of Ring Road around kanpur from Ch.51.200 to Ch. 68.650 Badarka to,Road Transport & Highways,Uttar Pradesh,0.0,297.75,34.8,0.0,0.0,0,FlashReport_August_2026.pdf
618539,Construction of Ring Road Kanpur from Ch. 32.090 to Ch.51.200 Transganaga to,Road Transport & Highways,Uttar Pradesh,0.0,68.11,20.4,0.0,0.0,0,FlashReport_August_2026.pdf
618540,Construction of Ring Road around Kanpur from Ch.23.325 to Ch.32.090 Chaudhariya,Road Transport & Highways,Uttar Pradesh,0.0,260.33,49.85,0.0,0.0,0,FlashReport_August_2026.pdf
618554,Construction of left out portion of Agra Inner Ring Road connecting village Deori to,Road Transport & Highways,Uttar Pradesh,879.26,629.11,94.0,0.0,0.0,0,FlashReport_August_2026.pdf
618566,4L Green Field Northern East side Gorakhpur Bypass 26.616 Kms starting from NH-,Road Transport & Highways,Uttar Pradesh,0.0,0.0,73.78,0.0,0.0,0,FlashReport_August_2026.pdf
618567,4/6L of Northern Ayodhya Bypass starting Km. 112.540 and ending Km. 139.928 north,Road Transport & Highways,Uttar Pradesh,0.0,286.37,33.53,0.0,0.0,0,FlashReport_August_2026.pdf
618568,4/6L Southern Ayodhya Bypass from Km 5.000 to Km 37.172 starting near Km.,Road Transport & Highways,Uttar Pradesh,0.0,326.56,39.5,0.0,0.0,0,FlashReport_August_2026.pdf
618669,4 -Laning of MP/UP Border to Kabarai section of NH-34&35 from km 197.000 to km,Road Transport & Highways,Uttar Pradesh,0.0,574.14,61.77,0.0,0.0,0,FlashReport_August_2026.pdf
618690,4 lanning of Aligarh Palwal section from km 0.00 to km 46.39 package -1 from,Road Transport & Highways,Uttar Pradesh,0.0,592.48,21.25,0.0,0.0,0,FlashReport_August_2026.pdf
618710,DL/UP Border - EPE Crossing Pkg-02,Road Transport & Highways,Uttar Pradesh,0.0,0.0,100.0,0.0,0.0,0,FlashReport_August_2026.pdf
618722,6L access Controlled Greenfield Highway from Gogwan Jalalpur Shamli to Ranipur,Road Transport & Highways,Uttar Pradesh,0.0,771.67,68.2,0.0,0.0,0,FlashReport_August_2026.pdf
618761,4L Spur of Meerut-Garh-Mukteshwar section connecting NH-119 and NH-58,Road Transport & Highways,Uttar Pradesh,991.89,884.85,96.98,0.0,0.0,0,FlashReport_August_2026.pdf
618768,Four laning of Agra-Aligarh Section from Km. 0.000 Junction of NH-34 Aligarh Km,Road Transport & Highways,Uttar Pradesh,0.0,313.15,3.96,0.0,0.0,0,FlashReport_August_2026.pdf
618782,4L of Bareilly-Pilibhit-Sitarganj from Km. 0.000 to Km. 32.500 of NH-30 Pkg-1,Road Transport & Highways,Uttar Pradesh,0.0,626.04,64.12,0.0,0.0,0,FlashReport_August_2026.pdf
618798,4L of Sonauli - Gorakhpur,Road Transport & Highways,Uttar Pradesh,0.0,0.0,89.0,0.0,0.0,0,FlashReport_August_2026.pdf
618842,2L PS Greenfield bypass lalganj ajhara  mohanganj and Raniganj on Raebareli -,Road Transport & Highways,Uttar Pradesh,0.0,205.64,0.0,0.0,0.0,0,FlashReport_August_2026.pdf
618843,Construction of two lane with paved shoulders bypass to Mungrabadshapur town,Road Transport & Highways,Uttar Pradesh,197.6,59.06,22.79,0.0,0.0,0,FlashReport_August_2026.pdf
618848,Construction of Underpass beneath airport runway on NH-31 old NH-56 for proposed,Road Transport & Highways,Uttar Pradesh,649.44,0.09,29.86,0.0,0.0,0,FlashReport_August_2026.pdf
618856,Improvement and Up-Gradation of Existing Road to 4L PS from Km 123.650 to,Road Transport & Highways,Uttar Pradesh,0.0,540.05,71.33,0.0,0.0,0,FlashReport_August_2026.pdf
618858,Improvement and Up-Gradation of Existing Road to 4L PS from Km 88.750 to,Road Transport & Highways,Uttar Pradesh,955.34,371.22,70.56,0.0,0.0,0,FlashReport_August_2026.pdf
618859,Improvement and Up-Gradation of Existing Road to 4L PS from Km 229.070 to,Road Transport & Highways,Uttar Pradesh,575.66,390.55,99.33,0.0,0.0,0,FlashReport_August_2026.pdf
618866,Four Lane Highway from Chandan Nagar Existing Km. 59.025 of NH 530B/Design,Road Transport & Highways,Uttar Pradesh,0.0,491.0,34.5,0.0,0.0,0,FlashReport_August_2026.pdf
618867,4L Kasganj-Badaun Section from Km. 123.100 to Km. 179.500 Pkg-III of NH530B,Road Transport & Highways,Uttar Pradesh,0.0,593.25,40.0,0.0,0.0,0,FlashReport_August_2026.pdf
618868,4L from Devinagar Bypass End Existing Km. 208.000 of NH 530B/Design Km. 66.000,Road Transport & Highways,Uttar Pradesh,0.0,0.0,77.0,0.0,0.0,0,FlashReport_August_2026.pdf
618869,Construction of 4/6 lane Highway of Southern Bareilly Bypass  starting at Ch. 237000,Road Transport & Highways,Uttar Pradesh,0.0,622.57,16.4,0.0,0.0,0,FlashReport_August_2026.pdf
618884,Construction of Four Lane Highway from Ghazipur- Ballia-UP/Bihar State Border,Road Transport & Highways,Uttar Pradesh,0.0,790.31,98.4,0.0,0.0,0,FlashReport_August_2026.pdf
618885,Construction of Four Lane Highway from Ghazipur- Ballia-UP/Bihar State Border,Road Transport & Highways,Uttar Pradesh,617.88,286.85,90.57,0.0,0.0,0,FlashReport_August_2026.pdf
618911,4L Greenfield Western Side spur of Rampur-Rudrapur Section from Km 0.000 to Km,Road Transport & Highways,Uttar Pradesh,646.27,369.7,63.79,0.0,0.0,0,FlashReport_August_2026.pdf
618923,4L Behsuma at Km 39.250 Ex. Km 39240 To Bijnor at Km 78.810 Ex. Km 86590,Road Transport & Highways,Uttar Pradesh,0.0,0.0,70.12,0.0,0.0,0,FlashReport_August_2026.pdf
618924,2L PS of Najibabad Kotdwar section from 112.575 to Km. 138.635 of NH 119,Road Transport & Highways,Uttar Pradesh,188.87,60.9,55.9,0.0,0.0,0,FlashReport_August_2026.pdf
618925,Bijnor-Kotawali,Road Transport & Highways,Uttar Pradesh,300.58,302.11,99.02,0.0,0.0,0,FlashReport_August_2026.pdf
618927,4L of Moradabad-Thakurdwara-Kashipur Section from Km. 0.000 to Km. 38.77 of NH-,Road Transport & Highways,Uttar Pradesh,0.0,0.0,54.55,0.0,0.0,0,FlashReport_August_2026.pdf
618929,4L of Moradabad western side spur connecting NH-734 & NH-24 from Km. 0.000 to,Road Transport & Highways,Uttar Pradesh,0.0,0.0,83.06,0.0,0.0,0,FlashReport_August_2026.pdf
618960,4 Lane Inner Ring Road around Allahabad City Pkg-2 Prayagraj Southern Bypass,Road Transport & Highways,Uttar Pradesh,0.0,485.92,46.74,0.0,0.0,0,FlashReport_August_2026.pdf
618961,4 Lane Inner Ring Road around Allahabad City Pkg-1 Prayagraj Southern Bypass,Road Transport & Highways,Uttar Pradesh,775.94,87.58,24.55,0.0,0.0,0,FlashReport_August_2026.pdf
618968,6L access control Greenfield highway of Vill-Khyawari to Vill-Latifpur at Saharanpur,Road Transport & Highways,Uttar Pradesh,0.0,0.0,99.24,0.0,0.0,0,FlashReport_August_2026.pdf
618970,6L access control Greenfield highway of Vill-Lohadda to Vill-Karaunda Mahajan from,Road Transport & Highways,Uttar Pradesh,0.0,0.0,98.06,0.0,0.0,0,FlashReport_August_2026.pdf
619168,6L access controlled Greenfield highway of Junction of EPE Vill.-Mavikalan to Vill.-,Road Transport & Highways,Uttar Pradesh,0.0,0.0,99.29,0.0,0.0,0,FlashReport_August_2026.pdf
619194,Construction of Four Lane Gola Flyover at Km 99.850 of NH 730 Major Junction with,Road Transport & Highways,Uttar Pradesh,168.05,6.35,16.0,0.0,0.0,0,FlashReport_August_2026.pdf
619308,6L access-controlled highway from Ganeshpur tonear Mohand of Ganeshpur,Road Transport & Highways,Uttar Pradesh,836.24,813.14,98.92,0.0,0.0,0,FlashReport_August_2026.pdf
617888,Landslide treatment work on NH 58 from Kodiyala Km. 266.130 to Devprayag Km.,Road Transport & Highways,Uttarakhand,192.54,97.78,99.0,0.0,0.0,0,FlashReport_August_2026.pdf
617889,Treatment of landslide zone from location no. 01 to 28 km 62.860 to 152.750 on NH-,Road Transport & Highways,Uttarakhand,192.22,139.29,98.5,0.0,0.0,0,FlashReport_August_2026.pdf
617890,Construction of Champawat Bypass with two lane with paved shoulder configuration,Road Transport & Highways,Uttarakhand,220.89,8.57,8.5,0.0,0.0,0,FlashReport_August_2026.pdf
617929,Construction of 2 lane with paved shoulder of Kund Bypass from Design Km 35.130 to,Road Transport & Highways,Uttarakhand,247.41,151.81,84.7,0.0,0.0,0,FlashReport_August_2026.pdf
617967,Construction of Rudraprayag tunnel of length 900.30 MTR including approaches and,Road Transport & Highways,Uttarakhand,251.88,158.45,99.0,0.0,0.0,0,FlashReport_August_2026.pdf
617968,Construction & Widening Including Augustmuni Bypass Ch-16.545 to Ch - 19.890 to,Road Transport & Highways,Uttarakhand,418.89,358.36,95.0,0.0,0.0,0,FlashReport_August_2026.pdf
617974,Rehabilitation and upgradation of 2 lane with paved shoulder from existing km.,Road Transport & Highways,Uttarakhand,344.73,42.81,53.74,0.0,0.0,0,FlashReport_August_2026.pdf
618039,Widening to 2 Lane from Existing Chainage Km 74.700 Km 100.660 Design Chainage,Road Transport & Highways,Uttarakhand,346.82,0.0,31.75,0.0,0.0,0,FlashReport_August_2026.pdf
618040,Rehabilitation and Upgradation to Two lanes with Paved Shoulders configuration and,Road Transport & Highways,Uttarakhand,452.81,172.27,42.0,0.0,0.0,0,FlashReport_August_2026.pdf
618041,Rehabilitation and upgrading to two lanes with paved shoulders and Strengthening of,Road Transport & Highways,Uttarakhand,299.31,13.05,3.0,0.0,0.0,0,FlashReport_August_2026.pdf
618119,Rehabilitation and up-gradation to 2-lane configuration of Bageshwar to Kangarchina,Road Transport & Highways,Uttarakhand,472.23,189.12,67.0,0.0,0.0,0,FlashReport_August_2026.pdf
618207,Widening to 2-lane with Hard Shoulder configuration of Mana Ch. 0.00 to Mana Pass,Road Transport & Highways,Uttarakhand,573.96,78.26,21.03,0.0,0.0,0,FlashReport_August_2026.pdf
618209,Construction & up gradation of existing road to 2-Lane with paved shoulder from,Road Transport & Highways,Uttarakhand,258.85,84.9,37.23,0.0,0.0,0,FlashReport_August_2026.pdf
618210,Rehabilitation and upgradation of Askot-Lipulekh on EPC Basis for Phase-I Existing,Road Transport & Highways,Uttarakhand,603.92,403.85,81.17,0.0,0.0,0,FlashReport_August_2026.pdf
618211,Improvement/construction of 2-lane with paved shoulder of Askote Llipulekh road from,Road Transport & Highways,Uttarakhand,649.6,97.44,39.93,0.0,0.0,0,FlashReport_August_2026.pdf
618212,STABILIZATION OF LAND SLIDE AND SLOPE PROTECTION AT KM 11.00 TO KM,Road Transport & Highways,Uttarakhand,197.26,20.7,22.0,0.0,0.0,0,FlashReport_August_2026.pdf
618213,Rehabilitation and Upgradation of road Rishikesh Dharasu Old NH-94 with 2-lane with,Road Transport & Highways,Uttarakhand,273.76,227.84,96.46,0.0,0.0,0,FlashReport_August_2026.pdf
618214,Rehabilitation and upgradation to 2 lane / 2 lane with paved shoulder configuration for,Road Transport & Highways,Uttarakhand,346.5,296.56,100.0,0.0,0.0,0,FlashReport_August_2026.pdf
618218,Rehabilitation & upgradation of existing road to 2-lane with hard shoulder from,Road Transport & Highways,Uttarakhand,338.38,159.26,80.0,0.0,0.0,0,FlashReport_August_2026.pdf
618219,Upgradation to 2-lane with Hard shoulder configuration of Suraithota Ch. 29.725 km to,Road Transport & Highways,Uttarakhand,292.76,142.36,76.67,0.0,0.0,0,FlashReport_August_2026.pdf
618390,Construction  Operation & Maintenance of 2-L Bi-directional Silkyara Bend- Barkot,Road Transport & Highways,Uttarakhand,0.0,860.71,76.96,0.0,0.0,0,FlashReport_August_2026.pdf
618391,Construction for Mitigation Measures of 5 Nos. Landslides  05 No. Sinking Zones and,Road Transport & Highways,Uttarakhand,250.33,112.33,89.84,0.0,0.0,0,FlashReport_August_2026.pdf
618392,Construction for Mitigation Measures of 5 Nos. Landslides  5 Nos. Sinking Zones in,Road Transport & Highways,Uttarakhand,259.64,0.0,71.94,0.0,0.0,0,FlashReport_August_2026.pdf
618875,4L of Haridwar Nagina section Design Ch. LME from km 13.829 to km 17.110 & km,Road Transport & Highways,Uttarakhand,183.92,119.67,70.42,0.0,0.0,0,FlashReport_August_2026.pdf
619142,Construction of 4-lane connectivity to Banbasa ICP at India Nepal border from NH-09,Road Transport & Highways,Uttarakhand,216.97,218.93,75.24,0.0,0.0,0,FlashReport_August_2026.pdf
619155,Upgradation and 4L of Haridwar Bypass from Km 0.000 Km 188.100 of NH-58 to Km.,Road Transport & Highways,Uttarakhand,0.0,770.29,80.36,0.0,0.0,0,FlashReport_August_2026.pdf
619221,Realignment of Rudrapur-Kathgodam Section of NH-87 New NH-109 From Design,Road Transport & Highways,Uttarakhand,252.97,0.19,0.0,0.0,0.0,0,FlashReport_August_2026.pdf
619292,4L Medinipur to Ballupur from Km. 458.65 to Km. 487.65 of NH-07Pkg-2,Road Transport & Highways,Uttarakhand,0.0,745.31,93.9,0.0,0.0,0,FlashReport_August_2026.pdf
619293,Construction of 4 Lane Access Controlled Bypass for Dehradun on NH307 from,Road Transport & Highways,Uttarakhand,715.97,204.77,62.79,0.0,0.0,0,FlashReport_August_2026.pdf
619294,Road Safety Improvement of existing four lane section of Dehradun-Lal Tappar-Nepali,Road Transport & Highways,Uttarakhand,720.67,19.14,5.13,0.0,0.0,0,FlashReport_August_2026.pdf
619295,Four/Six laning of Bhaniyawala-Jollygrant-Rishikesh spur section of NH-07 from Km.,Road Transport & Highways,Uttarakhand,742.43,13.35,0.0,0.0,0.0,0,FlashReport_August_2026.pdf
617893,Construction of additional major Bridge with 4- lane configuration of length 1.48 km on,Road Transport & Highways,West Bengal,304.83,0.9,3.68,0.0,0.0,0,FlashReport_August_2026.pdf
617894,Construction or 4 lane Raniganj Bypass of length 5.261 km on NH-60 new NH-14,Road Transport & Highways,West Bengal,410.83,270.63,70.05,0.0,0.0,0,FlashReport_August_2026.pdf
617931,Construction of ROB and its approaches in lieu of LC No. 10/B/T at Km 307.050 of,Road Transport & Highways,West Bengal,155.87,20.6,17.08,0.0,0.0,0,FlashReport_August_2026.pdf
617960,Construction of new road at the missing link portion of NH-81 along approved,Road Transport & Highways,West Bengal,271.17,226.54,85.62,0.0,0.0,0,FlashReport_August_2026.pdf
618227,Development to 4/6-lanning of NH-31 New NH-10 with both side service roads from,Road Transport & Highways,West Bengal,995.04,676.6,76.17,0.0,0.0,0,FlashReport_August_2026.pdf
618427,Construction & upgradation of existing road to 2-lane with paved shoulder including,Road Transport & Highways,West Bengal,311.02,268.2,95.98,0.0,0.0,0,FlashReport_August_2026.pdf
618429,Construction & upgradation of existing road to 2-lane with paved shoulder including,Road Transport & Highways,West Bengal,345.38,418.73,97.22,0.0,0.0,0,FlashReport_August_2026.pdf
618430,Construction of alternative highway to Gangtok in Sikkim via Bagrakot -Chuikhim-,Road Transport & Highways,West Bengal,402.94,261.9,99.23,0.0,0.0,0,FlashReport_August_2026.pdf
618431,Construction of alternative highway to Gangtok in Sikkim via Bagrakot -Chuikhim-,Road Transport & Highways,West Bengal,295.97,255.94,97.73,0.0,0.0,0,FlashReport_August_2026.pdf
618572,Binnaguri Bypass-Descoped portion of Ghoshpukur-Dhupguri Section of NH-31Dpkg-1,Road Transport & Highways,West Bengal,309.99,4.92,3.67,0.0,0.0,0,FlashReport_August_2026.pdf
618574,Balance Works of 4L of NH-31D from Km. 113.200 to Km. 154.854 Package-II A,Road Transport & Highways,West Bengal,0.0,461.24,61.1,0.0,0.0,0,FlashReport_August_2026.pdf
618808,6L Elevated Kona Expressway from Km. 0.145 to Km. 7.337 of NH-117,Road Transport & Highways,West Bengal,0.0,451.59,39.99,0.0,0.0,0,FlashReport_August_2026.pdf
618823,4 laning of Barasat - Barajaguli Section of NH-12 from Km. 31.000 to Km. 48.679 in,Road Transport & Highways,West Bengal,352.01,98.02,43.52,0.0,0.0,0,FlashReport_August_2026.pdf
618824,Development to 4-laning of the de-scoped stretches from Km 115.342 to Km 191.700,Road Transport & Highways,West Bengal,201.1,64.72,54.79,0.0,0.0,0,FlashReport_August_2026.pdf
618825,Bridge over Ganga River at d/s of Farraka Barrage including Approaches connecting,Road Transport & Highways,West Bengal,622.04,637.37,96.71,0.0,0.0,0,FlashReport_August_2026.pdf
619004,Construction of Dubrajpur Bypass with 4-lane configuration of length 5.676 km on NH-,Road Transport & Highways,West Bengal,560.79,155.66,11.5,0.0,0.0,0,FlashReport_August_2026.pdf
619187,Slope protection and landslide mitigation at 4 vulnerable locations km 1.950 to Km,Road Transport & Highways,West Bengal,152.27,22.06,36.11,0.0,0.0,0,FlashReport_August_2026.pdf
609424,Development of Container Terminal at Tuna-Tekra  Deendayal Port on BOT Basis,Infrastructure,Gujarat,0.0,0.0,60.0,0.0,0.0,0,FlashReport_August_2026.pdf
701570,Replacement and revamping of pipeline projects in oil jetty area  Kandla,Infrastructure,Gujarat,171.0,149.5,92.0,0.0,0.0,0,FlashReport_August_2026.pdf
617804,Mechanization of Berth No.14 for handling Containers and other cargo on DBFOT,Infrastructure,Karnataka,153.23,97.45,95.0,0.0,0.0,0,FlashReport_August_2026.pdf
701574,Deepening and Optimization of Inner Harbour facilities including development of,Infrastructure,Odisha,0.0,0.0,78.0,0.0,0.0,0,FlashReport_August_2026.pdf
707215,National Maritime Heritage Complex [NMHC] Phase-I,Railways,Gujarat,573.0,674.35,80.06,0.0,0.0,0,FlashReport_August_2026.pdf
709859,SETTING UP OF PHYSICAL INFRASTRUCTURE FOR THE NATIONAL INSTITUTE,Infrastructure,Delhi,248.2,237.43,98.0,0.0,0.0,0,FlashReport_August_2026.pdf
701598,Provision of 4G based Mobile Services in Uncovered Villages and National Highways,Road Transport & Highways,Meghalaya,971.96,167.23,100.0,0.0,0.0,0,FlashReport_August_2026.pdf
617413,Mobile connectivity in Left Wing Extremism [LWE] affected areas-Phase 1,Telecommunications,"Multi-States (Andhra Pradesh, Bihar, Chhattisgarh, Jharkhand, Madhya Pradesh, Maharashtra, Odisha, Telangana, Uttar Pradesh, West Bengal)",0.0,376.8,99.53,0.0,0.0,0,FlashReport_August_2026.pdf
701599,Mobile connectivity in Left Wing Extremism [LWE] affected areas-Phase2,Telecommunications,"Multi-States (Andhra Pradesh, Bihar, Chhattisgarh, Jharkhand, Madhya Pradesh, Maharashtra, Odisha, Telangana, Uttar Pradesh, West Bengal)",0.0,493.48,90.27,0.0,0.0,0,FlashReport_August_2026.pdf
701602,Provision of 4G based mobile services in 7 287 uncovered villages of 44 Aspirational,Telecommunications,"Multi-States (Andhra Pradesh, Chhattisgarh, Jharkhand, Maharashtra, Odisha)",0.0,0.0,82.72,0.0,0.0,0,FlashReport_August_2026.pdf
701597,Provision of 4G Mobile Services in Uncovered Villages of Arunachal Pradesh and 2,Telecommunications,"Multi-States (Arunachal Pradesh, Assam)",0.0,237.98,99.84,0.0,0.0,0,FlashReport_August_2026.pdf
704495,502 Aspirational District Scheme in Four states - Bihar  Madhya Pradesh  Rajastha,Telecommunications,"Multi-States (Bihar, Madhya Pradesh, Rajasthan, Uttar Pradesh)",421.65,152.96,99.59,0.0,0.0,0,FlashReport_August_2026.pdf
108841,Amended BharatNet Program - KTK  GOA  PY,Telecommunications,PAN India,0.0,435.31,10.34,0.0,0.0,0,FlashReport_August_2026.pdf
124199,Amended BharatNet Program - HR,Telecommunications,PAN India,837.0,83.68,0.0,0.0,0.0,0,FlashReport_August_2026.pdf
171218,Amended BharatNet Program - PB,Telecommunications,PAN India,0.0,0.0,31.29,0.0,0.0,0,FlashReport_August_2026.pdf
175860,Amended BharatNet Program - MP  DD and DNH,Telecommunications,PAN India,0.0,562.13,9.29,0.0,0.0,0,FlashReport_August_2026.pdf
210914,Amended BharatNet Program - WB & ANI,Telecommunications,PAN India,0.0,223.41,16.65,0.0,0.0,0,FlashReport_August_2026.pdf
240484,Amended BharatNet Program - AS,Telecommunications,PAN India,832.0,83.16,0.0,0.0,0.0,0,FlashReport_August_2026.pdf
317725,Amended BharatNet Program - OD,Telecommunications,PAN India,0.0,0.0,0.0,0.0,0.0,0,FlashReport_August_2026.pdf
400013,Saturation 4G mobile coverage of Uncovered Villages through USOF,Telecommunications,PAN India,0.0,0.0,89.4,0.0,0.0,0,FlashReport_August_2026.pdf
437130,Amended BharatNet Program - J&K  LAD,Telecommunications,PAN India,0.0,170.05,10.15,0.0,0.0,0,FlashReport_August_2026.pdf
462136,Amended BharatNet Program - MGH  MZM  TRP,Telecommunications,PAN India,768.0,0.0,0.0,0.0,0.0,0,FlashReport_August_2026.pdf
476006,Amended BharatNet Program - HP,Telecommunications,PAN India,0.0,148.93,25.62,0.0,0.0,0,FlashReport_August_2026.pdf
547243,BharatNet Phase-II,Telecommunications,PAN India,0.0,0.0,93.33,0.0,0.0,0,FlashReport_August_2026.pdf
660056,Amended BharatNet Program - KL,Telecommunications,PAN India,765.0,94.95,1.64,0.0,0.0,0,FlashReport_August_2026.pdf
665021,Amended BharatNet Program - UKD,Telecommunications,PAN India,0.0,209.87,22.14,0.0,0.0,0,FlashReport_August_2026.pdf
701593,4G Services by BSNL,Telecommunications,PAN India,0.0,0.0,98.63,0.0,0.0,0,FlashReport_August_2026.pdf
706775,BharatNet,Telecommunications,PAN India,0.0,0.0,99.98,0.0,0.0,0,FlashReport_August_2026.pdf
709856,MPLS-IP BASED ACCESS AND AGGREGATION NETWORK [MAAN] IN BSNL,Telecommunications,PAN India,645.13,410.4,100.0,0.0,0.0,0,FlashReport_August_2026.pdf
709857,Planning  Engineering  Supply  Installation  Testing  Commissioning  Integration &,Telecommunications,PAN India,0.0,0.0,98.63,0.0,0.0,0,FlashReport_August_2026.pdf
914467,Amended BharatNet Program - BR,Telecommunications,PAN India,0.0,222.77,19.18,0.0,0.0,0,FlashReport_August_2026.pdf
938832,Amended BharatNet Program - RJ,Telecommunications,PAN India,0.0,283.93,0.0,0.0,0.0,0,FlashReport_August_2026.pdf
946208,Amended BharatNet Program - SKM,Telecommunications,PAN India,160.0,0.0,0.0,0.0,0.0,0,FlashReport_August_2026.pdf
976009,Amended BharatNet Program - ARP  NGL  MNP,Telecommunications,PAN India,0.0,123.28,0.71,0.0,0.0,0,FlashReport_August_2026.pdf
222253,Amended BharatNet Program - UP (East),Telecommunications,Uttar Pradesh,0.0,502.0,8.18,0.0,0.0,0,FlashReport_August_2026.pdf
708687,Amended BharatNet Program - UP (West),Telecommunications,Uttar Pradesh,0.0,0.0,8.79,0.0,0.0,0,FlashReport_August_2026.pdf
616600,Interception and Diversion and STP works in Bhagalpur under Hybrid annuity based,Water Resources,Bihar,413.29,126.67,97.0,0.0,0.0,0,FlashReport_August_2026.pdf
616611,Sewage Treatment Plant 100MLD and Sewerage Network 288 km in Digha-Patna,Water Resources,Bihar,824.0,403.34,59.0,0.0,0.0,0,FlashReport_August_2026.pdf
616612,Sewage Treatment Plant 50MLD and Sewerage Network 150 km in Kankarbagh,Infrastructure,Bihar,578.89,348.61,55.0,0.0,0.0,0,FlashReport_August_2026.pdf
616615,Sewer Network  SPS and STP at Begusarai,Water Resources,Bihar,230.06,261.82,97.0,0.0,0.0,0,FlashReport_August_2026.pdf
616616,Sewer Networks  SPS and STP at Hajipur,Water Resources,Bihar,305.19,346.46,95.0,0.0,0.0,0,FlashReport_August_2026.pdf
616594,Interception & Diversion with Rehabilitation of sewerage scheme at Agra under Hybrid,Water Resources,Uttar Pradesh,842.25,208.64,86.0,0.0,0.0,0,FlashReport_August_2026.pdf
616605,Pollution Abatement Works for River Kali Meerut under Meerut Municipality,Water Resources,Uttar Pradesh,690.71,34.79,63.0,0.0,0.0,0,FlashReport_August_2026.pdf
616604,Pollution Abatement works for River Ganga at Hooghly Chinsurah- Municipal Town,Water Resources,West Bengal,154.73,103.28,94.0,0.0,0.0,0,FlashReport_August_2026.pdf
400100,Sardar Gouthu Latchanna Thotapalli Barrage Project,Water Resources,Andhra Pradesh,353.05,879.15,95.88,0.0,0.0,0,FlashReport_August_2026.pdf
400101,Gundlakamma project,Water Resources,Andhra Pradesh,397.41,624.78,98.3,0.0,0.0,0,FlashReport_August_2026.pdf
701415,Polavaram Irrigation Project,Water Resources,Andhra Pradesh,0.0,0.0,86.2,0.0,0.0,0,FlashReport_August_2026.pdf
701370,Borolia Irrigation Project,Water Resources,Assam,256.16,44.7,55.44,0.0,0.0,0,FlashReport_August_2026.pdf
400111,Kelo Irrigation Project,Water Resources,Chhattisgarh,459.97,620.15,73.0,0.0,0.0,0,FlashReport_August_2026.pdf
701399,Kudali Irrigation Project,Water Resources,Chhattisgarh,382.29,249.06,86.31,0.0,0.0,0,FlashReport_August_2026.pdf
701372,Sardar Sarovar Project,Water Resources,Gujarat,0.0,0.0,93.7,0.0,0.0,0,FlashReport_August_2026.pdf
701376,Subernarekha Multipurpose Project  Jharkhand,Water Resources,Jharkhand,0.0,0.0,70.0,0.0,0.0,0,FlashReport_August_2026.pdf
701377,Upper Tunga Irrigation Project,Water Resources,Karnataka,770.16,0.0,99.9,0.0,0.0,0,FlashReport_August_2026.pdf
400115,Bargi Diversion Project Phase - IV [km. 154 to km 197],Water Resources,Madhya Pradesh,751.03,814.02,75.0,0.0,0.0,0,FlashReport_August_2026.pdf
400116,Bargi Diversion Project Phase - III [km. 104 to km 154],Water Resources,Madhya Pradesh,0.0,0.0,82.09,0.0,0.0,0,FlashReport_August_2026.pdf
617422,Bodwad Parisar Sinchan Yojna,Water Resources,Maharashtra,0.0,338.91,49.6,0.0,0.0,0,FlashReport_August_2026.pdf
701383,Waghur Project,Infrastructure,Maharashtra,0.0,0.0,89.57,0.0,0.0,0,FlashReport_August_2026.pdf
701386,Gosikhurd Project,Infrastructure,Maharashtra,0.0,0.0,72.65,0.0,0.0,0,FlashReport_August_2026.pdf
701391,Aruna Medium Irrigation Project,Water Resources,Maharashtra,210.45,0.0,100.0,0.0,0.0,0,FlashReport_August_2026.pdf
701396,Lower Pedhi Project,Infrastructure,Maharashtra,255.97,0.0,65.0,0.0,0.0,0,FlashReport_August_2026.pdf
701398,Nardave Medium Irrigation Project,Water Resources,Maharashtra,211.46,879.8,75.0,0.0,0.0,0,FlashReport_August_2026.pdf
701400,Thoubal Multipurpose Project,Water Resources,Manipur,0.0,0.0,99.0,0.0,0.0,0,FlashReport_August_2026.pdf
701412,North Koel Reservoir Project,Water Resources,"Multi-States (Bihar, Jharkhand)",0.0,345.94,47.0,0.0,0.0,0,FlashReport_August_2026.pdf
701530,Ken-Betwa Linking Development Project,Water Resources,"Multi-States (Madhya Pradesh, Uttar Pradesh)",0.0,0.0,0.0,0.0,0.0,0,FlashReport_August_2026.pdf
603945,Integrated Anandpur Barrage Project,Water Resources,Odisha,567.03,0.0,62.85,0.0,0.0,0,FlashReport_August_2026.pdf
701402,Subernarekha Project  Odisha,Water Resources,Odisha,0.0,0.0,95.5,0.0,0.0,0,FlashReport_August_2026.pdf
701404,Kanupur Irrigation Project,Water Resources,Odisha,989.43,0.0,79.5,0.0,0.0,0,FlashReport_August_2026.pdf
701410,Relining of Rajasthan feeder and Sirhind Feeder canal,Water Resources,Punjab,0.0,0.0,100.0,0.0,0.0,0,FlashReport_August_2026.pdf
701411,Shahpur Kandi Dam Project,Water Resources,Punjab,0.0,0.0,88.0,0.0,0.0,0,FlashReport_August_2026.pdf
400102,Sri Ram Sagar Project Stage - II,Water Resources,Telangana,736.13,971.47,97.0,0.0,0.0,0,FlashReport_August_2026.pdf
400103,Indiramma Flood Flow Canal Project,Water Resources,Telangana,0.0,0.0,92.0,0.0,0.0,0,FlashReport_August_2026.pdf
701405,J. Chokka Rao Devadula Lift Irrigation Scheme,Water Resources,Telangana,0.0,0.0,87.7,0.0,0.0,0,FlashReport_August_2026.pdf
701408,Madhya Ganga canal Phase-II,Water Resources,Uttar Pradesh,0.0,0.0,82.39,0.0,0.0,0,FlashReport_August_2026.pdf
613787,Jamrani Dam Multipurpose Project,Water Resources,Uttarakhand,0.0,0.0,29.44,0.0,0.0,0,FlashReport_August_2026.pdf
