project_id,as_of_date,progress_gap,velocity_last_1,velocity_last_3,velocity_last_6,velocity_needed_to_finish,pct_milestones_delayed,max_milestone_delay_months,cost_growth_pct,expenditure_to_progress_ratio,burn_rate_per_day,days_since_last_update,avg_update_gap,count_of_revised_dates,sector,ministry,agency,physical_progress_pct_missing,sanctioned_cost_missing,cumulative_expenditure_missing,revised_cost_missing,label_overrun,label_delay,label_impl_risk
PRJ-004D44C1,2020-01-01,14.291607142857139,0.03838709677419355,0.1073021582733813,0.10794816414686825,0.162831541218638,1.0,16.166666666666668,0.0,1.3177967444384704,0.08805755395683455,62,92.6,1,Sector_4,Ministry_6,Agency_17,0,0,0,0,1,1,0
PRJ-00510845,2020-01-01,17.585890410958903,0.0,0.0,0.0,0.08375868055555555,1.0,34.6,0.0,6.24905597483294,0.0,129,0.0,0,Sector_18,Ministry_3,Agency_30,0,0,0,0,0,0,0
PRJ-019B3AE9,2020-01-01,16.328789212988443,0.017209302325581394,0.017209302325581394,0.017209302325581394,0.06921006944444445,1.0,38.43333333333333,0.0,1.2240934625061821,0.0,64,301.0,0,Sector_2,Ministry_7,Agency_38,0,0,0,0,0,1,1
PRJ-01C99B74,2020-01-01,-2.7248569527611437,0.0,0.0,0.0,0.06429276315789474,0.0,0.0,0.0,1.10841477998074,0.0,40,0.0,0,Sector_10,Ministry_7,Agency_17,0,0,0,0,0,0,0
PRJ-023095D4,2020-01-01,18.966275033377833,0.11336134453781514,0.08484593837535015,0.1011344537815126,0.2582894736842105,1.0,14.266666666666667,0.0,0.9247704225972628,2.1060504201680676,2,119.0,1,Sector_11,Ministry_10,Agency_5,0,0,0,0,0,1,0
PRJ-034429B1,2020-01-01,9.525858389912706,0.06877777777777776,0.07381481481481482,0.09060000000000001,0.11961995249406175,0.6666666666666666,20.266666666666666,0.0,1.0888457546081092,0.7049629629629631,70,90.0,0,Sector_2,Ministry_5,Agency_28,0,0,0,0,0,0,0
PRJ-03A2FBCC,2020-01-01,3.357955390334567,0.11418867924528303,0.11418867924528303,0.11418867924528303,0.07896836313617606,0.5,30.866666666666667,0.0,1.0356824816408325,0.0,89,265.0,0,Sector_11,Ministry_9,Agency_25,0,0,0,0,1,0,0
PRJ-03DC3586,2020-01-01,13.05963855421686,0.12709090909090912,0.16666666666666666,0.16666666666666666,0.2559071729957806,0.75,4.933333333333334,0.0,1.1190768607485917,0.2184848484848485,42,55.0,0,Sector_7,Ministry_9,Agency_22,0,0,0,0,0,0,0
PRJ-03EE6869,2020-01-01,10.276791443850268,0.0,0.0,0.0,0.07762854144805877,0.0,0.0,0.0,0.8039758424189533,0.0,254,0.0,0,Sector_19,Ministry_3,Agency_34,0,0,0,0,0,0,0
PRJ-04AD605C,2020-01-01,0.0,0.34478873239436625,0.1586384976525822,0.18112676056338028,0.0,0.2857142857142857,5.533333333333333,0.0,0.9698991337008542,2.0222065727699525,228,71.0,0,Sector_19,Ministry_3,Agency_26,0,0,0,0,0,0,0
PRJ-04BC6BF2,2020-01-01,1.8690243902439043,0.12670886075949367,0.12670886075949367,0.12670886075949367,0.15636554621848742,0.0,0.0,0.0,0.5983634337712169,0.0,23,79.0,0,Sector_3,Ministry_8,Agency_22,0,0,0,0,0,0,0
PRJ-04E401B3,2020-01-01,-3.380786516853931,0.1202666666666667,0.16708609271523178,0.16708609271523178,0.1071822358346095,0.3333333333333333,16.0,0.0,0.9527860956294669,0.0,11,75.5,0,Sector_4,Ministry_4,Agency_21,0,0,0,0,0,0,0
PRJ-058A9012,2020-01-01,-1.5225679758308104,0.017377049180327866,0.08092896174863387,0.08092896174863387,0.059000000000000004,0.3333333333333333,40.06666666666667,0.0,2.5511612618330415,0.0,37,183.0,0,Sector_6,Ministry_2,Agency_36,0,0,0,0,1,0,0
PRJ-05924173,2020-01-01,9.38760746147608,0.0950862068965517,0.06382183908045977,0.06382183908045977,0.09524096385542169,1.0,1.7666666666666666,0.0,0.916517966413105,0.20097701149425287,105,116.0,0,Sector_10,Ministry_4,Agency_29,0,0,0,0,0,1,0
PRJ-05BDBD50,2020-01-01,-5.412218774243598,0.19971153846153847,0.10501597444089456,0.08258373205741626,0.0703728362183755,0.6,24.833333333333332,0.0,0.6843984677646244,0.07105431309904155,16,104.5,0,Sector_2,Ministry_9,Agency_38,0,0,0,0,0,0,0
PRJ-05E9ECB4,2020-01-01,8.719195402298851,0.03741176470588235,0.06420588235294117,0.06420588235294117,0.08304627249357327,0.3333333333333333,23.0,0.0,1.1350809850009722,0.0,104,170.0,0,Sector_1,Ministry_9,Agency_17,0,0,0,0,0,0,0
PRJ-060807CC,2020-01-01,1.3010989010989,0.12055118110236222,0.12055118110236222,0.12055118110236222,0.06985559566787004,0.5,33.13333333333333,0.0,0.723423305095527,0.0,94,127.0,0,Sector_7,Ministry_1,Agency_21,0,0,0,0,0,0,0
PRJ-06083FAF,2020-01-01,27.47,0.23370000000000005,0.13524916943521595,0.07274542429284525,999.0,1.0,19.3,0.0,0.8772867503716905,0.5294019933554818,2,100.16666666666667,1,Sector_17,Ministry_6,Agency_7,0,0,0,0,0,1,1
PRJ-063D676B,2020-01-01,3.6671621621621604,0.051156462585034014,0.051156462585034014,0.051156462585034014,0.0887485380116959,0.5,22.6,0.0,0.879668365026385,0.0,35,147.0,0,Sector_7,Ministry_2,Agency_28,0,0,0,0,0,0,0
PRJ-06C1A86F,2020-01-01,14.727704918032789,0.0,0.0,0.0,0.10075255102040816,0.0,0.0,0.0,2.3407101642861985,0.0,197,0.0,0,Sector_4,Ministry_9,Agency_27,0,0,0,0,1,0,0
PRJ-0797F788,2020-01-01,-4.605318352059925,0.0,0.0,0.0,0.07078711985688729,0.0,0.0,0.0,0.3882953470603755,0.0,33,0.0,0,Sector_8,Ministry_6,Agency_27,0,0,0,0,0,0,0
PRJ-087921A5,2020-01-01,12.771658031088082,0.0,0.0,0.0,0.08610217596972565,1.0,31.6,0.0,1.6627662324106824,0.0,103,0.0,0,Sector_15,Ministry_4,Agency_36,0,0,0,0,1,0,0
PRJ-0889DA03,2020-01-01,3.0647222222222226,0.2719626168224299,0.18518691588785044,0.18518691588785044,0.18735426008968611,1.0,10.366666666666667,0.0,1.17913661310427,0.0,33,107.0,0,Sector_13,Ministry_6,Agency_4,0,0,0,0,0,0,0
PRJ-08DED816,2020-01-01,0.2614718614718612,0.06771739130434787,0.08351449275362319,0.08404347826086957,0.08705035971223021,0.16666666666666666,21.1,0.0,0.9640604441882765,0.40025362318840585,47,92.0,0,Sector_19,Ministry_3,Agency_45,0,0,0,0,0,0,0
PRJ-095FFDD5,2020-01-01,11.94517985611511,-0.024294871794871813,-0.024294871794871813,-0.024294871794871813,0.1055019556714472,0.5,20.5,0.0,1.6187496804078116,0.0,33,156.0,0,Sector_7,Ministry_2,Agency_49,0,0,0,0,0,0,0
PRJ-0973FCE0,2020-01-01,3.242771084337349,-0.013483146067415682,0.08917602996254682,0.09946629213483148,0.1066860465116279,0.2,11.133333333333333,0.0,2.3485754982963933,1.9952808988764046,35,89.0,0,Sector_19,Ministry_6,Agency_8,0,0,0,0,1,0,0
PRJ-099F1C60,2020-01-01,-1.93878836833602,0.18591549295774643,0.17995305164319247,0.1892605633802817,0.1524056603773585,0.2,6.9,0.0,1.9594129285105895,2.2104225352112676,52,71.0,0,Sector_3,Ministry_5,Agency_19,0,0,0,0,1,0,0
PRJ-09C7633B,2020-01-01,-5.150909090909096,0.31978260869565217,0.16445652173913045,0.16445652173913045,0.14794612794612794,0.3333333333333333,8.466666666666667,0.0,1.0773583582971884,0.0,33,92.0,0,Sector_14,Ministry_4,Agency_46,0,0,0,0,0,0,0
PRJ-09DAC4BF,2020-01-01,26.897227191413233,0.13689655172413792,0.05005747126436782,0.05005747126436782,0.27599277978339354,1.0,5.266666666666667,0.0,1.5653759462614376,0.0,21,87.0,0,Sector_5,Ministry_5,Agency_20,0,0,0,0,0,1,0
PRJ-0B37BD3A,2020-01-01,2.1765339966832506,-0.012075471698113184,0.041839622641509436,0.041839622641509436,0.085426267281106,0.3333333333333333,20.266666666666666,0.0,1.0859735344442791,0.0,20,106.0,0,Sector_12,Ministry_1,Agency_45,0,0,0,0,0,0,0
PRJ-0B3D55C7,2020-01-01,15.10857142857143,0.029508196721311487,0.06266393442622951,0.06266393442622951,0.10199460916442049,1.0,20.633333333333333,0.0,1.652478878427817,0.0,118,122.0,0,Sector_6,Ministry_4,Agency_34,0,0,0,0,1,1,0
PRJ-0B9ADD6A,2020-01-01,14.955994659546057,0.09476190476190476,0.08152380952380951,0.08152380952380951,0.17118387909319902,1.0,11.433333333333334,0.0,0.9240453083859428,0.0,38,105.0,0,Sector_5,Ministry_4,Agency_43,0,0,0,0,0,1,0
PRJ-0BE528C7,2020-01-01,-4.368104374520339,0.0,0.0,0.0,0.07295750216825672,0.0,0.0,0.0,0.47862330549069876,0.0,21,0.0,0,Sector_9,Ministry_5,Agency_39,0,0,0,0,0,0,1
PRJ-0C3F1C19,2020-01-01,26.056514522821566,0.2024691358024691,0.17473251028806586,0.17473251028806586,0.40945736434108526,1.0,4.466666666666667,0.0,0.8888542905530915,2.061522633744856,29,81.0,0,Sector_19,Ministry_9,Agency_26,0,0,0,0,0,1,0
PRJ-0DE87F3C,2020-01-01,4.875161290322573,0.0943262411347518,0.10665094339622641,0.10665094339622641,0.1137037037037037,0.5,21.366666666666667,0.0,2.3523033584553494,2.0708726415094345,49,141.33333333333334,0,Sector_1,Ministry_4,Agency_1,0,0,0,0,1,0,0
PRJ-0E647B08,2020-01-01,11.969298245614027,0.09128301886792452,0.09128301886792452,0.09128301886792452,0.09067547723935389,1.0,31.5,0.0,0.8843853415912369,0.0,157,265.0,0,Sector_14,Ministry_7,Agency_35,0,0,0,0,0,0,0
PRJ-0E75D629,2020-01-01,12.9209167842031,0.1931304347826087,0.15782608695652176,0.15782608695652176,0.22080246913580245,1.0,13.7,0.0,2.1456593155427583,2.4253333333333336,87,115.0,0,Sector_10,Ministry_9,Agency_24,0,0,0,0,1,0,0
PRJ-0EE84C2A,2020-01-01,12.430186915887845,0.18141509433962263,0.08933962264150944,0.08933962264150944,0.17050595238095237,0.6666666666666666,11.833333333333334,0.0,1.0509303301896635,0.0,95,106.0,0,Sector_5,Ministry_1,Agency_32,0,0,0,0,0,0,0
PRJ-0F15235D,2020-01-01,9.144622144112475,-0.05813725490196078,0.07346341463414634,0.07346341463414634,0.09914919852034525,0.6666666666666666,23.5,0.0,1.5172752317514824,0.0,20,102.5,0,Sector_13,Ministry_9,Agency_30,0,0,0,0,0,0,0
PRJ-0F3714F9,2020-01-01,3.994061826024442,0.12832116788321166,0.07481751824817519,0.07481751824817519,0.07616702355460385,1.0,31.733333333333334,0.0,0.8692551749562628,0.0,46,137.0,0,Sector_9,Ministry_2,Agency_24,0,0,0,0,0,0,0
PRJ-0F57E91B,2020-01-01,6.459999999999994,0.24934210526315792,0.24256637168141595,0.2582392026578073,999.0,0.6,5.933333333333334,0.0,0.9791793190885526,4.7080088495575225,264,75.25,0,Sector_6,Ministry_10,Agency_36,0,0,0,0,0,0,0
PRJ-0F6B59CD,2020-01-01,2.4588826815642406,0.1552873563218391,0.1552873563218391,0.1552873563218391,0.11662027833001988,1.0,18.866666666666667,0.0,1.6079687941870056,0.0,44,174.0,0,Sector_20,Ministry_6,Agency_47,0,0,0,0,1,1,1
PRJ-0FC45C32,2020-01-01,2.7115159944367164,0.1315151515151515,0.13712121212121212,0.15593939393939393,0.14897810218978103,0.3333333333333333,11.6,0.0,1.8130573081528958,0.9474747474747475,49,66.0,0,Sector_15,Ministry_2,Agency_20,0,0,0,0,1,0,0
PRJ-10337567,2020-01-01,32.98927097661623,0.09737179487179486,0.0889423076923077,0.0889423076923077,0.29615384615384616,1.0,13.8,0.0,1.103257402968919,0.0,51,156.0,0,Sector_2,Ministry_5,Agency_26,0,0,0,0,0,1,0
PRJ-10491E69,2020-01-01,11.183924775143092,0.0,0.0,0.0,0.09355110642781876,1.0,27.966666666666665,0.0,1.5630800967335088,0.0,102,0.0,0,Sector_7,Ministry_3,Agency_42,0,0,0,0,0,0,0
PRJ-10F2FC4D,2020-01-01,15.976535174227479,0.09923076923076923,0.02494871794871795,0.02494871794871795,0.08413118527042578,1.0,31.5,0.0,0.9681165796107748,0.0,68,195.0,0,Sector_8,Ministry_7,Agency_21,0,0,0,0,0,1,0
PRJ-10FBCABC,2020-01-01,0.0,0.2417647058823529,0.27513157894736845,0.28115511551155115,0.0,0.42857142857142855,3.6333333333333333,95.32761008031015,1.929515369703683,4.625,183,50.5,0,Sector_5,Ministry_4,Agency_28,0,0,0,0,1,0,0
PRJ-11209ACA,2020-01-01,13.080448678549477,-0.026022727272727284,-0.026022727272727284,-0.026022727272727284,0.07278787878787878,1.0,34.2,0.0,1.204628264112986,0.0,121,176.0,0,Sector_7,Ministry_9,Agency_47,0,0,0,0,0,1,0
PRJ-11CDEF46,2020-01-01,7.0113048368953885,0.0,0.0,0.0,0.12120646766169155,1.0,15.966666666666667,0.0,-0.40344153167454555,0.0,8,0.0,0,Sector_13,Ministry_6,Agency_38,0,0,0,0,0,0,0
PRJ-11D5EE6D,2020-01-01,4.47388978930308,0.0,0.0,0.0,0.08519516728624535,1.0,28.0,0.0,1.3665515834125215,0.0,11,0.0,0,Sector_3,Ministry_10,Agency_7,0,0,0,0,0,0,0
PRJ-12274A30,2020-01-01,8.826279069767445,0.08628318584070796,0.08628318584070796,0.08628318584070796,0.08665631469979297,1.0,28.1,0.0,1.7439779811862242,0.0,99,113.0,0,Sector_14,Ministry_7,Agency_1,0,0,0,0,1,0,0
PRJ-1243F99D,2020-01-01,3.25,0.07316666666666667,0.07316666666666667,0.07316666666666667,0.1737012987012987,0.5,7.566666666666666,0.0,0.7328692412648636,0.0,18,60.0,0,Sector_6,Ministry_1,Agency_14,0,0,0,0,0,0,0
PRJ-124EAEB4,2020-01-01,0.0,0.33724137931034487,0.31022988505747123,0.25448275862068964,0.0,0.16666666666666666,0.43333333333333335,135.01494256025,2.419515806212815,3.3563218390804597,326,29.0,0,Sector_3,Ministry_10,Agency_31,0,0,0,0,1,0,0
PRJ-1265E88C,2020-01-01,1.6718781725888334,0.0,0.0,0.0,0.10346915017462165,1.0,20.733333333333334,0.0,0.7249061629007221,0.0,6,0.0,0,Sector_13,Ministry_1,Agency_11,0,0,0,0,0,0,0
PRJ-1286ED38,2020-01-01,4.325436241610737,0.0,0.0,0.0,0.07062500000000001,0.0,0.0,0.0,2.453311812253599,0.0,95,0.0,0,Sector_7,Ministry_3,Agency_20,0,0,0,0,1,0,0
PRJ-12B64AD1,2020-01-01,8.68291139240506,0.0,0.0,0.0,0.07068085106382979,0.0,0.0,0.0,0.0002633796881584492,0.0,182,0.0,0,Sector_20,Ministry_7,Agency_15,0,0,0,0,0,0,0
PRJ-12C7A0B0,2020-01-01,4.853677130044844,0.0,0.0,0.0,0.15910714285714286,0.0,0.0,0.0,0.8775794799135005,0.0,76,0.0,0,Sector_19,Ministry_10,Agency_42,0,0,0,0,0,0,0
PRJ-12D73C44,2020-01-01,20.546984572230016,0.0,0.0,0.0,0.088261253309797,1.0,31.6,0.0,0.0,0.0,136,0.0,0,Sector_7,Ministry_3,Agency_7,0,0,0,0,1,1,0
PRJ-12F0B3DA,2020-01-01,9.369783197831978,-0.09814285714285716,-0.09814285714285716,-0.09814285714285716,0.15321361058601135,1.0,0.5666666666666667,0.0,0.8546944354068191,0.0,69,70.0,0,Sector_14,Ministry_4,Agency_38,0,0,0,0,0,1,0
PRJ-13931700,2020-01-01,7.013221476510067,0.0,0.0,0.0,0.09148268398268398,0.0,0.0,0.0,0.8494742617900078,0.0,107,0.0,0,Sector_5,Ministry_1,Agency_37,0,0,0,0,0,0,0
PRJ-13CE8CE3,2020-01-01,-9.302482269503546,0.0,0.0,0.0,0.06253381424706943,0.0,0.0,0.0,0.5315216970125113,0.0,72,0.0,0,Sector_16,Ministry_7,Agency_7,0,0,0,0,0,0,0
PRJ-13D1C482,2020-01-01,0.6599999999999966,0.24970588235294122,0.26053921568627453,0.23326470588235296,999.0,0.5,3.466666666666667,0.0,0.9230330463994733,6.286372549019607,278,68.0,0,Sector_11,Ministry_6,Agency_35,0,0,0,0,0,0,0
PRJ-14147A1C,2020-01-01,8.373559222156748,0.0,0.0,0.0,0.06514858841010401,1.0,41.5,0.0,1.7856739516975688,0.0,115,0.0,0,Sector_15,Ministry_8,Agency_31,0,0,0,0,0,0,0
PRJ-1533A6B1,2020-01-01,5.385887207702893,0.09789743589743588,0.04989743589743589,0.04989743589743589,0.07520286396181385,1.0,29.366666666666667,0.0,0.6624859091336079,0.0,31,195.0,0,Sector_8,Ministry_2,Agency_39,0,0,0,0,0,0,0
PRJ-153D7FC7,2020-01-01,4.033343108504397,0.08837837837837836,0.07363363363363364,0.07363363363363364,0.078042203985932,0.5,26.9,0.0,0.9771418607303926,0.8261261261261262,68,111.0,0,Sector_19,Ministry_1,Agency_26,0,0,0,0,0,0,0
PRJ-155F0E9E,2020-01-01,4.857852257181943,-0.3062295081967213,-0.3062295081967213,-0.3062295081967213,0.1449496644295302,0.5,9.333333333333334,0.0,1.4259211985280056,0.0,14,61.0,0,Sector_15,Ministry_1,Agency_25,0,0,0,0,1,0,0
PRJ-1597CD25,2020-01-01,7.23063926940641,0.11298850574712634,0.12255725190839692,0.11287619047619046,0.14995049504950497,0.5714285714285714,12.466666666666667,137.8071366835412,2.575536996629839,0.28419847328244274,62,87.5,0,Sector_20,Ministry_1,Agency_5,0,0,0,0,1,0,0
PRJ-162B059B,2020-01-01,1.1123076923076916,0.0,0.0,0.0,0.06232789212207239,0.0,0.0,0.0,0.6516116591510334,0.0,83,0.0,0,Sector_2,Ministry_5,Agency_18,0,0,0,0,0,0,0
PRJ-16B4C973,2020-01-01,5.006633663366344,0.09826589595375723,0.07378378378378378,0.07378378378378378,0.07216482164821648,1.0,35.46666666666667,0.0,1.0514817447153215,0.30503861003861005,12,172.66666666666666,0,Sector_7,Ministry_4,Agency_22,0,0,0,0,0,1,0
PRJ-1783ED30,2020-01-01,0.0,0.0546875,0.20099476439790576,0.20500000000000002,0.0,0.375,7.033333333333333,0.0,0.9822526217717837,2.174712041884817,112,63.714285714285715,0,Sector_2,Ministry_5,Agency_27,0,0,0,0,0,0,0
PRJ-182A3D47,2020-01-01,-1.0869133974833503,0.13394736842105265,0.11428947368421052,0.11428947368421052,0.07239940387481371,0.6666666666666666,31.6,0.0,0.7583934826705113,0.0,110,190.0,0,Sector_17,Ministry_5,Agency_13,0,0,0,0,0,0,0
PRJ-18C64D3B,2020-01-01,6.383228302929794,0.08333333333333333,0.08333333333333333,0.08333333333333333,0.0611840888066605,1.0,44.7,0.0,0.8892115500100126,0.0,147,291.0,0,Sector_11,Ministry_5,Agency_17,0,0,0,0,0,1,0
PRJ-193CC0E6,2020-01-01,0.5206226175349435,0.11584795321637428,0.11584795321637428,0.11584795321637428,0.06397775876817792,0.5,37.666666666666664,0.0,1.5694345754397334,0.0,63,171.0,0,Sector_1,Ministry_5,Agency_40,0,0,0,0,1,0,0
PRJ-1A1B39B5,2020-01-01,-10.58551401869159,0.6103030303030303,0.4683333333333334,0.4683333333333334,0.20137195121951218,0.6666666666666666,1.1,0.0,1.4984482102729961,0.0,1,33.0,0,Sector_19,Ministry_7,Agency_5,0,0,0,0,1,0,0
PRJ-1A6AA9C0,2020-01-01,14.066410466067051,0.0,0.0,0.0,0.09817969661610268,1.0,1.6333333333333333,0.0,2.0275148673107264,0.0,143,0.0,0,Sector_12,Ministry_4,Agency_43,0,0,0,0,1,1,0
PRJ-1ADB821F,2020-01-01,14.414216027874566,0.10040322580645161,0.07532258064516129,0.07532258064516129,0.11230769230769232,1.0,23.1,0.0,0.9356258073988003,0.13333333333333333,80,124.0,0,Sector_11,Ministry_6,Agency_27,0,0,0,0,0,1,0
PRJ-1B549224,2020-01-01,-0.7437209302325556,0.2847368421052631,0.18620209059233447,0.18620209059233447,0.16257142857142856,1.0,10.733333333333333,0.0,0.9322162119239978,0.31972125435540066,10,95.66666666666667,0,Sector_10,Ministry_7,Agency_36,0,0,0,0,0,0,0
PRJ-1B979BBA,2020-01-01,0.0,0.1823809523809523,0.09224,0.19943775100401606,0.0,0.3333333333333333,4.6,0.0,1.0067838805041232,0.2796799999999998,72,41.45454545454545,0,Sector_10,Ministry_8,Agency_6,0,0,0,0,0,0,0
PRJ-1C9FEF6A,2020-01-01,0.0,0.24536585365853664,0.2940495867768595,0.19334710743801653,0.0,0.2727272727272727,3.3666666666666667,0.0,1.048843145327295,1.6154545454545453,109,40.2,0,Sector_3,Ministry_6,Agency_28,0,0,0,0,0,0,0
PRJ-1CF9FA25,2020-01-01,15.016784788245467,0.07368231046931406,0.07368231046931406,0.07368231046931406,0.11236614853195165,1.0,26.166666666666668,0.0,0.8578369528605965,0.0,25,277.0,0,Sector_1,Ministry_1,Agency_46,0,0,0,0,0,1,1
PRJ-1DD32B30,2020-01-01,28.8264850843061,0.009218749999999998,0.009218749999999998,0.009218749999999998,0.197688679245283,1.0,12.0,0.0,2.067349788341437,0.0,91,128.0,0,Sector_8,Ministry_3,Agency_29,0,0,0,0,0,1,0
PRJ-1E0064D1,2020-01-01,38.470778588807775,0.0416,0.0416,0.0416,0.4709467455621302,1.0,2.6666666666666665,0.0,0.9656227489653275,0.0,42,100.0,0,Sector_8,Ministry_6,Agency_25,0,0,0,0,0,1,0
PRJ-1E3626BE,2020-01-01,3.757336814621411,-0.12703703703703703,0.2575925925925926,0.2575925925925926,0.2747101449275362,0.0,0.0,0.0,1.1834896007313076,0.0,26,27.0,0,Sector_20,Ministry_4,Agency_10,0,0,0,0,0,0,0
PRJ-1E4FAC13,2020-01-01,5.288821879382894,0.06659574468085107,0.054219858156028373,0.054219858156028373,0.07563541666666666,0.6666666666666666,29.033333333333335,0.0,0.960655617103384,0.0,43,141.0,0,Sector_13,Ministry_6,Agency_47,0,0,0,0,0,0,0
PRJ-1E8682AF,2020-01-01,6.524366035570857,0.06775609756097561,0.053552311435523116,0.053552311435523116,0.06368828654404646,1.0,3.1333333333333333,0.0,2.4875884874531953,0.0,94,205.5,0,Sector_18,Ministry_2,Agency_44,0,0,0,0,1,1,0
PRJ-1F039F74,2020-01-01,-0.6677419354838676,-0.19029411764705884,0.13095588235294117,0.13095588235294117,0.1229020979020979,0.0,0.0,0.0,1.1801894229401757,0.0,31,68.0,0,Sector_1,Ministry_3,Agency_4,0,0,0,0,0,0,0
PRJ-1F5F0384,2020-01-01,4.890000000000001,0.11942196531791906,0.06939306358381503,0.06939306358381503,0.08734234234234234,0.6666666666666666,23.766666666666666,0.0,0.951867892008709,0.0,66,173.0,0,Sector_18,Ministry_5,Agency_1,0,0,0,0,0,0,0
PRJ-1FAD7DA1,2020-01-01,0.0,0.17188679245283017,0.14235668789808914,0.18547770700636942,0.0,0.5,7.733333333333333,0.0,1.0284687672747375,0.11707006369426753,97,52.36363636363637,0,Sector_15,Ministry_9,Agency_16,0,0,0,0,0,0,0
PRJ-1FB8C950,2020-01-01,11.97513853904282,0.00551136363636364,0.00551136363636364,0.00551136363636364,0.07298494983277591,1.0,33.13333333333333,0.0,3.7196307457756834,0.0,40,176.0,0,Sector_11,Ministry_4,Agency_11,0,0,0,0,1,1,0
PRJ-1FE9A777,2020-01-01,7.657399527186762,0.027419354838709668,0.031908602150537625,0.031908602150537625,0.06613970588235295,0.3333333333333333,30.6,0.0,1.1573079569003937,0.0,46,186.0,0,Sector_1,Ministry_10,Agency_40,0,0,0,0,0,0,0
PRJ-20FD2724,2020-01-01,3.5624355300859634,0.042209302325581385,0.05113372093023256,0.05113372093023256,0.06036973344797937,0.3333333333333333,32.733333333333334,0.0,0.7203382774285096,0.0,67,172.0,0,Sector_11,Ministry_7,Agency_38,0,0,0,0,0,0,0
PRJ-21C6BC83,2020-01-01,4.5516765755053505,0.0,0.0,0.0,0.12631921824104234,1.0,1.1666666666666667,0.0,1.8502753102771026,0.0,52,0.0,0,Sector_7,Ministry_3,Agency_2,0,0,0,0,1,1,0
PRJ-21EAA46D,2020-01-01,-5.3871170084439015,0.059852216748768464,0.07636363636363636,0.07636363636363636,0.055148609779482265,0.3333333333333333,40.36666666666667,0.0,0.7341527573033789,0.0,5,203.5,0,Sector_20,Ministry_3,Agency_47,0,0,0,0,0,0,0
PRJ-225D4A6A,2020-01-01,-2.0425678119349016,0.11761363636363638,0.0915530303030303,0.11062499999999999,0.08600431965442765,0.42857142857142855,21.8,0.0,0.9111288770420224,2.773560606060606,27,88.0,0,Sector_4,Ministry_2,Agency_21,0,0,0,0,0,0,0
PRJ-22B5BAB8,2020-01-01,3.2273541963015653,0.0,0.0,0.0,0.07409007352941177,0.0,0.0,0.0,0.7307308900168009,0.0,91,0.0,0,Sector_13,Ministry_8,Agency_2,0,0,0,0,0,0,0
PRJ-239B28B9,2020-01-01,9.688156028368795,0.054085603112840476,0.054085603112840476,0.054085603112840476,0.08234669811320755,1.0,3.7333333333333334,0.0,0.8343399047871157,0.0,48,257.0,0,Sector_11,Ministry_6,Agency_32,0,0,0,0,0,1,1
PRJ-251E250C,2020-01-01,26.492619557458962,0.0,0.0,0.0,0.10017391304347825,1.0,32.86666666666667,0.0,2.7123522247895537,0.0,226,0.0,0,Sector_15,Ministry_6,Agency_47,0,0,0,0,0,1,0
PRJ-26120A09,2020-01-01,18.04380234505863,0.11217391304347825,0.11217391304347825,0.11217391304347825,0.1152972027972028,1.0,26.866666666666667,0.0,1.107281556656408,0.0,163,230.0,0,Sector_16,Ministry_10,Agency_27,0,0,0,0,0,0,0
PRJ-26700FE7,2020-01-01,16.1389646772229,0.06326007326007327,0.06326007326007327,0.06326007326007327,0.0784056399132321,1.0,39.63333333333333,0.0,1.123739382797966,0.0,175,273.0,0,Sector_19,Ministry_2,Agency_36,0,0,0,0,0,0,0
PRJ-27EB0162,2020-01-01,3.2418651892890153,0.19276595744680852,0.1046643109540636,0.09917989417989419,0.09845283018867924,0.4,17.266666666666666,0.0,0.9908241021784324,0.18844522968197874,81,94.5,0,Sector_7,Ministry_3,Agency_21,0,0,0,0,0,0,0
PRJ-28AC674B,2020-01-01,4.189436619718315,0.11282051282051281,0.10003205128205127,0.10003205128205127,0.09438543247344462,1.0,25.133333333333333,0.0,0.7783030245211268,0.0,10,156.0,0,Sector_2,Ministry_6,Agency_39,0,0,0,0,0,0,0
PRJ-28E48B4C,2020-01-01,-15.854006715165081,0.0,0.0,0.0,0.04531229012760242,0.0,0.0,0.0,1.2759337579507954,0.0,77,0.0,0,Sector_15,Ministry_4,Agency_25,0,0,0,0,0,0,1
PRJ-291C3F73,2020-01-01,0.0,0.20949999999999988,0.27216666666666667,0.2534,0.0,0.0,0.0,0.0,1.3083684794672585,2.005722222222222,32,60.0,0,Sector_14,Ministry_2,Agency_3,0,0,0,0,0,0,0
PRJ-29DB7F8C,2020-01-01,8.849999999999994,0.1877108433734941,0.14379032258064517,0.1325858585858586,999.0,1.0,10.4,0.0,1.0910144530210926,0.5586693548387096,18,82.57142857142857,1,Sector_16,Ministry_1,Agency_18,0,0,0,0,0,1,0
PRJ-2A7637BF,2020-01-01,-2.0296207584830483,0.2602272727272728,0.2814285714285715,0.23022471910112363,0.1215384615384614,0.3,2.6333333333333333,0.0,0.8926003924840062,0.09308270676691725,31,44.44444444444444,0,Sector_14,Ministry_7,Agency_18,0,0,0,0,0,0,0
PRJ-2AC154B0,2020-01-01,-0.3401624129930383,0.08673076923076922,0.08673076923076922,0.08673076923076922,0.05774849397590361,0.0,0.0,0.0,1.4080805681752053,0.0,84,156.0,0,Sector_18,Ministry_3,Agency_41,0,0,0,0,1,0,1
PRJ-2AFA55F8,2020-01-01,14.989999999999998,-0.0016431924882629174,-0.0016431924882629174,-0.0016431924882629174,0.0746416083916084,1.0,34.333333333333336,0.0,2.3803147684825183,0.0,55,213.0,0,Sector_16,Ministry_2,Agency_23,0,0,0,0,1,1,0
PRJ-2AFEAA6E,2020-01-01,4.310000000000002,0.13472000000000003,0.13050666666666666,0.13,999.0,0.4,5.9,0.0,1.0677011048074407,0.34895999999999994,87,125.0,0,Sector_14,Ministry_5,Agency_39,0,0,0,0,0,0,0
PRJ-2B12F427,2020-01-01,-15.525828607435422,0.11565891472868219,0.11565891472868219,0.11565891472868219,0.047297570850202426,0.0,0.0,0.0,0.8877479379869951,0.0,83,258.0,0,Sector_1,Ministry_8,Agency_46,0,0,0,0,0,0,1
PRJ-2B7BBAC0,2020-01-01,7.389999999999999,0.09317307692307694,0.09317307692307694,0.09317307692307694,0.08768191268191268,1.0,26.2,0.0,1.5003182097418453,0.0,81,104.0,0,Sector_20,Ministry_6,Agency_39,0,0,0,0,0,0,0
PRJ-2BB62091,2020-01-01,9.54607188703466,0.023625730994152043,0.05359649122807017,0.05359649122807017,0.0737788944723618,0.6666666666666666,37.166666666666664,0.0,1.111585257982056,0.0,50,171.0,0,Sector_6,Ministry_6,Agency_11,0,0,0,0,0,0,0
PRJ-2C9AC648,2020-01-01,-2.9512699905926603,0.0,0.0,0.0,0.09053892215568862,0.0,0.0,0.0,1.4605733347067167,0.0,80,0.0,0,Sector_1,Ministry_8,Agency_16,0,0,0,0,1,0,0
PRJ-2DF864D8,2020-01-01,-6.71690773067332,0.1915909090909091,0.1915909090909091,0.1915909090909091,0.05712509712509712,0.5,37.03333333333333,0.0,0.5477454346251629,0.0,53,132.0,0,Sector_19,Ministry_1,Agency_22,0,0,0,0,0,0,0
PRJ-2E16917E,2020-01-01,3.700000000000003,0.1458108108108107,0.1296380090497737,0.1367420814479638,999.0,0.3333333333333333,9.3,0.0,1.0522183930854898,1.5465158371040724,48,73.625,0,Sector_17,Ministry_3,Agency_44,0,0,0,0,0,0,0
PRJ-2E2A132D,2020-01-01,2.999774520856821,0.0,0.0,0.0,0.058349834983498355,1.0,1.9333333333333333,0.0,1.1449465119869182,0.0,54,0.0,0,Sector_6,Ministry_9,Agency_33,0,0,0,0,0,1,1
PRJ-2E9A8317,2020-01-01,50.95394160583941,0.024020618556701085,0.10697594501718213,0.10697594501718213,0.8274683544303798,1.0,6.866666666666666,0.0,1.5731184703279375,17.24642611683849,81,97.0,0,Sector_20,Ministry_4,Agency_6,0,0,0,0,1,1,0
PRJ-2F77C3D2,2020-01-01,-21.85737704918032,0.19089473684210526,0.15202631578947368,0.15202631578947368,0.04109742441209407,1.0,35.233333333333334,0.0,0.7739628592709162,0.0,62,190.0,0,Sector_18,Ministry_4,Agency_27,0,0,0,0,0,1,1
PRJ-2FC78E7A,2020-01-01,38.859677419354846,0.0,0.0,0.0,0.36159793814432994,1.0,3.6333333333333333,0.0,0.872961891387352,0.0,193,0.0,0,Sector_20,Ministry_4,Agency_21,0,0,0,0,0,1,0
PRJ-31B1A139,2020-01-01,2.5746800258564946,0.07704819277108434,0.07704819277108434,0.07704819277108434,0.06692375886524822,0.0,0.0,0.0,0.45042200248830433,0.0,87,166.0,0,Sector_20,Ministry_4,Agency_11,0,0,0,0,0,0,0
PRJ-31B5A733,2020-01-01,1.5253731343283476,0.22134615384615394,0.21703225806451618,0.16348387096774195,0.19917355371900822,0.625,3.7333333333333334,0.0,1.1158601517070699,0.9923225806451613,2,51.714285714285715,0,Sector_12,Ministry_3,Agency_21,0,0,0,0,0,0,0
PRJ-31BB64B5,2020-01-01,20.040665571076417,0.0,0.0,0.0,0.11059574468085107,1.0,2.2333333333333334,0.0,1.6244912927218214,0.0,202,0.0,0,Sector_11,Ministry_9,Agency_9,0,0,0,0,1,1,0
PRJ-334354C8,2020-01-01,4.806019777503092,0.038164556962025316,0.038164556962025316,0.038164556962025316,0.06585016835016835,0.0,0.0,0.0,1.0795013973026324,0.0,115,158.0,0,Sector_18,Ministry_7,Agency_19,0,0,0,0,0,0,0
PRJ-339CAAFB,2020-01-01,2.9689743589743642,0.1501612903225807,0.12654986522911052,0.1461818181818182,0.16397590361445782,0.2,15.666666666666666,135.42961073202886,2.212529935927217,4.673450134770889,79,123.75,0,Sector_7,Ministry_2,Agency_17,0,0,0,0,1,0,0
PRJ-33D45E07,2020-01-01,-0.44362555720653774,0.018124999999999978,0.018124999999999978,0.018124999999999978,0.07389090909090909,0.0,0.0,0.0,2.539222680456945,0.0,23,112.0,0,Sector_8,Ministry_3,Agency_12,0,0,0,0,1,0,1
PRJ-344BD353,2020-01-01,15.300916620651577,0.0,0.0,0.0,0.06861646234676007,1.0,2.8,0.0,0.8176967523111149,0.0,223,0.0,0,Sector_18,Ministry_4,Agency_15,0,0,0,0,0,1,1
PRJ-34DFFEA1,2020-01-01,9.088626790227465,0.1032692307692308,0.09955414012738853,0.07627862595419847,0.10362473347547975,0.6666666666666666,22.4,0.0,2.299333765256176,0.29891719745222933,90,104.8,0,Sector_17,Ministry_5,Agency_4,0,0,0,0,1,0,0
PRJ-3515C27A,2020-01-01,-0.6704103479036583,0.1126605504587156,0.06831050228310502,0.06831050228310502,0.08836065573770491,1.0,1.6,0.0,0.716912130152246,0.0,0,109.5,0,Sector_1,Ministry_4,Agency_19,0,0,0,0,0,1,0
PRJ-3545ABA2,2020-01-01,1.3726199261992633,0.13618181818181818,0.13618181818181818,0.13618181818181818,0.0755470737913486,0.5,31.666666666666668,0.0,0.8093412911927861,0.0,129,220.0,0,Sector_10,Ministry_4,Agency_18,0,0,0,0,0,0,0
PRJ-3568CDCD,2020-01-01,0.8435068054443562,0.028684210526315784,0.09621145374449339,0.09621145374449339,0.08102040816326532,0.3333333333333333,26.866666666666667,0.0,1.0471774550644626,0.0,27,113.5,0,Sector_15,Ministry_5,Agency_28,0,0,0,0,0,0,0
PRJ-37334AF8,2020-01-01,0.0,0.1410588235294117,0.2651778656126482,0.25525222551928783,0.0,0.6,6.933333333333334,0.0,0.9013364177315737,1.6158102766798417,46,84.25,0,Sector_5,Ministry_8,Agency_3,0,0,0,0,0,0,0
PRJ-37942019,2020-01-01,7.610907759882869,0.0,0.0,0.0,0.07975064488392089,1.0,32.03333333333333,0.0,1.54381961036028,0.0,9,0.0,0,Sector_8,Ministry_10,Agency_16,0,0,0,0,0,0,0
PRJ-37C038E5,2020-01-01,2.450909090909093,0.10461077844311377,0.10461077844311377,0.10461077844311377,0.07518555667001003,0.5,32.13333333333333,0.0,1.1156161979136743,0.0,45,167.0,0,Sector_9,Ministry_3,Agency_41,0,0,0,0,0,0,0
PRJ-38B36CEC,2020-01-01,15.69013468013468,0.016374501992031863,0.016374501992031863,0.016374501992031863,0.06959621993127148,0.5,36.43333333333333,0.0,2.2606420023967244,0.0,116,251.0,0,Sector_19,Ministry_6,Agency_43,0,0,0,0,1,0,0
PRJ-392F048F,2020-01-01,8.129209225700164,0.0,0.0,0.0,0.06027009222661396,1.0,44.2,0.0,0.7534363413847709,0.0,121,0.0,0,Sector_18,Ministry_9,Agency_17,0,0,0,0,0,1,0
PRJ-39538ACD,2020-01-01,-0.06241379310345252,0.12198019801980198,0.09194719471947195,0.0962970297029703,0.08609403254972875,0.6666666666666666,24.166666666666668,0.0,0.9216859334187829,0.3801320132013202,1,101.0,0,Sector_9,Ministry_10,Agency_17,0,0,0,0,0,0,0
PRJ-396D9FD3,2020-01-01,27.880760697305867,0.0185632183908046,0.01232758620689655,0.01232758620689655,0.12335443037974685,1.0,21.6,0.0,1.404449820631168,0.0,109,174.0,0,Sector_4,Ministry_4,Agency_11,0,0,0,0,0,1,0
PRJ-39C43D2D,2020-01-01,-3.8125065274151453,0.13880733944954127,0.13880733944954127,0.13880733944954127,0.06143863179074447,0.5,36.8,0.0,0.8440151628067261,0.0,103,218.0,0,Sector_1,Ministry_1,Agency_26,0,0,0,0,0,0,0
PRJ-3A1E4EF9,2020-01-01,-0.0020168067226933317,0.21862745098039219,0.18363636363636365,0.18363636363636365,0.16806201550387595,0.75,7.033333333333333,0.0,0.9616803591008071,4.611948051948052,3,51.333333333333336,0,Sector_8,Ministry_2,Agency_34,0,0,0,0,0,0,0
PRJ-3A3C2252,2020-01-01,7.187894736842111,0.11528301886792451,0.13040880503144653,0.12243396226415094,0.166875,0.5,16.966666666666665,0.0,1.0212635437348094,3.9207547169811314,75,106.0,0,Sector_1,Ministry_5,Agency_25,0,0,0,0,0,0,0
PRJ-3C54A260,2020-01-01,1.3463494132985687,0.15146666666666667,0.09799107142857144,0.13093749999999998,0.14550561797752812,0.5555555555555556,13.033333333333333,0.0,1.1086716815520783,2.2913839285714284,6,74.75,0,Sector_4,Ministry_9,Agency_23,0,0,0,0,0,0,0
PRJ-3C57CFF4,2020-01-01,29.093723554301828,0.02184615384615384,0.02184615384615384,0.02184615384615384,0.10532296650717703,1.0,32.0,0.0,1.2487849803849904,0.0,193,195.0,0,Sector_7,Ministry_5,Agency_31,0,0,0,0,1,1,0
PRJ-3C6EA67A,2020-01-01,0.0,0.19671641791044786,0.2064,0.16741854636591477,0.0,0.625,8.566666666666666,0.0,0.9370306002110359,0.56625,137,66.42857142857143,0,Sector_13,Ministry_1,Agency_41,0,0,0,0,0,0,0
PRJ-3CE05A51,2020-01-01,-0.7999555061179109,0.10964646464646464,0.05287878787878789,0.05287878787878789,0.05492173913043478,0.3333333333333333,38.63333333333333,0.0,0.8102798662271605,0.0,55,198.0,0,Sector_17,Ministry_10,Agency_33,0,0,0,0,0,0,0
PRJ-3D5467C4,2020-01-01,-0.9681818181818151,0.20126436781609194,0.20126436781609194,0.20126436781609194,0.09871794871794871,0.5,19.333333333333332,0.0,1.3852118895882808,0.0,9,87.0,0,Sector_15,Ministry_10,Agency_23,0,0,0,0,0,0,0
PRJ-3D7B0D86,2020-01-01,-1.193815461346631,0.21642105263157896,0.16389473684210526,0.1327894736842105,0.11047619047619049,0.42857142857142855,10.733333333333333,100.57757099310123,1.792353154725474,0.1305614035087719,54,95.0,0,Sector_2,Ministry_9,Agency_14,0,0,0,0,1,0,0
PRJ-3F4B3BF8,2020-01-01,15.347692307692306,0.0,0.0,0.0,0.09316402116402116,1.0,30.133333333333333,0.0,3.918555578469115,0.0,139,0.0,0,Sector_12,Ministry_5,Agency_41,0,0,0,0,1,0,0
PRJ-40528244,2020-01-01,14.188555643251771,-0.0017763157894736814,0.07573770491803279,0.07573770491803279,0.09874301675977654,0.6666666666666666,28.966666666666665,0.0,2.9045127277160283,0.0,94,152.5,0,Sector_4,Ministry_10,Agency_14,0,0,0,0,1,0,0
PRJ-40597AFC,2020-01-01,7.573472584856399,0.0,0.0,0.0,0.0950210970464135,1.0,25.066666666666666,0.0,0.5109064553194301,0.0,75,0.0,0,Sector_14,Ministry_10,Agency_41,0,0,0,0,1,0,0
PRJ-408C557F,2020-01-01,-2.968448275862066,0.11083333333333334,0.15420689655172412,0.15420689655172412,0.10166324435318275,0.25,18.5,0.0,1.4055545322991483,0.3421379310344828,55,96.66666666666667,0,Sector_5,Ministry_5,Agency_35,0,0,0,0,1,0,0
PRJ-412969CF,2020-01-01,4.170000000000002,0.022236842105263128,0.13511013215859033,0.14779249448123621,999.0,0.25,6.966666666666667,33.7220628821906,1.4575547503355988,0.9734801762114538,54,75.42857142857143,0,Sector_10,Ministry_9,Agency_44,0,0,0,0,1,0,0
PRJ-4136A1B9,2020-01-01,8.165911602209945,0.09382352941176478,0.09614379084967321,0.14198039215686276,0.2365060240963855,0.6666666666666666,13.7,0.0,0.9951143634406879,0.18996732026143792,30,102.0,0,Sector_15,Ministry_1,Agency_19,0,0,0,0,0,0,0
PRJ-4157D528,2020-01-01,2.6627983539094657,0.16713286713286712,0.14709302325581394,0.14709302325581394,0.16580645161290325,0.0,0.0,0.0,0.932907881943252,0.24551162790697673,63,143.33333333333334,0,Sector_14,Ministry_7,Agency_45,0,0,0,0,0,0,0
PRJ-423A1F66,2020-01-01,12.246293550778354,0.14024844720496893,-0.022049689440993794,-0.022049689440993794,0.09063342318059299,1.0,27.0,0.0,0.6753966345437236,0.0,124,161.0,0,Sector_11,Ministry_2,Agency_10,0,0,0,0,0,1,0
PRJ-4260115E,2020-01-01,43.75,0.19134328358208955,0.09684999999999999,0.09684999999999999,999.0,1.0,10.066666666666666,0.0,0.8341611220441696,0.9495999999999999,67,133.33333333333334,1,Sector_10,Ministry_7,Agency_6,0,0,0,0,0,1,1
PRJ-4264E760,2020-01-01,5.85417565485362,0.052624113475177293,0.058794326241134745,0.058794326241134745,0.08446134347275032,0.0,0.0,0.0,1.1398232754919106,0.0,87,141.0,0,Sector_19,Ministry_1,Agency_20,0,0,0,0,1,0,0
PRJ-42C4ACCA,2020-01-01,2.511737677527151,0.0,0.0,0.0,0.08590951932139491,0.0,0.0,0.0,1.1686562514017207,0.0,40,0.0,0,Sector_9,Ministry_2,Agency_38,0,0,0,0,1,0,0
PRJ-43580FA9,2020-01-01,13.836454352441613,0.14164556962025315,0.09961904761904762,0.09961904761904762,0.14266490765171505,1.0,16.433333333333334,0.0,1.5977911099193869,0.0,91,157.5,0,Sector_6,Ministry_4,Agency_26,0,0,0,0,1,1,0
PRJ-446257CD,2020-01-01,16.452539682539683,0.0,0.0,0.0,0.09935601458080194,1.0,3.3666666666666667,0.0,1.1331279668206613,0.0,126,0.0,0,Sector_11,Ministry_7,Agency_12,0,0,0,0,0,1,1
PRJ-44734B87,2020-01-01,-3.3811111111111103,0.14089552238805966,0.217029702970297,0.17828784119106697,0.13330827067669176,0.7142857142857143,9.666666666666666,136.0616593941827,2.2925413997191746,10.545891089108911,27,67.16666666666667,0,Sector_8,Ministry_5,Agency_7,0,0,0,0,1,0,0
PRJ-44B826C9,2020-01-01,10.303594132029332,0.06666666666666668,0.1351319648093842,0.11528634361233481,0.18915584415584413,0.6,13.5,0.0,0.9815523118769605,0.12448680351906156,97,113.5,0,Sector_15,Ministry_2,Agency_13,0,0,0,0,0,0,0
PRJ-44BA8B3A,2020-01-01,14.394384121424398,0.05,0.05,0.05,0.07125223613595706,1.0,41.96666666666667,0.0,1.3864003121022905,0.0,174,211.0,0,Sector_10,Ministry_9,Agency_35,0,0,0,0,0,0,0
PRJ-44CB5C3F,2020-01-01,29.926485384092455,0.0,0.0,0.0,0.10730617608409987,1.0,34.233333333333334,0.0,1.3769016570792474,0.0,288,0.0,0,Sector_4,Ministry_10,Agency_25,0,0,0,0,0,1,0
PRJ-452BF0ED,2020-01-01,14.887833047455686,0.0,0.0,0.0,0.07106343283582091,1.0,4.166666666666667,0.0,0.26173481635323215,0.0,203,0.0,0,Sector_13,Ministry_10,Agency_22,0,0,0,0,0,1,1
PRJ-459491DD,2020-01-01,1.25,0.12877358490566043,0.17075949367088608,0.19273159144893112,999.0,0.2,10.2,0.0,0.968200061747453,0.16955696202531648,103,105.25,0,Sector_19,Ministry_8,Agency_18,0,0,0,0,0,0,0
PRJ-46C5DB9C,2020-01-01,11.056148867313922,0.08552631578947359,0.16421052631578947,0.14394736842105263,0.25550847457627124,0.5,6.9,0.0,1.0814036986725972,0.8283771929824562,44,76.0,0,Sector_15,Ministry_4,Agency_37,0,0,0,0,0,0,0
PRJ-47087CDA,2020-01-01,-3.2160167714884693,0.0,0.0,0.0,0.06722772277227723,0.0,0.0,0.0,0.9228458912562946,0.0,65,0.0,0,Sector_14,Ministry_4,Agency_28,0,0,0,0,1,0,1
PRJ-48126C63,2020-01-01,0.0,0.5936111111111112,0.21869158878504677,0.27845794392523365,0.0,0.2727272727272727,1.1333333333333333,0.0,0.8885612673779503,1.2004672897196267,216,35.7,0,Sector_8,Ministry_6,Agency_26,0,0,0,0,0,0,0
PRJ-482D1542,2020-01-01,27.31889502762431,-0.0012195121951219686,0.03789473684210526,0.03789473684210526,0.1645940594059406,1.0,15.666666666666666,0.0,1.234735945842265,0.0,30,123.5,0,Sector_17,Ministry_3,Agency_14,0,0,0,0,0,1,0
PRJ-487F6095,2020-01-01,2.7859952038369276,0.0,0.0,0.0,0.08263565891472868,1.0,1.8,0.0,2.4664696059431974,0.0,9,0.0,0,Sector_12,Ministry_1,Agency_5,0,0,0,0,1,1,1
PRJ-48AF4F3B,2020-01-01,10.37463884430177,-0.030877192982456104,0.12631578947368421,0.13302631578947371,0.1971731448763251,0.4,6.566666666666666,0.0,1.1453737115908609,1.0755555555555556,55,57.0,0,Sector_2,Ministry_4,Agency_4,0,0,0,0,0,0,0
PRJ-490322FD,2020-01-01,10.28300405953992,0.07369718309859155,0.07369718309859155,0.07369718309859155,0.08079182630906769,1.0,34.43333333333333,0.0,1.1072168154975763,0.0,127,284.0,0,Sector_6,Ministry_10,Agency_15,0,0,0,0,0,0,0
PRJ-4954BA98,2020-01-01,20.209265426052887,0.0,0.0,0.0,0.12875,1.0,22.233333333333334,0.0,1.5282196228259401,0.0,64,0.0,0,Sector_12,Ministry_8,Agency_39,0,0,0,0,1,1,1
PRJ-496EE168,2020-01-01,6.118095238095236,0.0,0.0,0.0,0.25757961783439487,0.0,0.0,0.0,0.9356153265978588,0.0,48,0.0,0,Sector_15,Ministry_2,Agency_6,0,0,0,0,0,0,0
PRJ-49B6E0A7,2020-01-01,-2.4305031446540895,0.28731343283582084,0.18641791044776118,0.18641791044776118,0.15143198090692125,0.3333333333333333,8.5,0.0,1.5613250259482774,0.0,16,67.0,0,Sector_9,Ministry_2,Agency_18,0,0,0,0,1,0,0
PRJ-49DF9313,2020-01-01,2.2470068027210814,0.10054393305439333,0.10054393305439333,0.10054393305439333,0.07068639053254437,0.5,34.833333333333336,0.0,2.493670932131987,0.0,147,239.0,0,Sector_6,Ministry_3,Agency_49,0,0,0,0,1,0,0
PRJ-4B50A7FC,2020-01-01,7.542280494991161,0.07401913875598086,0.07401913875598086,0.07401913875598086,0.0654917319408181,1.0,41.5,0.0,1.068360767284244,0.0,131,209.0,0,Sector_17,Ministry_8,Agency_11,0,0,0,0,0,0,0
PRJ-4B9A3D85,2020-01-01,9.357276507276506,-0.008846153846153863,0.07547770700636941,0.07547770700636941,0.11718528995756718,0.6666666666666666,17.4,0.0,1.8746819140960242,0.0,20,78.5,0,Sector_13,Ministry_2,Agency_18,0,0,0,0,0,0,0
PRJ-4B9E3176,2020-01-01,52.85891891891892,0.0,0.0,0.0,0.6082608695652174,1.0,6.866666666666666,0.0,0.5538360706535991,0.0,141,0.0,0,Sector_19,Ministry_4,Agency_23,0,0,0,0,0,1,0
PRJ-4BA386DB,2020-01-01,29.16824945295405,-0.03945945945945948,0.05011976047904191,0.06057450628366247,0.23405982905982908,1.0,18.266666666666666,0.0,1.3294086937747531,0.862994011976048,12,111.4,1,Sector_5,Ministry_8,Agency_23,0,0,0,0,0,1,0
PRJ-4BD1A64C,2020-01-01,0.0,0.044838709677419375,0.2647826086956522,0.2892896174863388,0.0,0.0,0.0,97.83274299093473,2.000480278561566,0.991739130434783,166,30.545454545454547,0,Sector_16,Ministry_3,Agency_34,0,0,0,0,1,0,0
PRJ-4BD744AD,2020-01-01,8.847437070938216,0.1495081967213115,0.1495081967213115,0.1495081967213115,0.26136029411764705,0.0,0.0,0.0,0.9365890070278797,0.0,44,61.0,0,Sector_6,Ministry_6,Agency_13,0,0,0,0,0,0,0
PRJ-4BFF381C,2020-01-01,17.018934624697337,0.06322981366459628,0.06322981366459628,0.06322981366459628,0.16217391304347825,1.0,13.366666666666667,0.0,0.8990873313846306,0.0,90,161.0,0,Sector_18,Ministry_1,Agency_40,0,0,0,0,0,1,0
PRJ-4C72AE2B,2020-01-01,11.36429906542056,0.0,0.0,0.0,0.2661142857142857,1.0,3.7,0.0,1.5960554899078596,0.0,33,0.0,0,Sector_8,Ministry_6,Agency_38,0,0,0,0,0,0,0
PRJ-4CD91C36,2020-01-01,-0.30014925373134815,0.2663725490196079,0.2015686274509804,0.2015686274509804,0.1475287356321839,0.75,12.633333333333333,0.0,0.8934263243177695,6.960392156862746,88,102.0,0,Sector_10,Ministry_6,Agency_6,0,0,0,0,0,0,0
PRJ-4D0C3AA4,2020-01-01,23.419133378469873,0.0,0.0,0.0,0.08992409867172675,1.0,35.1,0.0,1.2071172153642284,0.0,153,0.0,0,Sector_4,Ministry_4,Agency_41,0,0,0,0,0,1,0
PRJ-4DA4A1F3,2020-01-01,42.980000000000004,0.12193548387096773,0.06443548387096774,0.06443548387096774,0.5237579617834395,0.6666666666666666,0.9666666666666667,0.0,3.3020683685453265,0.0,57,62.0,0,Sector_12,Ministry_1,Agency_45,0,0,0,0,1,1,0
PRJ-4ECA2428,2020-01-01,-1.8994520547945228,0.1829245283018868,0.1729245283018868,0.1729245283018868,0.16366533864541832,0.6666666666666666,7.7,0.0,0.8772750168449525,0.0,15,106.0,0,Sector_1,Ministry_1,Agency_41,0,0,0,0,0,0,0
PRJ-4EE3CD50,2020-01-01,-1.4767932489451567,0.4152380952380952,0.2780952380952381,0.2308764940239044,0.0,0.5,4.233333333333333,0.0,0.9431749916564691,0.995,49,41.888888888888886,0,Sector_6,Ministry_7,Agency_31,0,0,0,0,0,0,0
PRJ-4F1DD887,2020-01-01,34.157230443974626,0.0686635944700461,0.06930715935334873,0.06930715935334873,0.24179282868525895,1.0,20.033333333333335,0.0,1.4895845368404226,0.0,46,216.5,0,Sector_17,Ministry_2,Agency_38,0,0,0,0,1,1,0
PRJ-4F21AF9D,2020-01-01,19.943851091142495,-0.009200000000000017,-0.009200000000000017,-0.009200000000000017,0.1732882882882883,0.5,12.333333333333334,0.0,3.6739308830938913,0.0,85,125.0,0,Sector_16,Ministry_1,Agency_39,0,0,0,0,1,0,0
PRJ-4F3DD2BB,2020-01-01,-15.207167630057796,0.13142011834319528,0.10326086956521739,0.10326086956521739,0.049658246656760774,0.0,0.0,0.0,1.0623479104684141,2.5067391304347826,37,168.66666666666666,0,Sector_18,Ministry_1,Agency_20,0,0,0,0,0,0,1
PRJ-4F48552F,2020-01-01,8.903742478941034,0.0,0.0,0.0,0.06679821295606851,1.0,40.5,0.0,2.2877598121345475,0.0,8,0.0,0,Sector_12,Ministry_5,Agency_29,0,0,0,0,1,1,1
PRJ-4F5EE5DD,2020-01-01,5.192033898305077,0.1095588235294118,0.12793103448275864,0.14562130177514793,0.14701923076923076,0.6666666666666666,12.266666666666667,0.0,1.0535940368509062,4.3117241379310345,50,67.6,0,Sector_5,Ministry_8,Agency_16,0,0,0,0,0,0,0
PRJ-4F9F4D2C,2020-01-01,0.11457627118643643,-0.22187499999999996,0.13055172413793104,0.13055172413793104,0.08490358126721763,0.25,24.066666666666666,0.0,0.8269042394187144,0.4050689655172414,68,96.66666666666667,0,Sector_20,Ministry_6,Agency_29,0,0,0,0,0,0,0
PRJ-4FBECD3C,2020-01-01,16.686551724137928,0.0,0.0,0.0,0.2117688679245283,1.0,0.8333333333333334,0.0,1.2174015917146517,0.0,73,0.0,0,Sector_4,Ministry_4,Agency_45,0,0,0,0,0,1,0
PRJ-50128115,2020-01-01,22.16288009888752,0.07555555555555557,0.07555555555555557,0.07555555555555557,0.16427522935779817,1.0,13.533333333333333,0.0,2.432563840439454,0.0,85,90.0,0,Sector_18,Ministry_1,Agency_27,0,0,0,0,1,1,0
PRJ-5140ECEF,2020-01-01,-5.451642619311883,0.19987012987012998,0.12822510822510824,0.12322510822510824,0.09116363636363634,0.625,14.6,0.0,0.8732270125452972,0.22753246753246753,11,77.0,0,Sector_11,Ministry_4,Agency_41,0,0,0,0,0,0,0
PRJ-514EF7D1,2020-01-01,9.732620320855617,0.03355932203389837,0.2774576271186441,0.2457627118644068,10.0,0.16666666666666666,2.2333333333333334,0.0,1.164588418992325,0.7993785310734464,19,59.0,0,Sector_11,Ministry_5,Agency_42,0,0,0,0,0,0,0
PRJ-51611235,2020-01-01,2.240868113522538,0.0,0.0,0.0,0.1712213740458015,0.0,0.0,0.0,2.607452575406182,0.0,27,0.0,0,Sector_3,Ministry_3,Agency_7,0,0,0,0,1,0,0
PRJ-5166DA51,2020-01-01,6.941445783132529,0.07,0.07,0.07,0.06584342211460856,1.0,40.43333333333333,0.0,1.0892740730566044,0.0,18,202.0,0,Sector_6,Ministry_4,Agency_30,0,0,0,0,0,0,0
PRJ-518CE72A,2020-01-01,1.1741786743515874,0.31136986301369857,0.17986238532110088,0.16797250859106527,0.1482857142857143,0.6,11.566666666666666,0.0,1.8876648971291123,1.4653669724770642,51,72.75,0,Sector_11,Ministry_10,Agency_23,0,0,0,0,1,0,0
PRJ-5228EC95,2020-01-01,-10.3697687535251,0.178843537414966,0.08448979591836736,0.08448979591836736,0.04714285714285714,0.5,38.266666666666666,0.0,0.5949826041743003,0.03802721088435375,65,147.0,0,Sector_16,Ministry_4,Agency_13,0,0,0,0,0,0,1
PRJ-5284A313,2020-01-01,13.597810383747174,0.11404255319148934,0.12106007067137808,0.12106007067137808,0.1492245989304813,1.0,18.633333333333333,0.0,1.2082654084550128,0.0,88,141.5,0,Sector_5,Ministry_4,Agency_15,0,0,0,0,0,0,0
PRJ-52FFFBCA,2020-01-01,15.391140583554378,0.0,0.0,0.0,0.08211498973305956,0.0,0.0,0.0,1.0489088840711895,0.0,238,0.0,0,Sector_15,Ministry_8,Agency_12,0,0,0,0,0,0,0
PRJ-5384468A,2020-01-01,2.947904451682952,0.17,0.12341584158415843,0.12341584158415843,0.11376760563380282,1.0,2.4,0.0,0.8950904504769939,0.0,51,101.0,0,Sector_17,Ministry_4,Agency_14,0,0,0,0,0,1,1
PRJ-53F79567,2020-01-01,16.573071161048688,0.06358823529411765,0.06996078431372549,0.06996078431372549,0.13866847826086956,1.0,23.533333333333335,0.0,1.0034344075438995,3.4221372549019606,20,170.0,1,Sector_8,Ministry_1,Agency_2,0,0,0,0,0,1,0
PRJ-546FD272,2020-01-01,6.709885057471265,0.047671957671957664,0.06277777777777778,0.06277777777777778,0.06342502218278616,1.0,42.56666666666667,0.0,1.1332321135082668,0.0,46,189.0,0,Sector_16,Ministry_5,Agency_33,0,0,0,0,0,0,0
PRJ-54FBD235,2020-01-01,5.918497409326427,0.03971014492753624,0.07431159420289854,0.07431159420289854,0.09440816326530613,1.0,2.2,0.0,2.4466092905100836,0.0,10,138.0,0,Sector_4,Ministry_8,Agency_42,0,0,0,0,1,1,0
PRJ-5545FCAF,2020-01-01,12.11680608365019,0.2263809523809524,0.18270700636942677,0.18270700636942677,0.6228571428571428,0.5,6.533333333333333,137.9190683013814,2.1202149917987225,4.872420382165605,80,104.66666666666667,0,Sector_17,Ministry_10,Agency_35,0,0,0,0,1,0,0
PRJ-55485582,2020-01-01,-7.291787819253436,0.44536585365853665,0.22224000000000002,0.22224000000000002,0.17476190476190476,0.25,3.3666666666666667,0.0,2.097194408078774,10.041120000000001,7,41.666666666666664,0,Sector_7,Ministry_2,Agency_5,0,0,0,0,1,0,0
PRJ-56320447,2020-01-01,10.140663780663779,0.2177083333333333,0.15226480836236936,0.15226480836236936,0.1847011952191235,0.75,12.8,0.0,2.167027740144561,1.178362369337979,60,95.66666666666667,0,Sector_12,Ministry_3,Agency_24,0,0,0,0,1,0,0
PRJ-56844082,2020-01-01,5.207108433734938,0.04685082872928177,0.04685082872928177,0.04685082872928177,0.06438345266507559,1.0,40.2,0.0,1.452770919519976,0.0,42,181.0,0,Sector_2,Ministry_10,Agency_39,0,0,0,0,0,0,0
PRJ-56BF3453,2020-01-01,2.3755393586005837,0.0,0.0,0.0,0.060198886237072396,0.0,0.0,0.0,0.7215340298281824,0.0,119,0.0,0,Sector_6,Ministry_7,Agency_30,0,0,0,0,0,0,0
PRJ-5707498B,2020-01-01,6.089959100204499,0.0,0.0,0.0,0.10903118040089087,1.0,17.9,0.0,3.1039219806076748,0.0,0,0.0,0,Sector_12,Ministry_7,Agency_39,0,0,0,0,0,0,0
PRJ-57D943CB,2020-01-01,8.996469428007892,0.09918032786885245,0.09918032786885245,0.09918032786885245,0.22294285714285714,0.5,5.7,0.0,1.1919654803094089,0.0,35,61.0,0,Sector_11,Ministry_9,Agency_11,0,0,0,0,0,0,0
PRJ-57FBF9C9,2020-01-01,2.768070175438595,0.11350000000000002,0.07758278145695365,0.07874751491053678,0.09326653306613227,0.5,16.2,0.0,1.0547057678753222,0.17360927152317884,38,100.6,0,Sector_18,Ministry_3,Agency_35,0,0,0,0,0,0,0
PRJ-57FDD8F9,2020-01-01,-0.20069182389937623,0.15627450980392157,0.10359477124183007,0.07365196078431374,0.07833566433566433,0.4,24.333333333333332,0.0,2.0541013880821666,1.6201633986928106,47,102.0,0,Sector_2,Ministry_7,Agency_18,0,0,0,0,1,0,0
PRJ-581AE31F,2020-01-01,14.052125107112257,0.0,0.0,0.0,0.10354510800508258,1.0,0.7,0.0,1.3769363730666222,0.0,165,0.0,0,Sector_5,Ministry_9,Agency_33,0,0,0,0,0,1,0
PRJ-582BD5FB,2020-01-01,2.624664723032069,0.034690265486725665,0.034690265486725665,0.034690265486725665,0.0752423698384201,0.5,27.133333333333333,0.0,0.9399502967922714,0.0,33,113.0,0,Sector_12,Ministry_2,Agency_31,0,0,0,0,0,0,0
PRJ-58A658AE,2020-01-01,-6.515806253832007,0.1078,0.1078,0.1078,0.05588676103247294,0.5,39.6,0.0,0.8923362057678909,0.0,30,200.0,0,Sector_6,Ministry_9,Agency_23,0,0,0,0,1,0,0
PRJ-58BD4A5D,2020-01-01,3.0375263774912113,0.0,0.0,0.0,0.060866666666666666,0.0,0.0,0.0,0.5233625224900853,0.0,168,0.0,0,Sector_18,Ministry_6,Agency_13,0,0,0,0,0,0,0
PRJ-58C7E6EA,2020-01-01,-0.013483822422873715,0.0,0.0,0.0,0.07523178807947019,0.0,0.0,0.0,1.0594240058807056,0.0,53,0.0,0,Sector_8,Ministry_4,Agency_16,0,0,0,0,0,0,0
PRJ-591A595B,2020-01-01,14.007272727272728,0.18413793103448275,0.18413793103448275,0.18413793103448275,0.2401449275362319,0.0,0.0,0.0,1.2649169800291447,0.0,78,87.0,0,Sector_18,Ministry_3,Agency_25,0,0,0,0,0,0,0
PRJ-5A06AC04,2020-01-01,-0.8210416666666731,0.13801652892561986,0.11684647302904565,0.11684647302904565,0.12809768637532135,0.0,0.0,0.0,0.8841522719316182,0.0,18,120.5,0,Sector_9,Ministry_1,Agency_11,0,0,0,0,0,0,0
PRJ-5A682285,2020-01-01,0.5843516873889882,0.0,0.0,0.0,0.059608247422680415,0.0,0.0,0.0,1.0150851482383367,0.0,86,0.0,0,Sector_12,Ministry_1,Agency_16,0,0,0,0,0,0,1
PRJ-5AA3A651,2020-01-01,5.20299790356394,0.09331632653061224,0.09331632653061224,0.09331632653061224,0.07588235294117646,0.0,0.0,0.0,1.0544602904798883,0.0,172,196.0,0,Sector_15,Ministry_4,Agency_47,0,0,0,0,1,0,0
PRJ-5AC17547,2020-01-01,2.825080113100846,0.12499999999999997,0.09898437499999999,0.09898437499999999,0.09900673400673402,0.0,0.0,0.0,0.8321034463746556,0.0,84,128.0,0,Sector_10,Ministry_9,Agency_27,0,0,0,0,0,0,0
PRJ-5AE243FF,2020-01-01,12.083333333333329,0.0,0.0,0.0,0.12867647058823528,1.0,1.1,0.0,0.5713334909667306,0.0,120,0.0,0,Sector_3,Ministry_6,Agency_30,0,0,0,0,0,1,0
PRJ-5B969DA6,2020-01-01,32.15303341902313,0.01832460732984293,0.01832460732984293,0.01832460732984293,0.23028481012658228,1.0,12.3,0.0,1.350005356700818,0.0,81,191.0,0,Sector_2,Ministry_3,Agency_16,0,0,0,0,0,1,0
PRJ-5CADE5A0,2020-01-01,16.428067632850237,0.10850746268656719,0.12330855018587361,0.12330855018587361,0.173258785942492,1.0,17.0,0.0,0.9767747373521021,0.0,112,134.5,0,Sector_17,Ministry_4,Agency_46,0,0,0,0,0,0,0
PRJ-5E5C7B55,2020-01-01,-4.9578387650085745,0.159787234042553,0.1785106382978723,0.20624113475177303,0.14428571428571432,0.625,5.833333333333333,37.56030177451917,1.4099803054075444,3.5415602836879434,26,47.0,0,Sector_15,Ministry_7,Agency_30,0,0,0,0,1,0,0
PRJ-5EDF85B7,2020-01-01,-2.7723913043478277,0.21967741935483867,0.09646739130434782,0.14725490196078433,0.12827397260273973,0.6666666666666666,10.5,0.0,0.8823394157118822,0.30826086956521737,4,61.2,0,Sector_6,Ministry_4,Agency_19,0,0,0,0,0,0,0
PRJ-5F6E7BFE,2020-01-01,54.41,0.09778409090909093,0.08826210826210827,0.08826210826210827,999.0,1.0,9.766666666666667,0.0,0.962325657304136,0.0,66,175.5,0,Sector_14,Ministry_8,Agency_45,0,0,0,0,0,1,0
PRJ-5F87FAE8,2020-01-01,-2.870852819807425,0.13762820512820512,0.10849358974358975,0.10849358974358975,0.06542590431738624,0.3333333333333333,34.1,0.0,0.8485619100222161,0.0,130,156.0,0,Sector_1,Ministry_1,Agency_27,0,0,0,0,0,0,0
PRJ-5FE05754,2020-01-01,6.182921348314604,0.19195121951219513,0.19195121951219513,0.19195121951219513,0.15325051759834368,0.5,12.766666666666667,0.0,1.1942601794615375,0.0,65,82.0,0,Sector_17,Ministry_4,Agency_42,0,0,0,0,0,0,0
PRJ-601D5E73,2020-01-01,5.624648829431436,0.07169354838709678,0.07169354838709678,0.07169354838709678,0.07299674267100976,1.0,35.53333333333333,0.0,0.9122764789687078,0.0,79,248.0,0,Sector_2,Ministry_6,Agency_21,0,0,0,0,0,0,0
PRJ-6061DC53,2020-01-01,5.779532710280378,0.11520000000000001,0.13199999999999998,0.13536666666666666,0.13023201856148492,0.8,14.966666666666667,0.0,1.0213032259810055,0.8085333333333333,51,75.0,0,Sector_4,Ministry_6,Agency_29,0,0,0,0,0,0,0
PRJ-609096F4,2020-01-01,2.6216279069767445,0.0,0.0,0.0,0.06675720164609053,0.0,0.0,0.0,0.696358777217982,0.0,113,0.0,0,Sector_3,Ministry_5,Agency_42,0,0,0,0,0,0,0
PRJ-61837174,2020-01-01,10.840000000000003,0.14719298245614035,0.1657142857142857,0.15199124726477023,999.0,1.0,7.2,0.0,0.8969148120486484,0.5399708454810497,38,114.25,1,Sector_14,Ministry_1,Agency_20,0,0,0,0,0,1,0
PRJ-6191E493,2020-01-01,10.3631884057971,-0.09688888888888883,0.09077777777777778,0.09077777777777778,0.10499304589707927,0.5,21.733333333333334,0.0,1.2353014510212723,0.7538888888888888,26,90.0,0,Sector_9,Ministry_5,Agency_16,0,0,0,0,0,0,0
PRJ-6274535C,2020-01-01,8.488214731585515,0.03340206185567005,0.09436426116838487,0.09436426116838487,0.14973607038123168,0.25,8.366666666666667,0.0,0.8726494240150936,1.0629896907216494,72,97.0,0,Sector_9,Ministry_7,Agency_28,0,0,0,0,0,0,0
PRJ-6288E7A2,2020-01-01,-4.267422324510932,0.256078431372549,0.256078431372549,0.256078431372549,0.10834384858044163,1.0,15.333333333333334,0.0,0.5559089797198801,0.0,31,102.0,0,Sector_5,Ministry_9,Agency_39,0,0,0,0,0,1,0
PRJ-6294AB7F,2020-01-01,1.6758823529411728,0.07931506849315068,0.08095890410958904,0.08095890410958904,0.07586350974930361,0.5,31.3,0.0,2.056665672939511,2.0160502283105024,58,146.0,0,Sector_6,Ministry_7,Agency_6,0,0,0,0,1,0,0
PRJ-634226C3,2020-01-01,4.223333333333329,0.08729096989966556,0.08729096989966556,0.08729096989966556,0.07197236180904522,0.5,35.0,0.0,0.7903094087676694,0.0,106,299.0,0,Sector_8,Ministry_3,Agency_11,0,0,0,0,0,0,0
PRJ-639F39BD,2020-01-01,4.731081677704193,0.04386597938144331,0.04386597938144331,0.04386597938144331,0.07875409836065574,0.5,26.366666666666667,0.0,0.8756882727507458,0.0,57,194.0,0,Sector_1,Ministry_6,Agency_17,0,0,0,0,0,0,0
PRJ-63A993F5,2020-01-01,8.338075117370899,0.011946902654867206,0.08917647058823529,0.08196035242290747,0.11538659793814433,0.2,10.8,0.0,1.051421868359948,0.2680588235294118,110,113.5,0,Sector_6,Ministry_6,Agency_15,0,0,0,0,0,0,0
PRJ-63DF5327,2020-01-01,13.316829268292686,0.12730337078651682,0.10962686567164179,0.08597765363128491,0.16575657894736842,0.6,13.266666666666667,0.0,0.9534419548729636,0.3376492537313433,69,89.5,0,Sector_20,Ministry_1,Agency_49,0,0,0,0,0,0,0
PRJ-63E00564,2020-01-01,0.0,0.21923076923076915,0.1955603448275862,0.18900862068965518,0.0,0.5714285714285714,9.466666666666667,0.0,0.8963951177973318,0.16650862068965516,79,77.33333333333333,0,Sector_15,Ministry_1,Agency_17,0,0,0,0,0,0,0
PRJ-63EB925D,2020-01-01,14.494613749114102,0.09077720207253888,0.05532299741602068,0.05532299741602068,0.09209370424597364,1.0,28.3,0.0,1.0523011753775737,0.0,148,193.5,0,Sector_13,Ministry_2,Agency_31,0,0,0,0,0,0,0
PRJ-63EB9CF8,2020-01-01,5.321151079136698,0.10369565217391295,0.10433823529411763,0.1692619926199262,0.8450000000000006,0.4166666666666667,4.466666666666667,0.0,1.0467620410259035,1.3365441176470587,6,45.18181818181818,0,Sector_3,Ministry_5,Agency_17,0,0,0,0,0,0,0
PRJ-64139ADE,2020-01-01,11.310000000000002,0.11555555555555556,0.13710648148148147,0.12574652777777776,999.0,1.0,9.033333333333333,93.10550804828975,1.8274391529013974,0.5995370370370371,0,144.0,1,Sector_12,Ministry_10,Agency_37,0,0,0,0,1,1,0
PRJ-641E806F,2020-01-01,-15.873116883116879,0.7149999999999999,0.2960416666666667,0.32166666666666666,0.015538461538461617,0.1,0.5,0.0,0.9492323610910645,1.1328125,1,32.0,0,Sector_6,Ministry_3,Agency_27,0,0,0,0,0,0,1
PRJ-644C6570,2020-01-01,26.4899217221135,0.0,0.0,0.0,0.0958912037037037,1.0,35.9,0.0,0.9324832799137631,0.0,321,0.0,0,Sector_17,Ministry_7,Agency_9,0,0,0,0,0,1,0
PRJ-64A1C80F,2020-01-01,24.639257294429704,0.0,0.0,0.0,0.09479768786127167,1.0,2.6,0.0,0.29858040371729333,0.0,314,0.0,0,Sector_14,Ministry_1,Agency_25,0,0,0,0,0,1,0
PRJ-64F13C82,2020-01-01,-12.935555555555556,0.33077777777777784,0.33077777777777784,0.33077777777777784,0.07772413793103448,0.5,21.0,0.0,1.5219543790699195,0.0,31,90.0,0,Sector_19,Ministry_4,Agency_3,0,0,0,0,1,0,1
PRJ-66A69B6F,2020-01-01,0.7152281226626727,0.07925925925925928,0.06135384615384617,0.0858294930875576,0.07571245186136072,0.6,28.866666666666667,0.0,0.8135766825738203,7.250615384615384,16,108.5,0,Sector_8,Ministry_3,Agency_18,0,0,0,0,0,0,0
PRJ-66FEB9BB,2020-01-01,8.63337748344371,0.0,0.0,0.0,0.07346186085498743,1.0,36.166666666666664,0.0,1.6171772914154896,0.0,104,0.0,0,Sector_13,Ministry_2,Agency_37,0,0,0,0,1,0,0
PRJ-6702C062,2020-01-01,18.03571428571428,0.014147286821705435,0.014147286821705435,0.014147286821705435,0.07406191369606004,1.0,37.4,0.0,0.7276988417697066,0.0,168,258.0,0,Sector_6,Ministry_10,Agency_2,0,0,0,0,0,1,0
PRJ-67A980BA,2020-01-01,0.0,0.23617647058823532,0.25599999999999995,0.2868,0.0,0.16666666666666666,0.43333333333333335,0.0,0.9007103150092649,0.2650999999999999,272,33.36363636363637,0,Sector_1,Ministry_7,Agency_32,0,0,0,0,0,0,0
PRJ-68072613,2020-01-01,1.8259843837144487,0.05939759036144579,0.05939759036144579,0.05939759036144579,0.05723557692307693,1.0,44.233333333333334,0.0,1.0129769875739238,0.0,47,249.0,0,Sector_14,Ministry_5,Agency_33,0,0,0,0,0,0,0
PRJ-68248950,2020-01-01,8.056552462526767,0.1335294117647059,0.1335294117647059,0.1335294117647059,0.24430711610486888,0.5,5.366666666666666,0.0,1.7299981339906805,0.0,30,85.0,0,Sector_3,Ministry_4,Agency_6,0,0,0,0,1,0,0
PRJ-68E68C98,2020-01-01,17.309120135363788,0.0,0.0,0.0,0.10431662870159454,1.0,26.033333333333335,0.0,0.8441010713544372,0.0,105,0.0,0,Sector_15,Ministry_4,Agency_48,0,0,0,0,0,1,0
PRJ-68FD9717,2020-01-01,0.0,0.14999999999999988,0.18315068493150682,0.21147766323024056,0.0,0.45454545454545453,5.0,0.0,1.0457192231113115,0.3754109589041096,57,48.5,0,Sector_4,Ministry_1,Agency_9,0,0,0,0,0,0,0
PRJ-6930E19E,2020-01-01,0.5950708980418646,0.02962732919254658,0.02962732919254658,0.02962732919254658,0.06804577464788732,0.0,0.0,0.0,0.9212644868236842,0.0,24,161.0,0,Sector_11,Ministry_8,Agency_18,0,0,0,0,0,0,0
PRJ-693EB9E9,2020-01-01,8.840413354531002,0.156260162601626,0.156260162601626,0.156260162601626,0.08925966850828729,1.0,26.466666666666665,0.0,2.2473819432248088,0.0,108,123.0,0,Sector_10,Ministry_8,Agency_9,0,0,0,0,1,1,0
PRJ-6A15292B,2020-01-01,4.766363636363637,0.0,0.0,0.0,0.09581275720164609,1.0,21.633333333333333,0.0,-0.45333570029738,0.0,39,0.0,0,Sector_5,Ministry_1,Agency_22,0,0,0,0,0,0,0
PRJ-6AA82956,2020-01-01,0.03585448392554724,0.1227551020408163,0.07038363171355498,0.07038363171355498,0.08466549295774649,0.3333333333333333,21.266666666666666,0.0,1.400728869692601,0.0,28,195.5,0,Sector_9,Ministry_9,Agency_4,0,0,0,0,1,0,0
PRJ-6B6D784D,2020-01-01,3.2864298093587543,0.0,0.0,0.0,0.09054437869822486,0.0,0.0,0.0,2.048619567259446,0.0,83,0.0,0,Sector_14,Ministry_5,Agency_14,0,0,0,0,1,0,0
PRJ-6B7C5E1A,2020-01-01,9.990635400907713,0.04291187739463601,0.04291187739463601,0.04291187739463601,0.08932876712328769,0.5,22.466666666666665,0.0,1.0840795007874804,0.0,70,261.0,0,Sector_10,Ministry_8,Agency_6,0,0,0,0,0,0,0
PRJ-6B96DD70,2020-01-01,15.070670391061453,0.0,0.0,0.0,0.0838126159554731,1.0,33.93333333333333,0.0,1.3377344484285518,0.0,87,0.0,0,Sector_17,Ministry_9,Agency_4,0,0,0,0,0,1,0
PRJ-6BA0FA95,2020-01-01,-7.320988654781196,0.3443661971830986,0.26838028169014083,0.26838028169014083,0.14185082872928176,0.6666666666666666,10.0,0.0,1.1775200007639084,0.0,42,71.0,0,Sector_9,Ministry_3,Agency_16,0,0,0,0,1,0,0
PRJ-6BB19122,2020-01-01,-0.5523926380368067,0.07205323193916349,0.07205323193916349,0.07205323193916349,0.06079840319361278,0.0,0.0,0.0,1.0661353713342914,0.0,102,263.0,0,Sector_13,Ministry_2,Agency_22,0,0,0,0,0,0,0
PRJ-6C79B0BC,2020-01-01,0.5724371373307591,0.1852173913043478,0.07783393501805053,0.10145021645021644,0.09794816414686826,0.3333333333333333,20.333333333333332,0.0,0.9386454239776504,1.8252707581227439,17,92.4,0,Sector_15,Ministry_4,Agency_19,0,0,0,0,0,0,0
PRJ-6D35D524,2020-01-01,6.580023014959725,0.0,0.0,0.0,0.06201360544217687,1.0,41.666666666666664,0.0,1.3117288024625522,0.0,112,0.0,0,Sector_9,Ministry_6,Agency_3,0,0,0,0,0,0,0
PRJ-6D84C4A1,2020-01-01,-0.7057816377171235,0.0,0.0,0.0,0.06154221912072575,0.0,0.0,0.0,1.2755919590056368,0.0,4,0.0,0,Sector_5,Ministry_1,Agency_12,0,0,0,0,1,0,0
PRJ-6DF4798A,2020-01-01,-0.79979057591623,0.2626315789473684,0.2626315789473684,0.2626315789473684,0.17269406392694064,0.5,7.2,0.0,0.6486376839624923,0.0,21,57.0,0,Sector_7,Ministry_10,Agency_40,0,0,0,0,0,0,0
PRJ-6E33F2CD,2020-01-01,0.8242105263157882,0.08910780669144981,0.08910780669144981,0.08910780669144981,0.06058106841611996,0.5,40.46666666666667,0.0,1.0042906801344273,0.0,67,269.0,0,Sector_6,Ministry_9,Agency_18,0,0,0,0,0,0,0
PRJ-6EDC1FF3,2020-01-01,16.325747316267545,0.06203619909502263,0.06203619909502263,0.06203619909502263,0.10454912516823689,1.0,27.333333333333332,0.0,1.2699220517103387,0.0,26,221.0,0,Sector_9,Ministry_8,Agency_40,0,0,0,0,0,1,1
PRJ-6EEFA1AD,2020-01-01,6.830519480519481,0.04018072289156625,0.04018072289156625,0.04018072289156625,0.07080825451418744,1.0,36.63333333333333,0.0,1.8267964297662092,0.0,46,166.0,0,Sector_8,Ministry_8,Agency_16,0,0,0,0,1,0,0
PRJ-6F01349D,2020-01-01,8.114761904761906,0.0,0.0,0.0,0.2628353658536586,1.0,5.666666666666667,0.0,1.388874496699493,0.0,26,0.0,0,Sector_4,Ministry_1,Agency_1,0,0,0,0,0,0,0
PRJ-6F795585,2020-01-01,4.989265536723153,0.1421551724137932,0.15518624641833811,0.1447741935483871,0.20958904109589038,0.2,10.733333333333333,0.0,1.0735834562549365,1.5606017191977077,54,116.25,0,Sector_18,Ministry_9,Agency_23,0,0,0,0,0,0,0
PRJ-6F9EC73C,2020-01-01,0.9498159509202466,-0.1310958904109589,0.16232876712328767,0.16232876712328767,0.12454368932038835,0.5,13.7,0.0,1.860101558707804,1.7254794520547945,8,73.0,0,Sector_5,Ministry_6,Agency_18,0,0,0,0,1,0,0
PRJ-70297F68,2020-01-01,7.228211818879508,0.11039370078740159,0.11039370078740159,0.11039370078740159,0.08857610474631751,0.5,29.766666666666666,0.0,0.7337199533008393,0.0,184,254.0,0,Sector_2,Ministry_3,Agency_7,0,0,0,0,0,0,0
PRJ-70CCA985,2020-01-01,7.697687595712097,-0.003615384615384634,0.08888888888888889,0.08888888888888889,0.08617977528089887,0.3333333333333333,29.2,0.0,0.9311842025602303,0.0,114,130.5,0,Sector_19,Ministry_6,Agency_25,0,0,0,0,0,0,0
PRJ-71D4251D,2020-01-01,-7.00781115879829,0.0195454545454546,0.08681818181818184,0.12910909090909092,0.07992187499999998,0.3333333333333333,19.2,0.0,0.9286102476308576,0.30766666666666664,16,110.0,0,Sector_1,Ministry_7,Agency_25,0,0,0,0,0,0,0
PRJ-730CA9D5,2020-01-01,3.1031168831168827,0.5458730158730158,0.33640211640211637,0.33640211640211637,0.2946067415730337,0.75,4.7,0.0,0.80051184516322,4.622433862433862,45,63.0,0,Sector_12,Ministry_8,Agency_32,0,0,0,0,0,0,0
PRJ-730EFECD,2020-01-01,2.0994117647058808,0.0,0.0,0.0,0.06361943319838056,0.0,0.0,0.0,1.3268483900681862,0.0,66,0.0,0,Sector_6,Ministry_9,Agency_46,0,0,0,0,1,0,0
PRJ-731849F3,2020-01-01,58.22872340425532,0.30405405405405406,0.1083783783783784,0.1083783783783784,3.6911764705882355,0.5,5.7,0.0,1.472690677529487,0.33247747747747747,63,74.0,0,Sector_14,Ministry_4,Agency_38,0,0,0,0,1,1,0
PRJ-73431922,2020-01-01,12.838001549186679,0.0,0.0,0.0,0.09216494845360826,1.0,29.433333333333334,0.0,0.9260886234277368,0.0,165,0.0,0,Sector_5,Ministry_3,Agency_30,0,0,0,0,0,0,0
PRJ-738E5508,2020-01-01,0.28764390896920844,0.031703703703703685,0.07052109181141439,0.07052109181141439,0.06723560209424084,1.0,33.666666666666664,0.0,0.6802256034658491,0.041662531017369726,2,134.33333333333334,0,Sector_7,Ministry_6,Agency_11,0,0,0,0,0,0,0
PRJ-73DF3EFC,2020-01-01,15.838751753155691,0.008571428571428579,0.10425595238095238,0.10425595238095238,0.21827586206896551,0.25,4.933333333333334,0.0,1.1232493074635848,0.7942857142857143,62,112.0,0,Sector_17,Ministry_10,Agency_27,0,0,0,0,0,0,0
PRJ-74300FCF,2020-01-01,-0.22203619909502947,0.26552238805970146,0.2413432835820896,0.23436567164179106,0.22353658536585364,0.8,4.833333333333333,0.0,0.9589029984454475,1.9141791044776122,25,67.0,0,Sector_13,Ministry_2,Agency_4,0,0,0,0,0,0,0
PRJ-74857C29,2020-01-01,1.5060606060606148,-0.05298850574712643,0.09122605363984669,0.16406130268199232,0.20344827586206915,0.5714285714285714,11.866666666666667,0.0,0.9839986438431678,0.1228352490421456,23,87.0,0,Sector_12,Ministry_9,Agency_34,0,0,0,0,0,0,0
PRJ-74931479,2020-01-01,9.158930441286461,0.09134199134199135,0.09134199134199135,0.09134199134199135,0.08628607277289836,1.0,31.2,0.0,1.0275411343370586,0.0,78,231.0,0,Sector_4,Ministry_3,Agency_26,0,0,0,0,0,1,0
PRJ-74DDA7DF,2020-01-01,11.532376681614352,0.04455056179775281,0.05556179775280899,0.05556179775280899,0.06646209386281589,1.0,43.53333333333333,0.0,0.8082425925792582,0.0,143,178.0,0,Sector_14,Ministry_4,Agency_3,0,0,0,0,0,0,0
PRJ-751CD536,2020-01-01,17.880819672131153,0.03481481481481473,0.2213991769547325,0.18388888888888888,1.9930000000000008,0.4,5.866666666666666,41.11674217868592,1.5375999985435644,1.4061728395061728,74,81.0,0,Sector_4,Ministry_4,Agency_30,0,0,0,0,1,0,0
PRJ-757D92A7,2020-01-01,2.0266666666666566,0.020224719101123563,0.09782771535580523,0.09127340823970038,0.09687671232876713,0.375,19.433333333333334,0.0,0.9840031057155784,0.16468164794007495,18,89.0,0,Sector_1,Ministry_7,Agency_14,0,0,0,0,0,0,0
PRJ-76C69272,2020-01-01,5.340000000000003,-0.030476190476190504,0.23824,0.18359999999999999,999.0,0.45454545454545453,3.0,24.107053740749706,1.3120162392007537,1.33392,153,41.7,0,Sector_20,Ministry_4,Agency_10,0,0,0,0,1,0,0
PRJ-770CA7AD,2020-01-01,8.842393822393824,0.0,0.0,0.0,0.10703923900118906,1.0,0.6,0.0,0.6673384855962115,0.0,83,0.0,0,Sector_17,Ministry_9,Agency_18,0,0,0,0,0,1,0
PRJ-776C5222,2020-01-01,0.0,0.17212765957446816,0.13407142857142854,0.19339285714285714,0.0,0.2727272727272727,4.6,0.0,1.041093876350805,0.48528571428571426,56,46.6,0,Sector_2,Ministry_7,Agency_9,0,0,0,0,0,0,0
PRJ-77ADEDF5,2020-01-01,2.510000000000005,0.06081967213114744,0.11857923497267753,0.18327868852459017,999.0,0.3333333333333333,6.2,0.0,0.9809813604003991,1.692404371584699,168,61.0,0,Sector_14,Ministry_8,Agency_45,0,0,0,0,0,0,0
PRJ-77F60A0A,2020-01-01,-11.99190476190476,0.1324489795918367,0.34897959183673466,0.34897959183673466,0.13326963906581743,0.3333333333333333,7.266666666666667,0.0,1.6618148960446593,0.0,13,49.0,0,Sector_19,Ministry_2,Agency_10,0,0,0,0,1,0,0
PRJ-784F2A53,2020-01-01,8.419024390243905,0.016639344262295092,0.016639344262295092,0.016639344262295092,0.09721488595438176,0.5,21.766666666666666,0.0,1.5057629853372785,0.0,72,122.0,0,Sector_13,Ministry_10,Agency_16,0,0,0,0,0,0,0
PRJ-78A9BC1F,2020-01-01,2.129365351629499,0.13518518518518519,0.13518518518518519,0.13518518518518519,0.08842499999999999,0.5,26.333333333333332,0.0,0.8881698184439758,0.0,43,162.0,0,Sector_12,Ministry_8,Agency_36,0,0,0,0,0,0,0
PRJ-79921AED,2020-01-01,9.983207547169808,0.0,0.0,0.0,0.08566905005107253,0.0,0.0,0.0,1.973948094003701,0.0,157,0.0,0,Sector_13,Ministry_6,Agency_7,0,0,0,0,1,0,0
PRJ-799D6F1E,2020-01-01,15.798422001803427,0.0,0.0,0.0,0.11074218749999999,1.0,24.833333333333332,0.0,0.8053001152588994,0.0,113,0.0,0,Sector_18,Ministry_9,Agency_13,0,0,0,0,0,1,0
PRJ-79FBA9F8,2020-01-01,11.68347826086957,0.04870748299319726,0.06768707482993197,0.06768707482993197,0.13574074074074075,0.3333333333333333,11.333333333333334,0.0,1.3122664274166804,0.0,48,147.0,0,Sector_2,Ministry_6,Agency_23,0,0,0,0,1,0,0
PRJ-7A0449AF,2020-01-01,4.981246046805822,0.030653594771241816,0.04316702819956616,0.04316702819956616,0.06874310915104741,0.5,33.166666666666664,0.0,0.993814784517391,2.1035574837310196,60,153.66666666666666,0,Sector_17,Ministry_8,Agency_28,0,0,0,0,0,0,0
PRJ-7AA3E730,2020-01-01,9.780794263651405,0.04111111111111112,0.047898550724637674,0.047898550724637674,0.06373684210526316,1.0,43.96666666666667,0.0,1.3811728598360888,0.0,52,207.0,0,Sector_18,Ministry_5,Agency_27,0,0,0,0,0,1,0
PRJ-7AA46E02,2020-01-01,21.28525423728814,0.0,0.0,0.0,0.10681118881118881,1.0,2.6,0.0,0.7410564503146257,0.0,246,0.0,0,Sector_7,Ministry_5,Agency_5,0,0,0,0,0,1,0
PRJ-7B523CA1,2020-01-01,50.73887661141805,0.12486666666666667,0.12486666666666667,0.12486666666666667,0.6141525423728813,1.0,8.533333333333333,0.0,0.8829590704762917,0.0,126,150.0,0,Sector_5,Ministry_4,Agency_8,0,0,0,0,0,1,0
PRJ-7B911B3C,2020-01-01,1.9372192513368987,0.08639097744360902,0.08639097744360902,0.08639097744360902,0.0684936170212766,0.5,34.333333333333336,0.0,0.9927848933662223,0.0,56,133.0,0,Sector_18,Ministry_5,Agency_9,0,0,0,0,0,0,1
PRJ-7B91708D,2020-01-01,5.915689900426745,0.103125,0.04525490196078431,0.04525490196078431,0.07731171548117155,0.6666666666666666,28.366666666666667,0.0,1.1231437099905486,0.0,68,127.5,0,Sector_18,Ministry_9,Agency_6,0,0,0,0,0,0,0
PRJ-7BB07812,2020-01-01,2.3514269535673833,0.1356382978723405,0.14336879432624117,0.10614893617021279,0.12236434108527129,0.16666666666666666,12.633333333333333,0.0,0.9444791494398334,1.2276950354609926,61,94.0,0,Sector_9,Ministry_4,Agency_32,0,0,0,0,0,0,0
PRJ-7C4EC282,2020-01-01,-1.0434875444839804,0.13125000000000023,0.23597222222222225,0.1677700348432056,0.04749999999999943,0.36363636363636365,5.333333333333333,0.0,0.9209109431929333,0.8759027777777777,28,47.9,0,Sector_12,Ministry_2,Agency_4,0,0,0,0,0,0,0
PRJ-7C7810BD,2020-01-01,43.07011494252873,0.10980891719745224,0.0702972399150743,0.0702972399150743,2.4105263157894736,1.0,19.366666666666667,0.0,1.03845192906951,0.09878980891719745,50,157.0,1,Sector_5,Ministry_10,Agency_20,0,0,0,0,0,1,0
PRJ-7C7F1916,2020-01-01,2.1563969171483635,0.0,0.0,0.0,0.19772833723653396,0.0,0.0,0.0,0.9858920610973223,0.0,27,0.0,0,Sector_2,Ministry_8,Agency_9,0,0,0,0,0,0,0
PRJ-7CB82537,2020-01-01,39.79,0.14823076923076925,0.11351282051282052,0.11351282051282052,999.0,1.0,8.833333333333334,0.0,0.9868174669536933,0.5123076923076924,128,130.0,1,Sector_3,Ministry_5,Agency_9,0,0,0,0,0,1,0
PRJ-7CBD87EC,2020-01-01,0.13861850443599444,0.0,0.0,0.0,0.06346768589298124,1.0,36.833333333333336,0.0,1.5644949244044934,0.0,0,0.0,0,Sector_10,Ministry_5,Agency_33,0,0,0,0,0,0,0
PRJ-7CFF9ACB,2020-01-01,19.533478260869565,0.002962962962962959,0.002962962962962959,0.002962962962962959,0.11023837902264601,1.0,23.166666666666668,0.0,2.4613090115406377,0.0,42,135.0,0,Sector_3,Ministry_2,Agency_13,0,0,0,0,1,1,0
PRJ-7E30FAD9,2020-01-01,1.4699999999999989,0.18466666666666687,0.283,0.23335195530726258,999.0,0.0,0.0,0.0,0.9608374884422225,1.3528888888888888,260,29.818181818181817,0,Sector_6,Ministry_3,Agency_29,0,0,0,0,0,0,0
PRJ-7E813731,2020-01-01,-0.020336134453781796,0.18831858407079646,0.18831858407079646,0.18831858407079646,0.10501385041551245,1.0,17.866666666666667,0.0,0.6554059203452273,0.0,5,113.0,0,Sector_8,Ministry_9,Agency_14,0,0,0,0,0,1,1
PRJ-7F5F945B,2020-01-01,-5.114803493449784,0.3735211267605633,0.2093427230046948,0.1733450704225352,0.12867986798679867,1.0,8.766666666666667,0.0,1.1778524392024174,2.2038967136150234,30,71.0,1,Sector_16,Ministry_1,Agency_19,0,0,0,0,1,1,0
PRJ-7FD0854D,2020-01-01,5.550425531914893,0.0,0.0,0.0,0.05999279019466475,0.0,0.0,0.0,0.4893347050213135,0.0,148,0.0,0,Sector_20,Ministry_1,Agency_43,0,0,0,0,0,0,0
PRJ-7FD77B64,2020-01-01,1.1699613899613936,0.11454545454545452,0.16137404580152673,0.230727969348659,0.1989,0.5714285714285714,4.7,0.0,0.93100790942161,0.97793893129771,14,43.5,0,Sector_1,Ministry_10,Agency_20,0,0,0,0,0,0,0
PRJ-7FE937CB,2020-01-01,0.49786324786325054,-0.0987499999999999,0.08089655172413796,0.18989690721649485,0.1760204081632653,0.2,4.433333333333334,0.0,1.1075133960723154,1.8936551724137933,3,48.44444444444444,0,Sector_7,Ministry_7,Agency_22,0,0,0,0,0,0,0
PRJ-8067D7CE,2020-01-01,7.4605671077504745,0.07921465968586387,0.07921465968586387,0.07921465968586387,0.06966131907308377,1.0,38.3,0.0,0.8994118548895936,0.0,83,191.0,0,Sector_16,Ministry_4,Agency_13,0,0,0,0,0,0,0
PRJ-80947849,2020-01-01,9.44816355810617,0.0,0.0,0.0,0.1609040590405904,1.0,0.8,0.0,0.7746846541793915,0.0,54,0.0,0,Sector_17,Ministry_1,Agency_29,0,0,0,0,0,1,0
PRJ-8144F365,2020-01-01,3.8157174392936,0.07881188118811878,0.10283582089552236,0.10283582089552236,0.11705779334500876,0.3333333333333333,13.133333333333333,0.0,1.0459199624218811,0.0,34,100.5,0,Sector_9,Ministry_9,Agency_26,0,0,0,0,0,0,0
PRJ-815CC4C9,2020-01-01,13.271933701657458,0.0,0.0,0.0,0.12945714285714285,1.0,18.4,0.0,2.1361112785251826,0.0,11,0.0,0,Sector_5,Ministry_1,Agency_7,0,0,0,0,0,1,1
PRJ-825969BA,2020-01-01,18.72240862230553,-0.06146551724137933,0.08340974212034384,0.07681720430107526,0.14286089238845145,0.8,22.633333333333333,0.0,1.1250083044183945,0.5370487106017192,105,116.25,0,Sector_8,Ministry_5,Agency_22,0,0,0,0,0,0,0
PRJ-827869CA,2020-01-01,4.754482758620689,0.11107843137254904,0.11107843137254904,0.11107843137254904,0.1145702005730659,1.0,17.866666666666667,0.0,1.1586515024596187,0.0,26,102.0,0,Sector_20,Ministry_4,Agency_44,0,0,0,0,0,1,0
PRJ-82E4B744,2020-01-01,23.016666666666666,0.0,0.0,0.0,0.14058544303797468,1.0,20.433333333333334,0.0,0.48635877853639814,0.0,134,0.0,0,Sector_15,Ministry_7,Agency_38,0,0,0,0,0,1,0
PRJ-8335D8DA,2020-01-01,22.19619469026549,0.0,0.0,0.0,0.11507784431137726,1.0,24.966666666666665,0.0,3.892571195685599,0.0,67,0.0,0,Sector_10,Ministry_10,Agency_16,0,0,0,0,0,1,0
PRJ-8351C93B,2020-01-01,1.5648837209302329,0.07871080139372821,0.07871080139372821,0.07871080139372821,0.07016968325791856,1.0,34.0,0.0,2.490164080597069,0.0,5,287.0,0,Sector_12,Ministry_9,Agency_3,0,0,0,0,1,0,0
PRJ-837565DB,2020-01-01,37.825464159811986,0.03355932203389831,0.03355932203389831,0.03355932203389831,0.28125541125541126,1.0,13.033333333333333,0.0,1.2217554354912254,0.0,149,236.0,0,Sector_20,Ministry_9,Agency_35,0,0,0,0,0,1,0
PRJ-851E9423,2020-01-01,6.053285351397122,0.08063999999999999,0.08063999999999999,0.08063999999999999,0.09128961748633879,1.0,26.0,0.0,1.2308887594780855,0.0,16,125.0,0,Sector_15,Ministry_9,Agency_23,0,0,0,0,0,0,0
PRJ-855BB276,2020-01-01,0.23000000000000398,0.17287234042553193,0.19374999999999998,0.17480686695278969,999.0,0.3333333333333333,5.333333333333333,0.0,0.8970198299728044,4.146964285714286,153,93.2,0,Sector_15,Ministry_9,Agency_33,0,0,0,0,0,0,0
PRJ-86B82DF7,2020-01-01,5.156666666666666,0.07035,0.07481203007518797,0.07481203007518797,0.09241197183098591,1.0,2.8,0.0,1.957767534893814,0.0,34,199.5,0,Sector_14,Ministry_8,Agency_8,0,0,0,0,1,1,0
PRJ-86CD256F,2020-01-01,1.4601242236024845,0.08444444444444445,0.11074074074074074,0.12653968253968254,0.12793893129770992,0.3333333333333333,11.366666666666667,0.0,0.8525392718408434,0.8757142857142857,34,63.0,0,Sector_3,Ministry_5,Agency_7,0,0,0,0,0,0,0
PRJ-8714A1B4,2020-01-01,2.9043320848938805,0.2117532467532467,0.15493506493506493,0.15493506493506493,0.13804545454545455,0.3333333333333333,12.033333333333333,0.0,0.8406508855109749,0.0,120,154.0,0,Sector_11,Ministry_6,Agency_21,0,0,0,0,0,0,0
PRJ-87D6728A,2020-01-01,9.52674140508222,0.09656249999999988,0.14510416666666667,0.14328125,0.44718750000000007,0.4444444444444444,6.4,0.0,0.9630053651444093,1.8113020833333333,62,64.0,0,Sector_20,Ministry_4,Agency_17,0,0,0,0,0,0,0
PRJ-8851B1CC,2020-01-01,0.6157542768273707,0.0,0.0,0.0,0.07839139344262296,0.0,0.0,0.0,0.5551834385654506,0.0,105,0.0,0,Sector_3,Ministry_9,Agency_21,0,0,0,0,1,0,0
PRJ-88744072,2020-01-01,-7.360756302521004,0.12223684210526314,0.13180921052631578,0.13180921052631578,0.0901417004048583,0.3333333333333333,20.466666666666665,0.0,1.0722907965000246,0.0,3,152.0,0,Sector_18,Ministry_1,Agency_32,0,0,0,0,0,0,0
PRJ-88F71C6F,2020-01-01,-5.49519890260631,0.0,0.0,0.0,0.06446776611694154,0.0,0.0,0.0,0.34366666175538885,0.0,6,0.0,0,Sector_6,Ministry_5,Agency_30,0,0,0,0,0,0,1
PRJ-8AD14585,2020-01-01,16.155447941888617,0.10524822695035463,0.10757647058823529,0.10757647058823529,0.20520833333333333,1.0,13.666666666666666,0.0,1.060880413054041,0.2504705882352941,68,141.66666666666666,1,Sector_3,Ministry_6,Agency_27,0,0,0,0,0,1,0
PRJ-8B1DA254,2020-01-01,-20.806349206349203,0.2557037037037037,0.2557037037037037,0.2557037037037037,0.05711229946524064,0.0,0.0,0.0,1.0293270953622176,0.0,55,135.0,0,Sector_5,Ministry_7,Agency_3,0,0,0,0,0,0,1
PRJ-8B2CB6BC,2020-01-01,27.364588938714505,0.18448275862068964,0.11042307692307693,0.09792706333973128,0.7317021276595744,1.0,16.566666666666666,0.0,0.958497379431295,1.3971538461538464,15,86.83333333333333,1,Sector_17,Ministry_5,Agency_30,0,0,0,0,0,1,0
PRJ-8B4D897F,2020-01-01,21.91978131212724,0.0,0.0,0.0,0.13475806451612904,1.0,21.833333333333332,0.0,1.4818009920685442,0.0,191,0.0,0,Sector_5,Ministry_3,Agency_19,0,0,0,0,0,0,0
PRJ-8B721027,2020-01-01,-3.5551162790697717,0.122196261682243,0.122196261682243,0.122196261682243,0.087166392092257,0.0,0.0,0.0,0.8642148983838113,0.0,40,214.0,0,Sector_3,Ministry_3,Agency_49,0,0,0,0,0,0,0
PRJ-8B90F6F3,2020-01-01,18.848730251609126,0.0,0.0,0.0,0.07232234432234431,1.0,40.8,0.0,7.878490213680381,0.0,139,0.0,0,Sector_10,Ministry_4,Agency_48,0,0,0,0,0,1,0
PRJ-8C76E095,2020-01-01,4.862892223738065,0.09509433962264152,0.06897489539748954,0.06897489539748954,0.07463672391017173,0.75,34.46666666666667,0.0,1.0704322098074155,0.37728033472803346,72,159.33333333333334,0,Sector_16,Ministry_9,Agency_37,0,0,0,0,1,0,0
PRJ-8CA7CCF2,2020-01-01,3.0027060350421806,0.03976377952755906,0.07826771653543306,0.07826771653543306,0.0675130890052356,0.6666666666666666,35.1,0.0,0.906953311335444,0.0,15,127.0,0,Sector_4,Ministry_5,Agency_36,0,0,0,0,0,0,0
PRJ-8CC0FCAD,2020-01-01,10.09945945945946,0.08835051546391753,0.09435897435897435,0.09435897435897435,0.20537906137184117,0.3333333333333333,5.866666666666666,0.0,1.143616983721518,0.0,23,97.5,0,Sector_12,Ministry_1,Agency_8,0,0,0,0,0,0,0
PRJ-8D03F1FA,2020-01-01,-0.017445255474452637,0.0,0.0,0.0,0.14595563139931741,0.0,0.0,0.0,1.2864033478533476,0.0,24,0.0,0,Sector_5,Ministry_10,Agency_35,0,0,0,0,0,0,0
PRJ-8D126B6C,2020-01-01,8.549969824984906,0.07874345549738221,0.07842931937172776,0.07842931937172776,0.0689,1.0,39.733333333333334,0.0,2.217732035068096,0.0,84,191.0,0,Sector_19,Ministry_4,Agency_36,0,0,0,0,1,1,1
PRJ-8D4543DD,2020-01-01,6.239514563106798,0.12708333333333333,0.12708333333333333,0.12708333333333333,0.10554200542005421,1.0,19.5,0.0,0.7432875405706011,0.0,4,144.0,0,Sector_11,Ministry_3,Agency_13,0,0,0,0,0,1,0
PRJ-8D56F398,2020-01-01,-3.100392927308448,0.1048550724637681,0.1048550724637681,0.1048550724637681,0.09401360544217686,0.0,0.0,0.0,0.7416881118280363,0.0,7,138.0,0,Sector_3,Ministry_1,Agency_20,0,0,0,0,0,0,0
PRJ-8E4759C8,2020-01-01,4.75554408260524,0.0,0.0,0.0,0.0848076923076923,0.0,0.0,0.0,0.7535086493290964,0.0,131,0.0,0,Sector_16,Ministry_2,Agency_23,0,0,0,0,0,0,0
PRJ-8F2C3B98,2020-01-01,11.742440604751621,0.03628415300546448,0.03628415300546448,0.03628415300546448,0.1308365758754864,0.5,14.533333333333333,0.0,1.560285478843708,0.0,47,183.0,0,Sector_4,Ministry_5,Agency_14,0,0,0,0,0,0,0
PRJ-8F72FA7D,2020-01-01,20.744054054054054,0.11033783783783785,0.11033783783783785,0.11033783783783785,0.1961470588235294,1.0,14.733333333333333,0.0,1.1626502070929412,0.0,104,148.0,0,Sector_3,Ministry_2,Agency_48,0,0,0,0,0,0,0
PRJ-8FB887ED,2020-01-01,-0.21994808565866286,0.0,0.0,0.0,0.06472477064220183,1.0,1.5,0.0,0.44701577685743027,0.0,60,0.0,0,Sector_15,Ministry_6,Agency_37,0,0,0,0,0,1,0
PRJ-90315DF8,2020-01-01,2.4200000000000017,0.4007999999999998,0.24932885906040267,0.3050335570469799,999.0,0.42857142857142855,3.566666666666667,0.0,0.9808480902360548,0.36046979865771817,349,49.666666666666664,0,Sector_19,Ministry_3,Agency_19,0,0,0,0,0,0,0
PRJ-91DD8B92,2020-01-01,1.2822310756972115,0.08955752212389381,0.08955752212389381,0.08955752212389381,0.08094955489614243,1.0,27.033333333333335,0.0,1.0856767380795092,0.0,18,113.0,0,Sector_10,Ministry_3,Agency_1,0,0,0,0,0,0,0
PRJ-924FB0F4,2020-01-01,32.43519855595668,-0.001682242990654203,0.0773374613003096,0.05955916473317866,0.26644144144144144,1.0,12.1,0.0,1.0272333808557994,0.4946749226006192,71,107.75,0,Sector_20,Ministry_7,Agency_29,0,0,0,0,0,1,0
PRJ-925C6EEC,2020-01-01,3.4556048084147264,0.0843939393939394,0.0843939393939394,0.0843939393939394,0.07948362720403022,1.0,30.5,0.0,0.8147166724447031,0.0,9,264.0,0,Sector_8,Ministry_1,Agency_21,0,0,0,0,0,0,0
PRJ-92B645E1,2020-01-01,35.678507462686575,0.0,0.0,0.0,0.2563963963963964,1.0,12.633333333333333,0.0,1.514067378716932,0.0,154,0.0,0,Sector_8,Ministry_7,Agency_40,0,0,0,0,0,1,0
PRJ-92D14A81,2020-01-01,-7.886062176165808,0.2918333333333333,0.21569832402234637,0.18140939597315436,0.10839142091152815,0.5,11.6,0.0,0.8344021824569687,0.4243016759776537,42,59.6,0,Sector_7,Ministry_3,Agency_48,0,0,0,0,0,0,0
PRJ-92DF7B49,2020-01-01,-1.236870064608759,0.13567164179104477,0.0773067331670823,0.0773067331670823,0.0703202846975089,0.5,31.8,0.0,0.9047576817507282,0.5041147132169577,16,133.66666666666666,0,Sector_1,Ministry_6,Agency_8,0,0,0,0,0,0,0
PRJ-93EEB0A7,2020-01-01,5.75060975609756,0.05744680851063831,0.04461176470588236,0.04461176470588236,0.08423988842398884,0.5,22.166666666666668,0.0,1.2777384427252714,0.6989176470588235,29,141.66666666666666,0,Sector_17,Ministry_3,Agency_8,0,0,0,0,0,0,0
PRJ-9617E8A4,2020-01-01,5.402990654205606,0.11595092024539877,0.11595092024539877,0.11595092024539877,0.07207881773399015,0.5,35.4,0.0,0.8065979189641456,0.0,157,163.0,0,Sector_10,Ministry_1,Agency_34,0,0,0,0,0,0,0
PRJ-968BB821,2020-01-01,7.540000000000006,0.08090909090909053,0.16959595959595952,0.20380710659898474,999.0,0.25,0.6,123.4783097957576,2.3370654646693927,4.301616161616161,147,32.90909090909091,0,Sector_7,Ministry_2,Agency_17,0,0,0,0,1,0,0
PRJ-96F28FAC,2020-01-01,1.6535629453681686,0.067,0.07872727272727273,0.07872727272727273,0.0810077519379845,0.3333333333333333,21.633333333333333,0.0,2.3534914055728615,0.0,31,110.0,0,Sector_2,Ministry_9,Agency_10,0,0,0,0,1,0,0
PRJ-97E15835,2020-01-01,1.9489889025893916,0.0,0.0,0.0,0.12625757575757576,0.0,0.0,0.0,0.7650948772922206,0.0,56,0.0,0,Sector_16,Ministry_2,Agency_16,0,0,0,0,0,0,0
PRJ-9850743F,2020-01-01,2.882468443197755,0.0,0.0,0.0,0.14487179487179488,0.0,0.0,0.0,1.0603766269150965,0.0,27,0.0,0,Sector_1,Ministry_5,Agency_48,0,0,0,0,0,0,0
PRJ-99202C4B,2020-01-01,14.040975609756096,0.09195312500000001,0.09195312500000001,0.09195312500000001,0.11043189368770763,1.0,25.9,0.0,0.9539484970421181,0.0,34,256.0,0,Sector_1,Ministry_5,Agency_42,0,0,0,0,0,1,1
PRJ-99A2881E,2020-01-01,-2.4521258831085433,0.0894805194805195,0.0894805194805195,0.0894805194805195,0.06215851602023609,0.0,0.0,0.0,0.7803915821297199,0.0,63,154.0,0,Sector_7,Ministry_8,Agency_36,0,0,0,0,0,0,1
PRJ-9A2618BE,2020-01-01,-2.0858269720101745,0.23294871794871796,0.1650862068965517,0.1779611650485437,0.1208282208588957,0.4,13.6,0.0,0.5562421509428767,0.31474137931034485,74,77.25,0,Sector_4,Ministry_10,Agency_12,0,0,0,0,0,0,0
PRJ-9B270F5A,2020-01-01,1.692467532467532,-0.03338461538461541,0.13293814432989695,0.11776349614395887,0.13663999999999998,0.375,7.0,0.0,1.1504922404597422,0.7621134020618557,2,64.85714285714286,0,Sector_18,Ministry_2,Agency_19,0,0,0,0,0,0,0
PRJ-9B2F7A8D,2020-01-01,25.11635193133047,0.2531775700934579,0.2531775700934579,0.2531775700934579,0.3581142857142857,1.0,6.333333333333333,0.0,0.7745119779585218,0.0,78,107.0,0,Sector_20,Ministry_2,Agency_30,0,0,0,0,0,1,0
PRJ-9BDFCE54,2020-01-01,8.936488222698074,0.0,0.0,0.0,0.23716494845360825,1.0,6.366666666666666,0.0,7.393990765945752,0.0,19,0.0,0,Sector_14,Ministry_8,Agency_48,0,0,0,0,1,0,0
PRJ-9C609FF1,2020-01-01,2.127862595419856,0.1445762711864407,0.20367231638418076,0.1915819209039548,0.2195945945945946,0.7142857142857143,6.1,80.13183552352695,2.1273876484470398,12.233333333333334,37,59.0,0,Sector_15,Ministry_1,Agency_13,0,0,0,0,1,0,0
PRJ-9C7F8D44,2020-01-01,3.4694570582428454,0.13440000000000002,0.13440000000000002,0.13440000000000002,0.10465753424657534,1.0,22.033333333333335,0.0,0.9816444488606443,0.0,29,200.0,0,Sector_12,Ministry_1,Agency_13,0,0,0,0,0,0,0
PRJ-9CE8A7BD,2020-01-01,5.5070609981515695,0.07005813953488373,0.07005813953488373,0.07005813953488373,0.06626160337552742,1.0,2.433333333333333,0.0,0.683967334485795,0.0,95,172.0,0,Sector_6,Ministry_9,Agency_41,0,0,0,0,0,1,0
PRJ-9D849BB4,2020-01-01,14.550278551532035,-0.015692307692307686,0.024410256410256414,0.024410256410256414,0.06839581517000871,1.0,34.53333333333333,0.0,0.9314751694793564,0.0,64,195.0,0,Sector_5,Ministry_2,Agency_31,0,0,0,0,0,1,0
PRJ-9D8BDACE,2020-01-01,4.020686427457097,0.0,0.0,0.0,0.08178907721280602,0.0,0.0,0.0,0.8581357765618534,0.0,97,0.0,0,Sector_18,Ministry_7,Agency_33,0,0,0,0,0,0,0
PRJ-9DE947F2,2020-01-01,5.405838926174496,0.0929032258064516,0.07442048517520215,0.060607287449392706,0.07387984981226534,0.6,30.4,0.0,0.7601647994534294,0.05900269541778974,74,123.5,0,Sector_8,Ministry_1,Agency_42,0,0,0,0,0,0,0
PRJ-9EAFF5DA,2020-01-01,1.3626484448633356,0.042,0.042,0.042,0.09585193889541715,0.5,19.3,0.0,2.682014572551392,0.0,0,105.0,0,Sector_2,Ministry_2,Agency_32,0,0,0,0,1,0,0
PRJ-9EE5B407,2020-01-01,4.422926829268292,0.0,0.0,0.0,0.12892744479495266,1.0,16.866666666666667,0.0,0.9490999162352121,0.0,32,0.0,0,Sector_12,Ministry_8,Agency_7,0,0,0,0,0,0,0
PRJ-9FD4C293,2020-01-01,-5.810592334494771,0.24090909090909088,0.20402010050251257,0.20402010050251257,0.1547826086956522,0.25,7.366666666666666,0.0,1.4218778276412305,5.155879396984925,10,66.33333333333333,0,Sector_18,Ministry_7,Agency_11,0,0,0,0,1,0,0
PRJ-9FF305BB,2020-01-01,-3.75046511627907,0.16571428571428573,0.16571428571428573,0.16571428571428573,0.09231990231990232,0.5,20.966666666666665,0.0,0.7668933030155631,0.0,18,98.0,0,Sector_15,Ministry_5,Agency_17,0,0,0,0,0,0,0
PRJ-A0126A15,2020-01-01,7.643004291845493,0.054603174603174626,0.10191235059760956,0.10191235059760956,0.12279918864097362,0.6666666666666666,19.633333333333333,0.0,1.2049054304349798,0.0,63,125.5,0,Sector_1,Ministry_10,Agency_8,0,0,0,0,0,0,0
PRJ-A02850C8,2020-01-01,9.111537761601454,0.06492537313432832,0.09930521091811413,0.09930521091811413,0.11208333333333334,0.5,24.066666666666666,0.0,0.9813618947109278,0.15156327543424317,130,134.33333333333334,0,Sector_5,Ministry_4,Agency_37,0,0,0,0,0,0,0
PRJ-A0478A7D,2020-01-01,17.068299737072742,0.04814569536423842,0.04814569536423842,0.04814569536423842,0.12040307101727446,1.0,18.833333333333332,0.0,0.9476588302741225,0.0,17,302.0,0,Sector_9,Ministry_7,Agency_27,0,0,0,0,0,1,1
PRJ-A0496E2B,2020-01-01,52.98,0.13164893617021278,0.08162234042553193,0.08162234042553193,999.0,1.0,11.933333333333334,0.0,1.1211292360489358,0.0,164,188.0,0,Sector_19,Ministry_8,Agency_48,0,0,0,0,0,1,0
PRJ-A07BC6E7,2020-01-01,3.5900000000000034,0.09258620689655156,0.13630057803468207,0.17173410404624276,999.0,0.36363636363636365,6.233333333333333,0.0,1.0123959947072105,0.5111560693641619,70,57.7,0,Sector_7,Ministry_7,Agency_1,0,0,0,0,0,0,0
PRJ-A1E393CF,2020-01-01,-5.395694822888284,0.0,0.0,0.0,0.06406906906906908,0.0,0.0,0.0,0.236515454827331,0.0,8,0.0,0,Sector_7,Ministry_5,Agency_12,0,0,0,0,0,0,0
PRJ-A255F63E,2020-01-01,43.63,0.09612244897959178,0.1401694915254237,0.1401694915254237,999.0,1.0,10.6,0.0,1.747997574445013,4.487694915254237,70,98.33333333333333,1,Sector_15,Ministry_10,Agency_29,0,0,0,0,1,1,0
PRJ-A276C31E,2020-01-01,-1.4225385694249653,0.18274193548387094,0.1916,0.1916,0.13754285714285716,0.6666666666666666,10.633333333333333,0.0,0.732680431752375,0.0,1,62.5,0,Sector_15,Ministry_1,Agency_16,0,0,0,0,0,0,0
PRJ-A29A210A,2020-01-01,12.88707584050039,0.0,0.0,0.0,0.0897751798561151,1.0,27.766666666666666,0.0,154.82997659060067,0.0,55,0.0,0,Sector_18,Ministry_8,Agency_37,0,0,0,0,1,0,0
PRJ-A314F8E9,2020-01-01,3.8456249999999983,0.11228070175438597,0.11228070175438597,0.11228070175438597,0.08192878338278932,1.0,27.8,0.0,2.0421684032062766,0.0,41,114.0,0,Sector_3,Ministry_4,Agency_23,0,0,0,0,1,0,0
PRJ-A31CBE43,2020-01-01,8.84629604822505,0.015037037037037045,0.0668641975308642,0.0668641975308642,0.07759903961584634,0.5,34.266666666666666,0.0,0.9598018550691729,0.02133333333333333,121,135.0,0,Sector_6,Ministry_10,Agency_4,0,0,0,0,0,0,0
PRJ-A365B9B3,2020-01-01,2.8492196007259594,0.20786885245901626,0.14841530054644808,0.18997275204359673,0.22819672131147545,0.5,7.333333333333333,0.0,0.9318526303128406,0.7269398907103827,1,61.142857142857146,0,Sector_2,Ministry_9,Agency_9,0,0,0,0,0,0,0
PRJ-A368DE14,2020-01-01,-4.894921135646683,0.1252216748768473,0.1252216748768473,0.1252216748768473,0.07304399524375743,0.5,29.233333333333334,0.0,1.8771552174275432,0.0,22,203.0,0,Sector_16,Ministry_5,Agency_15,0,0,0,0,1,0,0
PRJ-A3EB7F48,2020-01-01,-6.528808777429468,0.0,0.0,0.0,0.05793731778425656,1.0,2.1333333333333333,0.0,0.3931285986410498,0.0,0,0.0,0,Sector_9,Ministry_2,Agency_7,0,0,0,0,0,1,1
PRJ-A3EC8DE7,2020-01-01,16.169977728285076,0.0,0.0,0.0,0.2680112044817927,1.0,1.7333333333333334,0.0,2.608366036592209,0.0,10,0.0,0,Sector_20,Ministry_10,Agency_25,0,0,0,0,0,1,0
PRJ-A4265CF6,2020-01-01,6.446274089935756,0.19685039370078744,0.09618110236220474,0.09618110236220474,0.1201419878296146,1.0,16.233333333333334,0.0,0.736916735470859,0.0,60,127.0,0,Sector_10,Ministry_3,Agency_16,0,0,0,0,0,1,0
PRJ-A434A487,2020-01-01,11.476907123534716,0.11131782945736433,0.11131782945736433,0.11131782945736433,0.11383505154639176,1.0,24.6,0.0,0.7745262248397151,0.0,108,258.0,0,Sector_8,Ministry_5,Agency_30,0,0,0,0,0,1,0
PRJ-A460E292,2020-01-01,19.46572755417957,0.0,0.0,0.0,0.1336619718309859,1.0,20.933333333333334,0.0,0.7942398646394876,0.0,54,0.0,0,Sector_9,Ministry_2,Agency_14,0,0,0,0,0,1,1
PRJ-A578C358,2020-01-01,-1.3654354354354439,0.07300000000000004,0.09460251046025107,0.10274058577405859,0.09624293785310732,0.375,13.2,0.0,0.897154068620703,0.32364016736401685,8,79.71428571428571,0,Sector_16,Ministry_9,Agency_31,0,0,0,0,0,0,0
PRJ-A6E9C470,2020-01-01,19.378240495137057,0.08196531791907512,0.06560693641618495,0.06560693641618495,0.12589941972920696,1.0,25.0,0.0,0.9113162518630297,0.0,96,173.0,0,Sector_2,Ministry_1,Agency_22,0,0,0,0,0,1,0
PRJ-A7943C8A,2020-01-01,0.28501504513540965,0.108,0.09885714285714285,0.09885714285714285,0.10074074074074074,0.0,0.0,0.0,0.8980547427297694,0.0,35,105.0,0,Sector_7,Ministry_2,Agency_18,0,0,0,0,0,0,0
PRJ-A79717DB,2020-01-01,6.491543007222587,0.0,0.0,0.0,0.07102479338842975,0.0,0.0,0.0,0.6342796357073557,0.0,148,0.0,0,Sector_3,Ministry_7,Agency_11,0,0,0,0,1,0,0
PRJ-A8BE1FBC,2020-01-01,2.6299999999999955,0.0779487179487181,0.25965517241379316,0.22004329004329007,999.0,0.18181818181818182,1.0333333333333334,102.39294254039564,2.15450047576529,5.9718103448275865,301,38.5,0,Sector_17,Ministry_2,Agency_26,0,0,0,0,1,0,0
PRJ-AA045FDA,2020-01-01,0.0,0.1746000000000001,0.23290540540540539,0.22689189189189188,0.0,0.6666666666666666,5.0,49.961856541724565,1.3122029912245752,8.816486486486488,154,49.25,0,Sector_19,Ministry_3,Agency_10,0,0,0,0,1,0,0
PRJ-AA499403,2020-01-01,3.319999999999993,0.08317073170731734,0.13723577235772366,0.1819183673469388,999.0,0.25,3.3,0.0,1.062892918176477,2.9079674796747974,233,40.81818181818182,0,Sector_7,Ministry_3,Agency_6,0,0,0,0,0,0,0
PRJ-AA5DEE37,2020-01-01,8.620349650349645,0.09372340425531918,0.06918727915194346,0.0741696113074205,0.10732101616628176,0.2857142857142857,12.066666666666666,0.0,1.0401906696582086,5.488763250883393,51,94.33333333333333,0,Sector_11,Ministry_8,Agency_18,0,0,0,0,0,0,0
PRJ-AB2ED4BD,2020-01-01,1.9603755868544592,0.0,0.0,0.0,0.09613714285714287,1.0,23.6,0.0,1.2169375235271414,0.0,15,0.0,0,Sector_20,Ministry_7,Agency_49,0,0,0,0,0,0,0
PRJ-AC084561,2020-01-01,21.75627092846271,0.049179487179487176,0.049179487179487176,0.049179487179487176,0.10507323568575233,1.0,26.066666666666666,0.0,1.7007326707495412,0.0,173,195.0,0,Sector_1,Ministry_9,Agency_13,0,0,0,0,1,1,0
PRJ-AC2133B5,2020-01-01,8.301994134897363,0.06087209302325581,0.06087209302325581,0.06087209302325581,0.06712244897959184,1.0,41.733333333333334,0.0,0.7699607528799819,0.0,37,344.0,0,Sector_12,Ministry_5,Agency_39,0,0,0,0,0,1,1
PRJ-AC408157,2020-01-01,9.702779783393503,0.06748717948717949,0.03171794871794871,0.03171794871794871,0.08517379679144385,0.6666666666666666,27.0,0.0,1.8776395182461578,0.0,52,195.0,0,Sector_12,Ministry_1,Agency_4,0,0,0,0,1,0,0
PRJ-AC52F0BE,2020-01-01,2.602306425041186,0.0,0.0,0.0,0.08474885844748858,1.0,25.8,0.0,2.4163015644380423,0.0,14,0.0,0,Sector_1,Ministry_5,Agency_45,0,0,0,0,1,0,0
PRJ-AC85D67F,2020-01-01,0.3053955135773325,0.0,0.0,0.0,0.11848153214774282,1.0,17.2,0.0,3.298858369918583,0.0,2,0.0,0,Sector_19,Ministry_3,Agency_15,0,0,0,0,1,0,0
PRJ-AD1FAF7F,2020-01-01,6.263098827470685,0.0,0.0,0.0,0.18129955947136564,1.0,1.6666666666666667,0.0,0.30284785711115075,0.0,19,0.0,0,Sector_11,Ministry_9,Agency_40,0,0,0,0,0,1,0
PRJ-AEE0DCF3,2020-01-01,10.926893732970033,-0.03889830508474576,0.025593220338983046,0.04205508474576271,0.08082558139534884,0.4,26.7,0.0,1.548099832549594,0.25112994350282486,18,118.0,0,Sector_16,Ministry_6,Agency_16,0,0,0,0,0,0,0
PRJ-AF08B624,2020-01-01,12.721596452328159,0.0,0.0,0.0,0.1292485549132948,1.0,0.5,0.0,2.2555166580227706,0.0,105,0.0,0,Sector_4,Ministry_3,Agency_14,0,0,0,0,1,1,0
PRJ-AF85E11B,2020-01-01,2.582701421800948,0.0,0.0,0.0,0.09757281553398059,0.0,0.0,0.0,1.4034101430237025,0.0,33,0.0,0,Sector_13,Ministry_4,Agency_46,0,0,0,0,0,0,0
PRJ-B084E490,2020-01-01,15.291458189357293,0.0,0.0,0.0,0.08611790878754172,1.0,1.8333333333333333,0.0,0.9653722080409964,0.0,204,0.0,0,Sector_16,Ministry_8,Agency_3,0,0,0,0,0,1,0
PRJ-B09AD445,2020-01-01,12.928395061728395,0.041692307692307654,0.12255102040816326,0.12255102040816326,0.13763440860215054,0.5,20.8,0.0,1.1371219876117449,0.8115561224489796,78,130.66666666666666,0,Sector_20,Ministry_3,Agency_8,0,0,0,0,0,0,0
PRJ-B128EF0C,2020-01-01,0.0,0.19230088495575226,0.15485207100591716,0.1875831485587583,0.0,0.4,10.233333333333333,0.0,0.9697851624510532,0.32680473372781066,166,112.75,0,Sector_7,Ministry_1,Agency_9,0,0,0,0,0,0,0
PRJ-B173F4FB,2020-01-01,10.540473186119875,-0.021584158415841583,0.05455445544554455,0.07443564356435643,0.09620065789473685,0.5,26.766666666666666,0.0,1.2076713053191543,0.24405940594059408,55,101.0,0,Sector_19,Ministry_2,Agency_39,0,0,0,0,0,0,0
PRJ-B2B86716,2020-01-01,13.609095477386933,0.0,0.0,0.0,0.0744160272804774,1.0,2.1666666666666665,0.0,1.0311474854680833,0.0,195,0.0,0,Sector_9,Ministry_4,Agency_5,0,0,0,0,0,1,0
PRJ-B30EAC0B,2020-01-01,-6.972290502793298,0.0,0.0,0.0,0.05145028499050031,0.0,0.0,0.0,1.566952550455422,0.0,13,0.0,0,Sector_5,Ministry_5,Agency_43,0,0,0,0,1,0,0
PRJ-B31DCA78,2020-01-01,8.824652128764278,0.08025806451612902,0.08025806451612902,0.08025806451612902,0.1188756388415673,0.5,16.4,0.0,0.6612155459629417,0.0,67,155.0,0,Sector_17,Ministry_8,Agency_41,0,0,0,0,0,0,0
PRJ-B3822FF9,2020-01-01,-6.574278728606359,0.1989830508474576,0.12174647887323943,0.0810970464135021,0.06939226519337016,0.6,23.733333333333334,0.0,0.7552339776536868,0.1308450704225352,92,118.5,0,Sector_16,Ministry_1,Agency_37,0,0,0,0,0,0,0
PRJ-B38A4A6E,2020-01-01,14.095025125628148,0.12201257861635217,0.12201257861635217,0.12201257861635217,0.16176923076923078,1.0,16.233333333333334,0.0,1.0872180613189584,0.0,88,159.0,0,Sector_18,Ministry_8,Agency_38,0,0,0,0,0,0,0
PRJ-B38E56DD,2020-01-01,2.426807151979567,0.0,0.0,0.0,0.06573529411764706,1.0,1.8333333333333333,0.0,0.23345779386277665,0.0,24,0.0,0,Sector_1,Ministry_9,Agency_32,0,0,0,0,1,1,1
PRJ-B3BB7C98,2020-01-01,8.82749699157641,0.09269938650306749,0.09269938650306749,0.09269938650306749,0.06751247920133112,1.0,39.86666666666667,0.0,0.7388847215416,0.0,135,163.0,0,Sector_10,Ministry_5,Agency_39,0,0,0,0,0,0,0
PRJ-B55E45BD,2020-01-01,-6.284408602150535,0.20495575221238935,0.20495575221238935,0.20495575221238935,0.06588180978762696,0.5,30.633333333333333,0.0,0.2309400593454705,0.0,86,113.0,0,Sector_17,Ministry_6,Agency_15,0,0,0,0,0,0,0
PRJ-B580BA76,2020-01-01,15.721538461538461,0.0,0.0,0.0,0.11975975975975976,1.0,3.566666666666667,0.0,0.6356158530071573,0.0,59,0.0,0,Sector_8,Ministry_5,Agency_7,0,0,0,0,0,1,1
PRJ-B59804C1,2020-01-01,44.78664429530202,0.05079470198675498,0.07944812362030905,0.07944812362030905,1.2265853658536585,1.0,9.066666666666666,0.0,0.8016988135478194,0.8656291390728477,101,151.0,0,Sector_4,Ministry_10,Agency_48,0,0,0,0,0,1,0
PRJ-B5C0C913,2020-01-01,-1.7100801424755119,0.10516483516483514,0.10516483516483514,0.10516483516483514,0.08721627408993576,0.0,0.0,0.0,0.4878149093202142,0.0,7,91.0,0,Sector_20,Ministry_2,Agency_38,0,0,0,0,0,0,0
PRJ-B5D466B3,2020-01-01,7.695636025998148,0.049710144927536226,0.07463768115942028,0.07463768115942028,0.11121718377088306,0.3333333333333333,11.366666666666667,0.0,1.0911170141938111,0.0,37,207.0,0,Sector_9,Ministry_2,Agency_26,0,0,0,0,0,0,0
PRJ-B64FC7ED,2020-01-01,8.957906137184112,0.026719999999999997,0.026719999999999997,0.026719999999999997,0.08066100094428706,0.5,27.8,0.0,3.1183096411839375,0.0,77,125.0,0,Sector_5,Ministry_10,Agency_13,0,0,0,0,1,0,0
PRJ-B6E5213D,2020-01-01,-6.3968632371392715,0.0,0.0,0.0,0.05787072243346007,0.0,0.0,0.0,1.4690036995982276,0.0,17,0.0,0,Sector_12,Ministry_7,Agency_15,0,0,0,0,1,0,0
PRJ-B73C95B0,2020-01-01,39.33710037174721,0.09658181818181819,0.09658181818181819,0.09658181818181819,0.48814814814814816,1.0,7.6,0.0,0.7966088435091566,0.0,149,275.0,0,Sector_16,Ministry_1,Agency_31,0,0,0,0,0,1,0
PRJ-B7FBA8D5,2020-01-01,7.548351648351646,0.0,0.0,0.0,0.05992089650626237,1.0,44.93333333333333,0.0,0.41448757700742883,0.0,103,0.0,0,Sector_3,Ministry_8,Agency_36,0,0,0,0,0,0,0
PRJ-B804B9F5,2020-01-01,2.887462686567165,0.18745454545454546,0.18745454545454546,0.18745454545454546,0.07744390243902438,0.5,28.966666666666665,0.0,0.40486494300167797,0.0,95,110.0,0,Sector_18,Ministry_9,Agency_48,0,0,0,0,0,0,0
PRJ-B835F42E,2020-01-01,15.446004514672694,0.10291338582677163,0.12818181818181817,0.12818181818181817,0.15026634382566587,1.0,18.333333333333332,0.0,1.130476670286527,0.0,94,126.5,0,Sector_9,Ministry_8,Agency_19,0,0,0,0,0,0,0
PRJ-B84DB07C,2020-01-01,34.59888888888889,0.14027272727272727,0.0924090909090909,0.0924090909090909,0.3399519230769231,1.0,7.3,0.0,1.1307246906152293,0.0,38,110.0,0,Sector_10,Ministry_3,Agency_7,0,0,0,0,0,1,0
PRJ-B94A4822,2020-01-01,-4.693688760806921,0.22627118644067812,0.1579661016949153,0.13719546742209635,0.02674999999999983,0.45454545454545453,8.933333333333334,0.0,1.002501624245812,0.8040112994350285,8,58.8,0,Sector_11,Ministry_9,Agency_3,0,0,0,0,0,0,0
PRJ-B94CB1A2,2020-01-01,11.84207301173403,0.0,0.0,0.0,0.07440466926070038,1.0,36.46666666666667,0.0,6.895657996645089,0.0,79,0.0,0,Sector_5,Ministry_10,Agency_43,0,0,0,0,1,0,0
PRJ-B9AE1BDD,2020-01-01,-2.1449999999999996,0.11761904761904761,0.11761904761904761,0.11761904761904761,0.12151219512195123,0.0,0.0,0.0,1.0501285703827907,0.0,17,84.0,0,Sector_6,Ministry_10,Agency_2,0,0,0,0,0,0,0
PRJ-BA1F808D,2020-01-01,8.67681073025335,0.08204545454545453,0.07532828282828283,0.07532828282828283,0.08613119143239625,0.75,30.266666666666666,0.0,2.079816330890016,0.9049747474747475,67,132.0,0,Sector_18,Ministry_3,Agency_38,0,0,0,0,1,0,0
PRJ-BA5A117C,2020-01-01,7.943214756258236,0.05682926829268293,0.05027522935779816,0.05027522935779816,0.07472160356347438,0.3333333333333333,26.733333333333334,0.0,0.867479490819948,0.0,130,163.5,0,Sector_1,Ministry_10,Agency_18,0,0,0,0,0,0,0
PRJ-BA872D90,2020-01-01,-3.034481074481075,0.0,0.0,0.0,0.1175301204819277,0.0,0.0,0.0,0.16645631302507388,0.0,66,0.0,0,Sector_20,Ministry_2,Agency_40,0,0,0,0,0,0,0
PRJ-BC08D4D6,2020-01-01,21.49217948717949,0.051158536585365844,0.051158536585365844,0.051158536585365844,0.10568370986920332,1.0,26.133333333333333,0.0,2.468652780176336,0.0,79,164.0,0,Sector_15,Ministry_6,Agency_45,0,0,0,0,1,1,0
PRJ-BE495630,2020-01-01,-4.552583518930959,0.1469186046511628,0.11058027079303676,0.11058027079303676,0.08947115384615384,0.5,13.966666666666667,0.0,0.8837376590430612,1.435357833655706,1,172.33333333333334,0,Sector_3,Ministry_5,Agency_47,0,0,0,0,0,0,0
PRJ-BEAF49FB,2020-01-01,60.54,0.051864406779661025,0.051864406779661025,0.051864406779661025,999.0,1.0,8.8,0.0,1.1973371204679442,0.0,231,236.0,0,Sector_17,Ministry_6,Agency_25,0,0,0,0,0,1,0
PRJ-BF5DA3A4,2020-01-01,-5.083333333333336,0.0,0.0,0.0,0.06688034188034188,0.0,0.0,0.0,0.8137850024211023,0.0,38,0.0,0,Sector_14,Ministry_9,Agency_47,0,0,0,0,0,0,0
PRJ-BF719A59,2020-01-01,16.3689588377724,0.0,0.0,0.0,0.15160447761194032,1.0,17.033333333333335,0.0,0.9637147136526547,0.0,129,0.0,0,Sector_8,Ministry_3,Agency_33,0,0,0,0,0,0,0
PRJ-BF75A413,2020-01-01,1.4321457821457813,0.08849056603773588,0.06852664576802509,0.06014117647058824,0.08406344410876132,0.6,20.6,0.0,0.8630082838049709,0.2789968652037617,28,106.25,0,Sector_13,Ministry_10,Agency_20,0,0,0,0,0,0,0
PRJ-BF8E86FD,2020-01-01,1.9605730659025937,0.14933333333333323,0.13588888888888886,0.11827777777777777,0.1526923076923077,0.5,6.833333333333333,0.0,0.9285349278626829,0.23916666666666664,11,60.0,0,Sector_13,Ministry_6,Agency_34,0,0,0,0,0,0,0
PRJ-BFC8C766,2020-01-01,-2.102302284710021,0.10097826086956525,0.11095108695652176,0.11095108695652176,0.08394392523364486,0.3333333333333333,25.633333333333333,0.0,0.9741776932355164,0.0,51,184.0,0,Sector_18,Ministry_10,Agency_16,0,0,0,0,0,0,0
PRJ-BFE9280C,2020-01-01,11.265909878682844,0.07173076923076924,0.08826923076923077,0.08826923076923077,0.20147500000000002,0.6666666666666666,5.766666666666667,0.0,1.540654406151319,0.0,21,52.0,0,Sector_18,Ministry_7,Agency_20,0,0,0,0,0,0,0
PRJ-BFE991F8,2020-01-01,-4.675672191528548,0.4236206896551725,0.2525433526011561,0.22265895953757228,0.050571428571428455,0.75,7.1,0.0,0.8223274418417257,1.2159537572254335,47,57.714285714285715,0,Sector_16,Ministry_8,Agency_44,0,0,0,0,0,0,1
PRJ-C0BBC727,2020-01-01,1.5245299145299143,0.10179310344827586,0.06329896907216495,0.06329896907216495,0.062378048780487805,1.0,34.5,0.0,1.0490409707699524,0.0,54,145.5,0,Sector_10,Ministry_9,Agency_48,0,0,0,0,1,0,1
PRJ-C14520A0,2020-01-01,-1.0318781725888329,0.0,0.0,0.0,0.0627266338721012,0.0,0.0,0.0,1.234351494167719,0.0,26,0.0,0,Sector_10,Ministry_10,Agency_17,0,0,0,0,0,0,0
PRJ-C1B98D8B,2020-01-01,-1.0307372400756094,0.10337931034482756,0.1357241379310345,0.1357241379310345,0.09196029776674938,0.5,23.233333333333334,0.0,1.0081932185079012,0.21255172413793105,75,145.0,0,Sector_4,Ministry_3,Agency_49,0,0,0,0,0,0,1
PRJ-C1EC22C1,2020-01-01,9.104076827757126,0.0,0.0,0.0,0.06879789631855747,1.0,39.1,0.0,2.7694786724949236,0.0,86,0.0,0,Sector_19,Ministry_6,Agency_47,0,0,0,0,1,0,0
PRJ-C1EE6690,2020-01-01,-3.4545551601423483,0.13777777777777775,0.07767908309455587,0.07767908309455587,0.06739890710382514,0.25,25.133333333333333,0.0,1.5867318032396844,2.3902578796561604,25,116.33333333333333,0,Sector_9,Ministry_4,Agency_3,0,0,0,0,1,0,1
PRJ-C25A54CF,2020-01-01,11.24922229869236,-0.017025316455696188,-0.017025316455696188,-0.017025316455696188,0.08024365482233502,0.5,29.7,0.0,1.0385524563478312,0.0,153,158.0,0,Sector_15,Ministry_7,Agency_17,0,0,0,0,0,0,0
PRJ-C28F1EE0,2020-01-01,0.5404858299595112,0.17614754098360658,0.08147540983606559,0.08147540983606559,0.08159722222222222,1.0,27.066666666666666,0.0,1.1015167323633586,0.0,5,122.0,0,Sector_14,Ministry_8,Agency_22,0,0,0,0,0,0,0
PRJ-C2C175FB,2020-01-01,18.095685618729092,0.0,0.0,0.0,0.10751651254953765,1.0,26.9,0.0,1.2607492930391127,0.0,203,0.0,0,Sector_3,Ministry_5,Agency_38,0,0,0,0,0,0,0
PRJ-C2DE0BB8,2020-01-01,-8.10435897435898,0.12279620853080571,0.12279620853080571,0.12279620853080571,0.07899068322981366,0.0,0.0,0.0,1.336201254353322,0.0,27,211.0,0,Sector_16,Ministry_10,Agency_39,0,0,0,0,1,0,0
PRJ-C46AD91F,2020-01-01,45.065068493150676,0.08491803278688524,0.08155313351498637,0.08155313351498637,0.7564935064935064,1.0,7.166666666666667,0.0,1.072262507660082,0.0830517711171662,18,122.33333333333333,0,Sector_16,Ministry_5,Agency_31,0,0,0,0,0,1,1
PRJ-C46E4150,2020-01-01,26.051510574018124,0.049885057471264406,0.1455133079847909,0.1455133079847909,0.26191489361702125,1.0,9.866666666666667,0.0,0.9454088380659323,0.9712167300380229,77,87.66666666666667,0,Sector_4,Ministry_7,Agency_31,0,0,0,0,0,1,0
PRJ-C4976172,2020-01-01,0.0,0.4261111111111112,0.3063125,0.29828125,0.0,0.5714285714285714,4.2,0.0,0.9334050693448112,0.4559375000000001,350,53.333333333333336,0,Sector_4,Ministry_6,Agency_39,0,0,0,0,0,0,0
PRJ-C4FA4209,2020-01-01,22.668244274809158,0.16153846153846155,0.16153846153846155,0.16153846153846155,0.36396135265700486,1.0,2.3,0.0,1.5471291429012717,0.0,30,78.0,0,Sector_7,Ministry_9,Agency_47,0,0,0,0,1,1,0
PRJ-C57EED2A,2020-01-01,0.0,0.1305660377358491,0.1342038216560509,0.19885350318471337,0.0,0.2222222222222222,2.433333333333333,0.0,0.9700680794430793,1.0909554140127387,33,52.25,0,Sector_16,Ministry_5,Agency_27,0,0,0,0,0,0,0
PRJ-C5A53AB6,2020-01-01,4.256635367762129,0.14315789473684204,0.09531791907514452,0.1277456647398844,0.19318965517241377,0.2222222222222222,1.8333333333333333,0.0,1.1593231376858195,0.8612716763005779,5,57.625,0,Sector_12,Ministry_6,Agency_2,0,0,0,0,0,0,0
PRJ-C5E07A26,2020-01-01,-5.526540880503148,0.09926470588235294,-0.021274509803921586,0.13759803921568628,0.10368000000000001,0.25,13.1,58.88948061776495,1.3840583478438748,0.009460784313725523,1,68.0,0,Sector_5,Ministry_5,Agency_34,0,0,0,0,1,0,0
PRJ-C634E6EB,2020-01-01,1.1861056105610572,0.14754098360655735,0.1423265306122449,0.1423265306122449,0.08403870967741935,1.0,25.733333333333334,0.0,0.4858701803306911,0.0,70,122.5,0,Sector_12,Ministry_4,Agency_12,0,0,0,0,0,1,0
PRJ-C67A00E7,2020-01-01,0.6694871794871844,0.17270833333333332,0.15951724137931034,0.16373056994818652,0.1621529745042493,0.2,5.6,0.0,1.0077171666598115,3.6322068965517245,30,48.25,0,Sector_2,Ministry_10,Agency_27,0,0,0,0,0,0,0
PRJ-C6801C2A,2020-01-01,12.19085419734904,0.12398437499999998,0.12398437499999998,0.12398437499999998,0.1811388888888889,1.0,13.133333333333333,0.0,2.628738959897261,0.0,63,128.0,0,Sector_3,Ministry_3,Agency_4,0,0,0,0,1,0,0
PRJ-C72FF1D8,2020-01-01,1.4952941176470596,0.0,0.0,0.0,0.059837288135593227,0.0,0.0,0.0,0.9234556050254699,0.0,75,0.0,0,Sector_7,Ministry_10,Agency_33,0,0,0,0,0,0,0
PRJ-C7B60FAE,2020-01-01,16.441269841269843,0.06883040935672513,0.06883040935672513,0.06883040935672513,0.10105540897097624,1.0,2.033333333333333,0.0,0.8589290341716981,0.0,161,171.0,0,Sector_15,Ministry_7,Agency_49,0,0,0,0,0,1,0
PRJ-C8E7990B,2020-01-01,0.0,0.09175000000000004,0.23058333333333333,0.26375,0.0,0.4,1.9666666666666666,0.0,1.022171740118128,1.2600833333333332,90,40.0,0,Sector_6,Ministry_4,Agency_33,0,0,0,0,0,0,0
PRJ-C96FA228,2020-01-01,16.892331606217617,0.0,0.0,0.0,0.09054794520547946,1.0,31.6,0.0,3.160835608264705,0.0,145,0.0,0,Sector_9,Ministry_3,Agency_28,0,0,0,0,1,0,0
PRJ-C97B0AA1,2020-01-01,11.736206896551723,0.0,0.0,0.0,0.25044642857142857,1.0,2.0,0.0,0.2380314877511642,0.0,10,0.0,0,Sector_9,Ministry_3,Agency_3,0,0,0,0,0,1,0
PRJ-C9F84BF9,2020-01-01,28.05973293768546,0.016818181818181784,0.11105263157894736,0.09311512415349887,0.4181730769230769,1.0,7.366666666666666,0.0,0.9169235792674216,4.853233082706766,39,88.6,1,Sector_1,Ministry_1,Agency_36,0,0,0,0,0,1,0
PRJ-CA182BAA,2020-01-01,6.3569250645994835,0.3806521739130435,0.3806521739130435,0.3806521739130435,0.2834251968503937,0.5,3.3,0.0,0.8456502749499134,0.0,42,46.0,0,Sector_7,Ministry_9,Agency_48,0,0,0,0,0,0,0
PRJ-CA1FA9E2,2020-01-01,2.9048812664907615,0.0676510067114094,0.0676510067114094,0.0676510067114094,0.0694377990430622,0.0,0.0,0.0,0.9084166955598496,0.0,85,298.0,0,Sector_7,Ministry_2,Agency_6,0,0,0,0,0,0,0
PRJ-CA30B57C,2020-01-01,9.744059405940597,0.09600000000000002,0.14406451612903226,0.14406451612903226,0.15881294964028778,0.6666666666666666,16.566666666666666,0.0,1.2938840558414264,0.0,65,155.0,0,Sector_19,Ministry_5,Agency_42,0,0,0,0,1,0,0
PRJ-CA50D70F,2020-01-01,24.38782187802518,0.05083916083916081,0.08728971962616822,0.08728971962616822,0.17115853658536587,1.0,21.633333333333333,0.0,1.069843366228391,0.15490654205607476,135,142.66666666666666,0,Sector_1,Ministry_8,Agency_42,0,0,0,0,0,1,0
PRJ-CA76BE16,2020-01-01,5.829537210756724,0.0,0.0,0.0,0.06684132841328413,0.0,0.0,0.0,0.18369209834717476,0.0,113,0.0,0,Sector_16,Ministry_3,Agency_47,0,0,0,0,1,0,0
PRJ-CAA240CB,2020-01-01,13.989637305699482,0.0,0.0,0.0,0.06693440428380187,1.0,41.1,0.0,0.0,0.0,102,0.0,0,Sector_6,Ministry_10,Agency_8,0,0,0,0,0,0,0
PRJ-CABF076E,2020-01-01,12.067261146496811,0.13183574879227053,0.13183574879227053,0.13183574879227053,0.09826893353941267,0.5,28.9,0.0,0.6871988646877331,0.0,196,207.0,0,Sector_7,Ministry_8,Agency_17,0,0,0,0,0,0,0
PRJ-CC0704C9,2020-01-01,0.0,0.3716129032258063,0.283956043956044,0.28170329670329675,0.0,0.0,0.0,0.0,0.980393658573945,0.35054945054945047,341,30.272727272727273,0,Sector_7,Ministry_2,Agency_9,0,0,0,0,0,0,0
PRJ-CC36766C,2020-01-01,-0.9211827956989254,0.22563380281690135,0.10358490566037737,0.16331444759206798,0.13108303249097475,0.5,12.333333333333334,0.0,0.9847738499897584,1.7727830188679248,44,70.6,0,Sector_12,Ministry_8,Agency_31,0,0,0,0,0,0,0
PRJ-CC9A50F0,2020-01-01,1.0020481927710918,-0.027820512820512844,-0.016880341880341893,0.12082051282051282,0.11186480186480187,0.5,16.666666666666668,0.0,1.483620593601337,-0.03499999999999999,17,78.0,0,Sector_19,Ministry_10,Agency_30,0,0,0,0,1,0,0
PRJ-CCE31653,2020-01-01,-1.665016611295684,0.10747126436781611,0.13180076628352494,0.12997126436781611,0.10716129032258064,0.4,17.1,0.0,0.9672144359955854,2.246513409961686,3,87.0,0,Sector_11,Ministry_7,Agency_10,0,0,0,0,0,0,0
PRJ-CD0C4381,2020-01-01,4.817703756201269,0.08395348837209306,0.09889534883720931,0.09889534883720931,0.0764542294322132,1.0,33.166666666666664,0.0,1.3227941593497472,0.0,32,172.0,0,Sector_19,Ministry_5,Agency_25,0,0,0,0,0,0,0
PRJ-CD421056,2020-01-01,5.010492332526233,0.11163841807909604,0.11163841807909604,0.11163841807909604,0.08674698795180723,1.0,28.4,0.0,1.2286847663695841,0.0,56,177.0,0,Sector_12,Ministry_2,Agency_31,0,0,0,0,0,0,0
PRJ-CD73D8F7,2020-01-01,0.0,0.2535593220338982,0.2790285714285714,0.2618556701030928,0.0,0.3333333333333333,3.433333333333333,0.0,1.0333748631404085,1.3365714285714285,162,58.2,0,Sector_13,Ministry_6,Agency_17,0,0,0,0,0,0,0
PRJ-CDAE200F,2020-01-01,0.0,0.15247524752475253,0.18894389438943895,0.19544554455445545,0.0,0.0,0.0,0.0,0.9807470441790062,4.556963696369637,37,101.0,0,Sector_19,Ministry_2,Agency_12,0,0,0,0,0,0,0
PRJ-CDD38A2D,2020-01-01,1.3649171752397535,0.07720000000000005,0.11651595744680851,0.0955489021956088,0.08988142292490119,0.6,25.0,0.0,1.022966971185738,0.7642819148936171,15,125.25,0,Sector_17,Ministry_2,Agency_30,0,0,0,0,0,0,0
PRJ-CDE31ED5,2020-01-01,12.450000000000003,0.16950000000000004,0.10240663900414938,0.12217391304347826,999.0,1.0,12.033333333333333,0.0,0.9619316872065811,2.29253112033195,41,80.42857142857143,1,Sector_20,Ministry_9,Agency_6,0,0,0,0,0,1,0
PRJ-CDFD4FBB,2020-01-01,11.039404352806415,0.0,0.0,0.0,0.06491349480968858,1.0,42.93333333333333,0.0,2.529664402064481,0.0,87,0.0,0,Sector_10,Ministry_3,Agency_28,0,0,0,0,0,0,0
PRJ-CE45876A,2020-01-01,20.81876989869754,0.036153846153846154,0.043419023136246786,0.043419023136246786,0.1021,1.0,27.833333333333332,0.0,1.065270131887315,0.0,99,194.5,0,Sector_14,Ministry_8,Agency_10,0,0,0,0,0,1,0
PRJ-CF00CCE8,2020-01-01,-2.365673876871881,0.11321100917431196,0.11193251533742332,0.11007366482504605,0.07857421875,0.5,25.433333333333334,0.0,1.624148860851207,0.24978527607361967,39,108.6,0,Sector_20,Ministry_8,Agency_11,0,0,0,0,1,0,0
PRJ-CF18C62B,2020-01-01,-3.0996798493408697,0.0,0.0,0.0,0.06011168384879725,1.0,3.6333333333333333,0.0,0.5107236517476542,0.0,2,0.0,0,Sector_19,Ministry_2,Agency_25,0,0,0,0,0,1,1
PRJ-CFAB6229,2020-01-01,7.893074361820197,-0.13088888888888886,0.051407407407407416,0.051407407407407416,0.06282265552460538,1.0,43.06666666666667,0.0,2.4441769984362987,0.9277222222222222,5,180.0,0,Sector_9,Ministry_5,Agency_38,0,0,0,0,1,1,0
PRJ-D149DAB4,2020-01-01,9.962189349112435,0.1874193548387097,0.13399193548387098,0.13399193548387098,0.19162280701754386,0.6666666666666666,9.533333333333333,0.0,0.9920842944595701,0.0,77,124.0,0,Sector_1,Ministry_5,Agency_4,0,0,0,0,0,0,0
PRJ-D18230E4,2020-01-01,-22.142066115702484,0.22929487179487176,0.11717948717948719,0.11717948717948719,0.0410188679245283,0.5,29.666666666666668,0.0,1.0300087329412648,0.12042735042735042,33,156.0,0,Sector_7,Ministry_8,Agency_21,0,0,0,0,0,0,1
PRJ-D1987018,2020-01-01,9.49839949590422,0.012117647058823542,0.012117647058823542,0.012117647058823542,0.07137323943661972,0.5,33.166666666666664,0.0,1.1907656269910631,0.0,111,170.0,0,Sector_9,Ministry_9,Agency_49,0,0,0,0,0,0,0
PRJ-D1D348B1,2020-01-01,-11.252111801242222,0.20999999999999996,0.15244897959183673,0.15244897959183673,0.07772727272727274,0.25,12.9,0.0,1.1561399625613222,3.3833418367346937,41,130.66666666666666,0,Sector_18,Ministry_8,Agency_49,0,0,0,0,0,0,0
PRJ-D1DF584B,2020-01-01,13.228261851015802,0.1451079136690647,0.1451079136690647,0.1451079136690647,0.1407157894736842,1.0,18.633333333333333,0.0,1.137654303652048,0.0,133,139.0,0,Sector_5,Ministry_3,Agency_47,0,0,0,0,0,0,0
PRJ-D252B71F,2020-01-01,6.7479944674965395,0.1344927536231884,0.13912621359223304,0.14402912621359223,0.2437499999999999,0.7777777777777778,10.3,0.0,0.9451251382122439,0.1339805825242718,42,68.625,0,Sector_6,Ministry_9,Agency_45,0,0,0,0,0,0,0
PRJ-D31D65D7,2020-01-01,42.19132231404959,0.24010204081632655,0.11820338983050849,0.10977157360406091,1.5716666666666665,1.0,8.166666666666666,0.0,1.862320499473425,2.7837288135593217,83,98.5,1,Sector_14,Ministry_4,Agency_41,0,0,0,0,1,1,0
PRJ-D37782F1,2020-01-01,7.010999167360538,0.10568047337278107,0.10568047337278107,0.10568047337278107,0.09280272108843539,0.5,27.333333333333332,0.0,0.7662370724766423,0.0,129,169.0,0,Sector_16,Ministry_6,Agency_34,0,0,0,0,0,0,0
PRJ-D3BF3DA6,2020-01-01,1.3356381486675986,0.13305084745762713,0.10474860335195532,0.10474860335195532,0.1432008830022075,0.25,7.133333333333334,0.0,1.138194130189709,1.2298882681564247,22,59.666666666666664,0,Sector_9,Ministry_7,Agency_7,0,0,0,0,1,0,0
PRJ-D3EFE284,2020-01-01,-3.161509433962266,0.11252293577981654,0.07864678899082571,0.07864678899082571,0.07076005961251862,0.3333333333333333,24.466666666666665,0.0,1.012147887309638,0.0,1,218.0,0,Sector_13,Ministry_8,Agency_34,0,0,0,0,0,0,0
PRJ-D4B186E0,2020-01-01,4.469999999999999,0.3568674698795181,0.19604,0.16437125748502993,999.0,1.0,8.0,0.0,0.8458146704381632,0.69236,21,83.5,1,Sector_1,Ministry_5,Agency_41,0,0,0,0,0,1,0
PRJ-D4FB3179,2020-01-01,4.957439613526574,0.2704166666666666,0.2442268041237113,0.2442268041237113,0.2621161825726141,0.6666666666666666,3.3666666666666667,0.0,1.1224862203584098,0.0,28,48.5,0,Sector_1,Ministry_7,Agency_26,0,0,0,0,0,0,0
PRJ-D511D5E2,2020-01-01,5.62041095890411,-0.016031746031746,0.07131926121372031,0.07131926121372031,0.09450949367088607,0.25,15.633333333333333,0.0,1.0445137594410714,6.942031662269129,31,126.33333333333333,0,Sector_8,Ministry_9,Agency_46,0,0,0,0,0,0,0
PRJ-D530541B,2020-01-01,11.243387367244267,0.028598726114649673,0.040699152542372885,0.040699152542372885,0.06627885503231763,0.75,43.233333333333334,0.0,2.2788115724737983,0.37391949152542375,77,157.33333333333334,0,Sector_20,Ministry_5,Agency_20,0,0,0,0,1,0,0
PRJ-D55121CF,2020-01-01,-7.837645211930933,0.37860000000000005,0.19020000000000004,0.20520000000000002,0.1363060686015831,0.4,7.466666666666667,0.0,0.9589116380562516,9.995533333333332,9,50.0,0,Sector_16,Ministry_5,Agency_11,0,0,0,0,0,0,0
PRJ-D5672ABF,2020-01-01,5.487281553398056,0.1177922077922078,0.08035830618892509,0.08035830618892509,0.1390032154340836,0.6666666666666666,12.5,0.0,1.0175444629500623,0.0,53,153.5,0,Sector_6,Ministry_7,Agency_12,0,0,0,0,0,0,0
PRJ-D580FA3B,2020-01-01,-3.2028250137136602,0.052399999999999995,0.052399999999999995,0.052399999999999995,0.05271084337349398,0.0,0.0,0.0,1.2692125771928973,0.0,29,150.0,0,Sector_13,Ministry_4,Agency_27,0,0,0,0,1,0,1
PRJ-D5B20A74,2020-01-01,21.78972222222222,0.0,0.0,0.0,0.07868194842406877,1.0,41.1,0.0,1.0979502906293015,0.0,339,0.0,0,Sector_13,Ministry_1,Agency_20,0,0,0,0,0,0,0
PRJ-D5F4179C,2020-01-01,1.304809688581317,0.0,0.0,0.0,0.08781,0.0,0.0,0.0,-0.1018307483767163,0.0,56,0.0,0,Sector_20,Ministry_4,Agency_33,0,0,0,0,0,0,0
PRJ-D602F048,2020-01-01,7.294324324324325,0.1255357142857143,0.1255357142857143,0.1255357142857143,0.16462301587301587,0.5,8.166666666666666,0.0,0.8869048087154601,0.0,50,56.0,0,Sector_15,Ministry_3,Agency_6,0,0,0,0,0,0,0
PRJ-D6933388,2020-01-01,-1.6597510373444067,0.10842105263157892,0.1479298245614035,0.1581578947368421,0.0,0.42857142857142855,13.666666666666666,0.0,0.9163148649566676,1.2674035087719295,46,95.0,0,Sector_3,Ministry_3,Agency_10,0,0,0,0,0,0,0
PRJ-D71F759D,2020-01-01,10.119146005509641,0.0,0.0,0.0,0.07917515274949083,1.0,1.2,0.0,1.2696139541940368,0.0,144,0.0,0,Sector_8,Ministry_4,Agency_41,0,0,0,0,0,1,1
PRJ-D7592BE1,2020-01-01,1.7597161778618684,0.11439560439560444,0.11338181818181818,0.10502183406113537,0.09856179775280899,0.5,21.033333333333335,0.0,0.985341889887687,2.677454545454545,63,91.6,0,Sector_16,Ministry_1,Agency_12,0,0,0,0,0,0,0
PRJ-D787CB25,2020-01-01,-7.255916230366491,0.0,0.0,0.0,0.24080924855491329,0.0,0.0,0.0,0.25848684794759996,0.0,0,0.0,0,Sector_18,Ministry_9,Agency_31,0,0,0,0,0,0,0
PRJ-D7AA9612,2020-01-01,11.968705701078584,0.0935204081632653,0.04706632653061224,0.04706632653061224,0.09672697368421053,1.0,5.2,0.0,0.5904979847757156,0.0,102,196.0,0,Sector_5,Ministry_2,Agency_11,0,0,0,0,0,1,1
PRJ-D7ABF2E2,2020-01-01,25.471583710407238,0.0,0.0,0.0,0.07930357142857142,1.0,42.166666666666664,0.0,1.5097704561944563,0.0,306,0.0,0,Sector_18,Ministry_1,Agency_41,0,0,0,0,0,0,0
PRJ-D8259559,2020-01-01,-2.745555555555555,0.15627906976744182,0.27015384615384613,0.23946153846153845,0.09366666666666675,0.2727272727272727,3.0,0.0,0.8874554478692449,4.9436923076923085,34,43.3,0,Sector_5,Ministry_4,Agency_9,0,0,0,0,0,0,0
PRJ-D9417E58,2020-01-01,29.790496453900708,0.0,0.0,0.0,0.26953560371517027,1.0,9.666666666666666,0.0,1.4814979847067873,0.0,57,0.0,0,Sector_6,Ministry_6,Agency_12,0,0,0,0,0,1,0
PRJ-D985106D,2020-01-01,18.6678137332281,0.0,0.0,0.0,0.10006795016987542,1.0,28.8,0.0,2.510346666668432,0.0,142,0.0,0,Sector_10,Ministry_7,Agency_27,0,0,0,0,0,0,0
PRJ-D985B2EF,2020-01-01,-4.737894736842108,0.20919354838709675,0.1618817204301075,0.16720430107526882,0.11961038961038963,0.5,9.966666666666667,0.0,0.8752061293078277,1.0959677419354836,15,62.0,0,Sector_6,Ministry_3,Agency_15,0,0,0,0,0,0,0
PRJ-D9BEF80F,2020-01-01,-0.49558421851289935,0.14880341880341882,0.09545064377682404,0.09545064377682404,0.07533907427341227,0.6666666666666666,28.966666666666665,0.0,2.1148366027112533,0.0,40,116.5,0,Sector_8,Ministry_10,Agency_24,0,0,0,0,1,0,0
PRJ-DB04BC62,2020-01-01,6.184052863436122,0.0,0.0,0.0,0.09589420654911839,1.0,1.2666666666666666,0.0,1.0698032495317298,0.0,76,0.0,0,Sector_18,Ministry_7,Agency_14,0,0,0,0,0,1,1
PRJ-DB92E673,2020-01-01,22.55452554744526,0.09555102040816325,0.09555102040816325,0.09555102040816325,0.12152329749103943,1.0,28.266666666666666,0.0,1.3110962964346287,0.0,185,245.0,0,Sector_11,Ministry_5,Agency_38,0,0,0,0,0,1,0
PRJ-DD057A30,2020-01-01,45.82,0.0875757575757576,0.08151006711409396,0.08560483870967742,999.0,1.0,22.966666666666665,0.0,1.594317513380923,0.6520805369127516,27,99.2,1,Sector_20,Ministry_4,Agency_12,0,0,0,0,1,1,0
PRJ-DDEAE812,2020-01-01,-1.4932154340836021,0.0,0.0,0.0,0.06322976878612717,0.0,0.0,0.0,0.27701150802923924,0.0,44,0.0,0,Sector_1,Ministry_3,Agency_36,0,0,0,0,0,0,1
PRJ-DEC1CC08,2020-01-01,7.138292682926828,0.0,0.0,0.0,0.061026645768025085,1.0,4.7,0.0,0.5523548815104842,0.0,27,0.0,0,Sector_15,Ministry_3,Agency_20,0,0,0,0,0,1,1
PRJ-DED911C7,2020-01-01,0.9000000000000057,0.16910256410256408,0.2218965517241379,0.2178036175710594,999.0,0.5,8.0,84.35827591732094,1.8665883244559687,3.3882327586206897,106,77.4,0,Sector_9,Ministry_9,Agency_3,0,0,0,0,1,0,0
PRJ-DF3E0C25,2020-01-01,-5.233411513859281,0.16852941176470593,0.1281372549019608,0.13441176470588237,0.09381418092909535,0.4,18.8,0.0,0.7618194196460503,0.7305228758169935,19,102.0,0,Sector_3,Ministry_5,Agency_46,0,0,0,0,0,0,0
PRJ-DF7F1ADB,2020-01-01,2.3272381835032476,0.1954255319148936,0.0854416961130742,0.09891246684350133,0.09671875,0.6,21.7,0.0,1.089023636191078,0.17770318021201412,32,94.25,0,Sector_14,Ministry_8,Agency_40,0,0,0,0,0,0,0
PRJ-DFDA74CA,2020-01-01,26.049999999999997,0.1853968253968254,0.15783068783068785,0.1729100529100529,999.0,1.0,7.766666666666667,0.0,0.9096833765664402,0.946084656084656,10,63.0,1,Sector_12,Ministry_7,Agency_49,0,0,0,0,0,1,0
PRJ-DFE18C84,2020-01-01,22.05739745403111,0.0,0.0,0.0,0.09336755646817248,1.0,33.3,0.0,1.5830566311358767,0.0,179,0.0,0,Sector_13,Ministry_5,Agency_4,0,0,0,0,0,1,0
PRJ-E1290BAF,2020-01-01,10.335,0.0,0.0,0.0,0.2377777777777778,1.0,7.8,0.0,2.6960940371466813,0.0,34,0.0,0,Sector_11,Ministry_8,Agency_13,0,0,0,0,1,0,0
PRJ-E2734A89,2020-01-01,39.56787061994609,0.1175675675675676,0.14721973094170404,0.14721973094170404,1.284102564102564,1.0,8.666666666666666,0.0,1.0226619572069566,0.6486547085201794,35,74.33333333333333,1,Sector_6,Ministry_1,Agency_7,0,0,0,0,0,1,0
PRJ-E28027E1,2020-01-01,0.0,0.11649999999999991,0.1078888888888889,0.15147222222222223,0.0,0.18181818181818182,7.1,0.0,0.9874747474747475,0.40016666666666684,46,60.0,0,Sector_2,Ministry_10,Agency_45,0,0,0,0,0,0,0
PRJ-E343C6D3,2020-01-01,7.453636363636363,0.21900000000000006,0.1965100671140939,0.22120401337792642,0.37000000000000005,0.2857142857142857,1.9666666666666666,0.0,1.23388104098824,7.371744966442954,13,49.833333333333336,0,Sector_16,Ministry_6,Agency_38,0,0,0,0,0,0,0
PRJ-E36E5325,2020-01-01,37.81909090909092,0.12535714285714286,0.12535714285714286,0.12535714285714286,0.35772093023255813,1.0,7.3,0.0,2.257234718526681,0.0,111,112.0,0,Sector_14,Ministry_4,Agency_37,0,0,0,0,1,1,0
PRJ-E3715891,2020-01-01,4.21294887039239,0.0,0.0,0.0,0.062322888283378744,1.0,40.86666666666667,0.0,0.5029350711237118,0.0,31,0.0,0,Sector_1,Ministry_7,Agency_7,0,0,0,0,0,0,0
PRJ-E39A33A8,2020-01-01,6.210434782608695,0.0,0.0,0.0,0.11704301075268816,1.0,19.3,0.0,1.1917872905551137,0.0,46,0.0,0,Sector_5,Ministry_7,Agency_33,0,0,0,0,0,0,0
PRJ-E3C2F955,2020-01-01,-0.4281155015197555,0.21096774193548384,0.19398936170212766,0.1688817891373802,0.15020661157024795,0.3333333333333333,8.566666666666666,0.0,0.8930613982213723,2.738563829787234,41,62.6,0,Sector_13,Ministry_9,Agency_5,0,0,0,0,0,0,0
PRJ-E43A25F8,2020-01-01,7.689372599231753,0.02294736842105263,0.09933098591549296,0.09933098591549296,0.1495798319327731,0.25,8.033333333333333,0.0,1.1080132902398472,0.5096830985915493,46,94.66666666666667,0,Sector_16,Ministry_6,Agency_30,0,0,0,0,0,0,0
PRJ-E4D353EB,2020-01-01,11.684942263279446,0.07792134831460674,0.09376404494382024,0.09376404494382024,0.09588996763754044,1.0,30.133333333333333,0.0,0.9490350034544726,0.0,147,178.0,0,Sector_16,Ministry_9,Agency_30,0,0,0,0,0,0,0
PRJ-E60CF6DA,2020-01-01,-11.330306748466258,0.0,0.0,0.0,0.08918108419838523,0.0,0.0,0.0,1.581279242748104,0.0,31,0.0,0,Sector_7,Ministry_4,Agency_17,0,0,0,0,0,0,1
PRJ-E6A4E358,2020-01-01,12.900584192439851,0.051981132075471746,0.10542319749216301,0.09790960451977403,0.19724358974358971,0.5,14.833333333333334,0.0,0.9646808014713563,1.051912225705329,80,106.2,0,Sector_10,Ministry_5,Agency_48,0,0,0,0,0,0,0
PRJ-E773343A,2020-01-01,0.0,0.12159090909090896,0.2054545454545455,0.21954545454545454,0.0,0.3,2.6,122.09265053804472,2.16840418224834,2.4790151515151515,90,44.0,0,Sector_20,Ministry_5,Agency_39,0,0,0,0,1,0,0
PRJ-E78787A2,2020-01-01,8.678324986087926,0.05434782608695651,0.044316770186335404,0.044316770186335404,0.06257987220447284,1.0,43.46666666666667,0.0,1.2876787183594147,0.0,62,161.0,0,Sector_8,Ministry_10,Agency_4,0,0,0,0,0,0,0
PRJ-E7BCBA7E,2020-01-01,43.685660639777474,-0.04037383177570094,0.05518633540372671,0.08244186046511628,0.4857936507936508,1.0,10.0,0.0,1.2532074314021702,0.10298136645962731,56,107.5,0,Sector_1,Ministry_3,Agency_21,0,0,0,0,1,1,0
PRJ-E8A56561,2020-01-01,13.734146748193442,0.07894308943089431,0.07894308943089431,0.07894308943089431,0.06741602067183462,1.0,44.0,0.0,1.5845268179533496,0.0,146,246.0,0,Sector_5,Ministry_6,Agency_5,0,0,0,0,1,1,0
PRJ-E9D8DE7B,2020-01-01,20.141993911719936,0.07105504587155964,0.07105504587155964,0.07105504587155964,0.10216041397153945,1.0,29.933333333333334,0.0,1.8171818172629737,0.0,105,218.0,0,Sector_8,Ministry_3,Agency_2,0,0,0,0,1,1,0
PRJ-EA76D46A,2020-01-01,-3.730146799765116,0.10242603550295855,0.061380670611439835,0.061380670611439835,0.05495967741935484,0.5,36.43333333333333,0.0,0.9333093474532433,0.24029585798816572,35,169.0,0,Sector_8,Ministry_1,Agency_17,0,0,0,0,0,0,0
PRJ-EAE03CDE,2020-01-01,15.938297389330303,0.0,0.0,0.0,0.0699585749792875,1.0,42.0,0.0,0.8126347192953289,0.0,213,0.0,0,Sector_10,Ministry_8,Agency_21,0,0,0,0,0,0,0
PRJ-EB1349F5,2020-01-01,7.802476894639554,0.06336842105263157,0.07898245614035088,0.07898245614035088,0.10410179640718562,0.75,21.8,0.0,1.1543579784144296,0.0756140350877193,34,95.0,0,Sector_15,Ministry_10,Agency_8,0,0,0,0,0,0,0
PRJ-EBD81E46,2020-01-01,3.8011742777260054,0.10819548872180451,0.093575,0.0846153846153846,0.10405714285714286,0.2,12.9,0.0,0.9963046915293385,0.47792500000000004,57,133.25,0,Sector_2,Ministry_9,Agency_32,0,0,0,0,0,0,0
PRJ-EC8A291E,2020-01-01,7.042068965517242,0.0805263157894737,0.0805263157894737,0.0805263157894737,0.23439678284182308,0.5,1.9,0.0,0.8589954397436242,0.0,15,38.0,0,Sector_12,Ministry_10,Agency_33,0,0,0,0,0,0,0
PRJ-ECC1692F,2020-01-01,8.115780445969122,0.0,0.0,0.0,0.06358609794628751,0.0,0.0,0.0,0.6502560960281548,0.0,196,0.0,0,Sector_10,Ministry_8,Agency_28,0,0,0,0,0,0,0
PRJ-ED1182BD,2020-01-01,0.2897674418604659,0.08927536231884058,0.08927536231884058,0.08927536231884058,0.1945901639344262,0.0,0.0,0.0,0.7270362787659805,0.0,12,69.0,0,Sector_1,Ministry_4,Agency_6,0,0,0,0,0,0,0
PRJ-EDDA143C,2020-01-01,37.34871972318339,0.0,0.0,0.0,0.2912025316455696,1.0,8.866666666666667,0.0,0.8741397118402826,0.0,125,0.0,0,Sector_3,Ministry_7,Agency_44,0,0,0,0,0,1,0
PRJ-EDDCAE27,2020-01-01,-3.3197744360902277,0.20479999999999995,0.13142222222222222,0.13142222222222222,0.10183193277310924,0.25,13.3,0.0,1.778845488557623,1.396711111111111,37,75.0,0,Sector_18,Ministry_9,Agency_30,0,0,0,0,1,0,0
PRJ-EE046CE9,2020-01-01,3.6303837471783282,0.12618055555555555,0.12618055555555555,0.12618055555555555,0.11945553539019962,0.5,18.633333333333333,0.0,2.3981271957493906,0.0,47,144.0,0,Sector_16,Ministry_2,Agency_17,0,0,0,0,1,0,0
PRJ-EE4A4B40,2020-01-01,8.124435946462714,0.0,0.0,0.0,0.2101869158878505,1.0,0.43333333333333335,0.0,4.058974884653195,0.0,30,0.0,0,Sector_19,Ministry_10,Agency_37,0,0,0,0,1,1,0
PRJ-EECC0872,2020-01-01,20.394070601213464,0.0,0.0,0.0,0.07072519083969465,1.0,44.8,0.0,1.093638118597356,0.0,251,0.0,0,Sector_9,Ministry_6,Agency_21,0,0,0,0,0,0,0
PRJ-EFB0C6D3,2020-01-01,14.452143310082437,0.0,0.0,0.0,0.07580617495711836,1.0,37.833333333333336,0.0,1.7421616532360993,0.0,158,0.0,0,Sector_3,Ministry_7,Agency_30,0,0,0,0,0,0,0
PRJ-F00CD484,2020-01-01,9.34626320845341,0.042127659574468075,0.042127659574468075,0.042127659574468075,0.10761433868974042,1.0,20.566666666666666,0.0,1.16526490687663,0.0,45,94.0,0,Sector_9,Ministry_1,Agency_48,0,0,0,0,0,0,0
PRJ-F0CAFFEA,2020-01-01,16.834386536373508,0.10508379888268157,0.10282913165266107,0.10282913165266107,0.1872429906542056,0.3333333333333333,9.3,0.0,1.0319527890580718,0.0,172,178.5,0,Sector_12,Ministry_3,Agency_7,0,0,0,0,0,0,0
PRJ-F1059436,2020-01-01,10.652223816355814,0.13717171717171717,0.16356902356902359,0.14315151515151514,1.4749999999999996,0.3333333333333333,8.3,0.0,0.9736907240848461,1.90993265993266,95,99.0,0,Sector_20,Ministry_8,Agency_8,0,0,0,0,0,0,0
PRJ-F10F560F,2020-01-01,11.504483319772177,0.04213483146067415,0.04213483146067415,0.04213483146067415,0.09509546539379475,1.0,23.733333333333334,0.0,1.498586719284392,0.0,36,178.0,0,Sector_5,Ministry_1,Agency_13,0,0,0,0,0,1,0
PRJ-F166D133,2020-01-01,3.2191148775894476,0.3651063829787235,0.23780141843971636,0.18106382978723404,0.2271084337349397,0.4444444444444444,2.6666666666666665,0.0,1.024679551871056,0.49085106382978727,25,47.0,0,Sector_16,Ministry_5,Agency_46,0,0,0,0,0,0,0
PRJ-F1CADA3E,2020-01-01,31.459896907216496,0.15499999999999992,0.15816037735849056,0.1409540636042403,1.6877272727272727,1.0,3.7,0.0,0.9124419051770376,0.9462735849056605,13,70.75,1,Sector_5,Ministry_4,Agency_1,0,0,0,0,0,1,0
PRJ-F22E2937,2020-01-01,14.42813125695217,0.020136986301369873,0.02457858769931663,0.02457858769931663,0.0682183406113537,0.75,38.96666666666667,0.0,1.7738651723935934,0.7341913439635536,68,146.33333333333334,0,Sector_5,Ministry_3,Agency_5,0,0,0,0,0,0,0
PRJ-F235EAC3,2020-01-01,25.540000000000006,0.07293577981651365,0.10395705521472391,0.11628676470588234,999.0,1.0,17.2,125.95634476103857,2.3624435021859886,3.6823312883435584,51,108.8,1,Sector_9,Ministry_5,Agency_27,0,0,0,0,1,1,0
PRJ-F242499F,2020-01-01,1.4665217391304353,0.10324607329842933,0.06756544502617802,0.06756544502617802,0.07429463171036205,0.6666666666666666,26.866666666666667,0.0,1.8953638191177684,0.0,6,191.0,0,Sector_9,Ministry_7,Agency_18,0,0,0,0,1,0,0
PRJ-F2594B9A,2020-01-01,8.881081081081081,0.13680851063829785,0.1553900709219858,0.1553900709219858,0.19285714285714284,1.0,6.1,0.0,1.2295797063691274,1.6238297872340428,34,47.0,0,Sector_4,Ministry_2,Agency_40,0,0,0,0,0,0,0
PRJ-F27B90E5,2020-01-01,16.75514499532273,-0.04028571428571429,0.048666666666666664,0.048666666666666664,0.11988993710691824,0.75,22.1,0.0,1.9782623273856503,0.45212698412698415,13,105.0,0,Sector_10,Ministry_5,Agency_33,0,0,0,0,0,0,0
PRJ-F3045F9C,2020-01-01,-0.05204013377925776,0.12155555555555553,0.2143911439114391,0.2143911439114391,0.16696517412935324,0.75,10.633333333333333,0.0,0.9293969120154176,1.5914022140221404,36,90.33333333333333,0,Sector_8,Ministry_1,Agency_25,0,0,0,0,0,0,0
PRJ-F32E8A83,2020-01-01,9.207282608695657,0.0703765690376569,0.0703765690376569,0.0703765690376569,0.07806380638063808,1.0,34.9,0.0,1.27229276281269,0.0,85,239.0,0,Sector_4,Ministry_6,Agency_14,0,0,0,0,0,0,0
PRJ-F3901E5E,2020-01-01,4.787922210849544,-0.010625000000000107,0.05665271966527193,0.0952928870292887,0.1207692307692308,0.4444444444444444,14.433333333333334,0.0,0.9764510868471032,0.41284518828451866,0,79.75,0,Sector_20,Ministry_9,Agency_33,0,0,0,0,0,0,0
PRJ-F3F6C259,2020-01-01,6.366666666666668,0.0,0.0,0.0,0.06375415282392027,1.0,39.333333333333336,0.0,3.2753688258615505,0.0,37,0.0,0,Sector_3,Ministry_1,Agency_15,0,0,0,0,0,0,0
PRJ-F452E130,2020-01-01,16.33797006548176,0.02549618320610687,0.02549618320610687,0.02549618320610687,0.11633193863319385,1.0,19.533333333333335,0.0,1.0995228773366033,0.0,91,131.0,0,Sector_5,Ministry_6,Agency_45,0,0,0,0,0,1,0
PRJ-F4A40605,2020-01-01,2.1025274725274734,0.0,0.0,0.0,0.07067234848484848,0.0,0.0,0.0,0.7500023356301062,0.0,110,0.0,0,Sector_7,Ministry_5,Agency_43,0,0,0,0,0,0,0
PRJ-F4B3E50E,2020-01-01,13.460754716981132,0.0,0.0,0.0,0.08944963655244029,1.0,1.9,0.0,0.9018825234975305,0.0,158,0.0,0,Sector_14,Ministry_2,Agency_20,0,0,0,0,1,1,0
PRJ-F4FA9B03,2020-01-01,-3.137083734359962,0.0,0.0,0.0,0.09236386138613861,0.0,0.0,0.0,0.7605431745516692,0.0,27,0.0,0,Sector_12,Ministry_6,Agency_43,0,0,0,0,0,0,0
PRJ-F629D7EE,2020-01-01,-25.914840940525586,0.4573255813953488,0.1983657587548638,0.1983657587548638,0.05954407294832828,0.25,11.1,0.0,0.9566138267645683,5.089455252918287,52,85.66666666666667,0,Sector_17,Ministry_3,Agency_33,0,0,0,0,0,0,1
PRJ-F64943E9,2020-01-01,-21.133989071038258,0.3639,0.1834782608695652,0.1527254509018036,0.036413793103448285,0.3333333333333333,10.966666666666667,75.88206641116841,1.2474595800448425,1.9079598662207358,27,99.8,0,Sector_4,Ministry_9,Agency_12,0,0,0,0,1,0,1
PRJ-F7184E14,2020-01-01,20.698762886597933,0.0,0.0,0.0,0.12223140495867768,1.0,23.466666666666665,0.0,1.4361214464535705,0.0,69,0.0,0,Sector_4,Ministry_4,Agency_49,0,0,0,0,0,1,1
PRJ-F8F05C0C,2020-01-01,-7.492517482517485,0.3430864197530865,0.29604938271604936,0.29604938271604936,0.13319999999999993,0.5,6.466666666666667,0.0,0.8422635551207969,0.1825925925925926,30,81.0,0,Sector_10,Ministry_10,Agency_14,0,0,0,0,0,0,0
PRJ-F90026C5,2020-01-01,8.309898477157361,0.08764705882352927,0.15182879377431904,0.12194552529182878,0.20044247787610625,0.42857142857142855,10.533333333333333,75.43017146642178,1.7310193948148571,1.1148249027237354,76,85.66666666666667,0,Sector_2,Ministry_10,Agency_43,0,0,0,0,1,0,0
PRJ-F9BE60CF,2020-01-01,21.083507917174174,0.0,0.0,0.0,0.0811934552454283,1.0,38.8,0.0,1.7984031506034177,0.0,281,0.0,0,Sector_2,Ministry_4,Agency_17,0,0,0,0,0,0,0
PRJ-FA59675F,2020-01-01,-0.3984511784511753,-0.040924369747899196,0.06288515406162465,0.07633613445378151,0.06681578947368422,0.6666666666666666,33.4,0.0,1.133775111955082,0.5465826330532213,12,119.0,0,Sector_3,Ministry_6,Agency_39,0,0,0,0,0,0,0
PRJ-FB31F114,2020-01-01,8.39362694300518,0.16384615384615392,0.18923076923076923,0.1731923076923077,0.20904761904761904,0.6666666666666666,6.566666666666666,0.0,1.0568186954431142,1.9128205128205127,36,52.0,0,Sector_6,Ministry_3,Agency_31,0,0,0,0,0,0,0
PRJ-FBA86C86,2020-01-01,6.145707287201468,-0.04416666666666665,0.08249056603773584,0.08249056603773584,0.06676867686768677,0.3333333333333333,37.9,0.0,0.8383334529053831,0.0,125,132.5,0,Sector_7,Ministry_3,Agency_43,0,0,0,0,0,0,0
PRJ-FBF24A77,2020-01-01,-1.255696202531638,0.11239999999999997,0.058997134670487096,0.058997134670487096,0.0620952380952381,0.3333333333333333,32.96666666666667,0.0,1.6988495862431403,0.0,7,174.5,0,Sector_7,Ministry_1,Agency_5,0,0,0,0,1,0,0
PRJ-FC82B765,2020-01-01,15.787812500000001,0.07527918781725887,0.09260759493670885,0.09260759493670885,0.1499337748344371,1.0,22.333333333333332,0.0,1.0906042792419068,0.0,130,197.5,0,Sector_19,Ministry_7,Agency_43,0,0,0,0,0,0,0
PRJ-FD00D456,2020-01-01,10.229216589861752,0.0,0.0,0.0,0.12975817923186345,1.0,17.333333333333332,0.0,2.0786015014514327,0.0,57,0.0,0,Sector_19,Ministry_5,Agency_29,0,0,0,0,0,0,0
PRJ-FD054A11,2020-01-01,19.670471204188484,-0.007890625000000012,-0.007890625000000012,-0.007890625000000012,0.13793918918918918,0.5,16.766666666666666,0.0,1.4093689251339434,0.0,107,128.0,0,Sector_7,Ministry_6,Agency_46,0,0,0,0,0,0,0
PRJ-FD84E8C9,2020-01-01,0.424158415841589,-0.004942528735632262,0.1199227799227799,0.11031884057971013,0.1249056603773585,0.2,7.0,0.0,2.385304426515398,0.08698841698841699,6,86.25,0,Sector_15,Ministry_10,Agency_45,0,0,0,0,1,0,0
PRJ-FD96DFEE,2020-01-01,20.99245901639344,0.060543933054393304,0.060543933054393304,0.060543933054393304,0.11925399644760214,1.0,27.533333333333335,0.0,1.2885652355846138,0.0,179,239.0,0,Sector_3,Ministry_9,Agency_15,0,0,0,0,0,0,0
PRJ-FDE07F62,2020-01-01,11.875825545171338,0.0,0.0,0.0,0.08923518164435947,1.0,29.066666666666666,0.0,0.7974521130006141,0.0,99,0.0,0,Sector_7,Ministry_3,Agency_9,0,0,0,0,0,0,0
PRJ-FDF5E46D,2020-01-01,-5.294377656344867,0.0,0.0,0.0,0.0568235294117647,0.0,0.0,0.0,0.6197391532621054,0.0,23,0.0,0,Sector_4,Ministry_4,Agency_46,0,0,0,0,1,0,0
PRJ-FE5BC4E4,2020-01-01,9.613061630218688,0.061139896373057015,0.09235142118863049,0.09235142118863049,0.12510695187165774,0.6666666666666666,21.833333333333332,0.0,0.9422432324816183,0.0,52,193.5,0,Sector_11,Ministry_7,Agency_38,0,0,0,0,0,0,0
PRJ-FEC5E8B2,2020-01-01,14.812875816993465,-0.03637795275590549,0.02358267716535433,0.02358267716535433,0.07929444967074317,0.3333333333333333,28.266666666666666,0.0,1.9503678799901294,0.0,86,127.0,0,Sector_4,Ministry_8,Agency_39,0,0,0,0,0,0,0
PRJ-FFB6A52B,2020-01-01,17.79936075597554,0.0,0.0,0.0,0.0694921875,1.0,44.0,0.0,1.6001899567394586,0.0,227,0.0,0,Sector_8,Ministry_7,Agency_6,0,0,0,0,0,0,0
PRJ-FFCE45B7,2020-01-01,-4.913778234086244,0.43199999999999994,0.2638787878787878,0.24486363636363634,0.1811330049261084,0.8,6.233333333333333,0.0,0.9763319294158266,0.9533939393939396,9,55.0,0,Sector_3,Ministry_7,Agency_15,0,0,0,0,0,0,0
PRJ-FFD7A2AB,2020-01-01,2.2410553410553433,0.2444444444444444,0.10597883597883598,0.1495873015873016,0.13515850144092217,0.5,11.766666666666667,0.0,0.8553391675124311,0.2035978835978836,53,63.0,0,Sector_19,Ministry_6,Agency_24,0,0,0,0,0,0,0
PRJ-0011CCE0,2021-01-01,15.022250453720508,0.006741573033707861,0.06106741573033708,0.06106741573033708,0.11043250327653999,1.0,21.7,0.0,1.9380377367692871,0.0,73,89.0,0,Sector_3,Ministry_6,Agency_28,0,0,0,0,0,0,0
PRJ-004D44C1,2021-01-01,9.879999999999995,0.13645161290322577,0.09593525179856116,0.09983783783783784,999.0,1.0,16.166666666666668,22.472552607502294,1.1804429511286973,0.0930935251798561,58,92.55555555555556,1,Sector_4,Ministry_6,Agency_17,0,0,0,0,1,1,0
PRJ-00510845,2021-01-01,17.87438356164384,-0.0008938547486033527,0.069025069637883,0.069025069637883,0.09123409669211197,0.6666666666666666,34.6,0.0,1.197379194203674,0.0,136,179.5,0,Sector_18,Ministry_3,Agency_30,0,0,0,0,0,0,0
PRJ-007F9948,2021-01-01,6.261909476661953,0.0,0.0,0.0,0.07575100401606426,1.0,32.9,0.0,4.249281898204846,0.0,16,0.0,0,Sector_20,Ministry_6,Agency_25,0,0,0,0,1,0,0
PRJ-00876435,2021-01-01,17.13649484536083,0.0,0.0,0.0,0.16144486692015209,1.0,1.7,0.0,1.3153226226303742,0.0,89,0.0,0,Sector_14,Ministry_7,Agency_27,0,0,0,0,0,1,0
PRJ-00C603F9,2021-01-01,4.471660516605164,0.0,0.0,0.0,0.09716483516483516,0.0,0.0,0.0,0.9748546393931714,0.0,67,0.0,0,Sector_15,Ministry_5,Agency_40,0,0,0,0,1,0,0
PRJ-00F82879,2021-01-01,-7.9423316912972055,0.10225,0.1595,0.1595,0.07273584905660377,0.3333333333333333,26.566666666666666,0.0,1.336846610694034,0.0,11,120.0,0,Sector_15,Ministry_3,Agency_28,0,0,0,0,1,0,1
PRJ-0135EFBD,2021-01-01,7.280029985007495,-0.0036363636363636234,-0.0036363636363636234,-0.0036363636363636234,0.16355805243445692,0.5,7.533333333333333,0.0,2.9491713283311483,0.0,24,55.0,0,Sector_19,Ministry_10,Agency_26,0,0,0,0,1,0,0
PRJ-0137AEED,2021-01-01,9.632826274848743,0.12202797202797205,0.12202797202797205,0.12202797202797205,0.09865482233502537,1.0,25.766666666666666,0.0,1.088960266723021,0.0,84,143.0,0,Sector_14,Ministry_3,Agency_7,0,0,0,0,0,0,0
PRJ-019B3AE9,2021-01-01,23.141882223445236,0.04428571428571429,0.030747508305647844,0.030747508305647844,0.08447837150127227,1.0,38.43333333333333,0.0,1.1189443479924006,0.0,129,301.0,0,Sector_2,Ministry_7,Agency_38,0,0,0,0,0,1,0
PRJ-01C99B74,2021-01-01,9.476440452428477,0.04919028340080971,0.04919028340080971,0.04919028340080971,0.07768235294117647,0.0,0.0,0.0,1.0480007091252113,0.0,159,247.0,0,Sector_10,Ministry_7,Agency_17,0,0,0,0,0,0,0
PRJ-01FB38E7,2021-01-01,24.47719438877755,0.0,0.0,0.0,0.14791423001949316,1.0,3.066666666666667,0.0,0.757510552451348,0.0,227,0.0,0,Sector_3,Ministry_8,Agency_19,0,0,0,0,0,1,0
PRJ-023095D4,2021-01-01,0.0,0.1360504201680672,0.1099719887955182,0.09740896358543417,0.0,1.0,14.266666666666667,0.0,0.9736381736426478,2.578963585434174,11,119.0,1,Sector_11,Ministry_10,Agency_5,0,0,0,0,0,1,1
PRJ-0315A937,2021-01-01,6.904345351043643,-0.022528735632183897,-0.022528735632183897,-0.022528735632183897,0.10303782505910165,0.5,18.3,0.0,2.377287770751691,0.0,35,87.0,0,Sector_15,Ministry_7,Agency_5,0,0,0,0,1,0,0
PRJ-031EB5DA,2021-01-01,8.693086779266164,0.0,0.0,0.0,0.0644996400287977,1.0,42.1,0.0,1.7229502189056423,0.0,117,0.0,0,Sector_2,Ministry_4,Agency_5,0,0,0,0,0,0,0
PRJ-034429B1,2021-01-01,5.375373423860324,0.05155555555555556,0.07881481481481482,0.09812962962962965,0.1947272727272726,0.6,20.266666666666666,0.0,0.876964382082891,0.5618888888888888,76,90.0,0,Sector_2,Ministry_5,Agency_28,0,0,0,0,0,0,0
PRJ-03A2FBCC,2021-01-01,18.15985130111524,0.04683018867924527,0.08050943396226415,0.08050943396226415,0.12465373961218837,0.6666666666666666,30.866666666666667,0.0,1.5186899588019573,0.0,190,265.0,0,Sector_11,Ministry_9,Agency_25,0,0,0,0,1,0,0
PRJ-03DC3586,2021-01-01,3.8700000000000045,0.11363636363636363,0.18066666666666667,0.19382978723404254,999.0,0.6666666666666666,4.933333333333334,0.0,1.003041903272117,0.19218181818181818,134,54.875,0,Sector_7,Ministry_9,Agency_22,0,0,0,0,0,0,0
PRJ-03EE6869,2021-01-01,3.632032085561498,0.06311418685121108,0.053823529411764715,0.053823529411764715,0.07303236797274276,0.6666666666666666,25.933333333333334,0.0,1.0173720417980658,0.0,42,289.0,0,Sector_19,Ministry_3,Agency_34,0,0,0,0,0,0,0
PRJ-040222B4,2021-01-01,15.594938271604942,0.19125,0.19125,0.19125,0.15642706131078224,1.0,13.566666666666666,0.0,0.9058724729966744,0.0,66,136.0,0,Sector_15,Ministry_8,Agency_8,0,0,0,0,1,1,1
PRJ-0453C6AD,2021-01-01,41.82487584650112,0.0,0.0,0.0,0.4447120418848167,1.0,3.2333333333333334,0.0,1.1582354735144225,0.0,92,0.0,0,Sector_12,Ministry_10,Agency_10,0,0,0,0,0,1,0
PRJ-04AD605C,2021-01-01,0.0,0.34478873239436625,0.1586384976525822,0.18112676056338028,0.0,0.2857142857142857,5.533333333333333,0.0,0.9698991337008542,2.0222065727699525,594,71.0,0,Sector_19,Ministry_3,Agency_26,0,0,0,0,0,0,0
PRJ-04BC6BF2,2021-01-01,10.841707317073173,0.19455696202531642,0.14616033755274263,0.143873417721519,0.251,0.5,5.933333333333334,0.0,0.9540915964484965,0.1643037974683544,73,79.0,0,Sector_3,Ministry_8,Agency_22,0,0,0,0,0,0,0
PRJ-04E401B3,2021-01-01,-2.407191011235952,0.15315789473684202,0.11634361233480174,0.14400881057268722,0.10397212543554007,0.2857142857142857,16.0,0.0,1.0747695758739353,0.25541850220264317,74,75.66666666666667,0,Sector_4,Ministry_4,Agency_21,0,0,0,0,0,0,0
PRJ-0506D8C4,2021-01-01,18.518260869565218,0.0191304347826087,0.0191304347826087,0.0191304347826087,0.08797619047619047,0.5,29.066666666666666,0.0,1.8156860909519397,0.0,135,207.0,0,Sector_9,Ministry_2,Agency_1,0,0,0,0,0,0,0
PRJ-058A9012,2021-01-01,-3.7977643504531784,0.10999999999999997,0.05031021897810219,0.07388508891928865,0.05502840909090909,0.4,40.06666666666667,0.0,2.067459960521783,0.6921167883211679,38,182.75,0,Sector_6,Ministry_2,Agency_36,0,0,0,0,1,0,1
PRJ-05924173,2021-01-01,7.911305758313063,0.1246551724137931,0.07149425287356323,0.07066091954022989,0.1076510067114094,1.0,18.9,0.0,1.0529119240844003,0.22591954022988503,7,116.0,1,Sector_10,Ministry_4,Agency_29,0,0,0,0,0,1,1
PRJ-05BDBD50,2021-01-01,12.241885182311876,0.0695192307692308,0.03420382165605096,0.06955342902711324,0.10937662337662338,0.625,24.833333333333332,0.0,1.1142878294866054,0.12576433121019107,68,104.57142857142857,0,Sector_2,Ministry_9,Agency_38,0,0,0,0,0,0,0
PRJ-05E9ECB4,2021-01-01,-0.03770114942528835,0.0917647058823529,0.0810371819960861,0.08352422907488986,0.07174757281553398,0.2,23.0,0.0,0.8014551246096695,0.9719765166340508,129,170.25,0,Sector_1,Ministry_9,Agency_17,0,0,0,0,0,0,0
PRJ-060807CC,2021-01-01,12.738461538461536,0.0162992125984252,0.035863874345549725,0.056994106090373274,0.0858490566037736,0.8,33.13333333333333,0.0,1.1760809873257687,0.35497382198952876,78,127.25,0,Sector_7,Ministry_1,Agency_21,0,0,0,0,0,0,0
PRJ-06083FAF,2021-01-01,6.920000000000002,0.18819999999999992,0.06849999999999999,0.10193011647254575,999.0,1.0,19.3,0.0,0.9183352877534587,0.5488333333333333,68,100.11111111111111,1,Sector_17,Ministry_6,Agency_7,0,0,0,0,0,1,0
PRJ-0628DC73,2021-01-01,10.245034802784222,0.11172661870503597,0.11172661870503597,0.11172661870503597,0.1351588785046729,1.0,17.633333333333333,0.0,0.9146992948776612,0.0,50,139.0,0,Sector_7,Ministry_2,Agency_48,0,0,0,0,0,1,0
PRJ-063D676B,2021-01-01,14.189324324324325,-0.010878378378378375,0.06314479638009049,0.06314479638009049,0.11347648261758692,0.5,22.6,0.0,1.2763723236977718,0.09678733031674208,106,147.33333333333334,0,Sector_7,Ministry_2,Agency_28,0,0,0,0,0,0,0
PRJ-06B2844C,2021-01-01,-25.586875,0.2251388888888889,0.2251388888888889,0.2251388888888889,0.03779732582688248,0.0,0.0,0.0,1.0634646953575562,0.0,83,144.0,0,Sector_6,Ministry_6,Agency_23,0,0,0,0,0,0,1
PRJ-06C1A86F,2021-01-01,12.637704918032789,0.04748953974895398,0.06713389121338913,0.06713389121338913,0.11220095693779904,0.3333333333333333,13.266666666666667,0.0,2.134649234112589,0.0,85,239.0,0,Sector_4,Ministry_9,Agency_27,0,0,0,0,1,0,0
PRJ-06FEB0E3,2021-01-01,-2.6183783783783667,0.30639999999999984,0.23139999999999997,0.19740863787375412,0.15614634146341466,0.5714285714285714,6.966666666666667,58.159763785811194,1.2978745691026503,1.985466666666667,36,50.166666666666664,0,Sector_10,Ministry_7,Agency_19,0,0,0,0,1,0,0
PRJ-075DC606,2021-01-01,12.147652582159623,0.2442857142857143,0.2442857142857143,0.2442857142857143,0.18740458015267178,1.0,11.266666666666667,0.0,2.7442514059772263,0.0,65,91.0,0,Sector_13,Ministry_4,Agency_43,0,0,0,0,1,0,0
PRJ-0797F788,2021-01-01,0.7804119850187234,0.09907608695652174,0.05970189701897019,0.05970189701897019,0.07594414893617021,0.3333333333333333,25.8,0.0,0.8776459928378496,0.0,30,184.5,0,Sector_8,Ministry_6,Agency_27,0,0,0,0,0,0,0
PRJ-07B15B2B,2021-01-01,0.247600994406465,0.0,0.0,0.0,0.06233259749816042,0.0,0.0,0.0,0.3067474368807024,0.0,75,0.0,0,Sector_14,Ministry_6,Agency_46,0,0,0,0,0,0,0
PRJ-087921A5,2021-01-01,11.612701702442635,0.03739583333333335,0.07356770833333333,0.07356770833333333,0.09082489146164978,0.6666666666666666,31.6,0.0,1.1069708739032933,0.0,85,192.0,0,Sector_15,Ministry_4,Agency_36,0,0,0,0,1,0,0
PRJ-0889DA03,2021-01-01,0.37999999999999545,0.20822429906542056,0.21962616822429906,0.18932242990654205,999.0,0.8,10.366666666666667,0.0,0.9670709323688299,1.4569781931464176,185,107.0,0,Sector_13,Ministry_6,Agency_4,0,0,0,0,0,0,0
PRJ-08978DB6,2021-01-01,-2.3692395437262306,0.2482051282051282,0.2482051282051282,0.2482051282051282,0.1832267441860465,0.0,0.0,0.0,2.1490801179985293,0.0,27,78.0,0,Sector_1,Ministry_5,Agency_44,0,0,0,0,1,0,0
PRJ-08DED816,2021-01-01,3.5997835497835524,0.009239130434782701,0.12467391304347827,0.08079710144927536,0.10552631578947366,0.4,21.1,0.0,1.020304652124772,0.5295652173913044,45,92.0,0,Sector_19,Ministry_3,Agency_45,0,0,0,0,0,0,0
PRJ-094272A7,2021-01-01,10.444721189591075,0.09462068965517242,0.09462068965517242,0.09462068965517242,0.14451676528599605,1.0,16.066666666666666,0.0,0.9768250733341821,0.0,10,145.0,0,Sector_13,Ministry_8,Agency_36,0,0,0,0,0,1,0
PRJ-095FFDD5,2021-01-01,5.998848920863317,0.02564102564102564,0.07477611940298506,0.07477611940298506,0.10488778054862843,0.25,20.5,0.0,0.9135845346867733,0.3597867803837953,86,156.33333333333334,0,Sector_7,Ministry_2,Agency_49,0,0,0,0,0,0,0
PRJ-0973FCE0,2021-01-01,3.2797590361445828,0.12033707865168532,0.05775280898876405,0.09840823970037453,0.12226666666666669,0.3333333333333333,11.133333333333333,110.63665583177465,2.0777931982083064,2.3176029962546814,45,89.0,0,Sector_19,Ministry_6,Agency_8,0,0,0,0,1,0,0
PRJ-099F1C60,2021-01-01,0.0,0.23833333333333329,0.15098130841121496,0.16543325526932084,0.0,0.25,6.9,144.40964808224595,2.4229972321075524,3.2400467289719628,204,71.14285714285714,0,Sector_3,Ministry_5,Agency_19,0,0,0,0,1,0,0
PRJ-09C7633B,2021-01-01,0.0,0.18880434782608702,0.15978181818181816,0.16165577342047932,0.0,0.3333333333333333,8.466666666666667,0.0,1.0048958471540401,3.296509090909091,124,91.8,0,Sector_14,Ministry_4,Agency_46,0,0,0,0,0,0,0
PRJ-09DAC4BF,2021-01-01,29.799999999999997,0.24091954022988507,0.11517241379310346,0.10605363984674329,999.0,1.0,15.8,0.0,0.8714084265148152,0.6970114942528737,39,87.0,1,Sector_5,Ministry_5,Agency_20,0,0,0,0,0,1,0
PRJ-0A3AAEB2,2021-01-01,17.12505448449287,0.051856287425149715,0.051856287425149715,0.051856287425149715,0.10635526315789473,1.0,26.366666666666667,0.0,0.8948220149986663,0.0,99,167.0,0,Sector_15,Ministry_8,Agency_3,0,0,0,0,0,1,0
PRJ-0B37BD3A,2021-01-01,13.614792703150918,-0.01066037735849059,0.059465408805031435,0.05241509433962264,0.1100398406374502,0.3333333333333333,20.266666666666666,0.0,1.0737689686877019,0.16735849056603774,68,106.0,0,Sector_12,Ministry_1,Agency_45,0,0,0,0,0,0,0
PRJ-0B3D55C7,2021-01-01,6.546122448979595,0.17631147540983605,0.10502732240437158,0.08808196721311475,0.09904255319148937,1.0,20.633333333333333,0.0,1.6864178928145208,1.4556830601092896,118,122.0,1,Sector_6,Ministry_4,Agency_34,0,0,0,0,1,1,1
PRJ-0B3EABC2,2021-01-01,5.607661097852031,0.0523444976076555,0.0523444976076555,0.0523444976076555,0.064152,1.0,40.9,0.0,0.6665189833400804,0.0,9,209.0,0,Sector_14,Ministry_9,Agency_29,0,0,0,0,0,0,0
PRJ-0B9ADD6A,2021-01-01,30.271148197596787,0.09552380952380954,0.1068471337579618,0.09669847328244276,1.1099999999999999,1.0,11.433333333333334,0.0,1.215028196566422,0.2010191082802548,90,104.8,1,Sector_5,Ministry_4,Agency_43,0,0,0,0,0,1,0
PRJ-0BE528C7,2021-01-01,5.970920951650037,0.12697674418604654,0.06853281853281853,0.06853281853281853,0.08433290978398984,0.3333333333333333,25.766666666666666,0.0,0.8730707914514093,0.0,128,129.5,0,Sector_9,Ministry_5,Agency_39,0,0,0,0,0,0,0
PRJ-0C3F1C19,2021-01-01,18.799999999999997,0.05419753086419754,0.15362139917695475,0.12277777777777778,999.0,1.0,12.966666666666667,0.0,1.0228275915410692,2.2293827160493827,71,81.0,1,Sector_19,Ministry_9,Agency_26,0,0,0,0,0,1,0
PRJ-0D51135A,2021-01-01,6.891892510005716,0.0,0.0,0.0,0.06215162454873646,1.0,1.1,0.0,1.482376606220728,0.0,113,0.0,0,Sector_18,Ministry_8,Agency_27,0,0,0,0,1,1,0
PRJ-0D86FE1F,2021-01-01,19.69031830238727,0.02432258064516129,0.03620578778135048,0.03620578778135048,0.11866359447004608,1.0,18.433333333333334,0.0,1.719586856504921,0.0,14,155.5,0,Sector_12,Ministry_6,Agency_3,0,0,0,0,1,1,0
PRJ-0DE87F3C,2021-01-01,10.63032258064517,0.12425531914893614,0.10481132075471697,0.10800565770862801,0.9866666666666669,0.5,21.366666666666667,105.30262328015138,1.9013437223943153,1.3616509433962267,132,141.4,0,Sector_1,Ministry_4,Agency_1,0,0,0,0,1,0,0
PRJ-0E647B08,2021-01-01,19.223684210526315,0.07330827067669173,0.08227871939736346,0.08227871939736346,0.13412698412698412,1.0,31.5,0.0,0.9482340040573324,0.0,257,265.5,0,Sector_14,Ministry_7,Agency_35,0,0,0,0,0,0,0
PRJ-0E75D629,2021-01-01,2.6599999999999966,0.10982758620689663,0.15988439306358382,0.1520138888888889,999.0,0.6666666666666666,13.7,115.97934705748936,2.3308490634680346,2.125606936416185,222,115.2,0,Sector_10,Ministry_9,Agency_24,0,0,0,0,1,0,0
PRJ-0EA52157,2021-01-01,16.373589743589747,0.15422222222222218,0.24632352941176472,0.19486187845303865,0.3607006369426752,0.4,2.1333333333333333,0.0,0.9436281435538384,0.1811029411764706,7,45.25,0,Sector_10,Ministry_6,Agency_5,0,0,0,0,0,1,0
PRJ-0EE84C2A,2021-01-01,0.0,0.1833018867924529,0.1170440251572327,0.11985849056603774,0.0,0.5714285714285714,11.833333333333334,0.0,0.9397529324656093,0.29245283018867924,37,106.0,0,Sector_5,Ministry_1,Agency_32,0,0,0,0,0,0,0
PRJ-0F15235D,2021-01-01,8.19630931458699,0.04931372549019609,0.1075,0.09389863547758284,0.10629213483146067,0.5,23.5,0.0,1.1336992035072828,4.435389610389611,78,102.6,0,Sector_13,Ministry_9,Agency_30,0,0,0,0,0,0,0
PRJ-0F3714F9,2021-01-01,-10.92393242271747,0.14737226277372267,0.10031630170316302,0.09011678832116789,0.05265845070422535,0.6666666666666666,31.733333333333334,0.0,0.8735050684476358,2.3830900243309006,1,137.0,0,Sector_9,Ministry_2,Agency_24,0,0,0,0,0,0,0
PRJ-0F57E91B,2021-01-01,6.459999999999994,0.24934210526315792,0.24256637168141595,0.2582392026578073,999.0,0.6,5.933333333333334,0.0,0.9791793190885526,4.7080088495575225,630,75.25,0,Sector_6,Ministry_10,Agency_36,0,0,0,0,0,0,0
PRJ-0F6B59CD,2021-01-01,21.082737430167597,0.12770114942528735,0.09442528735632184,0.09442528735632184,0.2656204379562044,1.0,18.866666666666667,0.0,1.939214937239585,0.4012452107279694,62,174.0,1,Sector_20,Ministry_6,Agency_47,0,0,0,0,1,1,0
PRJ-0FC45C32,2021-01-01,5.069999999999993,0.154626865671642,0.1006532663316583,0.13664987405541565,999.0,0.4,11.6,64.73527822798486,1.7944852651813217,0.6648241206030151,150,66.11111111111111,0,Sector_15,Ministry_2,Agency_20,0,0,0,0,1,0,0
PRJ-10337567,2021-01-01,27.180000000000007,0.06583333333333331,0.1060042735042735,0.09963141025641024,999.0,1.0,13.8,0.0,0.9167557923103741,0.20326923076923076,105,156.0,1,Sector_2,Ministry_5,Agency_26,0,0,0,0,0,1,0
PRJ-10491E69,2021-01-01,17.190335241210136,0.0686046511627907,0.06933333333333334,0.06933333333333334,0.11125214408233276,1.0,27.966666666666665,0.0,0.9730362147022601,0.0,123,172.5,0,Sector_7,Ministry_3,Agency_42,0,0,0,0,0,0,0
PRJ-10D3C5C8,2021-01-01,-33.19379639448569,0.4072527472527473,0.3261538461538461,0.3261538461538461,0.05642750373692078,1.0,16.833333333333332,0.0,0.6670593033744755,0.0,2,91.0,0,Sector_9,Ministry_1,Agency_8,0,0,0,0,0,1,1
PRJ-10F2FC4D,2021-01-01,20.339651545036162,0.040461538461538465,0.06675213675213676,0.037730769230769234,0.10618290258449303,1.0,31.5,0.0,0.8136705349421178,1.0817777777777777,44,195.0,1,Sector_8,Ministry_7,Agency_21,0,0,0,0,0,1,0
PRJ-10FBCABC,2021-01-01,0.0,0.2417647058823529,0.27513157894736845,0.28115511551155115,0.0,0.42857142857142855,3.6333333333333333,95.32761008031015,1.929515369703683,4.625,549,50.5,0,Sector_5,Ministry_4,Agency_28,0,0,0,0,1,0,0
PRJ-11209ACA,2021-01-01,23.37583896742471,-0.03431818181818183,0.014431818181818178,0.014431818181818178,0.09108998732572877,1.0,34.2,0.0,1.2655386099176429,0.22954545454545452,135,176.0,0,Sector_7,Ministry_9,Agency_47,0,0,0,0,0,1,0
PRJ-11541FB6,2021-01-01,6.998282950423217,0.05804123711340207,0.05804123711340207,0.05804123711340207,0.13197472353870457,1.0,13.066666666666666,0.0,0.9992180856687811,0.0,0,97.0,0,Sector_11,Ministry_3,Agency_19,0,0,0,0,0,1,0
PRJ-119550B7,2021-01-01,17.665040650406503,0.0,0.0,0.0,0.25386819484240686,1.0,6.366666666666666,0.0,1.2325784389897654,0.0,36,0.0,0,Sector_14,Ministry_7,Agency_39,0,0,0,0,0,1,0
PRJ-11AA8260,2021-01-01,-2.963057851239668,0.09424242424242422,0.09424242424242422,0.09424242424242422,0.11346273291925464,0.0,0.0,0.0,0.8795700714351437,0.0,5,99.0,0,Sector_8,Ministry_10,Agency_27,0,0,0,0,0,0,0
PRJ-11B9CA1A,2021-01-01,28.74350291909925,0.06816666666666668,0.06816666666666668,0.06816666666666668,0.1263677130044843,1.0,26.0,0.0,0.5781255797683181,0.0,170,180.0,0,Sector_10,Ministry_5,Agency_30,0,0,0,0,0,1,0
PRJ-11CDEF46,2021-01-01,5.91115860517435,0.2551282051282051,0.1330769230769231,0.13548076923076924,0.12598173515981734,1.0,15.966666666666667,0.0,0.8948538716933904,0.23619658119658118,62,78.0,0,Sector_13,Ministry_6,Agency_38,0,0,0,0,0,0,0
PRJ-11D5EE6D,2021-01-01,-2.0064667747163725,0.1512925170068027,0.12250847457627119,0.12250847457627119,0.07821126760563381,0.6666666666666666,28.0,0.0,0.7863809575003059,0.0,82,147.5,0,Sector_3,Ministry_10,Agency_7,0,0,0,0,0,0,0
PRJ-12274A30,2021-01-01,1.2783720930232505,-0.05699115044247786,0.0693491124260355,0.08097517730496454,0.07965,0.6666666666666666,28.1,0.0,1.454163975580718,0.9629881656804734,14,112.8,0,Sector_14,Ministry_7,Agency_1,0,0,0,0,1,0,0
PRJ-122F44EC,2021-01-01,24.096666666666664,0.045172413793103446,0.045172413793103446,0.045172413793103446,0.2925874125874126,1.0,3.8,0.0,1.8366521140317933,0.0,21,87.0,0,Sector_9,Ministry_2,Agency_33,0,0,0,0,1,1,0
PRJ-12408A14,2021-01-01,2.6559259259259207,0.390188679245283,0.008260869565217425,0.17911627906976746,0.19634453781512604,0.6,5.0,0.0,0.9248973174885193,-0.31111801242235976,34,53.75,0,Sector_4,Ministry_6,Agency_47,0,0,0,0,0,0,0
PRJ-1243F99D,2021-01-01,-4.189999999999998,0.18683333333333324,0.16762430939226516,0.18906077348066297,0.12302083333333336,0.75,7.566666666666666,0.0,0.96988579401103,1.502817679558011,22,60.285714285714285,0,Sector_6,Ministry_1,Agency_14,0,0,0,0,0,0,0
PRJ-124EAEB4,2021-01-01,0.0,0.33724137931034487,0.31022988505747123,0.25448275862068964,0.0,0.16666666666666666,0.43333333333333335,135.01494256025,2.419515806212815,3.3563218390804597,692,29.0,0,Sector_3,Ministry_10,Agency_31,0,0,0,0,1,0,0
PRJ-1265E88C,2021-01-01,1.759238578680204,0.1153333333333333,0.10297222222222223,0.10297222222222223,0.10509127789046653,0.75,20.733333333333334,0.0,0.94077756940015,0.7412777777777778,12,120.0,0,Sector_13,Ministry_1,Agency_11,0,0,0,0,0,0,0
PRJ-1286ED38,2021-01-01,6.579194630872486,0.08365853658536584,0.06801829268292682,0.06801829268292682,0.07471131639722864,0.3333333333333333,30.633333333333333,0.0,2.1005197479099236,0.0,133,164.0,0,Sector_7,Ministry_3,Agency_20,0,0,0,0,1,0,0
PRJ-12B64AD1,2021-01-01,1.5474683544303787,0.08582959641255605,0.0679372197309417,0.0679372197309417,0.06520395550061804,0.3333333333333333,31.633333333333333,0.0,0.6771730914588058,0.0,102,223.0,0,Sector_20,Ministry_7,Agency_15,0,0,0,0,0,0,0
PRJ-12B84DF8,2021-01-01,1.271671388101982,-0.04460317460317461,-0.04460317460317461,-0.04460317460317461,0.07194690265486725,0.0,0.0,0.0,1.280154029135358,0.0,30,126.0,0,Sector_4,Ministry_4,Agency_13,0,0,0,0,0,0,1
PRJ-12C7A0B0,2021-01-01,-0.6278026905829677,0.25202247191011234,0.2099625468164794,0.16907303370786517,0.14492753623188406,0.2,9.933333333333334,0.0,0.8318255205433692,0.8054681647940074,86,89.0,0,Sector_19,Ministry_10,Agency_42,0,0,0,0,0,0,0
PRJ-12D73C44,2021-01-01,1.5231837307152887,0.14575949367088606,0.09448202959830866,0.09448202959830866,0.07211212516297262,1.0,31.6,0.0,1.7746480994567726,0.35038054968287524,29,157.66666666666666,0,Sector_7,Ministry_3,Agency_7,0,0,0,0,1,1,0
PRJ-12F0B3DA,2021-01-01,9.603279132791329,0.16253521126760562,0.13369668246445499,0.1166903073286052,0.19441717791411042,1.0,8.866666666666667,0.0,0.9514421029924499,0.8123222748815166,12,70.42857142857143,1,Sector_14,Ministry_4,Agency_38,0,0,0,0,0,1,0
PRJ-13931700,2021-01-01,12.167919463087252,0.05037037037037039,0.07885802469135804,0.07885802469135804,0.1056989247311828,0.3333333333333333,17.733333333333334,0.0,1.0067683273876176,0.0,149,162.0,0,Sector_5,Ministry_1,Agency_37,0,0,0,0,0,0,0
PRJ-13CE8CE3,2021-01-01,12.854964539007092,0.016521739130434802,0.016521739130434802,0.016521739130434802,0.08822341857335128,0.0,0.0,0.0,1.0004650048614143,0.0,208,230.0,0,Sector_16,Ministry_7,Agency_7,0,0,0,0,0,0,0
PRJ-13D1C482,2021-01-01,0.6599999999999966,0.24970588235294122,0.26053921568627453,0.23326470588235296,999.0,0.5,3.466666666666667,0.0,0.9230330463994733,6.286372549019607,644,68.0,0,Sector_11,Ministry_6,Agency_35,0,0,0,0,0,0,0
PRJ-14147A1C,2021-01-01,-0.04896876841484499,0.07254237288135593,0.06340380549682874,0.06340380549682874,0.05887755102040817,1.0,41.5,0.0,0.9595583172167799,0.0,8,236.5,0,Sector_15,Ministry_8,Agency_31,0,0,0,0,0,0,0
PRJ-143E8590,2021-01-01,-3.580178837555888,0.11818181818181818,0.25636363636363635,0.25636363636363635,0.14164948453608248,0.3333333333333333,8.533333333333333,0.0,0.6628560555377444,0.0,22,55.0,0,Sector_3,Ministry_1,Agency_17,0,0,0,0,0,0,0
PRJ-1486F8CE,2021-01-01,5.733592744294908,0.0,0.0,0.0,0.06268363636363636,0.0,0.0,0.0,0.5119770917333086,0.0,151,0.0,0,Sector_18,Ministry_3,Agency_3,0,0,0,0,0,0,0
PRJ-1533A6B1,2021-01-01,16.30782668500688,0.022051282051282036,0.05689419795221842,0.043162612035851464,0.10332627118644068,1.0,29.366666666666667,0.0,1.2038522405049747,0.6034129692832765,6,195.25,1,Sector_8,Ministry_2,Agency_39,0,0,0,0,0,0,0
PRJ-153D7FC7,2021-01-01,11.336187683284457,0.04718181818181816,0.05882530120481928,0.06624060150375939,0.09659137577002053,0.7142857142857143,26.9,0.0,1.103847399785125,0.9668674698795181,102,110.83333333333333,0,Sector_19,Ministry_1,Agency_26,0,0,0,0,0,0,0
PRJ-155F0E9E,2021-01-01,12.996251709986318,0.06327868852459015,0.06551912568306012,0.11456284153005464,0.19330434782608696,0.625,9.333333333333334,55.65728931846957,2.1169531829224693,1.333606557377049,14,61.0,0,Sector_15,Ministry_1,Agency_25,0,0,0,0,1,0,0
PRJ-158C7C49,2021-01-01,25.35300469483568,0.009589041095890413,0.04972602739726028,0.04972602739726028,0.13545901639344263,1.0,21.3,0.0,2.0299772551990807,0.0,18,146.0,0,Sector_2,Ministry_10,Agency_44,0,0,0,0,0,1,0
PRJ-1597CD25,2021-01-01,0.0,0.14931818181818182,0.11517110266159698,0.11885714285714286,0.0,0.5,12.466666666666667,138.2145943943697,2.3773305346339053,0.1792015209125475,165,87.55555555555556,0,Sector_20,Ministry_1,Agency_5,0,0,0,0,1,0,0
PRJ-162B059B,2021-01-01,2.365384615384613,0.07849624060150377,0.053308270676691735,0.053308270676691735,0.06380632790028763,0.25,30.633333333333333,0.0,0.8723491576189591,0.48461152882205516,50,133.0,0,Sector_2,Ministry_5,Agency_18,0,0,0,0,0,0,0
PRJ-16B4C973,2021-01-01,14.095049504950488,0.05699421965317919,0.06191119691119691,0.06174971031286211,0.09753914988814318,1.0,35.46666666666667,0.0,0.8985693897868896,0.1852316602316602,33,172.6,1,Sector_7,Ministry_4,Agency_22,0,0,0,0,0,1,0
PRJ-1783ED30,2021-01-01,0.0,0.0546875,0.20099476439790576,0.20500000000000002,0.0,0.375,7.033333333333333,0.0,0.9822526217717837,2.174712041884817,478,63.714285714285715,0,Sector_2,Ministry_5,Agency_27,0,0,0,0,0,0,0
PRJ-17B975B7,2021-01-01,5.212307692307689,-0.00659340659340657,-0.00659340659340657,-0.00659340659340657,0.10253365973072215,0.5,18.366666666666667,0.0,2.539464358633905,0.0,41,91.0,0,Sector_1,Ministry_3,Agency_18,0,0,0,0,1,0,0
PRJ-182A3D47,2021-01-01,8.224130273871197,0.054210526315789494,0.0758421052631579,0.08053947368421052,0.10098360655737704,0.6,31.6,0.0,0.9480637179899286,0.7776491228070175,96,190.0,0,Sector_17,Ministry_5,Agency_13,0,0,0,0,0,0,0
PRJ-185A85AF,2021-01-01,2.5846408209806135,0.0,0.0,0.0,0.0588800578034682,0.0,0.0,0.0,0.9273174376754143,0.0,177,0.0,0,Sector_16,Ministry_6,Agency_18,0,0,0,0,1,0,1
PRJ-187A2AE1,2021-01-01,8.297931034482758,0.11067226890756303,0.11067226890756303,0.11067226890756303,0.08501010101010101,1.0,28.566666666666666,0.0,2.502063264047789,0.0,78,119.0,0,Sector_4,Ministry_1,Agency_24,0,0,0,0,1,0,0
PRJ-18C64D3B,2021-01-01,15.435400773908242,0.03855172413793103,0.06098106712564544,0.06098106712564544,0.07686713286713287,1.0,44.7,0.0,0.8977685612910066,0.0,223,290.5,0,Sector_11,Ministry_5,Agency_17,0,0,0,0,0,1,0
PRJ-192CDAAB,2021-01-01,-5.880738522954092,0.0,0.0,0.0,0.1857311320754717,0.0,0.0,0.0,1.1629685945815438,0.0,1,0.0,0,Sector_4,Ministry_6,Agency_41,0,0,0,0,0,0,0
PRJ-193CC0E6,2021-01-01,5.733481575603562,0.06239766081871346,0.07363813229571985,0.07363813229571985,0.07067247820672479,0.75,37.666666666666664,0.0,1.6898085131022271,1.3192801556420233,86,171.33333333333334,0,Sector_1,Ministry_5,Agency_40,0,0,0,0,1,0,0
PRJ-195E0815,2021-01-01,7.203370233702337,0.017453183520599252,0.017453183520599252,0.017453183520599252,0.06853515625,0.5,31.133333333333333,0.0,0.9142577205594484,0.0,68,267.0,0,Sector_8,Ministry_2,Agency_7,0,0,0,0,0,0,0
PRJ-197B0A9B,2021-01-01,8.353396226415093,0.0,0.0,0.0,0.06561305732484077,1.0,2.1,0.0,1.766723027481651,0.0,95,0.0,0,Sector_18,Ministry_4,Agency_24,0,0,0,0,1,1,1
PRJ-19A4F268,2021-01-01,-4.077941176470588,0.24193181818181822,0.24193181818181822,0.24193181818181822,0.17258953168044078,0.5,9.133333333333333,0.0,0.881713824135067,0.0,5,88.0,0,Sector_2,Ministry_1,Agency_39,0,0,0,0,0,0,0
PRJ-19EEEDB6,2021-01-01,13.217632508833923,0.0,0.0,0.0,0.08159504132231406,1.0,31.9,0.0,2.8325765511411056,0.0,79,0.0,0,Sector_16,Ministry_9,Agency_22,0,0,0,0,0,0,0
PRJ-1A02255A,2021-01-01,15.510139372822298,0.0,0.0,0.0,0.10422737306843267,1.0,25.033333333333335,0.0,2.8662959256132003,0.0,36,0.0,0,Sector_17,Ministry_2,Agency_35,0,0,0,0,0,1,0
PRJ-1A1B39B5,2021-01-01,0.9000000000000057,0.06999999999999963,0.25707070707070695,0.22934343434343432,999.0,0.25,1.1,77.40643609112439,1.7041349491337654,3.885757575757576,70,33.0,0,Sector_19,Ministry_7,Agency_5,0,0,0,0,1,0,0
PRJ-1A42D7B5,2021-01-01,4.858351477449455,0.0,0.0,0.0,0.1646704331450094,0.0,0.0,0.0,0.8067465057221157,0.0,37,0.0,0,Sector_18,Ministry_3,Agency_37,0,0,0,0,0,0,0
PRJ-1A6AA9C0,2021-01-01,23.552820932134104,0.048071748878923765,0.04572706935123042,0.04572706935123042,0.12973523421588595,1.0,23.133333333333333,0.0,2.1551562421091583,0.0,62,223.5,0,Sector_12,Ministry_4,Agency_43,0,0,0,0,1,1,0
PRJ-1AB7AFDE,2021-01-01,11.169076620825148,0.060462962962962954,0.060462962962962954,0.060462962962962954,0.11742268041237114,1.0,4.733333333333333,0.0,0.8304219293050674,0.0,4,216.0,0,Sector_11,Ministry_2,Agency_41,0,0,0,0,0,1,1
PRJ-1ADB821F,2021-01-01,22.035749128919868,0.08338709677419358,0.06521505376344088,0.07026881720430107,0.19407766990291261,1.0,23.466666666666665,0.0,0.9319600767523286,0.1292741935483871,74,124.0,1,Sector_11,Ministry_6,Agency_27,0,0,0,0,0,1,0
PRJ-1B0561BD,2021-01-01,10.472132564841502,0.04849999999999998,0.07706467661691542,0.07706467661691542,0.11143906020558003,1.0,21.233333333333334,0.0,2.546980047049619,0.0,59,100.5,0,Sector_5,Ministry_7,Agency_40,0,0,0,0,1,0,0
PRJ-1B549224,2021-01-01,4.829999999999998,0.21625000000000005,0.19637630662020905,0.17275574112734865,999.0,0.8333333333333334,10.733333333333333,0.0,1.085920720712247,0.3694076655052265,184,95.8,0,Sector_10,Ministry_7,Agency_36,0,0,0,0,0,0,0
PRJ-1B979BBA,2021-01-01,0.0,0.1823809523809523,0.09224,0.19943775100401606,0.0,0.3333333333333333,4.6,0.0,1.0067838805041232,0.2796799999999998,438,41.45454545454545,0,Sector_10,Ministry_8,Agency_6,0,0,0,0,0,0,0
PRJ-1C626F36,2021-01-01,-0.2937614678899081,0.21546875,0.21740932642487046,0.21294573643410852,0.18201005025125627,0.6,7.9,0.0,1.8851660817176528,1.153419689119171,24,64.5,0,Sector_12,Ministry_1,Agency_20,0,0,0,0,1,0,0
PRJ-1C9FEF6A,2021-01-01,0.0,0.24536585365853664,0.2940495867768595,0.19334710743801653,0.0,0.2727272727272727,3.3666666666666667,0.0,1.048843145327295,1.6154545454545453,475,40.2,0,Sector_3,Ministry_6,Agency_28,0,0,0,0,0,0,0
PRJ-1CF9FA25,2021-01-01,35.74031979256697,0.03938628158844767,0.05653429602888087,0.05653429602888087,0.25422535211267605,1.0,26.166666666666668,0.0,1.030029934266953,0.0,114,277.0,0,Sector_1,Ministry_1,Agency_46,0,0,0,0,0,1,0
PRJ-1D54FBAE,2021-01-01,11.645870445344137,0.2338144329896907,0.2338144329896907,0.2338144329896907,0.25441964285714286,0.0,0.0,0.0,0.9185273667557109,0.0,77,97.0,0,Sector_19,Ministry_2,Agency_46,0,0,0,0,0,0,0
PRJ-1DD32B30,2021-01-01,41.037302204928665,0.06534883720930232,0.09134715025906735,0.07089494163424125,0.8372413793103448,1.0,19.266666666666666,0.0,1.1018410968495849,1.1513212435233158,71,128.5,1,Sector_8,Ministry_3,Agency_29,0,0,0,0,0,1,0
PRJ-1E0064D1,2021-01-01,26.260000000000005,0.31749999999999995,0.13726666666666665,0.11497999999999998,999.0,1.0,17.433333333333334,0.0,0.9022041382479733,2.2983666666666664,8,100.0,1,Sector_8,Ministry_6,Agency_25,0,0,0,0,0,1,0
PRJ-1E3626BE,2021-01-01,0.0,0.4496428571428573,0.28500000000000003,0.2992638036809816,0.0,0.0,0.0,0.0,1.0488409774809033,1.3245121951219514,147,27.181818181818183,0,Sector_20,Ministry_4,Agency_10,0,0,0,0,0,0,0
PRJ-1E4FAC13,2021-01-01,9.745021037868163,0.053380281690140835,0.07216981132075471,0.06460176991150443,0.08653198653198653,0.6,29.033333333333335,0.0,0.8687998218121755,0.028325471698113204,126,141.25,0,Sector_13,Ministry_6,Agency_47,0,0,0,0,0,0,0
PRJ-1E8682AF,2021-01-01,5.852644865174987,0.0706829268292683,0.05772727272727273,0.05313868613138687,0.06614692653673163,1.0,5.2,0.0,2.1270630827759716,1.697662337662338,49,205.5,1,Sector_18,Ministry_2,Agency_44,0,0,0,0,1,1,0
PRJ-1EBD9FEE,2021-01-01,9.47472081218274,0.0,0.0,0.0,0.11274881516587677,1.0,18.1,0.0,1.4718251044646447,0.0,63,0.0,0,Sector_12,Ministry_8,Agency_39,0,0,0,0,0,0,0
PRJ-1F039F74,2021-01-01,-4.448312655086852,0.24338235294117644,0.21191176470588238,0.08884803921568628,0.1024757281553398,0.375,7.666666666666667,0.0,0.982017228913361,2.8556862745098037,57,68.0,0,Sector_1,Ministry_3,Agency_4,0,0,0,0,0,0,0
PRJ-1F5F0384,2021-01-01,6.209999999999994,0.06947976878612719,0.09368015414258189,0.07510115606936417,0.10069999999999998,0.6,23.766666666666666,0.0,1.044765881515817,0.13107899807321774,86,173.0,0,Sector_18,Ministry_5,Agency_1,0,0,0,0,0,0,0
PRJ-1FAD7DA1,2021-01-01,0.0,0.17188679245283017,0.14235668789808914,0.18547770700636942,0.0,0.5,7.733333333333333,0.0,1.0284687672747375,0.11707006369426753,463,52.36363636363637,0,Sector_15,Ministry_9,Agency_16,0,0,0,0,0,0,0
PRJ-1FB28DB5,2021-01-01,9.831440329218108,0.0,0.0,0.0,0.07629803921568627,1.0,33.766666666666666,0.0,3.8168553516855797,0.0,39,0.0,0,Sector_1,Ministry_1,Agency_45,0,0,0,0,0,0,0
PRJ-1FB8C950,2021-01-01,12.60299748110831,0.06590909090909092,0.04429924242424243,0.04429924242424243,0.0781566265060241,1.0,33.13333333333333,0.0,1.1185581557598054,0.8453030303030302,54,176.0,0,Sector_11,Ministry_4,Agency_11,0,0,0,0,1,1,0
PRJ-1FE9A777,2021-01-01,5.278605200945627,0.00209677419354839,0.052168458781362,0.048225806451612896,0.06641274238227148,0.4,30.6,0.0,1.160106839316749,1.4397132616487456,40,186.0,0,Sector_1,Ministry_10,Agency_40,0,0,0,0,0,0,0
PRJ-205A4D68,2021-01-01,18.089234449760767,0.0,0.0,0.0,0.12050754458161865,1.0,1.9,0.0,0.32632705885541596,0.0,143,0.0,0,Sector_12,Ministry_5,Agency_42,0,0,0,0,0,1,0
PRJ-20FD2724,2021-01-01,2.3666475644699076,0.059709302325581415,0.057034883720930234,0.05779069767441861,0.06027603513174404,0.2,32.733333333333334,0.0,0.8973132002093825,0.2674031007751938,89,172.0,0,Sector_11,Ministry_7,Agency_38,0,0,0,0,0,0,0
PRJ-21AEC59E,2021-01-01,7.384718614718615,-0.04990384615384617,-0.04990384615384617,-0.04990384615384617,0.09443617021276596,0.5,21.5,0.0,1.794940633510563,0.0,8,104.0,0,Sector_8,Ministry_2,Agency_12,0,0,0,0,0,0,0
PRJ-21C6BC83,2021-01-01,21.02129607609988,0.09845714285714288,0.07706552706552706,0.07706552706552706,0.20366935483870968,1.0,13.7,0.0,2.0461237445895715,0.0,67,175.5,0,Sector_7,Ministry_3,Agency_2,0,0,0,0,1,1,0
PRJ-21EAA46D,2021-01-01,7.047671893848012,0.047254901960784315,0.06664484451718494,0.06664484451718494,0.07072378138847858,0.25,40.36666666666667,0.0,0.8872980672893171,0.31127659574468086,167,203.66666666666666,0,Sector_20,Ministry_3,Agency_47,0,0,0,0,0,0,0
PRJ-225D4A6A,2021-01-01,-4.19034358047017,0.11636363636363631,0.09715909090909093,0.10017045454545455,0.04721649484536081,0.2727272727272727,21.8,0.0,0.8732458266901694,2.60469696969697,41,88.0,0,Sector_4,Ministry_2,Agency_21,0,0,0,0,0,0,0
PRJ-22B5BAB8,2021-01-01,4.51864864864865,0.0622466960352423,0.05437362637362638,0.05437362637362638,0.07738227146814404,0.6666666666666666,26.266666666666666,0.0,1.332900990182981,0.0,2,227.5,0,Sector_13,Ministry_8,Agency_2,0,0,0,0,0,0,0
PRJ-235F4A9C,2021-01-01,8.251226415094338,0.0,0.0,0.0,0.06470424495476688,1.0,40.9,0.0,1.356924433847511,0.0,93,0.0,0,Sector_2,Ministry_1,Agency_43,0,0,0,0,0,0,0
PRJ-239B28B9,2021-01-01,18.805602836879423,0.06552529182879376,0.05980544747081712,0.05980544747081712,0.10993775933609959,1.0,5.566666666666666,0.0,0.8675055035263421,0.0,157,257.0,0,Sector_11,Ministry_6,Agency_32,0,0,0,0,0,1,0
PRJ-2509B474,2021-01-01,15.109609292502642,0.0,0.0,0.0,0.1267882187938289,1.0,20.266666666666666,0.0,2.2412841423026246,0.0,55,0.0,0,Sector_2,Ministry_4,Agency_3,0,0,0,0,0,0,0
PRJ-251E250C,2021-01-01,24.49681655960029,0.0292156862745098,0.055029354207436404,0.055029354207436404,0.11559566787003608,1.0,32.86666666666667,0.0,0.8310660239414682,0.0,81,255.5,0,Sector_15,Ministry_6,Agency_47,0,0,0,0,0,1,0
PRJ-25514632,2021-01-01,2.414255677039524,0.09421875,0.09421875,0.09421875,0.08711083437110835,1.0,27.033333333333335,0.0,1.1253386063485173,0.0,2,192.0,0,Sector_14,Ministry_2,Agency_34,0,0,0,0,0,0,0
PRJ-26120A09,2021-01-01,1.5770686767169195,0.12321739130434783,0.10568115942028986,0.10568115942028986,0.09140776699029125,0.75,26.866666666666667,0.0,1.0759212481830882,0.1791159420289855,69,230.0,0,Sector_16,Ministry_10,Agency_27,0,0,0,0,0,0,0
PRJ-26700FE7,2021-01-01,15.908855054811205,0.08279411764705881,0.0730091743119266,0.0730091743119266,0.08951438848920863,0.6666666666666666,39.63333333333333,0.0,0.9696501556626052,0.0,269,272.5,0,Sector_19,Ministry_2,Agency_36,0,0,0,0,0,0,0
PRJ-26940442,2021-01-01,6.821943127962079,0.28425531914893615,0.19900709219858156,0.25702127659574464,0.282751677852349,0.2,3.533333333333333,0.0,1.0309338791255063,0.8607801418439717,39,47.0,0,Sector_3,Ministry_9,Agency_2,0,0,0,0,0,0,0
PRJ-26E771FA,2021-01-01,28.665078369905956,0.14148148148148146,0.062481481481481485,0.062481481481481485,0.2972549019607843,1.0,8.566666666666666,0.0,0.9870150386750501,0.0,29,135.0,0,Sector_1,Ministry_4,Agency_25,0,0,0,0,0,1,0
PRJ-272A1DD0,2021-01-01,3.3541507024265655,0.0923880597014925,0.12024875621890546,0.11847014925373134,0.13583535108958839,0.2,7.266666666666667,0.0,1.027800486222231,1.8770149253731343,35,67.0,0,Sector_2,Ministry_2,Agency_20,0,0,0,0,0,0,0
PRJ-27C40EEF,2021-01-01,37.2515845539281,-0.004193548387096788,0.06338709677419355,0.06338709677419355,0.280395256916996,1.0,13.266666666666667,0.0,0.927644678226674,0.0,34,155.0,0,Sector_7,Ministry_8,Agency_1,0,0,0,0,0,1,0
PRJ-27CA5D6C,2021-01-01,1.7470207570207563,0.032250000000000015,0.032250000000000015,0.032250000000000015,0.0623959938366718,0.5,34.7,0.0,0.9331787538379235,0.0,21,160.0,0,Sector_7,Ministry_1,Agency_37,0,0,0,0,0,0,0
PRJ-27E8D8CE,2021-01-01,5.285238642898218,0.0,0.0,0.0,0.06229166666666666,0.0,0.0,0.0,0.45651302670060245,0.0,299,0.0,0,Sector_7,Ministry_7,Agency_4,0,0,0,0,0,0,0
PRJ-27EB0162,2021-01-01,-7.21312096029547,0.13691489361702117,0.1434275618374558,0.12446208112874778,0.04835365853658541,0.4444444444444444,17.266666666666666,0.0,0.8672906009384796,0.3157950530035336,69,94.5,0,Sector_7,Ministry_3,Agency_21,0,0,0,0,0,0,0
PRJ-28AC674B,2021-01-01,17.207746478873233,0.008653846153846163,0.07863247863247863,0.0807852564102564,0.14675767918088736,1.0,25.133333333333333,0.0,0.9099877488760868,0.16801282051282046,64,156.0,1,Sector_2,Ministry_6,Agency_39,0,0,0,0,0,0,0
PRJ-28BB9C6E,2021-01-01,18.860639431616335,-0.03598540145985402,-0.03598540145985402,-0.03598540145985402,0.11429729729729729,0.5,21.166666666666668,0.0,1.9614374613510173,0.0,112,137.0,0,Sector_3,Ministry_2,Agency_40,0,0,0,0,1,0,0
PRJ-28E48B4C,2021-01-01,-5.332753217683269,0.10099547511312218,0.02253393665158371,0.02253393665158371,0.05121104185218166,0.3333333333333333,37.7,0.0,0.8118139919048531,0.0,1,221.0,0,Sector_15,Ministry_4,Agency_25,0,0,0,0,0,0,0
PRJ-291C3F73,2021-01-01,0.0,0.20949999999999988,0.27216666666666667,0.2534,0.0,0.0,0.0,0.0,1.3083684794672585,2.005722222222222,398,60.0,0,Sector_14,Ministry_2,Agency_3,0,0,0,0,0,0,0
PRJ-2955136B,2021-01-01,7.086923076923076,0.0,0.0,0.0,0.07434513274336284,1.0,34.833333333333336,0.0,1.4445725026169247,0.0,102,0.0,0,Sector_15,Ministry_6,Agency_14,0,0,0,0,1,0,0
PRJ-29CAB222,2021-01-01,4.661486988847583,0.0,0.0,0.0,0.06549734244495065,0.0,0.0,0.0,0.9614890846259481,0.0,138,0.0,0,Sector_17,Ministry_5,Agency_34,0,0,0,0,1,0,0
PRJ-29DB7F8C,2021-01-01,3.0999999999999943,0.06927710843373494,0.14225806451612907,0.12721774193548388,999.0,1.0,10.4,0.0,1.0830627537637323,0.5112903225806451,301,82.625,1,Sector_16,Ministry_1,Agency_18,0,0,0,0,0,1,1
PRJ-2A7637BF,2021-01-01,0.0,0.07022222222222214,0.1764179104477612,0.16146067415730336,0.0,0.2727272727272727,2.6333333333333333,0.0,1.012782512041497,0.15626865671641796,352,44.5,0,Sector_14,Ministry_7,Agency_18,0,0,0,0,0,0,0
PRJ-2AA848D4,2021-01-01,2.9153254437869833,0.06355828220858895,0.06355828220858895,0.06355828220858895,0.06143856920684293,0.0,0.0,0.0,0.6456607981724434,0.0,78,163.0,0,Sector_13,Ministry_6,Agency_12,0,0,0,0,0,0,0
PRJ-2AC154B0,2021-01-01,9.269535962877029,0.09282051282051282,0.05362473347547974,0.05362473347547974,0.06764033264033263,0.5,32.8,0.0,2.2944516148759244,1.9266737739872069,137,156.33333333333334,0,Sector_18,Ministry_3,Agency_41,0,0,0,0,1,0,0
PRJ-2AFA55F8,2021-01-01,21.22307692307693,0.0761214953271028,0.037330210772833716,0.037330210772833716,0.08881748071979434,1.0,34.333333333333336,0.0,1.231184375437707,0.0,207,213.5,0,Sector_16,Ministry_2,Agency_23,0,0,0,0,1,1,1
PRJ-2AFEAA6E,2021-01-01,4.310000000000002,0.13472000000000003,0.13050666666666666,0.13,999.0,0.4,5.9,0.0,1.0677011048074407,0.34895999999999994,453,125.0,0,Sector_14,Ministry_5,Agency_39,0,0,0,0,0,0,0
PRJ-2B12F427,2021-01-01,13.97655324511657,-0.02496124031007754,0.04534883720930232,0.04534883720930232,0.0854823151125402,0.3333333333333333,22.466666666666665,0.0,0.9195632603662331,0.0,191,258.0,0,Sector_1,Ministry_8,Agency_46,0,0,0,0,0,0,0
PRJ-2B15F9BD,2021-01-01,-1.3816045099739824,0.0,0.0,0.0,0.08537708129285015,0.0,0.0,0.0,2.4042701503323705,0.0,28,0.0,0,Sector_15,Ministry_9,Agency_11,0,0,0,0,1,0,0
PRJ-2B5038EB,2021-01-01,-1.5014241486068087,0.05977528089887641,0.05977528089887641,0.05977528089887641,0.15156989247311828,0.0,0.0,0.0,1.6242038177821518,0.0,3,89.0,0,Sector_14,Ministry_9,Agency_38,0,0,0,0,1,0,0
PRJ-2B7BBAC0,2021-01-01,1.6199999999999974,0.10903846153846157,0.08525641025641026,0.08603846153846154,0.08271812080536912,0.8333333333333334,26.2,0.0,0.8493880058415472,1.028076923076923,31,104.0,0,Sector_20,Ministry_6,Agency_39,0,0,0,0,0,0,0
PRJ-2B85FC58,2021-01-01,21.864106463878326,0.0,0.0,0.0,0.12555090655509066,1.0,23.066666666666666,0.0,1.1444617059069857,0.0,143,0.0,0,Sector_3,Ministry_2,Agency_18,0,0,0,0,0,1,0
PRJ-2BB62091,2021-01-01,4.137727856225929,0.06052631578947369,0.06421052631578947,0.06904970760233918,0.0707631160572337,0.6,37.166666666666664,0.0,0.9913453576012128,0.6186159844054582,74,171.0,0,Sector_6,Ministry_6,Agency_11,0,0,0,0,0,0,0
PRJ-2C20CA84,2021-01-01,-2.106047582501919,0.0,0.0,0.0,0.0747267497603068,0.0,0.0,0.0,0.45968778532972066,0.0,51,0.0,0,Sector_19,Ministry_6,Agency_23,0,0,0,0,0,0,0
PRJ-2C6190A1,2021-01-01,22.216142131979694,-0.08377358490566038,-0.08377358490566038,-0.08377358490566038,0.14258780036968577,1.0,17.633333333333333,0.0,1.2789704229759935,0.0,127,159.0,0,Sector_17,Ministry_4,Agency_38,0,0,0,0,0,1,0
PRJ-2C9AC648,2021-01-01,2.0695860771401584,0.07716216216216218,0.06623873873873874,0.06623873873873874,0.09848614072494669,0.5,15.266666666666667,0.0,2.124080314451551,0.7330855855855856,2,148.0,0,Sector_1,Ministry_8,Agency_16,0,0,0,0,1,0,0
PRJ-2CEA31F1,2021-01-01,11.545706214689266,0.0,0.0,0.0,0.06529725609756097,1.0,2.933333333333333,0.0,0.6507179836868111,0.0,118,0.0,0,Sector_15,Ministry_3,Agency_2,0,0,0,0,0,1,1
PRJ-2DF864D8,2021-01-01,0.0010473815461367053,0.05308270676691726,0.04045226130653266,0.0780943396226415,0.06234527687296417,0.2,37.03333333333333,0.0,0.8421959182098042,4.662462311557789,21,132.5,0,Sector_19,Ministry_1,Agency_22,0,0,0,0,0,0,0
PRJ-2E16917E,2021-01-01,3.700000000000003,0.1458108108108107,0.1296380090497737,0.1367420814479638,999.0,0.3333333333333333,9.3,0.0,1.0522183930854898,1.5465158371040724,414,73.625,0,Sector_17,Ministry_3,Agency_44,0,0,0,0,0,0,0
PRJ-2E2A132D,2021-01-01,11.821116121758738,0.06834146341463415,0.02880487804878049,0.02880487804878049,0.0666579634464752,1.0,38.3,0.0,1.2881969428775757,0.0,10,205.0,0,Sector_6,Ministry_9,Agency_33,0,0,0,0,0,1,1
PRJ-2E5451BF,2021-01-01,21.717089097952403,0.0,0.0,0.0,0.07543015726179463,1.0,43.2,0.0,2.9271171252743686,0.0,299,0.0,0,Sector_13,Ministry_2,Agency_5,0,0,0,0,1,1,0
PRJ-2E992C87,2021-01-01,14.775151515151514,0.10401315789473686,0.10401315789473686,0.10401315789473686,0.16473958333333333,0.5,11.866666666666667,0.0,0.9874498543025763,0.0,104,152.0,0,Sector_8,Ministry_8,Agency_40,0,0,0,0,0,0,0
PRJ-2E9A8317,2021-01-01,26.400000000000006,0.1771134020618556,0.12718213058419242,0.08642611683848797,999.0,1.0,22.7,53.7159410282829,1.2825078216049035,18.496735395189003,59,97.0,1,Sector_20,Ministry_4,Agency_6,0,0,0,0,1,1,0
PRJ-2F77C3D2,2021-01-01,16.15262295081967,0.0708421052631579,0.03898423817863397,0.05750328515111695,0.09622390891840607,1.0,35.233333333333334,0.0,0.8939080420787325,0.21952714535901927,47,190.25,1,Sector_18,Ministry_4,Agency_27,0,0,0,0,0,1,0
PRJ-2FC78E7A,2021-01-01,39.98,0.09403433476394851,0.06474248927038627,0.06474248927038627,999.0,1.0,10.9,0.0,1.0012375223971357,0.0,93,233.0,1,Sector_20,Ministry_4,Agency_21,0,0,0,0,0,1,0
PRJ-2FC7C97A,2021-01-01,-5.02262295081967,0.0,0.0,0.0,0.07731232622798888,0.0,0.0,0.0,1.553542118543159,0.0,11,0.0,0,Sector_8,Ministry_2,Agency_22,0,0,0,0,1,0,0
PRJ-2FD4E3F0,2021-01-01,6.859269298762522,0.06394736842105264,0.06394736842105264,0.06394736842105264,0.06403874813710879,1.0,40.43333333333333,0.0,1.2896918203747048,0.0,52,152.0,0,Sector_3,Ministry_2,Agency_11,0,0,0,0,0,0,0
PRJ-30882C4E,2021-01-01,16.15270765911543,0.046999999999999986,0.046999999999999986,0.046999999999999986,0.13422512234910278,1.0,15.733333333333333,0.0,0.8458987592566968,0.0,34,140.0,0,Sector_3,Ministry_3,Agency_17,0,0,0,0,0,1,0
PRJ-31B1A139,2021-01-01,4.263374272786038,0.08680722891566263,0.06979919678714859,0.06979919678714859,0.07023622047244095,0.25,27.4,0.0,0.9994932039900438,0.20447791164658635,121,166.0,0,Sector_20,Ministry_4,Agency_11,0,0,0,0,0,0,0
PRJ-31B5A733,2021-01-01,0.0,0.29307692307692296,0.22826923076923075,0.1997427652733119,0.0,0.5,3.7333333333333334,0.0,0.9438982592225128,0.4351923076923076,264,51.77777777777778,0,Sector_12,Ministry_3,Agency_21,0,0,0,0,0,0,0
PRJ-31BB64B5,2021-01-01,31.46461791290057,0.06016129032258064,0.06016129032258064,0.06016129032258064,0.17498525073746313,1.0,4.466666666666667,0.0,1.9993258020229931,0.0,258,310.0,0,Sector_11,Ministry_9,Agency_9,0,0,0,0,1,1,0
PRJ-329B72B8,2021-01-01,-3.274648074369189,0.18924137931034485,0.12689655172413794,0.12689655172413794,0.12206557377049179,0.3333333333333333,11.066666666666666,0.0,0.8054330584485906,0.0,13,145.0,0,Sector_13,Ministry_4,Agency_44,0,0,0,0,0,0,0
PRJ-334354C8,2021-01-01,1.6565389369592154,0.07607594936708859,0.05448202959830867,0.05039619651347068,0.06381995133819951,0.4,25.366666666666667,0.0,0.9161406296132221,0.26446088794926004,8,157.75,0,Sector_18,Ministry_7,Agency_19,0,0,0,0,0,0,0
PRJ-339CAAFB,2021-01-01,0.0,0.10975806451612903,0.12867924528301888,0.13888529886914378,0.0,0.16666666666666666,15.666666666666666,145.63065317432222,2.382005053525872,5.9937196765498655,321,123.8,0,Sector_7,Ministry_2,Agency_17,0,0,0,0,1,0,0
PRJ-33D45E07,2021-01-01,-4.591946508172363,0.17017857142857146,0.09355223880597016,0.07465324384787474,0.06803814713896457,0.4,23.666666666666668,0.0,1.7538495890111039,0.8220597014925373,54,111.75,0,Sector_8,Ministry_3,Agency_12,0,0,0,0,1,0,0
PRJ-344BD353,2021-01-01,10.740745444505805,0.05553811659192824,0.05553811659192824,0.05553811659192824,0.06905927835051547,1.0,5.6,0.0,0.8260597838113781,0.0,143,446.0,0,Sector_18,Ministry_4,Agency_15,0,0,0,0,0,1,1
PRJ-349B8244,2021-01-01,5.145319148936171,0.0,0.0,0.0,0.14186528497409326,1.0,15.066666666666666,0.0,1.1141405091307004,0.0,25,0.0,0,Sector_17,Ministry_4,Agency_39,0,0,0,0,0,0,0
PRJ-34B8C887,2021-01-01,-2.2810084033613407,0.11964102564102563,0.11964102564102563,0.11964102564102563,0.08096774193548387,0.5,27.066666666666666,0.0,0.9864408322686128,0.0,57,195.0,0,Sector_18,Ministry_8,Agency_45,0,0,0,0,0,0,0
PRJ-34DFFEA1,2021-01-01,-7.667337826453235,0.2264761904761905,0.06990476190476189,0.09449920508744038,0.009805825242718497,0.5,22.4,136.74205967276225,2.118217869587745,0.6071746031746033,36,104.88888888888889,0,Sector_17,Ministry_5,Agency_4,0,0,0,0,1,0,1
PRJ-3515C27A,2021-01-01,10.589009812667257,0.10900000000000001,0.06501519756838905,0.06633211678832117,0.11400468384074941,1.0,13.8,0.0,1.0965444243081546,1.0648328267477205,37,109.6,1,Sector_1,Ministry_4,Agency_19,0,0,0,0,0,1,0
PRJ-3545ABA2,2021-01-01,9.243690036900368,0.06468181818181817,0.07439393939393939,0.07439393939393939,0.09580952380952382,0.75,31.666666666666668,0.0,0.9928542717655275,0.383530303030303,55,220.0,0,Sector_10,Ministry_4,Agency_18,0,0,0,0,0,0,0
PRJ-3568CDCD,2021-01-01,4.596949559647712,0.1010526315789474,0.07514705882352943,0.08358024691358025,0.08897286821705426,0.6666666666666666,26.866666666666667,0.0,1.0834114456088173,0.42691176470588243,53,113.4,0,Sector_15,Ministry_5,Agency_28,0,0,0,0,0,0,0
PRJ-35ADA613,2021-01-01,11.797368421052635,0.0,0.0,0.0,0.10228395061728394,1.0,3.1,0.0,1.0156521488114325,0.0,47,0.0,0,Sector_9,Ministry_3,Agency_35,0,0,0,0,0,1,1
PRJ-35E62FE3,2021-01-01,8.175503685503688,0.03142156862745099,0.03142156862745099,0.03142156862745099,0.06846683893195521,1.0,2.7333333333333334,0.0,0.8207171834573567,0.0,60,204.0,0,Sector_9,Ministry_5,Agency_7,0,0,0,0,0,1,0
PRJ-362A2F97,2021-01-01,6.165033112582783,0.16637931034482756,0.17235632183908045,0.16217241379310346,0.19333333333333333,0.8333333333333334,7.133333333333334,0.0,0.9985689148451155,0.33741379310344827,35,58.0,0,Sector_7,Ministry_6,Agency_28,0,0,0,0,0,0,0
PRJ-362DF1B7,2021-01-01,4.002307692307696,0.21818181818181817,0.13920454545454544,0.13920454545454544,0.18401960784313726,0.6666666666666666,8.0,0.0,1.0659699300390968,0.0,15,88.0,0,Sector_9,Ministry_9,Agency_27,0,0,0,0,0,0,0
PRJ-366B0178,2021-01-01,3.9297714972940483,0.04442028985507246,0.04442028985507246,0.04442028985507246,0.06383962264150944,0.5,31.966666666666665,0.0,1.0614019086169781,0.0,51,276.0,0,Sector_7,Ministry_5,Agency_29,0,0,0,0,0,0,0
PRJ-37334AF8,2021-01-01,0.0,0.1410588235294117,0.2651778656126482,0.25525222551928783,0.0,0.6,6.933333333333334,0.0,0.9013364177315737,1.6158102766798417,412,84.25,0,Sector_5,Ministry_8,Agency_3,0,0,0,0,0,0,0
PRJ-37942019,2021-01-01,18.684465592972188,0.08103092783505154,0.08103092783505154,0.08103092783505154,0.09664993726474279,1.0,32.03333333333333,0.0,1.3614268690018319,0.0,181,194.0,0,Sector_8,Ministry_10,Agency_16,0,0,0,0,0,0,0
PRJ-37C038E5,2021-01-01,6.079090909090908,-0.07982035928143712,0.08075848303393214,0.08075848303393214,0.08236133122028526,0.5,32.13333333333333,0.0,0.9734392061852524,0.5091017964071857,77,167.0,0,Sector_9,Ministry_3,Agency_41,0,0,0,0,0,0,0
PRJ-38776E1F,2021-01-01,13.79190635451505,0.06567164179104479,0.06567164179104479,0.06567164179104479,0.08037145650048876,1.0,34.333333333333336,0.0,1.9331108407056923,0.0,70,201.0,0,Sector_20,Ministry_6,Agency_39,0,0,0,0,1,1,0
PRJ-388FC5E7,2021-01-01,9.764321940463066,0.0,0.0,0.0,0.06197894736842105,1.0,44.833333333333336,0.0,1.741508016485043,0.0,136,0.0,0,Sector_2,Ministry_4,Agency_25,0,0,0,0,0,0,0
PRJ-38B36CEC,2021-01-01,9.898855218855225,0.10490039840637451,0.060637450199203184,0.060637450199203184,0.06852130325814536,0.3333333333333333,36.43333333333333,0.0,1.8124698184506103,0.0,231,251.0,0,Sector_19,Ministry_6,Agency_43,0,0,0,0,1,0,0
PRJ-38BCC49A,2021-01-01,8.89684478371501,-0.05225806451612895,0.23043010752688173,0.23043010752688173,0.2913692946058091,0.5,0.9333333333333333,0.0,2.244527615732409,4.526774193548388,28,31.0,0,Sector_20,Ministry_6,Agency_6,0,0,0,0,1,0,0
PRJ-392F048F,2021-01-01,15.158056013179575,0.025934065934065928,0.03580821917808219,0.03580821917808219,0.06807291666666666,1.0,44.2,0.0,1.220551788907587,0.0,122,182.5,0,Sector_18,Ministry_9,Agency_17,0,0,0,0,0,1,0
PRJ-39538ACD,2021-01-01,3.5393103448275838,0.1720792079207921,0.09224422442244225,0.0920957095709571,0.10513368983957218,0.7777777777777778,24.166666666666668,0.0,0.9567249215848666,0.45617161716171606,64,101.0,0,Sector_9,Ministry_10,Agency_17,0,0,0,0,0,0,0
PRJ-396D9FD3,2021-01-01,38.402345483359746,-0.05465517241379309,0.04159003831417625,0.03271551724137931,0.22360902255639098,1.0,37.63333333333333,0.0,1.0309672711571054,0.5157662835249043,127,174.0,1,Sector_4,Ministry_4,Agency_11,0,0,0,0,0,1,0
PRJ-39C2B2E2,2021-01-01,14.16142857142857,0.027391304347826082,0.027391304347826082,0.027391304347826082,0.26746875000000003,0.5,3.6333333333333333,0.0,1.5643765091495008,0.0,36,46.0,0,Sector_18,Ministry_5,Agency_3,0,0,0,0,0,0,0
PRJ-39C43D2D,2021-01-01,-1.8021671018276848,0.06041284403669726,0.07972477064220183,0.07972477064220183,0.06240445859872611,0.25,36.8,0.0,0.9011151241504436,0.18914373088685013,33,218.0,0,Sector_1,Ministry_1,Agency_26,0,0,0,0,0,0,0
PRJ-3A1A525D,2021-01-01,3.0942979942693434,0.045838926174496655,0.045838926174496655,0.045838926174496655,0.07464912280701755,0.0,0.0,0.0,0.9082954672495792,0.0,72,149.0,0,Sector_12,Ministry_4,Agency_6,0,0,0,0,0,0,0
PRJ-3A1E4EF9,2021-01-01,9.84058823529412,-0.121923076923077,0.06070967741935482,0.1472168284789644,0.6366666666666669,0.45454545454545453,7.033333333333333,0.0,1.0926606367637208,3.2881290322580634,9,51.4,0,Sector_8,Ministry_2,Agency_34,0,0,0,0,0,0,0
PRJ-3A3C2252,2021-01-01,3.969999999999999,-0.010566037735849099,0.10150943396226415,0.11668238993710693,999.0,0.375,16.966666666666665,0.0,1.019224620947095,2.7619496855345904,229,106.0,0,Sector_1,Ministry_5,Agency_25,0,0,0,0,0,0,0
PRJ-3A435CF4,2021-01-01,6.1272210672210665,0.0,0.0,0.0,0.07467954345917471,0.0,0.0,0.0,0.626391955195597,0.0,146,0.0,0,Sector_11,Ministry_2,Agency_27,0,0,0,0,0,0,0
PRJ-3BCC5F75,2021-01-01,29.48832684824903,0.0,0.0,0.0,0.11543367346938775,1.0,29.7,0.0,2.5260766059863142,0.0,185,0.0,0,Sector_6,Ministry_3,Agency_35,0,0,0,0,1,1,0
PRJ-3BE354C6,2021-01-01,13.699507908611603,0.0458974358974359,0.0458974358974359,0.0458974358974359,0.10462102689486552,1.0,25.533333333333335,0.0,2.022016424524337,0.0,9,156.0,0,Sector_8,Ministry_10,Agency_3,0,0,0,0,0,0,0
PRJ-3C4C785B,2021-01-01,14.637858769931661,0.0,0.0,0.0,0.14237354085603116,1.0,2.3666666666666667,0.0,0.7116290293307393,0.0,118,0.0,0,Sector_13,Ministry_4,Agency_24,0,0,0,0,0,1,0
PRJ-3C54A260,2021-01-01,1.8599999999999994,0.1478666666666667,0.11222222222222222,0.14387527839643652,999.0,0.5,13.033333333333333,0.0,1.056761159743761,2.552044444444445,297,74.77777777777777,0,Sector_4,Ministry_9,Agency_23,0,0,0,0,0,0,0
PRJ-3C57CFF4,2021-01-01,31.204724964739064,0.06415384615384614,0.04779487179487179,0.04779487179487179,0.13691489361702128,1.0,32.0,0.0,1.7563084427382805,0.5568205128205128,169,195.0,0,Sector_7,Ministry_5,Agency_31,0,0,0,0,1,1,0
PRJ-3C6EA67A,2021-01-01,0.0,0.19671641791044786,0.2064,0.16741854636591477,0.0,0.625,8.566666666666666,0.0,0.9370306002110359,0.56625,503,66.42857142857143,0,Sector_13,Ministry_1,Agency_41,0,0,0,0,0,0,0
PRJ-3C7C2B93,2021-01-01,1.2611307420494704,0.0,0.0,0.0,0.11957446808510638,0.0,0.0,0.0,1.1254014523273823,0.0,29,0.0,0,Sector_9,Ministry_7,Agency_9,0,0,0,0,0,0,0
PRJ-3CE05A51,2021-01-01,-3.1340044493882147,0.03434343434343436,0.07474747474747474,0.05508838383838384,0.051619897959183675,0.2,38.63333333333333,0.0,0.9501710613789964,0.20855218855218854,25,198.0,0,Sector_17,Ministry_10,Agency_33,0,0,0,0,0,0,1
PRJ-3D5467C4,2021-01-01,-0.43474525474525194,0.104367816091954,0.12407692307692307,0.12336405529953917,0.09894039735099337,0.3333333333333333,19.333333333333332,0.0,0.8383985528156268,0.6636538461538461,28,86.8,0,Sector_15,Ministry_10,Agency_23,0,0,0,0,0,0,0
PRJ-3D7B0D86,2021-01-01,2.6299999999999955,0.07000000000000006,0.08768421052631582,0.12212280701754386,999.0,0.375,10.733333333333333,92.09048612225253,1.9144606965535966,0.10168421052631581,325,95.0,0,Sector_2,Ministry_9,Agency_14,0,0,0,0,1,0,0
PRJ-3DBD64F2,2021-01-01,9.708584070796462,0.0,0.0,0.0,0.0772934472934473,1.0,34.2,0.0,1.102525602875213,0.0,127,0.0,0,Sector_4,Ministry_3,Agency_31,0,0,0,0,0,0,0
PRJ-3E957EDE,2021-01-01,-3.3433417296389614,0.17896551724137932,0.17896551724137932,0.17896551724137932,0.08018099547511312,0.5,25.733333333333334,0.0,2.0952573609376595,0.0,76,116.0,0,Sector_1,Ministry_4,Agency_7,0,0,0,0,1,0,0
PRJ-3EDF027E,2021-01-01,4.9694970986460305,0.10794117647058825,0.10794117647058825,0.10794117647058825,0.10496677740863787,1.0,22.6,0.0,1.2577150166206266,0.0,25,204.0,0,Sector_2,Ministry_2,Agency_3,0,0,0,0,0,0,0
PRJ-3F4B3BF8,2021-01-01,7.941538461538457,0.09875576036866361,0.08193548387096775,0.08193548387096775,0.09063903281519861,1.0,30.133333333333333,0.0,2.264798747219634,0.0,71,217.0,0,Sector_12,Ministry_5,Agency_41,0,0,0,0,1,0,0
PRJ-3F774319,2021-01-01,7.8810344827586185,0.040222222222222236,0.040222222222222236,0.040222222222222236,0.1900447427293065,0.5,5.133333333333334,0.0,1.2345749027063364,0.0,44,45.0,0,Sector_17,Ministry_1,Agency_43,0,0,0,0,0,0,0
PRJ-40241BE5,2021-01-01,3.2650000000000006,0.2543478260869566,0.14204379562043795,0.21065454545454546,0.23942857142857144,0.5,3.8,0.0,1.0055602871215956,1.3443065693430658,9,45.857142857142854,0,Sector_17,Ministry_1,Agency_49,0,0,0,0,0,0,0
PRJ-4051F56D,2021-01-01,2.2864868255959863,0.08864516129032257,0.08864516129032257,0.08864516129032257,0.06458367016976556,0.5,37.833333333333336,0.0,0.8801660280764908,0.0,48,155.0,0,Sector_15,Ministry_7,Agency_41,0,0,0,0,0,0,1
PRJ-40528244,2021-01-01,1.8056906077348174,0.04671052631578944,0.09010917030567685,0.08436435124508518,0.0840857142857143,0.6666666666666666,28.966666666666665,121.28310106815736,2.3902362960005736,2.7812445414847162,2,152.6,0,Sector_4,Ministry_10,Agency_14,0,0,0,0,1,0,0
PRJ-40597AFC,2021-01-01,-0.9727415143603082,0.1333333333333333,0.10659630606860158,0.10659630606860158,0.08536082474226804,0.25,25.066666666666666,0.0,1.152885309807808,0.5592612137203167,62,126.33333333333333,0,Sector_14,Ministry_10,Agency_41,0,0,0,0,1,0,0
PRJ-406A8E6A,2021-01-01,3.2449134948096887,0.0,0.0,0.0,0.05987755102040816,1.0,42.6,0.0,2.397210754126039,0.0,25,0.0,0,Sector_20,Ministry_10,Agency_34,0,0,0,0,1,1,1
PRJ-408C557F,2021-01-01,3.081206896551734,0.08072164948453607,0.08513793103448275,0.10515517241379309,0.1332231404958678,0.375,18.5,78.32286236242925,1.8260640621264645,0.47651724137931034,34,96.71428571428571,0,Sector_5,Ministry_5,Agency_35,0,0,0,0,1,0,0
PRJ-40DE634E,2021-01-01,-3.2047572815533982,0.4595121951219513,0.23903225806451614,0.3446060606060606,0.2251098901098901,0.6,3.2333333333333334,0.0,0.8346803951511581,0.17774193548387096,24,41.25,0,Sector_16,Ministry_6,Agency_11,0,0,0,0,0,0,0
PRJ-40E24DFF,2021-01-01,-5.986178861788616,0.19211538461538452,0.34541401273885347,0.35851674641148323,0.18030303030303038,0.2,4.266666666666667,35.44809518611504,1.2558542536025679,3.7066242038216566,42,52.25,0,Sector_15,Ministry_6,Agency_31,0,0,0,0,1,0,0
PRJ-412969CF,2021-01-01,4.170000000000002,0.022236842105263128,0.13511013215859033,0.14779249448123621,999.0,0.25,6.966666666666667,33.7220628821906,1.4575547503355988,0.9734801762114538,420,75.42857142857143,0,Sector_10,Ministry_9,Agency_44,0,0,0,0,1,0,0
PRJ-4136A1B9,2021-01-01,3.8599999999999994,0.15460784313725487,0.12565359477124183,0.14408496732026144,999.0,0.5714285714285714,13.7,0.0,1.0088038780303397,0.13039215686274508,294,102.0,0,Sector_15,Ministry_1,Agency_19,0,0,0,0,0,0,0
PRJ-414DC178,2021-01-01,0.16400843881856275,0.1285897435897436,0.12440170940170941,0.12440170940170941,0.10575409836065572,0.5,16.966666666666665,0.0,0.7985449776335587,0.12901709401709402,26,78.0,0,Sector_4,Ministry_5,Agency_42,0,0,0,0,0,0,0
PRJ-4157D528,2021-01-01,2.8599999999999994,0.08722222222222224,0.1274941995359629,0.13207317073170732,999.0,0.0,0.0,0.0,1.0644076311903428,0.35566125290023204,285,143.5,0,Sector_14,Ministry_7,Agency_45,0,0,0,0,0,0,0
PRJ-423A1F66,2021-01-01,13.947501853224601,0.0011180124223602466,0.052650103519668735,0.022770186335403723,0.11122340425531915,1.0,27.0,0.0,0.9822374770091544,0.1392753623188406,7,161.0,1,Sector_11,Ministry_2,Agency_10,0,0,0,0,0,1,0
PRJ-4260115E,2021-01-01,21.090000000000003,0.013834586466165439,0.05679197994987468,0.07684605757196494,999.0,1.0,21.933333333333334,0.0,1.034434870030181,0.8353634085213034,34,133.16666666666666,1,Sector_10,Ministry_7,Agency_6,0,0,0,0,0,1,0
PRJ-4264E760,2021-01-01,-4.628597842835134,0.06737588652482275,0.09165876777251186,0.07849431818181819,0.06609929078014183,0.0,0.0,17.413311887979567,1.1251902645189338,0.21556872037914693,31,140.8,0,Sector_19,Ministry_1,Agency_20,0,0,0,0,1,0,0
PRJ-42BE9E37,2021-01-01,11.135569620253161,0.17119565217391305,0.1272972972972973,0.1272972972972973,0.15073752711496746,1.0,12.966666666666667,0.0,0.712335921575994,0.0,52,92.5,0,Sector_2,Ministry_4,Agency_6,0,0,0,0,0,1,0
PRJ-42C4ACCA,2021-01-01,4.9081787802840395,0.03687499999999999,0.051660899653979235,0.07319480519480519,0.09060431654676258,0.4,19.933333333333334,0.0,1.8943446189902324,0.852006920415225,21,96.25,0,Sector_9,Ministry_2,Agency_38,0,0,0,0,1,0,0
PRJ-42D80779,2021-01-01,-2.3372477064220174,0.0,0.0,0.0,0.1487830687830688,1.0,0.9666666666666667,0.0,-0.018390631345029787,0.0,4,0.0,0,Sector_6,Ministry_9,Agency_26,0,0,0,0,0,1,1
PRJ-4314DD58,2021-01-01,66.60495412844035,-0.0037864077669902967,0.059368932038834955,0.059368932038834955,1.1808571428571428,1.0,2.2333333333333334,0.0,1.3885039268143382,0.0,57,103.0,0,Sector_2,Ministry_9,Agency_45,0,0,0,0,0,1,0
PRJ-43580FA9,2021-01-01,23.349957537154992,0.11594936708860755,0.1093446088794926,0.09638095238095237,1.9023076923076927,1.0,16.433333333333334,70.43634123116564,1.4676119088404918,2.181479915433404,142,157.5,1,Sector_6,Ministry_4,Agency_26,0,0,0,0,1,1,0
PRJ-436B0829,2021-01-01,17.344664246823957,0.0,0.0,0.0,0.23062322946175637,1.0,1.0,0.0,0.7000434477236468,0.0,77,0.0,0,Sector_2,Ministry_6,Agency_30,0,0,0,0,0,1,0
PRJ-43FA0B53,2021-01-01,2.142550335570469,0.1293670886075949,0.1587866108786611,0.1587866108786611,0.1396938775510204,0.25,13.1,0.0,0.941155249214524,0.44058577405857746,35,79.66666666666667,0,Sector_16,Ministry_8,Agency_40,0,0,0,0,0,0,0
PRJ-446257CD,2021-01-01,33.320158730158724,0.039038461538461536,0.039038461538461536,0.039038461538461536,0.15227571115973743,1.0,23.0,0.0,1.140885451348724,0.0,180,312.0,0,Sector_11,Ministry_7,Agency_12,0,0,0,0,0,1,0
PRJ-44734B87,2021-01-01,0.0,0.1439705882352942,0.1345049504950495,0.17168316831683167,0.0,0.5555555555555556,9.666666666666666,156.8162368329301,2.404955854437624,14.023366336633664,258,67.25,0,Sector_8,Ministry_5,Agency_7,0,0,0,0,1,0,0
PRJ-44B826C9,2021-01-01,0.0,0.15166666666666673,0.10771260997067447,0.11963289280469896,0.0,0.5714285714285714,13.5,0.0,0.860515278609946,0.10041055718475074,236,113.5,0,Sector_15,Ministry_2,Agency_13,0,0,0,0,0,0,0
PRJ-44BA8B3A,2021-01-01,3.2504086398131946,0.11199052132701423,0.06813291139240507,0.06813291139240507,0.06269946808510637,0.75,41.96666666666667,0.0,0.8833972378663871,2.3811550632911396,119,210.66666666666666,0,Sector_10,Ministry_9,Agency_35,0,0,0,0,0,0,0
PRJ-44CB5C3F,2021-01-01,26.397518694765466,0.06716312056737589,0.06716312056737589,0.06716312056737589,0.13481012658227848,1.0,34.233333333333334,0.0,0.8436517471787315,0.0,231,423.0,0,Sector_4,Ministry_10,Agency_25,0,0,0,0,0,1,1
PRJ-452BF0ED,2021-01-01,19.224076615208688,0.03499999999999999,0.03499999999999999,0.03499999999999999,0.08440509915014165,1.0,8.3,0.0,1.1791925347191015,0.0,95,474.0,0,Sector_13,Ministry_10,Agency_22,0,0,0,0,0,1,1
PRJ-459491DD,2021-01-01,1.25,0.12877358490566043,0.17075949367088608,0.19273159144893112,999.0,0.2,10.2,0.0,0.968200061747453,0.16955696202531648,469,105.25,0,Sector_19,Ministry_8,Agency_18,0,0,0,0,0,0,0
PRJ-45C9FF4C,2021-01-01,-6.447561683599417,0.2987777777777778,0.2987777777777778,0.2987777777777778,0.1319795918367347,0.5,12.7,0.0,1.9412266291490483,0.0,19,90.0,0,Sector_17,Ministry_4,Agency_7,0,0,0,0,1,0,0
PRJ-465A3786,2021-01-01,-12.981638225255972,0.0,0.0,0.0,0.04815860215053763,1.0,1.4666666666666666,0.0,1.2940368623569432,0.0,67,0.0,0,Sector_5,Ministry_8,Agency_49,0,0,0,0,1,1,1
PRJ-46C5DB9C,2021-01-01,0.0,0.09493506493506497,0.16004366812227075,0.15568927789934356,0.0,0.375,6.9,0.0,0.9179498249148559,0.6896506550218341,257,76.14285714285714,0,Sector_15,Ministry_4,Agency_37,0,0,0,0,0,0,0
PRJ-47087CDA,2021-01-01,5.860503144654089,0.09954545454545456,0.053398058252427195,0.053398058252427195,0.07680851063829786,0.3333333333333333,29.1,0.0,3.0285029739913596,0.0,122,154.5,0,Sector_14,Ministry_4,Agency_28,0,0,0,0,1,0,0
PRJ-470D5E96,2021-01-01,1.0904048582995927,0.2055797101449275,0.2055797101449275,0.2055797101449275,0.13747685185185185,0.5,14.766666666666667,0.0,0.9170582501154907,0.0,33,138.0,0,Sector_20,Ministry_2,Agency_28,0,0,0,0,0,0,0
PRJ-471E8915,2021-01-01,11.369634146341463,0.0,0.0,0.0,0.08660273972602739,1.0,30.266666666666666,0.0,1.9190017958658476,0.0,22,0.0,0,Sector_13,Ministry_8,Agency_2,0,0,0,0,0,1,0
PRJ-47477404,2021-01-01,9.872306684141545,0.0,0.0,0.0,0.07309578544061303,1.0,36.53333333333333,0.0,4.744157236332917,0.0,31,0.0,0,Sector_13,Ministry_9,Agency_48,0,0,0,0,0,0,0
PRJ-48126C63,2021-01-01,0.0,0.5936111111111112,0.21869158878504677,0.27845794392523365,0.0,0.2727272727272727,1.1333333333333333,0.0,0.8885612673779503,1.2004672897196267,582,35.7,0,Sector_8,Ministry_6,Agency_26,0,0,0,0,0,0,0
PRJ-482D1542,2021-01-01,33.25088397790054,0.13193548387096773,0.09301886792452832,0.07098705501618123,0.3497122302158273,1.0,15.666666666666666,0.0,0.9629208751922037,0.24636118598382747,25,123.6,1,Sector_17,Ministry_3,Agency_14,0,0,0,0,0,1,1
PRJ-48345A13,2021-01-01,-13.478827267475452,0.13225409836065574,0.13225409836065574,0.13225409836065574,0.04617039586919105,0.5,42.46666666666667,0.0,1.322632413067508,0.0,81,244.0,0,Sector_12,Ministry_6,Agency_33,0,0,0,0,0,0,0
PRJ-48717A91,2021-01-01,-0.4094202898550705,0.06365853658536585,0.054512195121951226,0.054512195121951226,0.060026385224274406,0.0,0.0,0.0,1.0357065876697225,0.0,27,164.0,0,Sector_3,Ministry_7,Agency_45,0,0,0,0,0,0,0
PRJ-487F6095,2021-01-01,17.472589928057552,0.0690521327014218,0.0690521327014218,0.0690521327014218,0.10617117117117118,1.0,3.6333333333333333,0.0,1.803714230708103,0.0,164,211.0,0,Sector_12,Ministry_1,Agency_5,0,0,0,0,1,1,0
PRJ-4889824C,2021-01-01,4.154910179640719,0.0,0.0,0.0,0.07851101321585903,1.0,0.3333333333333333,0.0,0.543608485014965,0.0,80,0.0,0,Sector_6,Ministry_10,Agency_15,0,0,0,0,0,0,0
PRJ-48AF4F3B,2021-01-01,0.0,0.24824561403508782,0.15543859649122807,0.15801169590643274,0.0,0.4,6.566666666666666,0.0,1.0348323920041638,0.7642690058479535,136,57.0,0,Sector_2,Ministry_4,Agency_4,0,0,0,0,0,0,0
PRJ-490322FD,2021-01-01,13.25619756427605,0.07672535211267606,0.0752112676056338,0.0752112676056338,0.09944844124700239,1.0,34.43333333333333,0.0,1.0867565689058583,0.0,209,284.0,0,Sector_6,Ministry_10,Agency_15,0,0,0,0,0,0,0
PRJ-4954BA98,2021-01-01,28.956474045053866,0.08973509933774836,0.08973509933774836,0.08973509933774836,0.19779310344827586,1.0,22.233333333333334,0.0,1.037797166373342,0.0,128,302.0,0,Sector_12,Ministry_8,Agency_39,0,0,0,0,1,1,0
PRJ-496EE168,2021-01-01,0.0,0.20033898305084735,0.2283522727272727,0.2304273504273504,0.0,0.14285714285714285,1.0,0.0,0.9079278044322595,0.5339204545454546,63,58.5,0,Sector_15,Ministry_2,Agency_6,0,0,0,0,0,0,0
PRJ-49A54836,2021-01-01,7.670522088353415,0.0,0.0,0.0,0.11183308494783903,0.0,0.0,0.0,1.001354112125141,0.0,130,0.0,0,Sector_15,Ministry_2,Agency_48,0,0,0,0,0,0,0
PRJ-49B6E0A7,2021-01-01,-3.933333333333337,0.2646268656716416,0.22651741293532335,0.19477611940298506,0.08301886792452841,0.375,8.5,60.04062312979453,1.6737805454089212,2.139502487562189,47,67.0,0,Sector_9,Ministry_2,Agency_18,0,0,0,0,1,0,1
PRJ-49DF9313,2021-01-01,-5.15503401360543,0.11882845188284515,0.07856345885634589,0.07856345885634589,0.057265135699373707,0.5,34.833333333333336,0.0,2.243880949969617,5.96495118549512,35,239.0,0,Sector_6,Ministry_3,Agency_49,0,0,0,0,1,0,0
PRJ-4AB5844E,2021-01-01,33.80337559429477,0.0,0.0,0.0,0.13595637583892617,1.0,28.666666666666668,0.0,0.9838799945075315,0.0,307,0.0,0,Sector_5,Ministry_1,Agency_9,0,0,0,0,0,1,0
PRJ-4ACFCEE8,2021-01-01,-1.877741935483872,0.0,0.0,0.0,0.06298202614379085,1.0,1.4,0.0,-0.07776754942611422,0.0,155,0.0,0,Sector_14,Ministry_6,Agency_19,0,0,0,0,0,1,1
PRJ-4B00F809,2021-01-01,9.508948824343015,0.0,0.0,0.0,0.154375,1.0,12.433333333333334,0.0,2.027835818027699,0.0,34,0.0,0,Sector_10,Ministry_10,Agency_36,0,0,0,0,0,1,0
PRJ-4B50A7FC,2021-01-01,3.459752504419569,0.03507177033492822,0.06558213716108452,0.06558213716108452,0.06334610472541508,0.5,41.5,0.0,1.0531901395308345,0.36502392344497603,79,209.0,0,Sector_17,Ministry_8,Agency_11,0,0,0,0,0,0,0
PRJ-4B9A3D85,2021-01-01,1.6730145530145464,0.15435897435897436,0.10863829787234043,0.12225053078556264,0.10885630498533723,0.2857142857142857,17.4,0.0,1.0224060012606577,0.5937021276595746,72,78.5,0,Sector_13,Ministry_2,Agency_18,0,0,0,0,0,0,0
PRJ-4B9E3176,2021-01-01,23.209999999999994,0.11254545454545459,0.12268686868686869,0.12268686868686869,999.0,1.0,15.666666666666666,0.0,1.0077477296706372,0.371010101010101,12,165.0,1,Sector_19,Ministry_4,Agency_23,0,0,0,0,0,1,0
PRJ-4BA386DB,2021-01-01,25.560000000000002,-0.17196428571428576,0.08719402985074627,0.06868460388639762,999.0,1.0,18.266666666666666,0.0,1.1519391082576864,0.7544179104477613,43,111.5,1,Sector_5,Ministry_8,Agency_23,0,0,0,0,0,1,0
PRJ-4BD1A64C,2021-01-01,0.0,0.044838709677419375,0.2647826086956522,0.2892896174863388,0.0,0.0,0.0,97.83274299093473,2.000480278561566,0.991739130434783,532,30.545454545454547,0,Sector_16,Ministry_3,Agency_34,0,0,0,0,1,0,0
PRJ-4BD744AD,2021-01-01,0.45999999999999375,0.1500000000000001,0.26554945054945056,0.2190934065934066,999.0,0.42857142857142855,3.3333333333333335,0.0,0.8727465207003675,0.8004395604395603,107,60.666666666666664,0,Sector_6,Ministry_6,Agency_13,0,0,0,0,0,0,0
PRJ-4BFF381C,2021-01-01,18.768861985472142,0.18627329192546585,0.10919254658385094,0.10919254658385094,0.5120833333333333,1.0,13.366666666666667,0.0,0.9431473562915997,0.12171842650103518,134,161.0,1,Sector_18,Ministry_1,Agency_40,0,0,0,0,0,1,0
PRJ-4C72AE2B,2021-01-01,0.0,0.3486956521739132,0.26833333333333337,0.23684782608695654,0.0,0.3333333333333333,3.7,0.0,0.9187271694131016,1.2994927536231884,31,46.0,0,Sector_8,Ministry_6,Agency_38,0,0,0,0,0,0,0
PRJ-4CD91C36,2021-01-01,0.0,0.1334313725490196,0.1726797385620915,0.17127450980392156,0.0,0.5,12.633333333333333,0.0,0.9158346361360244,7.625620915032679,250,102.0,0,Sector_10,Ministry_6,Agency_6,0,0,0,0,0,0,0
PRJ-4D0C3AA4,2021-01-01,25.519092755585653,0.084,0.084,0.084,0.10479651162790697,1.0,35.1,0.0,0.6780864408786849,0.0,249,270.0,0,Sector_4,Ministry_4,Agency_41,0,0,0,0,0,1,0
PRJ-4DA4A1F3,2021-01-01,22.22,0.1109677419354838,0.12433155080213903,0.16045454545454546,999.0,0.8888888888888888,11.133333333333333,143.83935028091452,2.1943484169430914,0.9010695187165776,49,62.25,1,Sector_12,Ministry_1,Agency_45,0,0,0,0,1,1,0
PRJ-4ECA2428,2021-01-01,0.0,0.20355140186915888,0.18956112852664578,0.18291764705882352,0.0,0.6,7.7,0.0,0.9093675325345115,1.054576802507837,168,106.25,0,Sector_1,Ministry_1,Agency_41,0,0,0,0,0,0,0
PRJ-4EE3CD50,2021-01-01,0.0,0.4152380952380952,0.2780952380952381,0.2308764940239044,0.0,0.5,4.233333333333333,0.0,0.9431749916564691,0.995,415,41.888888888888886,0,Sector_6,Ministry_7,Agency_31,0,0,0,0,0,0,0
PRJ-4F1DD887,2021-01-01,47.4,0.06152777777777777,0.06671802773497688,0.06671802773497688,999.0,1.0,28.5,0.0,1.5476409443717662,0.7873189522342066,196,216.33333333333334,1,Sector_17,Ministry_2,Agency_38,0,0,0,0,1,1,0
PRJ-4F21AF9D,2021-01-01,6.437163029525038,0.11431999999999994,0.16130666666666665,0.11868,0.21089743589743593,0.4,12.333333333333334,91.2357745347436,2.0746273906613726,0.8824800000000002,76,125.0,0,Sector_16,Ministry_1,Agency_39,0,0,0,0,1,0,0
PRJ-4F3DD2BB,2021-01-01,0.547919075144506,0.058343195266272185,0.0650197628458498,0.07466192170818504,0.07403908794788275,0.0,0.0,0.0,1.0580091678641277,1.8183596837944662,66,168.6,0,Sector_18,Ministry_1,Agency_20,0,0,0,0,0,0,0
PRJ-4F48552F,2021-01-01,5.415403128760531,0.08176282051282051,0.08176282051282051,0.08176282051282051,0.06571136131013307,1.0,40.5,0.0,2.009460183788384,0.0,62,312.0,0,Sector_12,Ministry_5,Agency_29,0,0,0,0,1,1,1
PRJ-4F5EE5DD,2021-01-01,0.0,0.062205882352941236,0.14167487684729066,0.13133004926108374,0.0,0.45454545454545453,12.266666666666667,0.0,0.8898262221122856,3.1095073891625615,78,67.6,0,Sector_5,Ministry_8,Agency_16,0,0,0,0,0,0,0
PRJ-4F9F4D2C,2021-01-01,12.981525423728819,0.06938144329896904,0.03903448275862069,0.06141379310344827,0.12080555555555555,0.375,24.066666666666666,0.0,1.2273680880929134,0.4706896551724138,47,96.71428571428571,0,Sector_20,Ministry_6,Agency_29,0,0,0,0,0,0,0
PRJ-4FBECD3C,2021-01-01,33.56,0.05273809523809524,0.14737051792828684,0.1105980861244019,0.7510344827586207,1.0,11.233333333333333,0.0,1.0069730486061095,0.7083665338645417,21,83.6,1,Sector_4,Ministry_4,Agency_45,0,0,0,0,0,1,0
PRJ-4FEC436A,2021-01-01,13.888089171974523,0.0,0.0,0.0,0.07596289752650176,1.0,37.86666666666667,0.0,0.9094886141235522,0.0,215,0.0,0,Sector_11,Ministry_9,Agency_22,0,0,0,0,0,0,0
PRJ-50128115,2021-01-01,12.733918417799742,0.1532222222222222,0.10744444444444444,0.11383333333333333,0.1947486033519553,1.0,13.533333333333333,71.73643952137621,1.5954025899415856,0.9751111111111113,1,90.0,1,Sector_18,Ministry_1,Agency_27,0,0,0,0,1,1,0
PRJ-5140ECEF,2021-01-01,2.019999999999996,0.09584415584415597,0.09978354978354977,0.11400432900432901,999.0,0.5454545454545454,14.6,0.0,0.9203475749913456,0.36406926406926415,146,77.0,0,Sector_11,Ministry_4,Agency_41,0,0,0,0,0,0,0
PRJ-514EF7D1,2021-01-01,10.0,0.03355932203389837,0.2774576271186441,0.2457627118644068,999.0,0.16666666666666666,2.2333333333333334,0.0,1.164588418992325,0.7993785310734464,385,59.0,0,Sector_11,Ministry_5,Agency_42,0,0,0,0,0,0,0
PRJ-51611235,2021-01-01,2.842704507512522,0.059999999999999956,0.10657534246575344,0.16157534246575342,0.1849367088607595,0.4444444444444444,5.666666666666667,95.27189687778207,2.3529142977318087,20.15438356164384,4,48.625,0,Sector_3,Ministry_3,Agency_7,0,0,0,0,1,0,0
PRJ-5166DA51,2021-01-01,4.619638554216863,0.12064356435643563,0.09532178217821782,0.09532178217821782,0.06553264604810996,0.6666666666666666,40.43333333333333,0.0,0.8876575968842536,0.0,182,202.0,0,Sector_6,Ministry_4,Agency_30,0,0,0,0,0,0,0
PRJ-518CE72A,2021-01-01,0.0,0.2732876712328767,0.17866972477064222,0.1388532110091743,0.0,0.6666666666666666,11.566666666666666,97.25929086818219,1.89799441384126,1.505275229357798,126,72.75,0,Sector_11,Ministry_10,Agency_23,0,0,0,0,1,0,0
PRJ-5192B155,2021-01-01,1.1411252992817253,0.08391666666666667,0.08837500000000001,0.08837500000000001,0.08125475285171102,0.0,0.0,0.0,0.8618991138040892,0.0,105,120.0,0,Sector_2,Ministry_9,Agency_44,0,0,0,0,0,0,0
PRJ-51F72924,2021-01-01,13.744036697247708,0.0,0.0,0.0,0.11051912568306012,1.0,24.066666666666666,0.0,0.9281012280820414,0.0,148,0.0,0,Sector_4,Ministry_7,Agency_27,0,0,0,0,0,0,0
PRJ-5228EC95,2021-01-01,12.813209249858993,0.008851351351351318,0.053733031674208134,0.04717391304347826,0.07339522546419099,0.5,38.266666666666666,0.0,0.9950965734655114,0.03778280542986426,136,147.2,0,Sector_16,Ministry_4,Agency_13,0,0,0,0,0,0,0
PRJ-5284A313,2021-01-01,-0.902934537246054,0.16767605633802818,0.13131764705882354,0.12721751412429377,0.0,0.6666666666666666,18.633333333333333,0.0,0.9431417080942548,1.6830823529411767,29,141.6,0,Sector_5,Ministry_4,Agency_15,0,0,0,0,0,0,0
PRJ-52FFFBCA,2021-01-01,-10.618302387267896,0.11442567567567567,0.08478920741989882,0.08478920741989882,0.04884868421052632,0.3333333333333333,26.166666666666668,0.0,0.803685881779012,0.0,11,296.5,0,Sector_15,Ministry_8,Agency_12,0,0,0,0,0,0,0
PRJ-5371D344,2021-01-01,11.187988264878456,0.10216981132075471,0.10216981132075471,0.10216981132075471,0.0986604774535809,1.0,26.366666666666667,0.0,2.147355438865296,0.0,15,212.0,0,Sector_2,Ministry_10,Agency_8,0,0,0,0,1,1,1
PRJ-5384468A,2021-01-01,26.547318132464717,-0.06712871287128706,0.09231023102310232,0.06777227722772279,0.24,1.0,16.466666666666665,0.0,1.2331319034106238,0.535016501650165,13,101.0,1,Sector_17,Ministry_4,Agency_14,0,0,0,0,0,1,0
PRJ-53F79567,2021-01-01,15.462734082397006,0.04799999999999998,0.09056862745098039,0.08360000000000001,7.825000000000003,1.0,23.533333333333335,0.0,0.9937153662477596,4.416843137254903,46,170.0,1,Sector_8,Ministry_1,Agency_2,0,0,0,0,0,1,0
PRJ-53FF141C,2021-01-01,-6.691329818394845,0.15369565217391304,0.15369565217391304,0.15369565217391304,0.05345092024539878,0.0,0.0,0.0,0.3373032902983045,0.0,127,138.0,0,Sector_15,Ministry_9,Agency_23,0,0,0,0,0,0,1
PRJ-546FD272,2021-01-01,-11.215632183908049,0.11894736842105263,0.08445422535211268,0.08281373844121533,0.042733245729303544,0.6,42.56666666666667,0.0,1.1490104795910299,0.9924471830985916,33,189.25,0,Sector_16,Ministry_5,Agency_33,0,0,0,0,0,0,1
PRJ-54AD4225,2021-01-01,9.489645232815963,0.0,0.0,0.0,0.06275462962962963,0.0,0.0,0.0,1.0628721661037166,0.0,208,0.0,0,Sector_1,Ministry_3,Agency_1,0,0,0,0,0,0,0
PRJ-54E1453E,2021-01-01,22.05440329218107,0.0,0.0,0.0,0.11561933534743202,1.0,4.766666666666667,0.0,1.773404771127171,0.0,167,0.0,0,Sector_7,Ministry_8,Agency_13,0,0,0,0,1,1,1
PRJ-54EECBF1,2021-01-01,-8.554237288135589,0.2379166666666666,0.1625462962962963,0.16791666666666666,0.09550102249488752,0.4,15.066666666666666,0.0,0.8286825111768064,0.1365740740740741,36,72.0,0,Sector_9,Ministry_5,Agency_25,0,0,0,0,0,0,0
PRJ-54FBD235,2021-01-01,14.764715025906732,0.12710144927536232,0.06821256038647343,0.07838768115942028,0.12636856368563687,1.0,16.166666666666668,0.0,2.3306210586778966,0.14328502415458935,100,138.0,1,Sector_4,Ministry_8,Agency_42,0,0,0,0,1,1,0
PRJ-5508723B,2021-01-01,9.521004784688998,0.11079545454545454,0.1552840909090909,0.1552840909090909,0.13869739478957918,1.0,15.8,0.0,0.983855797507443,0.0,74,88.0,0,Sector_10,Ministry_9,Agency_34,0,0,0,0,0,0,0
PRJ-5545FCAF,2021-01-01,0.0,0.16609523809523807,0.1948407643312102,0.17854415274463006,0.0,0.4,6.533333333333333,135.45367773823352,2.13094982649037,4.929554140127389,341,104.75,0,Sector_17,Ministry_10,Agency_35,0,0,0,0,1,0,0
PRJ-55485582,2021-01-01,6.170000000000002,-0.12976190476190483,0.19753968253968254,0.21900398406374502,999.0,0.45454545454545453,3.3666666666666667,136.30974630032276,2.4787920953447506,8.926904761904765,80,41.8,0,Sector_7,Ministry_2,Agency_5,0,0,0,0,1,0,0
PRJ-555AE62D,2021-01-01,22.040083160083164,0.0,0.0,0.0,0.13822706065318818,1.0,20.066666666666666,0.0,0.49880546820859784,0.0,151,0.0,0,Sector_15,Ministry_5,Agency_6,0,0,0,0,0,1,0
PRJ-559D9B33,2021-01-01,25.88,0.08500000000000003,0.11141104294478528,0.11141104294478528,0.2604347826086956,1.0,8.0,0.0,1.4740602442705644,0.0,80,81.5,0,Sector_7,Ministry_9,Agency_47,0,0,0,0,0,1,0
PRJ-55E0B851,2021-01-01,-22.78666666666666,0.0,0.0,0.0,0.06097154072620216,1.0,0.8333333333333334,0.0,0.9943313802905195,0.0,47,0.0,0,Sector_14,Ministry_5,Agency_37,0,0,0,0,0,1,1
PRJ-56320447,2021-01-01,0.0,0.15395833333333334,0.16153310104529617,0.15689895470383275,0.0,0.5714285714285714,12.8,82.97363562066774,1.8639706995187213,0.8075958188153309,139,95.66666666666667,0,Sector_12,Ministry_3,Agency_24,0,0,0,0,1,0,0
PRJ-56640583,2021-01-01,12.730243161094226,-0.044000000000000004,-0.044000000000000004,-0.044000000000000004,0.08862959285004965,0.5,25.9,0.0,0.9963345689494503,0.0,80,115.0,0,Sector_14,Ministry_5,Agency_25,0,0,0,0,0,0,0
PRJ-56844082,2021-01-01,6.895301204819276,0.061381215469613254,0.05321033210332103,0.05321033210332103,0.06797979797979797,1.0,40.2,0.0,1.3553950130905643,0.729760147601476,47,180.66666666666666,0,Sector_2,Ministry_10,Agency_39,0,0,0,0,0,0,0
PRJ-56BF3453,2021-01-01,10.426647230320704,0.039203539823008844,0.039203539823008844,0.039203539823008844,0.07001122334455669,0.5,30.3,0.0,0.893556763520672,0.0,146,339.0,0,Sector_6,Ministry_7,Agency_30,0,0,0,0,0,0,0
PRJ-5707498B,2021-01-01,4.453271983640086,0.1855,0.10920833333333334,0.1220625,0.1106203007518797,0.8,17.9,0.0,0.8371176494224635,0.27137500000000003,46,80.0,0,Sector_12,Ministry_7,Agency_39,0,0,0,0,0,0,0
PRJ-57AE4282,2021-01-01,7.229675456389451,0.03415094339622646,0.2128301886792453,0.2128301886792453,0.22616129032258064,0.6666666666666666,5.633333333333334,0.0,1.645107543757737,0.0,25,53.0,0,Sector_16,Ministry_7,Agency_34,0,0,0,0,1,0,0
PRJ-57D943CB,2021-01-01,9.079999999999998,-0.050645161290322586,0.1476756756756757,0.18685636856368565,999.0,0.125,5.7,0.0,1.0610316582449508,1.1011351351351353,32,61.42857142857143,0,Sector_11,Ministry_9,Agency_11,0,0,0,0,0,0,0
PRJ-57FBF9C9,2021-01-01,-11.666666666666671,0.19188118811881183,0.1271523178807947,0.10552980132450332,0.0,0.5,16.2,0.0,1.1267156703311,0.2630794701986755,1,100.66666666666667,0,Sector_18,Ministry_3,Agency_35,0,0,0,0,0,0,1
PRJ-57FDD8F9,2021-01-01,-5.107106918238998,0.14598039215686276,0.08212418300653596,0.08295751633986928,0.06398280802292264,0.4444444444444444,24.333333333333332,77.65586972437129,1.5429141856452435,1.3728104575163396,5,102.0,0,Sector_2,Ministry_7,Agency_18,0,0,0,0,1,0,0
PRJ-581AE31F,2021-01-01,23.704592973436156,0.033842592592592605,0.05025462962962962,0.05025462962962962,0.14199524940617578,1.0,20.933333333333334,0.0,1.2793167544991275,0.0,99,216.0,0,Sector_5,Ministry_9,Agency_33,0,0,0,0,0,1,0
PRJ-582BD5FB,2021-01-01,4.071049562682219,0.11646017699115041,0.07442477876106193,0.06449115044247787,0.0783288770053476,0.8,27.133333333333333,0.0,0.8648658042386679,0.20271386430678465,60,113.0,0,Sector_12,Ministry_2,Agency_31,0,0,0,0,0,0,0
PRJ-582E6236,2021-01-01,2.9438618246235606,0.14146496815286624,0.14146496815286624,0.14146496815286624,0.09259562841530054,0.5,25.266666666666666,0.0,0.8868923669451712,0.0,84,157.0,0,Sector_7,Ministry_9,Agency_21,0,0,0,0,0,0,0
PRJ-58A658AE,2021-01-01,11.89441446965052,0.02014999999999997,0.06397499999999999,0.06397499999999999,0.07555688622754492,0.6666666666666666,39.6,0.0,1.5806165309525215,0.0,196,200.0,0,Sector_6,Ministry_9,Agency_23,0,0,0,0,1,0,0
PRJ-58BD4A5D,2021-01-01,-5.618780773739736,0.11873015873015871,0.07965608465608466,0.07965608465608466,0.05290650406504065,0.0,0.0,0.0,0.6577677354419887,0.0,156,189.0,0,Sector_18,Ministry_6,Agency_13,0,0,0,0,0,0,1
PRJ-58C7E6EA,2021-01-01,8.116019563581645,0.08822727272727272,0.08822727272727272,0.08822727272727272,0.08698986975397974,0.0,0.0,0.0,0.838044912343605,0.0,199,220.0,0,Sector_8,Ministry_4,Agency_16,0,0,0,0,0,0,0
PRJ-591A595B,2021-01-01,3.319999999999993,0.16436781609195417,0.11298850574712647,0.1815632183908046,999.0,0.16666666666666666,0.9333333333333333,0.0,1.0007437088079483,1.289080459770116,96,87.0,0,Sector_18,Ministry_3,Agency_25,0,0,0,0,0,0,0
PRJ-59C2A296,2021-01-01,-6.045446559297217,0.0,0.0,0.0,0.06824302134646963,0.0,0.0,0.0,0.6093932669219515,0.0,1,0.0,0,Sector_1,Ministry_2,Agency_32,0,0,0,0,1,0,0
PRJ-5A06AC04,2021-01-01,-2.994791666666657,0.19429752066115707,0.1380332409972299,0.12955149501661128,0.0,0.16666666666666666,2.2666666666666666,0.0,0.9761974728181017,0.40166204986149584,23,120.4,0,Sector_9,Ministry_1,Agency_11,0,0,0,0,0,0,0
PRJ-5A4FDF12,2021-01-01,-4.924209416725226,0.09279661016949149,0.08645569620253163,0.08645569620253163,0.06552555448408871,0.0,0.0,0.0,0.6496356688708079,0.0,31,118.5,0,Sector_18,Ministry_10,Agency_11,0,0,0,0,1,0,1
PRJ-5A682285,2021-01-01,1.0739786856127864,0.06348993288590607,0.04738255033557048,0.04738255033557048,0.06019283746556474,0.75,36.06666666666667,0.0,1.2440244788246209,0.7519910514541387,5,149.0,0,Sector_12,Ministry_1,Agency_16,0,0,0,0,0,0,0
PRJ-5AA3A651,2021-01-01,10.619517819706495,0.025685279187817236,0.06528013582342954,0.06528013582342954,0.09107784431137725,0.25,16.466666666666665,0.0,1.6633922798850527,0.49169779286926996,145,196.33333333333334,0,Sector_15,Ministry_4,Agency_47,0,0,0,0,1,0,0
PRJ-5AC17547,2021-01-01,0.4408388312912308,0.13843749999999994,0.09629242819843341,0.09737089201877933,0.09618421052631582,0.3333333333333333,12.7,0.0,0.923098376631453,0.2429242819843342,67,127.8,0,Sector_10,Ministry_9,Agency_27,0,0,0,0,0,0,0
PRJ-5AE243FF,2021-01-01,27.632614379084963,0.07903225806451612,0.06520107238605898,0.06520107238605898,0.221260162601626,1.0,15.4,0.0,1.1577337644562355,0.0,113,186.5,0,Sector_3,Ministry_6,Agency_30,0,0,0,0,0,1,0
PRJ-5B0B8347,2021-01-01,4.3134085778781,0.07088,0.07088,0.07088,0.0599835390946502,1.0,43.63333333333333,0.0,1.1236881911824839,0.0,58,250.0,0,Sector_9,Ministry_8,Agency_46,0,0,0,0,0,0,0
PRJ-5B206FFB,2021-01-01,9.583412462908015,0.0,0.0,0.0,0.08530162412993039,1.0,2.533333333333333,0.0,0.7627518133415213,0.0,141,0.0,0,Sector_15,Ministry_9,Agency_15,0,0,0,0,0,1,1
PRJ-5B649C93,2021-01-01,5.93168316831683,0.12458677685950413,0.12458677685950413,0.12458677685950413,0.09092198581560283,1.0,27.333333333333332,0.0,1.169779346903955,0.0,23,242.0,0,Sector_20,Ministry_7,Agency_42,0,0,0,0,0,0,0
PRJ-5B969DA6,2021-01-01,34.510000000000005,0.12272251308900523,0.073006993006993,0.073006993006993,999.0,1.0,17.833333333333332,0.0,1.160063508782432,0.10858391608391608,66,190.66666666666666,1,Sector_2,Ministry_3,Agency_16,0,0,0,0,0,1,0
PRJ-5BCBF6A0,2021-01-01,24.185151515151517,0.0,0.0,0.0,0.16781786941580756,1.0,13.766666666666667,0.0,5.5549614760558255,0.0,59,0.0,0,Sector_14,Ministry_7,Agency_15,0,0,0,0,0,1,0
PRJ-5C77179E,2021-01-01,-0.9784022038567528,0.282542372881356,0.16090909090909092,0.15119453924914675,0.13491329479768785,0.5,9.166666666666666,0.0,0.8899651954950403,0.07119318181818182,29,58.6,0,Sector_11,Ministry_7,Agency_3,0,0,0,0,0,0,0
PRJ-5CADE5A0,2021-01-01,0.0,0.16148148148148145,0.1342326732673267,0.1298662704309064,0.0,0.8333333333333334,17.0,0.0,0.8237244231089141,1.5692326732673267,74,134.6,0,Sector_17,Ministry_4,Agency_46,0,0,0,0,0,0,0
PRJ-5D5D628F,2021-01-01,0.8859689399054673,0.0,0.0,0.0,0.06825475599669148,1.0,2.1,0.0,2.4191808056994715,0.0,24,0.0,0,Sector_14,Ministry_9,Agency_45,0,0,0,0,1,1,1
PRJ-5D609AAC,2021-01-01,-3.2289655172413703,0.21923076923076923,0.19567010309278346,0.17246913580246911,0.12734426229508197,0.5,11.0,0.0,1.2952840091839914,0.35309278350515466,32,64.8,0,Sector_8,Ministry_2,Agency_42,0,0,0,0,1,0,0
PRJ-5E5C7B55,2021-01-01,0.0,0.24659574468085113,0.16191489361702127,0.17804964539007093,0.0,0.4166666666666667,5.833333333333333,41.69376261821272,1.3923068749335883,2.3382269503546094,204,47.0,0,Sector_15,Ministry_7,Agency_30,0,0,0,0,1,0,0
PRJ-5E8E6FDB,2021-01-01,16.65571428571429,0.0,0.0,0.0,0.07079508196721312,1.0,42.63333333333333,0.0,1.4659171863760418,0.0,245,0.0,0,Sector_4,Ministry_1,Agency_18,0,0,0,0,0,0,0
PRJ-5EDF85B7,2021-01-01,0.0,0.15629032258064512,0.08739130434782608,0.127574931880109,0.0,0.5,10.5,0.0,0.9496319704034837,0.1826630434782608,3,61.18181818181818,0,Sector_6,Ministry_4,Agency_19,0,0,0,0,0,0,0
PRJ-5F6E7BFE,2021-01-01,19.680000000000007,0.08874285714285707,0.09874524714828897,0.09373751783166903,999.0,1.0,19.466666666666665,0.0,1.1154539916119321,0.9648479087452472,82,175.25,1,Sector_14,Ministry_8,Agency_45,0,0,0,0,0,1,0
PRJ-5F87FAE8,2021-01-01,-1.398913342503434,0.06980769230769227,0.050641025641025635,0.07378205128205127,0.0659266802443992,0.16666666666666666,34.1,0.0,1.0018115806441112,0.14292735042735047,28,156.0,0,Sector_1,Ministry_1,Agency_27,0,0,0,0,0,0,0
PRJ-5FD667CC,2021-01-01,-10.315524475524484,0.3792045454545455,0.24017045454545458,0.24017045454545458,0.13837455830388692,0.3333333333333333,7.733333333333333,0.0,0.8971004821188708,0.0,25,88.0,0,Sector_14,Ministry_8,Agency_19,0,0,0,0,0,0,0
PRJ-5FE05754,2021-01-01,-13.42258426966292,0.2552439024390243,0.20052845528455285,0.17596348884381338,0.025726495726495772,0.42857142857142855,12.766666666666667,0.0,1.0910914570973138,2.881747967479675,20,82.16666666666667,0,Sector_17,Ministry_4,Agency_42,0,0,0,0,0,0,1
PRJ-5FFAEB04,2021-01-01,11.560017152658665,0.0,0.0,0.0,0.09944378698224852,1.0,26.1,0.0,1.4397348645514019,0.0,90,0.0,0,Sector_7,Ministry_3,Agency_25,0,0,0,0,0,0,0
PRJ-601D5E73,2021-01-01,5.406254180602012,0.09959677419354837,0.08564516129032257,0.08564516129032257,0.07663063063063064,0.6666666666666666,35.53333333333333,0.0,0.8870204375933622,0.0,197,248.0,0,Sector_2,Ministry_6,Agency_21,0,0,0,0,0,0,0
PRJ-6061DC53,2021-01-01,4.5865420560747765,0.005866666666666636,0.11791111111111108,0.11712694877505567,0.18738461538461548,0.7,14.966666666666667,0.0,1.0974600829682941,0.5235111111111111,43,74.88888888888889,0,Sector_4,Ministry_6,Agency_29,0,0,0,0,0,0,0
PRJ-609096F4,2021-01-01,6.795038759689923,0.020590909090909097,0.04425,0.04425,0.07260306242638398,0.3333333333333333,24.5,0.0,1.3935799499848551,0.0,39,220.0,0,Sector_3,Ministry_5,Agency_42,0,0,0,0,0,0,0
PRJ-60927D8B,2021-01-01,45.503108504398824,0.0,0.0,0.0,0.32864,1.0,3.8333333333333335,0.0,1.2336785993481776,0.0,204,0.0,0,Sector_8,Ministry_2,Agency_14,0,0,0,0,0,1,0
PRJ-61837174,2021-01-01,0.0,0.09426086956521743,0.14262390670553937,0.14038461538461539,0.0,1.0,7.2,0.0,0.9010600706713782,0.43075801749271136,289,114.4,1,Sector_14,Ministry_1,Agency_20,0,0,0,0,0,1,1
PRJ-618CCB5B,2021-01-01,20.73315789473684,0.03046052631578949,0.03046052631578949,0.03046052631578949,0.1451346153846154,0.5,16.133333333333333,0.0,1.3286147265416897,0.0,126,152.0,0,Sector_1,Ministry_7,Agency_16,0,0,0,0,0,0,0
PRJ-6191E493,2021-01-01,-7.624637681159427,0.16777777777777786,0.1395910780669145,0.10005565862708721,0.06898016997167138,0.5,21.733333333333334,0.0,0.6689457219486104,0.0682156133828997,33,89.85714285714286,0,Sector_9,Ministry_5,Agency_16,0,0,0,0,0,0,0
PRJ-61F78D2B,2021-01-01,-7.189150174621652,0.0,0.0,0.0,0.05319386331938633,0.0,0.0,0.0,0.30482310747750274,0.0,71,0.0,0,Sector_7,Ministry_7,Agency_22,0,0,0,0,0,0,0
PRJ-623137F1,2021-01-01,14.290526680526678,0.00723076923076924,0.00723076923076924,0.00723076923076924,0.08280718336483932,0.5,29.366666666666667,0.0,1.4947153169146623,0.0,126,130.0,0,Sector_18,Ministry_1,Agency_26,0,0,0,0,0,0,0
PRJ-6274535C,2021-01-01,0.0,0.16275510204081636,0.1152054794520548,0.12243567753001715,0.0,0.25,8.366666666666667,0.0,0.8999822413504931,2.1169863013698627,49,97.14285714285714,0,Sector_9,Ministry_7,Agency_28,0,0,0,0,0,0,0
PRJ-6288E7A2,2021-01-01,24.149953970080553,0.06107843137254899,0.04477124183006536,0.09759803921568627,0.2051865671641791,1.0,17.233333333333334,0.0,0.9974549046652589,1.1960457516339869,91,102.0,1,Sector_5,Ministry_9,Agency_39,0,0,0,0,0,1,0
PRJ-6294AB7F,2021-01-01,11.357647058823538,0.022397260273972576,0.065626423690205,0.07207934336525307,0.10579545454545455,0.5,31.3,142.08493250397035,2.7628316599979557,2.555808656036447,131,146.2,0,Sector_6,Ministry_7,Agency_6,0,0,0,0,1,0,0
PRJ-62D893D5,2021-01-01,13.27938342967245,0.14166666666666666,0.14166666666666666,0.14166666666666666,0.23943661971830985,1.0,8.866666666666667,0.0,1.2493469174503655,0.0,32,102.0,0,Sector_5,Ministry_3,Agency_18,0,0,0,0,0,0,0
PRJ-63136AEF,2021-01-01,19.60381139489195,0.0,0.0,0.0,0.12402631578947369,1.0,22.1,0.0,2.8618455390915996,0.0,120,0.0,0,Sector_12,Ministry_2,Agency_11,0,0,0,0,0,0,0
PRJ-634226C3,2021-01-01,11.853333333333346,0.05608695652173912,0.07168896321070234,0.07168896321070234,0.09423255813953489,0.6666666666666666,35.0,0.0,0.8723651997083889,0.0,173,299.0,0,Sector_8,Ministry_3,Agency_11,0,0,0,0,0,0,0
PRJ-6343B0B3,2021-01-01,14.395074183976263,0.01761261261261262,0.01761261261261262,0.01761261261261262,0.07213143872113677,1.0,35.7,0.0,1.0782846907467893,0.0,115,222.0,0,Sector_18,Ministry_3,Agency_15,0,0,0,0,0,1,0
PRJ-639F39BD,2021-01-01,2.8326490066225176,0.0739175257731959,0.0642685025817556,0.0642685025817556,0.0787431693989071,0.75,26.366666666666667,0.0,0.9814116703979939,0.09209982788296042,36,193.66666666666666,0,Sector_1,Ministry_6,Agency_17,0,0,0,0,0,0,0
PRJ-63A993F5,2021-01-01,-2.0657276995305125,0.08324561403508768,0.06656891495601173,0.09335777126099706,0.0,0.1111111111111111,10.8,0.0,0.8915856814963129,0.15548387096774188,21,113.625,0,Sector_6,Ministry_6,Agency_15,0,0,0,0,0,0,0
PRJ-63B0B6F0,2021-01-01,1.6562542955326478,0.24424778761061944,0.24424778761061944,0.24424778761061944,0.17690184049079755,0.5,10.533333333333333,0.0,0.7887377927217468,0.0,30,113.0,0,Sector_9,Ministry_8,Agency_28,0,0,0,0,0,0,0
PRJ-63DF5327,2021-01-01,9.260000000000005,0.07811111111111112,0.08137546468401487,0.1053903345724907,999.0,0.5555555555555556,13.266666666666667,0.0,1.0927353943152456,0.39475836431226763,76,89.625,0,Sector_20,Ministry_1,Agency_49,0,0,0,0,0,0,0
PRJ-63E00564,2021-01-01,0.0,0.21923076923076915,0.1955603448275862,0.18900862068965518,0.0,0.5714285714285714,9.466666666666667,0.0,0.8963951177973318,0.16650862068965516,445,77.33333333333333,0,Sector_15,Ministry_1,Agency_17,0,0,0,0,0,0,0
PRJ-63EB925D,2021-01-01,14.093664068036858,0.0948704663212435,0.07562068965517241,0.061692506459948324,0.11533123028391168,1.0,28.3,0.0,0.878699593624591,0.18482758620689657,127,193.5,1,Sector_13,Ministry_2,Agency_31,0,0,0,0,0,0,0
PRJ-63EB9CF8,2021-01-01,6.760000000000005,0.10369565217391295,0.10433823529411763,0.1692619926199262,999.0,0.4166666666666667,4.466666666666667,0.0,1.0467620410259035,1.3365441176470587,372,45.18181818181818,0,Sector_3,Ministry_5,Agency_17,0,0,0,0,0,0,0
PRJ-64139ADE,2021-01-01,0.0,0.07854166666666668,0.12986111111111112,0.11630555555555555,0.0,1.0,9.833333333333334,95.81551810865193,1.921277665995976,0.7137268518518518,222,144.0,1,Sector_12,Ministry_10,Agency_37,0,0,0,0,1,1,1
PRJ-641E806F,2021-01-01,0.0,0.03156250000000016,0.30531250000000004,0.23036458333333332,0.0,0.09090909090909091,0.5,0.0,1.3911035488575596,2.5546874999999996,335,32.0,0,Sector_6,Ministry_3,Agency_27,0,0,0,0,0,0,0
PRJ-644C6570,2021-01-01,26.6946771037182,0.06801724137931035,0.06801724137931035,0.06801724137931035,0.11883534136546185,1.0,35.9,0.0,0.9158773574028982,0.0,339,348.0,0,Sector_17,Ministry_7,Agency_9,0,0,0,0,0,1,0
PRJ-64A1C80F,2021-01-01,22.209814323607432,0.01854545454545456,0.04045454545454546,0.04045454545454546,0.11082164328657314,1.0,21.133333333333333,0.0,0.904831090829761,0.0,20,330.0,0,Sector_14,Ministry_1,Agency_25,0,0,0,0,0,1,1
PRJ-64D7DDF8,2021-01-01,17.40511777301927,0.0,0.0,0.0,0.08933952528379772,1.0,32.93333333333333,0.0,0.8415883824263128,0.0,208,0.0,0,Sector_12,Ministry_4,Agency_17,0,0,0,0,0,0,0
PRJ-64F13C82,2021-01-01,8.453333333333333,0.0466666666666667,0.08111111111111112,0.09393333333333334,0.10936507936507936,0.8333333333333334,21.0,0.0,2.4775381193660118,0.8654074074074073,37,90.0,0,Sector_19,Ministry_4,Agency_3,0,0,0,0,1,0,0
PRJ-66A69B6F,2021-01-01,1.5499476439790527,0.05293577981651379,0.08141104294478527,0.0713978494623656,0.07854721549636803,0.375,28.866666666666667,0.0,1.0103950960193573,10.842269938650306,56,108.57142857142857,0,Sector_8,Ministry_3,Agency_18,0,0,0,0,0,0,0
PRJ-66DA11ED,2021-01-01,8.260699790062983,0.06307142857142856,0.04771428571428571,0.04771428571428571,0.07835699797160244,1.0,29.0,0.0,1.119697759916715,0.0,24,140.0,0,Sector_11,Ministry_7,Agency_4,0,0,0,0,0,0,0
PRJ-66FEB9BB,2021-01-01,-5.498211920529798,0.09380281690140843,0.09007042253521126,0.09007042253521126,0.059576783555018144,0.3333333333333333,36.166666666666664,0.0,2.0882391208017395,0.0,44,213.0,0,Sector_13,Ministry_2,Agency_37,0,0,0,0,1,0,0
PRJ-6702C062,2021-01-01,17.729999999999997,0.048062015503875975,0.03209032258064517,0.03209032258064517,0.08247142857142857,1.0,37.4,0.0,0.9691092687307173,0.06566451612903226,17,258.3333333333333,0,Sector_6,Ministry_10,Agency_2,0,0,0,0,0,1,1
PRJ-670B52F6,2021-01-01,7.907142857142858,0.0,0.0,0.0,0.07387202625102543,1.0,35.3,0.0,1.4175035017866933,0.0,81,0.0,0,Sector_17,Ministry_4,Agency_18,0,0,0,0,1,0,0
PRJ-671F8B8F,2021-01-01,7.752340161390439,0.0,0.0,0.0,0.06800918836140887,0.0,0.0,0.0,1.3654309507638187,0.0,150,0.0,0,Sector_17,Ministry_10,Agency_34,0,0,0,0,0,0,0
PRJ-674BE622,2021-01-01,-5.4783229813664605,0.28024999999999983,0.316,0.2648,0.1839240506329114,0.3333333333333333,2.7666666666666666,0.0,0.9255635543728713,3.644416666666667,7,40.0,0,Sector_11,Ministry_2,Agency_24,0,0,0,0,0,0,0
PRJ-67A1F59F,2021-01-01,16.413513513513514,0.07600000000000001,0.07600000000000001,0.07600000000000001,0.12229199372056516,1.0,22.6,0.0,0.9889971338392983,0.0,109,145.0,0,Sector_15,Ministry_10,Agency_39,0,0,0,0,0,0,0
PRJ-67A980BA,2021-01-01,0.0,0.23617647058823532,0.25599999999999995,0.2868,0.0,0.16666666666666666,0.43333333333333335,0.0,0.9007103150092649,0.2650999999999999,638,33.36363636363637,0,Sector_1,Ministry_7,Agency_32,0,0,0,0,0,0,0
PRJ-67C816B9,2021-01-01,13.989411764705881,0.0,0.0,0.0,0.11022251308900524,1.0,24.233333333333334,0.0,0.8934092468819049,0.0,146,0.0,0,Sector_14,Ministry_1,Agency_45,0,0,0,0,0,0,0
PRJ-68072613,2021-01-01,10.52870050195203,0.0470281124497992,0.05321285140562249,0.05321285140562249,0.06770975056689342,1.0,44.233333333333334,0.0,0.9804202227747759,0.0,164,249.0,0,Sector_14,Ministry_5,Agency_33,0,0,0,0,0,0,0
PRJ-68248950,2021-01-01,0.0,0.3079069767441861,0.25480468749999996,0.22457478005865103,0.0,0.4,5.366666666666666,65.98842459890525,1.6947360981317583,5.4378515625,140,85.25,0,Sector_3,Ministry_4,Agency_6,0,0,0,0,1,0,0
PRJ-68E68C98,2021-01-01,24.773587140439925,-0.004049999999999994,0.05875,0.05875,0.13298828125,1.0,26.033333333333335,0.0,0.9399860417211501,0.0,71,200.0,0,Sector_15,Ministry_4,Agency_48,0,0,0,0,0,1,0
PRJ-68FD9717,2021-01-01,0.0,0.14999999999999988,0.18315068493150682,0.21147766323024056,0.0,0.45454545454545453,5.0,0.0,1.0457192231113115,0.3754109589041096,423,48.5,0,Sector_4,Ministry_1,Agency_9,0,0,0,0,0,0,0
PRJ-6930E19E,2021-01-01,1.538102633355841,0.0780625,0.05921161825726141,0.05921161825726141,0.06951948051948052,0.0,0.0,0.0,0.9205641329988619,0.4188381742738589,69,160.66666666666666,0,Sector_11,Ministry_8,Agency_18,0,0,0,0,0,0,0
PRJ-693EB9E9,2021-01-01,21.404213036565984,0.06642276422764229,0.04479674796747968,0.07266260162601626,0.11920222634508348,1.0,26.466666666666665,0.0,2.5968732000711316,1.9040650406504065,105,123.0,0,Sector_10,Ministry_8,Agency_9,0,0,0,0,1,1,0
PRJ-6A15292B,2021-01-01,11.069090909090903,0.06955056179775286,0.06719101123595507,0.07575842696629215,0.10917491749174917,1.0,21.633333333333333,0.0,1.0290878872631548,1.2992509363295877,49,89.0,0,Sector_5,Ministry_1,Agency_22,0,0,0,0,0,0,0
PRJ-6A913AB9,2021-01-01,16.79530612244898,0.0,0.0,0.0,0.07107142857142858,1.0,42.03333333333333,0.0,1.6422112823789579,0.0,188,0.0,0,Sector_3,Ministry_6,Agency_1,0,0,0,0,0,0,0
PRJ-6AA82956,2021-01-01,0.7803214890016932,0.054923076923076894,0.09262798634812286,0.07393085787451983,0.08846534653465349,0.4,21.266666666666666,43.40578479651328,1.3460113745318192,0.4359044368600683,4,195.25,0,Sector_9,Ministry_9,Agency_4,0,0,0,0,1,0,0
PRJ-6AB884D5,2021-01-01,5.329703264094956,0.06657754010695187,0.06657754010695187,0.06657754010695187,0.06369795918367346,1.0,40.93333333333333,0.0,1.2254803878817546,0.0,86,187.0,0,Sector_20,Ministry_3,Agency_25,0,0,0,0,0,0,1
PRJ-6B6D784D,2021-01-01,21.80220103986135,0.05814977973568282,0.05814977973568282,0.05814977973568282,0.13217118997912317,0.5,19.1,0.0,2.675158021682806,0.0,222,227.0,0,Sector_14,Ministry_5,Agency_14,0,0,0,0,1,0,0
PRJ-6B7C5E1A,2021-01-01,22.445960665658085,0.05835249042145595,0.05063218390804598,0.05063218390804598,0.1373076923076923,0.6666666666666666,22.466666666666665,0.0,1.3404652840930567,0.0,175,261.0,0,Sector_10,Ministry_8,Agency_6,0,0,0,0,0,0,0
PRJ-6B96DD70,2021-01-01,25.339329608938552,0.05726591760299626,0.05726591760299626,0.05726591760299626,0.10542134831460674,1.0,33.93333333333333,0.0,1.306282036135119,0.0,186,267.0,0,Sector_17,Ministry_9,Agency_4,0,0,0,0,0,1,0
PRJ-6BA0FA95,2021-01-01,0.0,0.03680555555555563,0.14598130841121493,0.1775175644028103,0.0,0.375,10.0,68.59044111492423,1.6558131748556122,0.7228504672897196,52,71.14285714285714,0,Sector_9,Ministry_3,Agency_16,0,0,0,0,1,0,0
PRJ-6BB19122,2021-01-01,12.041595092024544,0.037348484848484846,0.05466793168880455,0.05466793168880455,0.08028301886792454,0.3333333333333333,23.166666666666668,0.0,0.9672321042863945,0.0,204,263.5,0,Sector_13,Ministry_2,Agency_22,0,0,0,0,0,0,0
PRJ-6C79B0BC,2021-01-01,1.5889555125725252,0.0893478260869565,0.08212996389891697,0.0886126126126126,0.11309278350515463,0.5,20.333333333333332,0.0,0.9432674901188869,1.4836462093862817,13,92.44444444444444,0,Sector_15,Ministry_4,Agency_19,0,0,0,0,0,0,0
PRJ-6CF00CE9,2021-01-01,-2.702926829268293,0.30053571428571424,0.30053571428571424,0.30053571428571424,0.14730038022813688,0.5,8.9,0.0,0.5437608104313624,0.0,18,56.0,0,Sector_15,Ministry_3,Agency_5,0,0,0,0,0,0,0
PRJ-6D35D524,2021-01-01,3.028711162255462,0.002051282051282053,0.05258547008547009,0.05258547008547009,0.06028079710144927,0.75,41.666666666666664,0.0,1.0726750422529314,0.03557692307692308,10,156.0,0,Sector_9,Ministry_6,Agency_3,0,0,0,0,0,0,0
PRJ-6D3AAA3C,2021-01-01,13.703312101910821,0.041176470588235314,0.041176470588235314,0.041176470588235314,0.19163120567375888,0.5,8.966666666666667,0.0,1.6093531246120019,0.0,35,85.0,0,Sector_10,Ministry_9,Agency_10,0,0,0,0,0,0,0
PRJ-6D84C4A1,2021-01-01,-14.181066997518613,0.1556818181818182,0.10278409090909091,0.10278409090909091,0.04874414245548266,0.3333333333333333,33.8,0.0,2.1711099617643894,0.0,18,176.0,0,Sector_5,Ministry_1,Agency_12,0,0,0,0,1,0,1
PRJ-6DAD24F0,2021-01-01,5.213109869646175,0.19111111111111112,0.16134969325153378,0.16134969325153378,0.20567164179104477,0.25,5.933333333333334,0.0,0.9316381719890736,0.8211656441717791,52,54.333333333333336,0,Sector_3,Ministry_8,Agency_49,0,0,0,0,0,0,0
PRJ-6DF4798A,2021-01-01,6.814554973821984,0.17140350877193,0.17380116959064332,0.1645029239766082,0.2691666666666666,0.25,7.2,0.0,1.0065041178650946,0.42859649122807014,45,57.0,0,Sector_7,Ministry_10,Agency_40,0,0,0,0,0,0,0
PRJ-6E33F2CD,2021-01-01,7.0941626794258354,0.058066914498141255,0.07358736059479554,0.07358736059479554,0.06992867332382312,0.3333333333333333,40.46666666666667,0.0,0.954011434449567,0.0,164,269.0,0,Sector_6,Ministry_9,Agency_18,0,0,0,0,0,0,0
PRJ-6E3C1D47,2021-01-01,7.655949367088606,0.09740740740740744,0.09740740740740744,0.09740740740740744,0.1396917808219178,1.0,14.433333333333334,0.0,2.6228097471198337,0.0,44,81.0,0,Sector_17,Ministry_8,Agency_21,0,0,0,0,1,0,0
PRJ-6E877D7D,2021-01-01,3.5851670378619147,0.0,0.0,0.0,0.05821656050955414,1.0,1.5333333333333334,0.0,0.5302108564858742,0.0,81,0.0,0,Sector_9,Ministry_7,Agency_7,0,0,0,0,0,1,1
PRJ-6EDC1FF3,2021-01-01,30.288703550784476,0.07324324324324323,0.06765237020316027,0.06765237020316027,0.16291777188328913,1.0,27.333333333333332,0.0,0.7758434119997785,0.0,170,221.5,0,Sector_9,Ministry_8,Agency_40,0,0,0,0,0,1,0
PRJ-6EEFA1AD,2021-01-01,0.9367532467532484,0.08806060606060606,0.07309859154929577,0.07309859154929577,0.06611041405269762,0.75,36.63333333333333,0.0,1.6693179138981324,0.23476861167002014,81,165.66666666666666,0,Sector_8,Ministry_8,Agency_16,0,0,0,0,1,0,0
PRJ-6F01349D,2021-01-01,5.409999999999997,0.17164179104477612,0.22206030150753772,0.24337349397590366,999.0,0.3333333333333333,5.666666666666667,0.0,1.0357350171766824,0.9176884422110553,60,66.4,0,Sector_4,Ministry_1,Agency_1,0,0,0,0,0,0,0
PRJ-6F2210A9,2021-01-01,12.706992481203006,0.0,0.0,0.0,0.0869537037037037,1.0,29.9,0.0,2.7914560727171107,0.0,119,0.0,0,Sector_3,Ministry_9,Agency_2,0,0,0,0,0,0,0
PRJ-6F6CE21D,2021-01-01,32.744352159468434,0.0,0.0,0.0,0.25940170940170937,1.0,10.733333333333333,0.0,2.312552987695802,0.0,123,0.0,0,Sector_12,Ministry_5,Agency_4,0,0,0,0,0,1,0
PRJ-6F795585,2021-01-01,5.549999999999997,0.08333333333333333,0.12063037249283667,0.13242268041237115,999.0,0.16666666666666666,10.733333333333333,0.0,1.103405044978242,1.272005730659026,303,116.4,0,Sector_18,Ministry_9,Agency_23,0,0,0,0,0,0,0
PRJ-6F9EC73C,2021-01-01,-3.662208588957057,0.17561643835616428,0.11675799086757987,0.09100227790432801,0.09812080536912755,0.4444444444444444,13.7,86.09618810117564,1.8544977114820955,1.892420091324201,8,73.125,0,Sector_5,Ministry_6,Agency_18,0,0,0,0,1,0,0
PRJ-6FCB8EFB,2021-01-01,12.506822742474917,0.05411764705882351,0.07694560669456067,0.07694560669456067,0.10076817558299041,0.6666666666666666,25.9,0.0,1.157137425411552,0.0,109,119.5,0,Sector_17,Ministry_8,Agency_43,0,0,0,0,0,0,0
PRJ-7017D1B2,2021-01-01,27.354117647058825,0.0,0.0,0.0,0.37926315789473686,1.0,1.5666666666666667,0.0,0.454164862647121,0.0,103,0.0,0,Sector_1,Ministry_6,Agency_19,0,0,0,0,0,1,0
PRJ-70297F68,2021-01-01,6.327237145049878,0.057244094488189,0.07474442988204456,0.07474442988204456,0.10257142857142855,0.5,29.766666666666666,0.0,1.0671946818284175,0.3556487549148099,41,254.33333333333334,0,Sector_2,Ministry_3,Agency_7,0,0,0,0,0,0,0
PRJ-70CCA985,2021-01-01,11.46218989280245,0.1501538461538461,0.06188775510204081,0.07267993874425727,0.10291954022988506,0.6666666666666666,29.2,0.0,1.0526061901730404,2.156122448979592,88,130.6,0,Sector_19,Ministry_6,Agency_25,0,0,0,0,0,0,0
PRJ-71C4F8C6,2021-01-01,-4.832982456140353,0.10226600985221676,0.10226600985221676,0.10226600985221676,0.051392045454545454,0.5,45.06666666666667,0.0,0.656448794451976,0.0,11,203.0,0,Sector_9,Ministry_1,Agency_40,0,0,0,0,0,0,0
PRJ-71D4251D,2021-01-01,6.170000000000002,0.0020720720720721077,0.04966767371601208,0.09963691376701966,999.0,0.25,19.2,0.0,1.0202157452611116,-0.12543806646525674,161,110.14285714285714,0,Sector_1,Ministry_7,Agency_25,0,0,0,0,0,0,0
PRJ-7202562F,2021-01-01,4.357462235649548,0.0,0.0,0.0,0.06369924812030076,0.0,0.0,0.0,0.5568723054608412,0.0,147,0.0,0,Sector_10,Ministry_5,Agency_4,0,0,0,0,0,0,0
PRJ-722F30F5,2021-01-01,-0.3205489260143253,0.16833333333333333,0.16833333333333333,0.16833333333333333,0.1186815415821501,0.5,17.366666666666667,0.0,0.9667838250999851,0.0,33,156.0,0,Sector_2,Ministry_10,Agency_5,0,0,0,0,0,0,0
PRJ-7281C121,2021-01-01,2.602457956015524,0.0,0.0,0.0,0.13309455587392552,1.0,12.433333333333334,0.0,1.2630273315197644,0.0,10,0.0,0,Sector_17,Ministry_10,Agency_47,0,0,0,0,0,0,0
PRJ-730CA9D5,2021-01-01,0.0,0.23682539682539686,0.3206878306878307,0.28507936507936504,0.0,0.5,4.7,0.0,0.8865872808165401,5.631587301587301,285,63.0,0,Sector_12,Ministry_8,Agency_32,0,0,0,0,0,0,0
PRJ-730EFECD,2021-01-01,-1.9480495356037153,0.0847936507936508,0.0847936507936508,0.0847936507936508,0.05967779056386651,0.0,0.0,0.0,1.2195806007723025,0.0,117,315.0,0,Sector_6,Ministry_9,Agency_46,0,0,0,0,1,0,0
PRJ-731849F3,2021-01-01,24.189999999999998,0.1405405405405406,0.12054054054054056,0.13752252252252253,999.0,0.6666666666666666,16.333333333333332,68.53633572159671,1.5478549846576792,0.39950450450450464,59,74.0,1,Sector_14,Ministry_4,Agency_38,0,0,0,0,1,1,0
PRJ-73431922,2021-01-01,3.928117738187453,0.0651778656126482,0.07363636363636364,0.07363636363636364,0.08520710059171598,0.6666666666666666,29.433333333333334,0.0,1.1412754128235725,0.0,25,253.0,0,Sector_5,Ministry_3,Agency_30,0,0,0,0,0,0,0
PRJ-738E5508,2021-01-01,11.345635876840696,-0.006044776119403002,0.04397022332506202,0.06238450074515648,0.08619694397283532,1.0,33.666666666666664,0.0,0.9975897803528866,0.0915632754342432,100,134.2,1,Sector_7,Ministry_6,Agency_11,0,0,0,0,0,0,0
PRJ-73D672E3,2021-01-01,11.172638645650906,0.0,0.0,0.0,0.06743111831442464,1.0,40.7,0.0,1.4969521031758595,0.0,71,0.0,0,Sector_15,Ministry_8,Agency_20,0,0,0,0,0,1,1
PRJ-73DF3EFC,2021-01-01,0.0,0.1690178571428572,0.13473214285714286,0.14167857142857143,0.0,0.3333333333333333,4.933333333333334,0.0,0.8996034774838506,0.627470238095238,204,112.0,0,Sector_17,Ministry_10,Agency_27,0,0,0,0,0,0,0
PRJ-74300FCF,2021-01-01,5.780000000000001,0.18731343283582086,0.2253233830845771,0.22495522388059702,999.0,0.6666666666666666,4.833333333333333,0.0,0.9787309896588782,1.4987562189054726,324,67.0,0,Sector_13,Ministry_2,Agency_4,0,0,0,0,0,0,0
PRJ-74857C29,2021-01-01,5.900000000000006,-0.05298850574712643,0.09122605363984669,0.16406130268199232,999.0,0.5714285714285714,11.866666666666667,0.0,0.9839986438431678,0.1228352490421456,389,87.0,0,Sector_12,Ministry_9,Agency_34,0,0,0,0,0,0,0
PRJ-74931479,2021-01-01,20.94364996260284,0.06748917748917749,0.07941558441558441,0.07941558441558441,0.12338747099767981,1.0,31.2,0.0,1.0918742336669522,0.0,213,231.0,0,Sector_4,Ministry_3,Agency_26,0,0,0,0,0,1,0
PRJ-74DDA7DF,2021-01-01,0.9680717488789199,0.05595505617977529,0.07318949343339587,0.07153305203938115,0.057358490566037736,0.6,43.53333333333333,0.0,0.7743927984630531,0.300750469043152,154,177.75,0,Sector_14,Ministry_4,Agency_3,0,0,0,0,0,0,1
PRJ-751CD536,2021-01-01,0.4300000000000068,0.24074074074074073,0.1902057613168724,0.19525925925925924,999.0,0.3333333333333333,5.866666666666666,44.526423237406206,1.4636997577072683,1.9358024691358027,359,81.0,0,Sector_4,Ministry_4,Agency_30,0,0,0,0,1,0,0
PRJ-753BD718,2021-01-01,6.953387096774193,0.22777777777777777,0.1034468085106383,0.1034468085106383,0.1139508506616257,0.3333333333333333,17.8,0.0,0.7975077479115473,0.0,111,117.5,0,Sector_7,Ministry_9,Agency_26,0,0,0,0,0,0,0
PRJ-757D92A7,2021-01-01,0.0,0.2136666666666667,0.08884328358208957,0.06857943925233645,0.0,0.4166666666666667,19.433333333333334,0.0,1.01549205724684,0.17847014925373128,27,89.0909090909091,0,Sector_1,Ministry_7,Agency_14,0,0,0,0,0,0,0
PRJ-75E36CC1,2021-01-01,2.9521212121212095,0.1137974683544304,0.11955696202531646,0.11955696202531646,0.1265698729582577,0.0,0.0,0.0,1.8497248158995507,0.0,38,79.0,0,Sector_2,Ministry_6,Agency_30,0,0,0,0,1,0,0
PRJ-765950FB,2021-01-01,8.396718146718147,0.0,0.0,0.0,0.08514150943396226,1.0,0.43333333333333335,0.0,0.6838508552894743,0.0,115,0.0,0,Sector_17,Ministry_6,Agency_5,0,0,0,0,0,1,0
PRJ-765B9BAC,2021-01-01,50.76,0.1773529411764706,0.11501831501831503,0.11501831501831503,999.0,1.0,7.833333333333333,0.0,0.821045498150743,0.0,68,136.5,0,Sector_18,Ministry_7,Agency_10,0,0,0,0,0,1,0
PRJ-76C69272,2021-01-01,5.340000000000003,-0.030476190476190504,0.23824,0.18359999999999999,999.0,0.45454545454545453,3.0,24.107053740749706,1.3120162392007537,1.33392,519,41.7,0,Sector_20,Ministry_4,Agency_10,0,0,0,0,1,0,0
PRJ-770CA7AD,2021-01-01,8.25057915057915,0.09419642857142854,0.06985119047619047,0.08017857142857143,0.11389473684210527,1.0,14.0,0.0,0.9813265612695211,0.4307440476190475,1,112.0,1,Sector_17,Ministry_9,Agency_18,0,0,0,0,0,1,0
PRJ-776C5222,2021-01-01,0.0,0.17212765957446816,0.13407142857142854,0.19339285714285714,0.0,0.2727272727272727,4.6,0.0,1.041093876350805,0.48528571428571426,422,46.6,0,Sector_2,Ministry_7,Agency_9,0,0,0,0,0,0,0
PRJ-77ADEDF5,2021-01-01,2.510000000000005,0.06081967213114744,0.11857923497267753,0.18327868852459017,999.0,0.3333333333333333,6.2,0.0,0.9809813604003991,1.692404371584699,534,61.0,0,Sector_14,Ministry_8,Agency_45,0,0,0,0,0,0,0
PRJ-77F60A0A,2021-01-01,-5.696666666666658,0.383125,0.15657534246575341,0.19664383561643836,0.10447619047619046,0.4,7.266666666666667,123.36710724678328,2.1290045967463316,0.7023287671232874,39,48.666666666666664,0,Sector_19,Ministry_2,Agency_10,0,0,0,0,1,0,0
PRJ-784F2A53,2021-01-01,-1.5794425087108053,0.052396694214876,0.11505494505494504,0.09034979423868313,0.08372591006423984,0.2,21.766666666666666,0.0,0.9436804188727781,0.30700549450549447,74,121.5,0,Sector_13,Ministry_10,Agency_16,0,0,0,0,0,0,0
PRJ-78872CFA,2021-01-01,-4.033333333333335,0.10243243243243244,0.10243243243243244,0.10243243243243244,0.06988577362409137,0.5,31.6,0.0,0.8397051323770091,0.0,18,185.0,0,Sector_18,Ministry_1,Agency_32,0,0,0,0,0,0,0
PRJ-78A9BC1F,2021-01-01,16.608730703259,0.06149068322981366,0.08002061855670103,0.08002061855670103,0.12403225806451612,0.75,26.333333333333332,0.0,1.2937472402375734,0.2349896907216495,86,161.66666666666666,0,Sector_12,Ministry_8,Agency_36,0,0,0,0,0,0,0
PRJ-79921AED,2021-01-01,15.895849056603765,0.0857671957671958,0.05743386243386245,0.05743386243386245,0.10140293637846655,0.6666666666666666,25.566666666666666,0.0,2.257495960733379,0.0,145,189.0,0,Sector_13,Ministry_6,Agency_7,0,0,0,0,1,0,0
PRJ-799D6F1E,2021-01-01,15.871127141568984,0.0398245614035088,0.07221491228070177,0.07221491228070177,0.12965174129353232,1.0,24.833333333333332,0.0,1.0203491716493316,0.0,23,228.0,0,Sector_18,Ministry_9,Agency_13,0,0,0,0,0,1,1
PRJ-79FBA9F8,2021-01-01,-1.143913043478264,0.20054421768707487,0.1358409090909091,0.12352640545144802,0.09136363636363638,0.4,11.333333333333334,13.552257657088735,1.0731747016385824,0.49218181818181816,121,146.75,0,Sector_2,Ministry_6,Agency_23,0,0,0,0,1,0,0
PRJ-7A0449AF,2021-01-01,-0.04884882985452066,0.05136363636363634,0.07130151843817786,0.06252275682704811,0.06316081330868761,0.3333333333333333,33.166666666666664,0.0,0.989033280515012,3.1190238611713665,118,153.8,0,Sector_17,Ministry_8,Agency_28,0,0,0,0,0,0,1
PRJ-7A3A7720,2021-01-01,43.432758620689654,0.057142857142857106,0.11039682539682538,0.11039682539682538,0.655,1.0,5.333333333333333,0.0,0.7627163690146389,0.0,113,126.0,0,Sector_17,Ministry_10,Agency_48,0,0,0,0,0,1,0
PRJ-7A8E570F,2021-01-01,20.758932714617174,0.0,0.0,0.0,0.154029304029304,1.0,17.966666666666665,0.0,0.6830352876890797,0.0,84,0.0,0,Sector_15,Ministry_10,Agency_23,0,0,0,0,0,1,0
PRJ-7AA3E730,2021-01-01,-4.63167126309984,0.14980676328502415,0.06930868167202572,0.0656574185765983,0.04917312661498708,1.0,43.96666666666667,0.0,0.6471873010963578,0.11381028938906751,3,207.25,1,Sector_18,Ministry_5,Agency_27,0,0,0,0,0,1,1
PRJ-7AA46E02,2021-01-01,31.35248073959938,0.05379821958456973,0.05379821958456973,0.05379821958456973,0.16687679083094556,1.0,5.166666666666667,0.0,0.7013688069664936,0.0,275,337.0,0,Sector_7,Ministry_5,Agency_5,0,0,0,0,0,1,0
PRJ-7B2271E5,2021-01-01,33.78647887323944,0.1297727272727273,0.1297727272727273,0.1297727272727273,0.3620952380952381,1.0,6.5,0.0,1.2508920224603688,0.0,24,132.0,0,Sector_8,Ministry_2,Agency_20,0,0,0,0,0,1,0
PRJ-7B523CA1,2021-01-01,30.36,0.048866666666666655,0.09357777777777777,0.1014,999.0,1.0,19.066666666666666,0.0,0.8866727568975175,0.8687999999999998,42,150.0,1,Sector_5,Ministry_4,Agency_8,0,0,0,0,0,1,0
PRJ-7B911B3C,2021-01-01,0.47245989304812497,0.019166666666666676,0.06531486146095719,0.07060377358490566,0.06742892459826946,0.6,34.333333333333336,0.0,1.0060659860926175,0.39871536523929474,25,132.5,0,Sector_18,Ministry_5,Agency_9,0,0,0,0,0,0,0
PRJ-7B91708D,2021-01-01,3.496984352773822,-0.0234375,0.07447643979057592,0.06277864992150706,0.07705084745762712,0.6666666666666666,28.366666666666667,0.0,0.9077821784773735,0.04484293193717277,52,127.4,0,Sector_18,Ministry_9,Agency_6,0,0,0,0,0,0,0
PRJ-7BB07812,2021-01-01,6.230000000000004,0.10042105263157887,0.08954063604240278,0.1164070796460177,999.0,0.3333333333333333,12.633333333333333,0.0,1.0129146619397316,1.2705300353356892,144,94.125,0,Sector_9,Ministry_4,Agency_32,0,0,0,0,0,0,0
PRJ-7C4137C2,2021-01-01,4.838521617852162,0.0,0.0,0.0,0.14752079866888518,0.0,0.0,0.0,2.1416542595826527,0.0,47,0.0,0,Sector_3,Ministry_9,Agency_15,0,0,0,0,0,0,0
PRJ-7C4EC282,2021-01-01,0.37999999999999545,0.13125000000000023,0.23597222222222225,0.1677700348432056,999.0,0.36363636363636365,5.333333333333333,0.0,0.9209109431929333,0.8759027777777777,394,47.9,0,Sector_12,Ministry_2,Agency_4,0,0,0,0,0,0,0
PRJ-7C7810BD,2021-01-01,9.040000000000006,0.09133757961783433,0.11464968152866241,0.08900636942675158,999.0,1.0,19.366666666666667,0.0,0.9768516153576737,0.08764331210191081,102,157.0,1,Sector_5,Ministry_10,Agency_20,0,0,0,0,0,1,0
PRJ-7C7F1916,2021-01-01,6.31662813102119,0.15151515151515152,0.19944162436548227,0.20170212765957451,0.2962295081967212,0.6666666666666666,6.366666666666666,0.0,0.8941821794232746,2.859187817258883,64,65.8,0,Sector_2,Ministry_8,Agency_9,0,0,0,0,0,0,0
PRJ-7CB82537,2021-01-01,8.780000000000001,-0.00046153846153847904,0.0795128205128205,0.09651282051282051,999.0,1.0,12.533333333333333,0.0,1.0249012763634526,0.36312820512820515,104,130.0,1,Sector_3,Ministry_5,Agency_9,0,0,0,0,0,1,1
PRJ-7CBD87EC,2021-01-01,2.3325348542458784,0.08214285714285714,0.075,0.075,0.06554520037278658,0.6666666666666666,36.833333333333336,0.0,1.0185286920640155,0.0,86,140.0,0,Sector_10,Ministry_5,Agency_33,0,0,0,0,0,0,0
PRJ-7CFF9ACB,2021-01-01,22.899565217391306,0.008222222222222218,0.07044554455445545,0.053543599257884975,0.13536997885835095,1.0,23.166666666666668,0.0,1.4957562651351861,0.48821782178217826,4,134.75,0,Sector_3,Ministry_2,Agency_13,0,0,0,0,1,1,0
PRJ-7E30FAD9,2021-01-01,1.4699999999999989,0.18466666666666687,0.283,0.23335195530726258,999.0,0.0,0.0,0.0,0.9608374884422225,1.3528888888888888,626,29.818181818181817,0,Sector_6,Ministry_3,Agency_29,0,0,0,0,0,0,0
PRJ-7E813731,2021-01-01,22.955042016806722,0.008035714285714273,0.045905044510385754,0.08166666666666667,0.16952247191011235,1.0,19.866666666666667,0.0,0.9008935403402558,0.1028486646884273,34,112.5,1,Sector_8,Ministry_9,Agency_14,0,0,0,0,0,1,0
PRJ-7EAAD561,2021-01-01,-3.641512027491409,0.0,0.0,0.0,0.10953168044077134,0.0,0.0,0.0,0.4583334296092277,0.0,45,0.0,0,Sector_5,Ministry_10,Agency_37,0,0,0,0,0,0,0
PRJ-7F1B9DAE,2021-01-01,5.324714475431607,0.0,0.0,0.0,0.07080165289256199,1.0,35.833333333333336,0.0,0.658261242423812,0.0,53,0.0,0,Sector_17,Ministry_5,Agency_42,0,0,0,0,1,0,0
PRJ-7F5F945B,2021-01-01,6.859999999999999,0.08915492957746476,0.13985915492957746,0.13799999999999998,999.0,1.0,8.766666666666667,54.27894742586468,1.448328871610453,1.6416901408450708,42,70.88888888888889,1,Sector_16,Ministry_1,Agency_19,0,0,0,0,1,1,0
PRJ-7F86765B,2021-01-01,7.446109215017064,0.060421052631578966,0.060421052631578966,0.060421052631578966,0.09368125701459035,0.5,21.566666666666666,0.0,1.042148660422112,0.0,91,95.0,0,Sector_12,Ministry_8,Agency_13,0,0,0,0,0,0,0
PRJ-7FD0854D,2021-01-01,-16.866853303471444,0.11816733067729085,0.0854780876494024,0.0854780876494024,0.03947110675808031,0.0,0.0,0.0,1.0556338674822012,0.0,12,251.0,0,Sector_20,Ministry_1,Agency_43,0,0,0,0,0,0,0
PRJ-7FD77B64,2021-01-01,0.0,0.29545454545454547,0.24824427480916028,0.21260536398467433,0.0,0.5454545454545454,4.7,0.0,0.9056855889361514,0.6629770992366414,206,43.5,0,Sector_1,Ministry_10,Agency_20,0,0,0,0,0,0,0
PRJ-7FE937CB,2021-01-01,0.0,0.3520408163265306,0.16979452054794525,0.16683848797250858,0.0,0.18181818181818182,4.433333333333334,0.0,0.9393557023415041,1.765616438356164,320,48.5,0,Sector_7,Ministry_7,Agency_22,0,0,0,0,0,0,0
PRJ-802496CB,2021-01-01,0.9284753363228724,0.4695454545454545,0.4695454545454545,0.4695454545454545,0.22708978328173374,0.5,4.233333333333333,0.0,0.9681777393213019,0.0,35,44.0,0,Sector_19,Ministry_9,Agency_17,0,0,0,0,0,0,0
PRJ-8067D7CE,2021-01-01,-0.7470510396975385,0.12005235602094241,0.08097731239092495,0.08097731239092495,0.06202380952380952,0.75,38.3,0.0,0.9464658269007722,0.09703315881326353,67,191.0,0,Sector_16,Ministry_4,Agency_13,0,0,0,0,0,0,0
PRJ-808F6F0F,2021-01-01,-1.1372782503037655,0.0,0.0,0.0,0.059958041958041955,1.0,1.1,0.0,0.8107792312723613,0.0,34,0.0,0,Sector_14,Ministry_10,Agency_12,0,0,0,0,0,1,0
PRJ-80947849,2021-01-01,25.538923959827834,0.0836633663366337,0.08519736842105263,0.08992592592592594,0.28857954545454545,1.0,12.5,0.0,1.0830336912653913,0.6511842105263157,15,101.25,1,Sector_17,Ministry_1,Agency_29,0,0,0,0,0,1,0
PRJ-8095BDF5,2021-01-01,22.187482014388486,0.09642857142857143,0.13338095238095238,0.15521428571428572,0.29602094240837695,1.0,10.333333333333334,0.0,0.9687986579914697,1.456190476190476,15,70.0,1,Sector_19,Ministry_3,Agency_21,0,0,0,0,0,1,0
PRJ-8144F365,2021-01-01,14.563068432671074,0.014900000000000019,0.09850498338870434,0.1002390438247012,0.18141463414634146,0.3333333333333333,13.133333333333333,0.0,1.0045195092999666,0.13966777408637873,99,100.4,0,Sector_9,Ministry_9,Agency_26,0,0,0,0,0,0,0
PRJ-815CC4C9,2021-01-01,46.883922651933695,0.03520618556701031,0.03520618556701031,0.03520618556701031,0.25086826347305385,1.0,18.4,0.0,2.0420414070664172,0.0,183,194.0,0,Sector_5,Ministry_1,Agency_7,0,0,0,0,0,1,0
PRJ-81DF52ED,2021-01-01,6.619034028540071,0.1859375,0.11982698961937717,0.11982698961937717,0.12376321353065539,0.75,18.0,0.0,1.9173821871189487,1.718304498269896,53,96.33333333333333,0,Sector_1,Ministry_2,Agency_28,0,0,0,0,1,0,0
PRJ-825969BA,2021-01-01,-1.405810684161196,0.08692307692307694,0.09383954154727794,0.1058022922636103,0.0,0.4444444444444444,22.633333333333333,0.0,0.9145323056694037,0.5567048710601719,5,116.375,0,Sector_8,Ministry_5,Agency_22,0,0,0,0,0,0,0
PRJ-827869CA,2021-01-01,-12.375862068965503,0.381078431372549,0.18486928104575162,0.16642156862745097,0.07048192771084338,1.0,17.866666666666667,0.0,0.9997002192720006,1.1266666666666667,86,102.0,1,Sector_20,Ministry_4,Agency_44,0,0,0,0,0,1,1
PRJ-82E4B744,2021-01-01,16.811666666666675,0.08365979381443298,0.11425257731958763,0.11425257731958763,0.16736842105263158,1.0,20.433333333333334,0.0,0.6860965647665862,0.0,112,194.0,0,Sector_15,Ministry_7,Agency_38,0,0,0,0,0,1,1
PRJ-82F3272A,2021-01-01,20.670839363241676,0.0,0.0,0.0,0.09423280423280422,1.0,32.4,0.0,2.7806640501624713,0.0,210,0.0,0,Sector_19,Ministry_10,Agency_21,0,0,0,0,1,0,0
PRJ-8335D8DA,2021-01-01,27.475575221238937,0.11890350877192982,0.11890350877192982,0.11890350877192982,0.14707889125799575,1.0,24.966666666666665,0.0,0.6645792640440928,0.0,205,228.0,0,Sector_10,Ministry_10,Agency_16,0,0,0,0,0,1,0
PRJ-8351C93B,2021-01-01,2.5690834473324173,0.08372822299651568,0.08121951219512194,0.08121951219512194,0.07335907335907337,0.6666666666666666,34.0,0.0,2.2590815443482155,0.0,84,287.0,0,Sector_12,Ministry_9,Agency_3,0,0,0,0,1,0,0
PRJ-837565DB,2021-01-01,19.349999999999994,0.08423728813559322,0.07562146892655368,0.07562146892655368,999.0,1.0,13.033333333333333,0.0,0.9699426782534066,0.4286723163841808,43,236.0,1,Sector_20,Ministry_9,Agency_35,0,0,0,0,0,1,1
PRJ-843DEE19,2021-01-01,22.008438061041296,0.0596190476190476,0.0596190476190476,0.0596190476190476,0.24874213836477985,1.0,6.933333333333334,0.0,1.3818385045969244,0.0,29,105.0,0,Sector_13,Ministry_3,Agency_27,0,0,0,0,0,1,0
PRJ-851E9423,2021-01-01,1.6039712108382744,-0.015200000000000045,0.09450666666666666,0.09104,0.08759562841530055,0.6,26.0,0.0,0.8666192968672098,0.33925333333333335,7,125.0,0,Sector_15,Ministry_9,Agency_23,0,0,0,0,0,0,0
PRJ-855BB276,2021-01-01,0.23000000000000398,0.17287234042553193,0.19374999999999998,0.17480686695278969,999.0,0.3333333333333333,5.333333333333333,0.0,0.8970198299728044,4.146964285714286,519,93.2,0,Sector_15,Ministry_9,Agency_33,0,0,0,0,0,0,0
PRJ-86378985,2021-01-01,23.903175914994094,0.1152127659574468,0.1152127659574468,0.1152127659574468,0.18483240223463687,1.0,17.533333333333335,0.0,1.2582212990776216,0.0,113,188.0,0,Sector_5,Ministry_6,Agency_22,0,0,0,0,0,1,0
PRJ-8677B98D,2021-01-01,0.3383966516419825,0.12967532467532467,0.05035714285714285,0.05035714285714285,0.06470425138632163,1.0,32.166666666666664,0.0,0.6861316326618389,0.0,9,154.0,0,Sector_14,Ministry_2,Agency_48,0,0,0,0,0,1,0
PRJ-867F6D72,2021-01-01,12.363636363636363,0.0,0.0,0.0,0.10704960835509138,0.0,0.0,0.0,0.7415868008578447,0.0,151,0.0,0,Sector_11,Ministry_4,Agency_6,0,0,0,0,0,0,0
PRJ-86B82DF7,2021-01-01,11.866666666666674,0.06184999999999999,0.06320534223706177,0.06721804511278195,0.1420792079207921,1.0,14.966666666666667,129.30771998782075,2.241352784168644,0.5161602671118531,1,199.5,1,Sector_14,Ministry_8,Agency_8,0,0,0,0,1,1,1
PRJ-86CD256F,2021-01-01,-1.6040372670807415,-0.027777777777777776,0.12079365079365079,0.12838624338624338,0.06481481481481481,0.3333333333333333,11.366666666666667,0.0,0.969130105288559,1.0535449735449736,22,63.0,0,Sector_3,Ministry_5,Agency_7,0,0,0,0,0,0,0
PRJ-86ED0BF2,2021-01-01,6.162839429634225,0.0,0.0,0.0,0.06673328209069945,0.0,0.0,0.0,0.6218340599086346,0.0,138,0.0,0,Sector_12,Ministry_7,Agency_2,0,0,0,0,0,0,0
PRJ-8714A1B4,2021-01-01,1.4399999999999977,0.14272727272727276,0.1332034632034632,0.12443181818181819,999.0,0.4,12.033333333333333,0.0,1.0096390246724323,0.3106277056277056,178,154.0,0,Sector_11,Ministry_6,Agency_21,0,0,0,0,0,0,0
PRJ-879E2258,2021-01-01,6.00187113857017,0.15634146341463415,0.15634146341463415,0.15634146341463415,0.0958681875792142,0.5,24.6,0.0,0.6354834840976492,0.0,99,123.0,0,Sector_1,Ministry_2,Agency_10,0,0,0,0,0,0,0
PRJ-87D6728A,2021-01-01,0.0,0.22359375000000004,0.15432291666666664,0.18278645833333332,0.0,0.4,6.4,0.0,0.9351236319416295,2.1027083333333336,364,64.0,0,Sector_20,Ministry_4,Agency_17,0,0,0,0,0,0,0
PRJ-87E536C6,2021-01-01,3.4476440460947515,0.14275862068965517,0.14275862068965517,0.14275862068965517,0.13573660714285715,1.0,15.833333333333334,0.0,0.8806494128504094,0.0,43,145.0,0,Sector_12,Ministry_6,Agency_39,0,0,0,0,0,0,0
PRJ-8851B1CC,2021-01-01,5.046096423017104,0.0680097087378641,0.058467153284671544,0.058467153284671544,0.08603278688524589,0.3333333333333333,17.433333333333334,0.0,1.8420033762575894,0.0,60,205.5,0,Sector_3,Ministry_9,Agency_21,0,0,0,0,1,0,0
PRJ-88744072,2021-01-01,-3.2353781512605053,0.18315789473684213,0.11626373626373628,0.12255354200988468,0.07976562499999995,0.4,20.466666666666665,0.0,0.9794006085119088,1.3425934065934066,66,151.75,0,Sector_18,Ministry_1,Agency_32,0,0,0,0,0,0,0
PRJ-88F71C6F,2021-01-01,3.377681755829901,0.04779661016949153,0.04571830985915493,0.04571830985915493,0.07207644628099173,0.75,29.5,0.0,1.1059879102732262,1.094450704225352,17,118.33333333333333,0,Sector_6,Ministry_5,Agency_30,0,0,0,0,0,0,0
PRJ-8AD14585,2021-01-01,1.2399999999999949,0.13619718309859158,0.08957746478873241,0.09856639247943597,999.0,1.0,13.666666666666666,0.0,0.9873273776132805,0.16838028169014088,8,141.83333333333334,1,Sector_3,Ministry_6,Agency_27,0,0,0,0,0,1,1
PRJ-8B1DA254,2021-01-01,-10.038730158730147,0.014632352941176433,0.0449140049140049,0.0974169741697417,0.06172231985940247,0.2,21.0,0.0,0.8779721534552127,0.10734643734643734,14,135.5,0,Sector_5,Ministry_7,Agency_3,0,0,0,0,0,0,0
PRJ-8B2CB6BC,2021-01-01,2.969999999999999,0.17942528735632182,0.10676923076923078,0.09961612284069098,999.0,1.0,16.566666666666666,0.0,0.9267750550842206,1.5083461538461542,34,86.8,1,Sector_17,Ministry_5,Agency_30,0,0,0,0,0,1,1
PRJ-8B4D897F,2021-01-01,18.42149105367794,0.0596923076923077,0.10225641025641025,0.10225641025641025,0.17192913385826772,0.6666666666666666,21.833333333333332,0.0,1.003425632169591,0.0,167,195.0,0,Sector_5,Ministry_3,Agency_19,0,0,0,0,0,0,0
PRJ-8B721027,2021-01-01,20.68139534883722,0.04562790697674416,0.08382284382284381,0.08382284382284381,0.17883817427385892,0.3333333333333333,11.333333333333334,0.0,0.9423573896543923,0.0,191,214.5,0,Sector_3,Ministry_3,Agency_49,0,0,0,0,0,0,0
PRJ-8B90F6F3,2021-01-01,14.224763019309542,0.030097087378640773,0.06335766423357664,0.06335766423357664,0.07275275275275275,1.0,40.8,0.0,0.8344916050706361,0.0,94,205.5,0,Sector_10,Ministry_4,Agency_48,0,0,0,0,0,1,0
PRJ-8C3ACD5C,2021-01-01,23.786114790286977,0.0,0.0,0.0,0.1589183673469388,1.0,2.433333333333333,0.0,1.3440971187377169,0.0,192,0.0,0,Sector_20,Ministry_4,Agency_44,0,0,0,0,1,1,0
PRJ-8C496685,2021-01-01,16.352098138747888,0.14778947368421053,0.14778947368421053,0.14778947368421053,0.22078864353312302,1.0,10.433333333333334,0.0,1.3578801866485426,0.0,85,95.0,0,Sector_7,Ministry_3,Agency_39,0,0,0,0,0,0,0
PRJ-8C76E095,2021-01-01,9.248785811732617,0.06237499999999998,0.07468619246861925,0.06718946047678795,0.09186700767263428,0.8333333333333334,34.46666666666667,19.0660462078537,1.259192194751254,0.5254602510460251,119,159.4,0,Sector_16,Ministry_9,Agency_37,0,0,0,0,1,0,0
PRJ-8C80850E,2021-01-01,10.202466367713004,0.0,0.0,0.0,0.06418326693227092,0.0,0.0,0.0,0.8954745139809396,0.0,238,0.0,0,Sector_5,Ministry_4,Agency_31,0,0,0,0,1,0,0
PRJ-8C8138D0,2021-01-01,7.07125091441112,0.017317073170731705,0.017317073170731705,0.017317073170731705,0.08032454361054767,0.5,27.2,0.0,2.713812377071628,0.0,54,164.0,0,Sector_2,Ministry_1,Agency_43,0,0,0,0,1,0,0
PRJ-8CA7CCF2,2021-01-01,4.453517196625569,0.0007086614173228055,0.05868421052631579,0.06652996845425868,0.0706025641025641,0.5,35.1,0.0,0.9638661053451186,0.20260526315789473,1,126.8,0,Sector_4,Ministry_5,Agency_36,0,0,0,0,0,0,0
PRJ-8CC0FCAD,2021-01-01,0.0,0.11663265306122456,0.19416382252559727,0.15428278688524588,0.0,0.3333333333333333,5.866666666666666,0.0,0.9788553772366722,0.7191126279863481,96,97.6,0,Sector_12,Ministry_1,Agency_8,0,0,0,0,0,0,0
PRJ-8D03F1FA,2021-01-01,3.0332116788321173,0.18684210526315784,0.14688596491228068,0.13257894736842105,0.1597727272727273,0.6666666666666666,8.233333333333333,0.0,1.0278969602017316,1.379078947368421,10,76.0,0,Sector_5,Ministry_10,Agency_35,0,0,0,0,0,0,0
PRJ-8D126B6C,2021-01-01,12.97808086904044,0.09722513089005234,0.05706806282722514,0.06232984293193717,0.08082018927444795,1.0,39.733333333333334,0.0,2.078982326767287,0.7881326352530541,68,191.0,1,Sector_19,Ministry_4,Agency_36,0,0,0,0,1,1,0
PRJ-8D21756B,2021-01-01,17.451811175337184,0.0,0.0,0.0,0.12250374812593705,1.0,0.5333333333333333,0.0,1.0113167839577306,0.0,182,0.0,0,Sector_13,Ministry_7,Agency_27,0,0,0,0,0,0,0
PRJ-8D4543DD,2021-01-01,26.803495145631068,0.06958333333333333,0.07701388888888888,0.07701388888888888,0.16913978494623658,1.0,19.5,0.0,0.8823933049476725,0.25157407407407406,82,144.0,0,Sector_11,Ministry_3,Agency_13,0,0,0,0,0,1,0
PRJ-8D56F398,2021-01-01,0.7124557956777977,0.11543478260869565,0.1123132530120482,0.1123132530120482,0.10016260162601626,0.0,0.0,0.0,0.745948969080226,0.32925301204819274,96,138.33333333333334,0,Sector_3,Ministry_1,Agency_20,0,0,0,0,0,0,0
PRJ-8E4759C8,2021-01-01,5.546235107227957,0.055614754098360655,0.05795081967213115,0.05795081967213115,0.09013513513513513,0.6666666666666666,21.2,0.0,0.9203689353350116,0.0,9,244.0,0,Sector_16,Ministry_2,Agency_23,0,0,0,0,0,0,0
PRJ-8F1F2718,2021-01-01,-1.579397944199707,0.0,0.0,0.0,0.14413379073756433,0.0,0.0,0.0,2.6916148167949014,0.0,28,0.0,0,Sector_16,Ministry_3,Agency_6,0,0,0,0,1,0,0
PRJ-8F2C3B98,2021-01-01,-0.8127213822894248,0.07792349726775959,0.10715328467153284,0.10715328467153284,0.10250000000000001,0.25,14.533333333333333,0.0,0.9569709232895036,0.44489051094890514,48,182.66666666666666,0,Sector_4,Ministry_5,Agency_14,0,0,0,0,0,0,0
PRJ-8F72FA7D,2021-01-01,0.0,0.18216216216216213,0.1502027027027027,0.14023648648648648,0.0,0.8,14.733333333333333,0.0,0.9710765536257909,2.4748423423423422,26,148.0,0,Sector_3,Ministry_2,Agency_48,0,0,0,0,0,0,0
PRJ-8FB887ED,2021-01-01,12.270863075924723,-0.11321839080459768,0.03244956772334295,0.03244956772334295,0.07791932059447984,1.0,4.5,0.0,0.38451550005416196,0.0,79,173.5,0,Sector_15,Ministry_6,Agency_37,0,0,0,0,0,1,1
PRJ-9001C9C8,2021-01-01,1.6221126760563358,0.0,0.0,0.0,0.0717720465890183,0.0,0.0,0.0,1.6174563428747304,0.0,44,0.0,0,Sector_5,Ministry_8,Agency_23,0,0,0,0,1,0,0
PRJ-90315DF8,2021-01-01,2.4200000000000017,0.4007999999999998,0.24932885906040267,0.3050335570469799,999.0,0.42857142857142855,3.566666666666667,0.0,0.9808480902360548,0.36046979865771817,715,49.666666666666664,0,Sector_19,Ministry_3,Agency_19,0,0,0,0,0,0,0
PRJ-90A750FA,2021-01-01,63.5,0.11180094786729858,0.11180094786729858,0.11180094786729858,999.0,1.0,9.0,0.0,1.1728946949745354,0.0,134,211.0,0,Sector_2,Ministry_4,Agency_44,0,0,0,0,1,1,0
PRJ-9163CC9B,2021-01-01,17.281588715664434,0.06567685589519652,0.06567685589519652,0.06567685589519652,0.09506024096385543,1.0,30.933333333333334,0.0,1.0404612375385847,0.0,60,229.0,0,Sector_8,Ministry_10,Agency_30,0,0,0,0,0,1,0
PRJ-9180C1B2,2021-01-01,5.520855310049894,0.0,0.0,0.0,0.07617021276595745,0.0,0.0,0.0,0.7540037117341402,0.0,137,0.0,0,Sector_7,Ministry_2,Agency_38,0,0,0,0,0,0,0
PRJ-91D83570,2021-01-01,9.508341968911918,0.0,0.0,0.0,0.07207532667179092,1.0,35.8,0.0,2.029100642885877,0.0,105,0.0,0,Sector_5,Ministry_4,Agency_10,0,0,0,0,0,0,0
PRJ-91DD8B92,2021-01-01,10.775577689243029,-0.038584070796460174,0.057852941176470586,0.0657615894039735,0.09638759689922481,0.8,27.033333333333335,0.0,0.971983957954411,0.1313529411764706,44,113.25,0,Sector_10,Ministry_3,Agency_1,0,0,0,0,0,0,0
PRJ-91FC2791,2021-01-01,11.459373942470393,-0.14686274509803926,0.13610389610389612,0.16640776699029128,0.20727574750830566,0.8,6.933333333333334,0.0,1.3690572561187868,0.8287012987012986,33,51.5,0,Sector_16,Ministry_10,Agency_31,0,0,0,0,0,0,0
PRJ-924FB0F4,2021-01-01,19.400000000000006,-0.06084112149532715,0.09526315789473683,0.06852941176470588,999.0,1.0,22.266666666666666,0.0,0.9908014991616698,0.7679566563467495,6,107.75,1,Sector_20,Ministry_7,Agency_29,0,0,0,0,0,1,0
PRJ-925C6EEC,2021-01-01,9.893726521412475,0.07947169811320756,0.08192816635160681,0.08192816635160681,0.09824766355140187,1.0,30.5,0.0,0.9725559594919677,0.0,110,264.5,0,Sector_8,Ministry_1,Agency_21,0,0,0,0,0,0,0
PRJ-92B645E1,2021-01-01,38.71,0.14016393442622951,0.1275136612021858,0.1275136612021858,999.0,1.0,12.633333333333333,0.0,1.1344735654430163,0.0,154,183.0,0,Sector_8,Ministry_7,Agency_40,0,0,0,0,0,1,0
PRJ-92D14A81,2021-01-01,-0.9067357512953436,0.1715000000000001,0.1605027932960894,0.11293296089385475,0.0,0.4166666666666667,11.6,0.0,1.2205338008961621,1.1830167597765362,50,59.63636363636363,0,Sector_7,Ministry_3,Agency_48,0,0,0,0,0,0,0
PRJ-92DF7B49,2021-01-01,10.007358219669783,0.04120300751879697,0.08281795511221945,0.06890718562874251,0.09276729559748427,0.5,31.8,0.0,1.1173066334754507,0.7624688279301746,115,133.6,0,Sector_1,Ministry_6,Agency_8,0,0,0,0,0,0,0
PRJ-93133098,2021-01-01,2.254507042253522,0.0,0.0,0.0,0.13140089418777945,0.0,0.0,0.0,0.6530623377907468,0.0,33,0.0,0,Sector_8,Ministry_2,Agency_20,0,0,0,0,0,0,0
PRJ-93ADD360,2021-01-01,22.173774365032486,0.0,0.0,0.0,0.0779863481228669,1.0,41.4,0.0,2.392730858153135,0.0,222,0.0,0,Sector_12,Ministry_10,Agency_17,0,0,0,0,0,1,1
PRJ-93E9D161,2021-01-01,21.72030534351145,0.0,0.0,0.0,0.08459903381642513,1.0,37.666666666666664,0.0,1.7476706471804597,0.0,199,0.0,0,Sector_11,Ministry_1,Agency_15,0,0,0,0,0,1,0
PRJ-93EEB0A7,2021-01-01,8.936951219512196,0.019154929577464782,0.0772,0.06159379407616361,0.10168091168091167,0.5,22.166666666666668,0.0,1.121590439419815,0.6501176470588236,111,141.8,0,Sector_17,Ministry_3,Agency_8,0,0,0,0,0,0,0
PRJ-93FED6D1,2021-01-01,19.76055248618784,0.0,0.0,0.0,0.14565836298932383,1.0,19.133333333333333,0.0,0.8621940303251513,0.0,168,0.0,0,Sector_3,Ministry_3,Agency_35,0,0,0,0,0,0,0
PRJ-959EEFF7,2021-01-01,10.30752039151713,0.09438016528925622,0.09438016528925622,0.09438016528925622,0.09341379310344827,1.0,26.8,0.0,0.855265116678147,0.0,114,121.0,0,Sector_10,Ministry_2,Agency_35,0,0,0,0,0,0,0
PRJ-96123AB5,2021-01-01,8.503799392097264,0.051707317073170736,0.051707317073170736,0.051707317073170736,0.06804607508532423,0.0,0.0,0.0,0.823798941939378,0.0,146,164.0,0,Sector_15,Ministry_2,Agency_48,0,0,0,0,0,0,0
PRJ-9617E8A4,2021-01-01,3.145567423230979,0.06896341463414636,0.054469387755102044,0.06981623277182236,0.07160246533127888,0.6,35.4,0.0,1.086293963887945,1.2592653061224488,33,163.25,0,Sector_10,Ministry_1,Agency_34,0,0,0,0,0,0,0
PRJ-963F7775,2021-01-01,4.595172413793104,0.0,0.0,0.0,0.09071638861629047,1.0,24.8,0.0,0.5324146955048242,0.0,26,0.0,0,Sector_16,Ministry_2,Agency_11,0,0,0,0,1,0,0
PRJ-968BB821,2021-01-01,7.540000000000006,0.08090909090909053,0.16959595959595952,0.20380710659898474,999.0,0.25,0.6,123.4783097957576,2.3370654646693927,4.301616161616161,513,32.90909090909091,0,Sector_7,Ministry_2,Agency_17,0,0,0,0,1,0,0
PRJ-96AA4173,2021-01-01,3.3645329000812367,0.11694915254237288,0.09843220338983051,0.09843220338983051,0.08549367088607594,0.6666666666666666,26.933333333333334,0.0,1.022450326522104,0.0,88,118.0,0,Sector_3,Ministry_5,Agency_49,0,0,0,0,0,0,0
PRJ-96D31990,2021-01-01,4.6022834645669235,0.11812500000000004,0.07857566765578636,0.07857566765578636,0.0943993993993994,0.5,18.7,0.0,1.0163224576955776,0.599406528189911,28,112.33333333333333,0,Sector_5,Ministry_6,Agency_38,0,0,0,0,0,0,0
PRJ-96F28FAC,2021-01-01,7.902185273159148,0.09099999999999998,0.06887878787878787,0.07281818181818181,0.09389199255121043,0.5,21.633333333333333,0.0,2.8911572002568633,0.758969696969697,67,110.0,0,Sector_2,Ministry_9,Agency_10,0,0,0,0,1,0,0
PRJ-976E88AF,2021-01-01,1.8131460674157296,0.0,0.0,0.0,0.07169642857142856,1.0,33.53333333333333,0.0,0.9342274890897896,0.0,18,0.0,0,Sector_9,Ministry_5,Agency_15,0,0,0,0,0,0,0
PRJ-97A92B57,2021-01-01,1.2922071636011605,0.0,0.0,0.0,0.0982084690553746,1.0,21.0,0.0,0.3186944655923797,0.0,15,0.0,0,Sector_10,Ministry_1,Agency_45,0,0,0,0,0,0,0
PRJ-97E15835,2021-01-01,-19.13154130702835,0.2926315789473684,0.1922027972027972,0.1737795275590551,0.058231292517006816,0.2,10.9,0.0,1.1094346004090891,3.1193356643356647,41,95.25,0,Sector_16,Ministry_2,Agency_16,0,0,0,0,0,0,0
PRJ-980AA820,2021-01-01,-1.2245015105740151,0.10549222797927461,0.10549222797927461,0.10549222797927461,0.09862244897959184,0.0,0.0,0.0,0.7918418644433783,0.0,20,193.0,0,Sector_18,Ministry_7,Agency_1,0,0,0,0,0,0,0
PRJ-9850743F,2021-01-01,1.004866760168298,0.13809523809523813,0.1672340425531915,0.14114058355437667,0.1441472868217054,0.5714285714285714,9.466666666666667,0.0,0.8404815166258726,0.4529787234042553,16,62.833333333333336,0,Sector_1,Ministry_5,Agency_48,0,0,0,0,0,0,0
PRJ-988416D5,2021-01-01,-9.989878419452886,0.08438356164383559,0.11566552901023891,0.11566552901023891,0.05220790378006873,1.0,38.266666666666666,0.0,0.5756733334808808,0.0,42,146.5,0,Sector_16,Ministry_1,Agency_48,0,0,0,0,0,0,1
PRJ-99202C4B,2021-01-01,20.37250871080139,0.09980468749999999,0.09587890625,0.09587890625,0.1734322033898305,1.0,25.9,0.0,0.9498007326194283,0.0,144,256.0,0,Sector_1,Ministry_5,Agency_42,0,0,0,0,0,1,0
PRJ-9958E598,2021-01-01,-0.3751951547779271,-0.024814814814814814,-0.024814814814814814,-0.024814814814814814,0.06696678321678322,0.0,0.0,0.0,0.8326115145291264,0.0,18,162.0,0,Sector_16,Ministry_3,Agency_19,0,0,0,0,0,0,0
PRJ-99A2881E,2021-01-01,4.684617854849073,0.11051948051948052,0.06525974025974025,0.06525974025974025,0.06993902439024391,0.25,28.333333333333332,0.0,0.9741974822793986,0.5596969696969698,121,154.0,0,Sector_7,Ministry_8,Agency_36,0,0,0,0,0,0,0
PRJ-99BE150E,2021-01-01,-1.085370843989768,0.0,0.0,0.0,0.06309133489461358,0.0,0.0,0.0,1.8093190203834852,0.0,28,0.0,0,Sector_5,Ministry_7,Agency_20,0,0,0,0,1,0,0
PRJ-99F9FF64,2021-01-01,4.479893048128343,0.0,0.0,0.0,0.2828275862068965,0.0,0.0,0.0,1.6121970283901694,0.0,39,0.0,0,Sector_11,Ministry_7,Agency_16,0,0,0,0,1,0,0
PRJ-9A2618BE,2021-01-01,0.0,0.1766666666666667,0.1319396551724138,0.12405172413793104,0.0,0.5,13.6,0.0,0.9216886958129218,0.48603448275862066,54,77.22222222222223,0,Sector_4,Ministry_10,Agency_12,0,0,0,0,0,0,0
PRJ-9AB951A9,2021-01-01,6.275921375921376,0.0,0.0,0.0,0.0884375,0.0,0.0,0.0,0.879315195709803,0.0,94,0.0,0,Sector_13,Ministry_10,Agency_6,0,0,0,0,0,0,0
PRJ-9AE48785,2021-01-01,-5.706015727391872,0.0,0.0,0.0,0.0610833982852689,0.0,0.0,0.0,0.21895968658045104,0.0,80,0.0,0,Sector_4,Ministry_4,Agency_13,0,0,0,0,0,0,1
PRJ-9AF8C021,2021-01-01,18.006434494195688,0.0,0.0,0.0,0.1025764192139738,1.0,26.2,0.0,2.3432777228482564,0.0,140,0.0,0,Sector_20,Ministry_6,Agency_12,0,0,0,0,0,1,0
PRJ-9B270F5A,2021-01-01,0.0,0.0833846153846154,0.17517948717948717,0.15411311053984578,0.0,0.36363636363636365,7.0,0.0,0.9357188969842295,0.49553846153846154,173,64.9,0,Sector_18,Ministry_2,Agency_19,0,0,0,0,0,0,0
PRJ-9B2F7A8D,2021-01-01,15.409999999999997,0.0711214953271028,0.14125000000000001,0.13949343339587245,999.0,1.0,12.0,0.0,0.8829597872603646,0.39446875,18,106.6,1,Sector_20,Ministry_2,Agency_30,0,0,0,0,0,1,0
PRJ-9B421995,2021-01-01,2.34038167938931,0.07889908256880732,0.13229357798165137,0.13229357798165137,0.07894209354120267,0.3333333333333333,28.033333333333335,0.0,1.1924118491707443,0.0,85,109.0,0,Sector_13,Ministry_8,Agency_14,0,0,0,0,1,0,0
PRJ-9B43263D,2021-01-01,-4.253684210526316,0.08433333333333333,0.08433333333333333,0.08433333333333333,0.06209383145091225,0.0,0.0,0.0,0.6231682465730206,0.0,69,150.0,0,Sector_13,Ministry_2,Agency_39,0,0,0,0,0,0,1
PRJ-9B5EF247,2021-01-01,13.982198142414859,0.0,0.0,0.0,0.0752868068833652,1.0,1.1,0.0,0.41005807214459217,0.0,213,0.0,0,Sector_16,Ministry_6,Agency_41,0,0,0,0,0,1,0
PRJ-9B88BFC5,2021-01-01,-1.3826726920593941,0.08207792207792206,0.08207792207792206,0.08207792207792206,0.06330308529945554,0.0,0.0,0.0,0.384757091378096,0.0,139,154.0,0,Sector_6,Ministry_9,Agency_28,0,0,0,0,0,0,0
PRJ-9BDED480,2021-01-01,12.016174678402166,0.0,0.0,0.0,0.07992878942014242,0.0,0.0,0.0,1.5425054649555172,0.0,203,0.0,0,Sector_4,Ministry_4,Agency_33,0,0,0,0,1,0,0
PRJ-9BDFCE54,2021-01-01,-3.3709207708779445,0.2954098360655737,0.21287292817679554,0.2504972375690607,0.060909090909091065,0.42857142857142855,6.366666666666666,99.87981250751172,2.008322522969605,1.0753038674033149,23,60.333333333333336,0,Sector_14,Ministry_8,Agency_48,0,0,0,0,1,0,0
PRJ-9C0D6505,2021-01-01,-0.7679487179487161,0.23450980392156864,0.2023529411764706,0.2023529411764706,0.15858695652173913,0.6666666666666666,7.066666666666666,0.0,0.7992566565288948,0.0,12,51.0,0,Sector_18,Ministry_8,Agency_30,0,0,0,0,0,0,0
PRJ-9C4E3C67,2021-01-01,1.203170731707317,0.09588709677419355,0.09588709677419355,0.09588709677419355,0.09912760416666666,1.0,2.066666666666667,0.0,0.4964047393928881,0.0,9,124.0,0,Sector_18,Ministry_7,Agency_29,0,0,0,0,0,1,0
PRJ-9C609FF1,2021-01-01,0.0,0.2708333333333333,0.2535393258426966,0.22470422535211265,0.0,0.625,6.1,87.59983043662567,1.8568291649003816,7.560786516853933,343,59.142857142857146,0,Sector_15,Ministry_1,Agency_13,0,0,0,0,1,0,0
PRJ-9C7F8D44,2021-01-01,23.30976307996052,0.08145,0.10792500000000001,0.10792500000000001,0.20564220183486237,1.0,22.033333333333335,0.0,1.1991185701508467,0.0,195,200.0,0,Sector_12,Ministry_1,Agency_13,0,0,0,0,0,0,0
PRJ-9CE8A7BD,2021-01-01,23.12789279112754,-0.014534883720930232,0.03290697674418605,0.03290697674418605,0.08985347985347986,1.0,27.066666666666666,0.0,1.1240570565493615,0.1456782945736434,117,172.0,0,Sector_6,Ministry_9,Agency_41,0,0,0,0,0,1,0
PRJ-9D06EF72,2021-01-01,1.4376091081593945,0.0,0.0,0.0,0.09645125958378971,0.0,0.0,0.0,0.6938700839439189,0.0,46,0.0,0,Sector_8,Ministry_6,Agency_5,0,0,0,0,0,0,0
PRJ-9D849BB4,2021-01-01,7.600250696378829,0.044717948717948715,0.041504273504273506,0.04725641025641025,0.06544174135723431,1.0,34.53333333333333,0.0,0.9833532433042868,0.05051282051282051,40,195.0,1,Sector_5,Ministry_2,Agency_31,0,0,0,0,0,1,1
PRJ-9D8BDACE,2021-01-01,0.9898283931357241,0.15959677419354837,0.08512129380053908,0.08512129380053908,0.07942528735632184,0.5,25.2,0.0,0.7393968448039869,0.11563342318059297,92,123.66666666666667,0,Sector_18,Ministry_7,Agency_33,0,0,0,0,0,0,0
PRJ-9DE947F2,2021-01-01,6.739597315436242,0.04758064516129037,0.0627837837837838,0.06860998650472336,0.08267898383371824,0.625,30.4,0.0,1.1004313399844605,0.29259459459459464,70,123.42857142857143,0,Sector_8,Ministry_1,Agency_42,0,0,0,0,0,0,0
PRJ-9E8DC040,2021-01-01,17.87242819843342,0.0,0.0,0.0,0.33434426229508196,1.0,2.6333333333333333,0.0,0.21361864793208063,0.0,6,0.0,0,Sector_16,Ministry_5,Agency_5,0,0,0,0,0,1,0
PRJ-9EAFF5DA,2021-01-01,16.17840716305372,0.01698113207547167,0.0620820189274448,0.057085308056872036,0.12760824742268043,0.8,19.3,0.0,2.793802578953683,0.37063091482649846,49,105.5,0,Sector_2,Ministry_2,Agency_32,0,0,0,0,1,0,0
PRJ-9EE5B407,2021-01-01,7.187073170731715,0.1048701298701299,0.13594155844155845,0.13594155844155845,0.1487686567164179,0.3333333333333333,16.866666666666667,0.0,0.8248992075912798,0.0,90,154.0,0,Sector_12,Ministry_8,Agency_7,0,0,0,0,0,0,0
PRJ-9F2292E0,2021-01-01,6.481056910569102,0.1451578947368421,0.1567017543859649,0.1567017543859649,0.1933175355450237,1.0,11.1,0.0,1.2200356957305227,1.1609824561403508,25,95.0,0,Sector_6,Ministry_7,Agency_21,0,0,0,0,0,0,0
PRJ-9FD4C293,2021-01-01,5.140000000000001,0.196865671641791,0.1361,0.18546365914786966,999.0,0.25,7.366666666666666,63.973935370357104,1.6947764329021175,4.811800000000001,110,66.42857142857143,0,Sector_18,Ministry_7,Agency_11,0,0,0,0,1,0,0
PRJ-9FF305BB,2021-01-01,5.364651162790693,0.2007216494845361,0.09023972602739727,0.10920512820512822,0.10874172185430463,0.4,20.966666666666665,0.0,0.906570534650015,0.9790068493150685,92,97.5,0,Sector_15,Ministry_5,Agency_17,0,0,0,0,0,0,0
PRJ-A00C9DC6,2021-01-01,6.973185789167156,0.0,0.0,0.0,0.06332361516034984,1.0,41.7,0.0,0.7299835006138898,0.0,65,0.0,0,Sector_12,Ministry_7,Agency_14,0,0,0,0,0,0,0
PRJ-A0126A15,2021-01-01,-2.8266094420600893,0.15480000000000008,0.1322872340425532,0.12012759170653908,0.08503937007874013,0.6666666666666666,19.633333333333333,0.0,0.97237129996439,0.42486702127659576,53,125.4,0,Sector_1,Ministry_10,Agency_8,0,0,0,0,0,0,0
PRJ-A01C0052,2021-01-01,1.232331288343559,0.06163265306122448,0.331734693877551,0.331734693877551,0.2083024691358025,0.6666666666666666,5.5,0.0,1.0616852069071203,0.0,19,49.0,0,Sector_9,Ministry_3,Agency_4,0,0,0,0,0,0,0
PRJ-A02850C8,2021-01-01,3.6845404913557758,0.11462686567164179,0.09610421836228289,0.09770471464019852,0.1468181818181818,0.5714285714285714,24.066666666666666,0.0,0.8849371672420291,0.12516129032258067,93,134.33333333333334,0,Sector_5,Ministry_4,Agency_37,0,0,0,0,0,0,0
PRJ-A0478A7D,2021-01-01,31.74542506573181,0.05780730897009966,0.052968490878938644,0.052968490878938644,0.2924516129032258,1.0,24.466666666666665,0.0,1.0032809676897223,0.0,82,301.5,1,Sector_9,Ministry_7,Agency_27,0,0,0,0,0,1,1
PRJ-A0496E2B,2021-01-01,22.72,0.047500000000000035,0.09753546099290782,0.08105053191489361,999.0,1.0,17.666666666666668,0.0,1.0933982478504978,0.6074645390070921,154,188.0,1,Sector_19,Ministry_8,Agency_48,0,0,0,0,0,1,0
PRJ-A07BC6E7,2021-01-01,3.5900000000000034,0.09258620689655156,0.13630057803468207,0.17173410404624276,999.0,0.36363636363636365,6.233333333333333,0.0,1.0123959947072105,0.5111560693641619,436,57.7,0,Sector_7,Ministry_7,Agency_1,0,0,0,0,0,0,0
PRJ-A1E393CF,2021-01-01,9.626185286103542,0.033046875,0.038560311284046696,0.038560311284046696,0.0780848861283644,0.3333333333333333,26.6,0.0,0.6769204164890328,0.0,117,128.5,0,Sector_7,Ministry_5,Agency_12,0,0,0,0,0,0,0
PRJ-A255F63E,2021-01-01,4.5,0.09717171717171721,0.13219594594594594,0.13617597292724196,999.0,1.0,10.6,82.62789841737211,1.8984102147508044,5.317837837837838,140,98.5,1,Sector_15,Ministry_10,Agency_29,0,0,0,0,1,1,1
PRJ-A276C31E,2021-01-01,2.2698597475455813,0.2673015873015874,0.17590425531914897,0.15683510638297873,0.1545283018867924,0.625,10.633333333333333,0.0,0.9029903125460688,1.9195212765957441,53,62.714285714285715,0,Sector_15,Ministry_1,Agency_16,0,0,0,0,0,0,0
PRJ-A29A210A,2021-01-01,7.173182173573103,0.023125,0.1018694362017804,0.1018694362017804,0.08780160857908847,0.75,27.766666666666666,0.0,3.472381595810244,0.46768545994065286,84,112.33333333333333,0,Sector_18,Ministry_8,Agency_37,0,0,0,0,1,0,0
PRJ-A314F8E9,2021-01-01,10.659374999999997,0.03298245614035092,0.06349854227405248,0.07566739606126915,0.09465116279069767,0.8,27.8,0.0,1.3481707756666772,0.4679008746355684,64,114.25,0,Sector_3,Ministry_4,Agency_23,0,0,0,0,1,0,0
PRJ-A31CBE43,2021-01-01,9.290696584058942,-0.02155555555555558,0.0594320987654321,0.06314814814814815,0.08687366167023555,0.5714285714285714,34.266666666666666,0.0,1.0260343295421168,0.02022222222222222,82,135.0,0,Sector_6,Ministry_10,Agency_4,0,0,0,0,0,0,0
PRJ-A355E139,2021-01-01,-1.269713574097139,0.170188679245283,0.170188679245283,0.170188679245283,0.12177874186550976,0.5,16.433333333333334,0.0,0.8322113475424768,0.0,24,159.0,0,Sector_2,Ministry_4,Agency_35,0,0,0,0,0,0,0
PRJ-A365B9B3,2021-01-01,5.989999999999995,0.12790322580645172,0.12586956521739137,0.1623913043478261,999.0,0.4444444444444444,7.333333333333333,0.0,0.9865799134347975,1.1315217391304346,305,61.25,0,Sector_2,Ministry_9,Agency_9,0,0,0,0,0,0,0
PRJ-A368DE14,2021-01-01,7.969432176656149,0.07881773399014778,0.10201970443349755,0.10201970443349755,0.09564210526315789,0.3333333333333333,29.233333333333334,0.0,1.8817331563698458,0.0,185,203.0,0,Sector_16,Ministry_5,Agency_15,0,0,0,0,1,0,0
PRJ-A3EB7F48,2021-01-01,16.667899686520375,-0.0011160714285714285,-0.0011160714285714285,-0.0011160714285714285,0.07926441351888668,1.0,4.266666666666667,0.0,0.9011185099642182,0.0,142,224.0,0,Sector_9,Ministry_2,Agency_7,0,0,0,0,0,1,0
PRJ-A3EC8DE7,2021-01-01,64.97,0.04158536585365854,0.08279352226720649,0.09306060606060607,999.0,1.0,1.7333333333333334,0.0,0.9437030300328564,1.9185425101214573,46,82.5,0,Sector_20,Ministry_10,Agency_25,0,0,0,0,0,1,0
PRJ-A4265CF6,2021-01-01,23.482569593147744,0.09015748031496065,0.05798429319371727,0.07323899371069183,0.29196850393700785,1.0,16.233333333333334,0.0,1.0132966236409984,0.23816753926701573,44,127.2,1,Sector_10,Ministry_3,Agency_16,0,0,0,0,0,1,0
PRJ-A434A487,2021-01-01,25.239612263300273,0.07457364341085272,0.09294573643410853,0.09294573643410853,0.3022689075630252,1.0,24.6,0.0,0.9210827860749201,0.0,216,258.0,1,Sector_8,Ministry_5,Agency_30,0,0,0,0,0,1,0
PRJ-A460E292,2021-01-01,48.796625386996894,0.03057971014492754,0.03057971014492754,0.03057971014492754,0.28194139194139195,1.0,20.933333333333334,0.0,1.669400214947996,0.0,144,276.0,0,Sector_9,Ministry_2,Agency_14,0,0,0,0,0,1,0
PRJ-A50F1B2A,2021-01-01,4.943099814011159,0.0,0.0,0.0,0.06560175054704595,0.0,0.0,0.0,0.4374658405778945,0.0,112,0.0,0,Sector_17,Ministry_5,Agency_17,0,0,0,0,0,0,0
PRJ-A55A80AD,2021-01-01,3.9662809917355375,0.10850340136054422,0.10850340136054422,0.10850340136054422,0.07918283963227783,1.0,29.933333333333334,0.0,1.1056031219209381,0.0,59,147.0,0,Sector_17,Ministry_7,Agency_9,0,0,0,0,0,1,0
PRJ-A578C358,2021-01-01,0.0,0.11775000000000002,0.08330543933054392,0.1109623430962343,0.0,0.3333333333333333,13.2,0.0,0.9255103361961071,0.4711715481171546,55,79.72727272727273,0,Sector_16,Ministry_9,Agency_31,0,0,0,0,0,0,0
PRJ-A5BECAF8,2021-01-01,44.499791425260725,0.0,0.0,0.0,0.27146853146853145,1.0,4.533333333333333,0.0,0.9043134768926091,0.0,269,0.0,0,Sector_18,Ministry_3,Agency_25,0,0,0,0,0,1,0
PRJ-A69F3434,2021-01-01,2.8858741258741247,0.2261538461538462,0.16634020618556702,0.16634020618556702,0.1847422680412371,0.5,5.933333333333334,0.0,0.9908984807608103,1.700721649484536,23,64.66666666666667,0,Sector_9,Ministry_7,Agency_41,0,0,0,0,0,0,0
PRJ-A6C1C233,2021-01-01,36.79995633187773,-0.01279187817258883,-0.01279187817258883,-0.01279187817258883,0.18746808510638296,1.0,15.9,0.0,2.1193314926192164,0.0,53,197.0,0,Sector_2,Ministry_7,Agency_47,0,0,0,0,0,1,0
PRJ-A6C747BF,2021-01-01,5.048568207440816,0.14198113207547167,0.12558685446009388,0.12558685446009388,0.1231275720164609,0.0,0.0,0.0,0.8284285906504275,0.0,82,106.5,0,Sector_10,Ministry_9,Agency_37,0,0,0,0,0,0,0
PRJ-A6E9C470,2021-01-01,22.478983200707333,0.060173410404624296,0.08369942196531792,0.07508670520231214,0.23728476821192052,1.0,25.0,0.0,0.9548931236510808,0.868150289017341,116,173.0,1,Sector_2,Ministry_1,Agency_22,0,0,0,0,0,1,0
PRJ-A6F6145D,2021-01-01,6.5788435374149685,0.23876404494382023,0.18169172932330827,0.18169172932330827,0.21018292682926829,0.75,8.066666666666666,0.0,0.9308465132577614,0.6421428571428572,70,88.66666666666667,0,Sector_11,Ministry_1,Agency_26,0,0,0,0,0,0,0
PRJ-A78C6544,2021-01-01,4.8490140845070435,0.022827586206896542,0.022827586206896542,0.022827586206896542,0.07913312693498453,0.0,0.0,0.0,1.7908720637686548,0.0,90,145.0,0,Sector_20,Ministry_5,Agency_17,0,0,0,0,1,0,0
PRJ-A7943C8A,2021-01-01,6.745145436308931,0.1614285714285714,0.0963375796178344,0.0973473282442748,0.12421985815602837,0.3333333333333333,9.8,0.0,0.9816239456574667,0.4254458598726114,87,104.8,0,Sector_7,Ministry_2,Agency_18,0,0,0,0,0,0,0
PRJ-A79717DB,2021-01-01,1.0330597504924484,0.07575757575757573,0.05957575757575757,0.05957575757575757,0.06688388625592417,0.75,31.5,0.0,1.033553242122035,0.3599191919191919,19,165.0,0,Sector_3,Ministry_7,Agency_11,0,0,0,0,1,0,0
PRJ-A7BECC42,2021-01-01,5.494452554744523,0.026029411764705877,0.0915018315018315,0.0915018315018315,0.06563429571303586,0.6666666666666666,38.233333333333334,0.0,0.6780343889259317,0.0,92,136.5,0,Sector_8,Ministry_5,Agency_22,0,0,0,0,0,0,0
PRJ-A8BE1FBC,2021-01-01,2.6299999999999955,0.0779487179487181,0.25965517241379316,0.22004329004329007,999.0,0.18181818181818182,1.0333333333333334,102.39294254039564,2.15450047576529,5.9718103448275865,667,38.5,0,Sector_17,Ministry_2,Agency_26,0,0,0,0,1,0,0
PRJ-AA045FDA,2021-01-01,0.0,0.1746000000000001,0.23290540540540539,0.22689189189189188,0.0,0.6666666666666666,5.0,49.961856541724565,1.3122029912245752,8.816486486486488,520,49.25,0,Sector_19,Ministry_3,Agency_10,0,0,0,0,1,0,0
PRJ-AA499403,2021-01-01,3.319999999999993,0.08317073170731734,0.13723577235772366,0.1819183673469388,999.0,0.25,3.3,0.0,1.062892918176477,2.9079674796747974,599,40.81818181818182,0,Sector_7,Ministry_3,Agency_6,0,0,0,0,0,0,0
PRJ-AA5DEE37,2021-01-01,4.253356643356639,-0.01776595744680853,0.08335689045936397,0.08169611307420495,0.1508955223880597,0.45454545454545453,12.066666666666666,0.0,1.0022442731732055,5.792897526501768,39,94.4,0,Sector_11,Ministry_8,Agency_18,0,0,0,0,0,0,0
PRJ-AA842CD1,2021-01-01,-3.870199203187253,0.0,0.0,0.0,0.1903872437357631,0.0,0.0,0.0,0.7472557034291564,0.0,4,0.0,0,Sector_6,Ministry_3,Agency_2,0,0,0,0,1,0,0
PRJ-AAF5B100,2021-01-01,-2.81319119669876,0.24893939393939393,0.24893939393939393,0.24893939393939393,0.1328235294117647,0.5,11.033333333333333,0.0,0.8172304525962459,0.0,1,66.0,0,Sector_13,Ministry_1,Agency_36,0,0,0,0,0,0,0
PRJ-AB2ED4BD,2021-01-01,-2.0234272300469414,0.16545454545454544,0.10894886363636362,0.10894886363636362,0.08992141453831042,0.6666666666666666,23.6,0.0,0.7352387679767888,0.0,29,176.0,0,Sector_20,Ministry_7,Agency_49,0,0,0,0,0,0,0
PRJ-AB7930F8,2021-01-01,-0.8469506726457325,0.11150234741784036,0.11150234741784036,0.11150234741784036,0.0883089430894309,0.0,0.0,0.0,0.6743957713802794,0.0,74,213.0,0,Sector_4,Ministry_5,Agency_30,0,0,0,0,0,0,0
PRJ-AC084561,2021-01-01,22.410152207001524,0.03276923076923077,0.06278156996587031,0.06278156996587031,0.13431168831168833,1.0,26.066666666666666,0.0,1.532043081469281,1.0653924914675768,148,195.33333333333334,0,Sector_1,Ministry_9,Agency_13,0,0,0,0,1,1,0
PRJ-AC2133B5,2021-01-01,19.898269794721408,0.028608695652173926,0.04471698113207548,0.04471698113207548,0.0910586319218241,1.0,41.733333333333334,0.0,0.8234752527949133,0.0,58,344.5,0,Sector_12,Ministry_5,Agency_39,0,0,0,0,0,1,1
PRJ-AC408157,2021-01-01,-12.831227436823113,0.16876923076923075,0.1061880341880342,0.07862820512820512,0.03861256544502618,0.6,27.0,80.73773340934055,1.3686190872994142,1.1747350427350425,28,195.0,0,Sector_12,Ministry_1,Agency_4,0,0,0,0,1,0,0
PRJ-AC52F0BE,2021-01-01,-8.829423393739702,0.26342857142857146,0.13158227848101264,0.13158227848101264,0.07026063100137174,0.75,25.8,0.0,1.3716017606701094,0.3480696202531645,64,105.33333333333333,0,Sector_1,Ministry_5,Agency_45,0,0,0,0,1,0,0
PRJ-AC790904,2021-01-01,6.4034375,0.0,0.0,0.0,0.06981604120676968,1.0,34.93333333333333,0.0,1.8061502717026054,0.0,51,0.0,0,Sector_9,Ministry_9,Agency_39,0,0,0,0,0,0,0
PRJ-AC85D67F,2021-01-01,-3.8132703659976386,0.27547826086956523,0.13798833819241982,0.13798833819241982,0.10761643835616438,0.75,17.2,0.0,1.8818237673273999,0.5736151603498543,25,114.33333333333333,0,Sector_19,Ministry_3,Agency_15,0,0,0,0,1,0,0
PRJ-AC893C3C,2021-01-01,5.382085976039463,0.1207843137254902,0.1207843137254902,0.1207843137254902,0.07590312815338042,0.5,33.06666666666667,0.0,0.8096919226806958,0.0,123,153.0,0,Sector_2,Ministry_4,Agency_37,0,0,0,0,0,0,0
PRJ-ACDBC268,2021-01-01,4.1054838709677455,0.0,0.0,0.0,0.061735537190082644,0.0,0.0,0.0,0.7745822191169603,0.0,168,0.0,0,Sector_8,Ministry_1,Agency_30,0,0,0,0,1,0,0
PRJ-AD1FAF7F,2021-01-01,31.08963149078727,0.18624000000000002,0.09754010695187167,0.09754010695187167,0.5207954545454545,1.0,6.666666666666667,0.0,0.9398512382963886,2.122139037433155,11,124.66666666666667,1,Sector_11,Ministry_9,Agency_40,0,0,0,0,0,1,0
PRJ-AE0710CF,2021-01-01,-4.364773519163764,0.0,0.0,0.0,0.16521649484536083,0.0,0.0,0.0,1.256248097830069,0.0,1,0.0,0,Sector_2,Ministry_6,Agency_17,0,0,0,0,0,0,0
PRJ-AE50D698,2021-01-01,2.7545360824742318,0.18809999999999996,0.16910447761194028,0.16910447761194028,0.10778534923339013,1.0,18.4,0.0,0.6301344727568715,0.0,82,100.5,0,Sector_11,Ministry_4,Agency_48,0,0,0,0,0,1,0
PRJ-AEE0DCF3,2021-01-01,-4.051226158038162,0.14211864406779665,0.11274011299435031,0.06916666666666668,0.05991902834008096,0.375,26.7,0.0,0.9522617166523076,0.13186440677966105,30,118.0,0,Sector_16,Ministry_6,Agency_16,0,0,0,0,0,0,0
PRJ-AF08B624,2021-01-01,24.708093126385805,-0.036320754716981145,0.061886792452830186,0.06742924528301886,0.18665644171779142,1.0,15.066666666666666,0.0,1.8243730620427359,0.1349685534591195,47,106.0,1,Sector_4,Ministry_3,Agency_14,0,0,0,0,1,1,0
PRJ-AF0A8FDF,2021-01-01,16.639210950080514,0.01613496932515338,0.01613496932515338,0.01613496932515338,0.10041866028708134,1.0,24.2,0.0,0.8829238432673645,0.0,81,163.0,0,Sector_11,Ministry_7,Agency_22,0,0,0,0,0,1,0
PRJ-AF737968,2021-01-01,5.530674157303373,0.009943820224719098,0.009943820224719098,0.009943820224719098,0.060135908440629465,0.5,38.46666666666667,0.0,1.452827202584615,0.0,27,178.0,0,Sector_17,Ministry_6,Agency_30,0,0,0,0,0,0,0
PRJ-AF85E11B,2021-01-01,5.204644549763039,0.1077083333333333,0.08637630662020905,0.08395287958115182,0.10406417112299465,0.6,18.8,0.0,1.0552820432520165,0.09442508710801394,17,95.5,0,Sector_13,Ministry_4,Agency_46,0,0,0,0,0,0,0
PRJ-B084E490,2021-01-01,20.275169315825842,0.05886956521739131,0.05886956521739131,0.05886956521739131,0.10714821763602252,1.0,3.7,0.0,0.9394780727661263,0.0,225,345.0,0,Sector_16,Ministry_8,Agency_3,0,0,0,0,0,1,0
PRJ-B09AD445,2021-01-01,3.392716049382713,0.06801526717557249,0.1200763358778626,0.12131210191082802,0.6683333333333342,0.42857142857142855,20.8,0.0,0.985919910456869,0.7470483460559796,51,130.83333333333334,0,Sector_20,Ministry_3,Agency_8,0,0,0,0,0,0,0
PRJ-B11DFABB,2021-01-01,12.01835129993659,0.0002459016393442716,0.0002459016393442716,0.0002459016393442716,0.07492337164750958,1.0,32.9,0.0,2.563362471823629,0.0,46,244.0,0,Sector_9,Ministry_1,Agency_46,0,0,0,0,1,1,1
PRJ-B128EF0C,2021-01-01,0.0,0.19230088495575226,0.15485207100591716,0.1875831485587583,0.0,0.4,10.233333333333333,0.0,0.9697851624510532,0.32680473372781066,532,112.75,0,Sector_7,Ministry_1,Agency_9,0,0,0,0,0,0,0
PRJ-B173F4FB,2021-01-01,-11.865173501577289,0.16158415841584164,0.15815181518151816,0.0842809917355372,0.02983471074380165,0.4,26.766666666666666,0.0,0.8461378842120744,0.24702970297029692,18,100.88888888888889,0,Sector_19,Ministry_2,Agency_39,0,0,0,0,0,0,1
PRJ-B1997684,2021-01-01,14.468431372549016,0.0,0.0,0.0,0.07347386172006745,1.0,38.53333333333333,0.0,3.139942480866142,0.0,123,0.0,0,Sector_3,Ministry_4,Agency_13,0,0,0,0,1,0,0
PRJ-B2010108,2021-01-01,3.5285837651122662,0.10302469135802468,0.10302469135802468,0.10302469135802468,0.0910857908847185,0.0,0.0,0.0,0.9842289905793746,0.0,89,162.0,0,Sector_9,Ministry_8,Agency_44,0,0,0,0,0,0,0
PRJ-B2B86716,2021-01-01,16.459045226130655,0.025111111111111122,0.04485523385300668,0.04485523385300668,0.0832094175960347,1.0,6.533333333333333,0.0,0.7770664785338885,0.0,112,224.5,0,Sector_9,Ministry_4,Agency_5,0,0,0,0,0,1,0
PRJ-B30EAC0B,2021-01-01,7.744636871508387,0.028939393939393925,0.028939393939393925,0.028939393939393925,0.06225061830173125,0.0,0.0,0.0,1.469136942982184,0.0,181,198.0,0,Sector_5,Ministry_5,Agency_43,0,0,0,0,1,0,0
PRJ-B31DCA78,2021-01-01,9.560882658359304,0.09593548387096773,0.1069032258064516,0.1069032258064516,0.14710407239819007,0.25,16.4,0.0,0.8431612932900515,2.253505376344086,123,155.0,0,Sector_17,Ministry_8,Agency_41,0,0,0,0,0,0,0
PRJ-B3822FF9,2021-01-01,7.554572127139366,0.032521008403361265,0.04410112359550561,0.08286919831223628,0.124180790960452,0.5,23.733333333333334,0.0,0.8618178237509823,0.09966292134831461,102,118.57142857142857,0,Sector_16,Ministry_1,Agency_37,0,0,0,0,0,0,0
PRJ-B38A4A6E,2021-01-01,13.11492462311557,0.12924528301886795,0.13911949685534591,0.13911949685534591,0.6720833333333331,0.5,16.233333333333334,0.0,0.9125053279749954,3.1429559748427676,136,159.0,0,Sector_18,Ministry_8,Agency_38,0,0,0,0,0,0,0
PRJ-B38E56DD,2021-01-01,12.938454661558112,0.05123505976095617,0.05123505976095617,0.05123505976095617,0.07782937365010799,1.0,3.6666666666666665,0.0,1.0683843372053516,0.0,139,251.0,0,Sector_1,Ministry_9,Agency_32,0,0,0,0,1,1,0
PRJ-B3BB7C98,2021-01-01,-4.8408423586040925,0.07098159509202454,0.07298568507157464,0.07791411042944785,0.05437799043062201,0.6,39.86666666666667,0.0,0.8948415898734172,0.09427402862985687,12,163.0,0,Sector_10,Ministry_5,Agency_39,0,0,0,0,0,0,1
PRJ-B3DC44DE,2021-01-01,-1.7445454545454524,0.17541666666666667,0.17541666666666667,0.17541666666666667,0.18470430107526883,0.0,0.0,0.0,0.7407260380879891,0.0,12,72.0,0,Sector_14,Ministry_4,Agency_16,0,0,0,0,0,0,0
PRJ-B412DF4C,2021-01-01,51.084791154791155,0.1602941176470588,0.12827586206896552,0.09317343173431734,1.6647222222222222,0.8,3.4,0.0,0.9051453375691993,0.39029556650246305,33,67.75,0,Sector_2,Ministry_8,Agency_19,0,0,0,0,0,1,0
PRJ-B55E45BD,2021-01-01,11.422150537634408,-0.034336283185840734,0.02516224188790561,0.07011061946902654,0.08761506276150628,0.4,30.633333333333333,0.0,1.0066634121769737,0.17610619469026548,113,113.0,0,Sector_17,Ministry_6,Agency_15,0,0,0,0,0,0,0
PRJ-B580BA76,2021-01-01,28.213846153846163,0.07206349206349207,0.07206349206349207,0.07206349206349207,0.1902,1.0,7.133333333333334,0.0,1.0234267802968318,0.0,110,315.0,0,Sector_8,Ministry_5,Agency_7,0,0,0,0,0,1,1
PRJ-B597CFE6,2021-01-01,-5.695286195286194,0.0,0.0,0.0,0.10481770833333333,0.0,0.0,0.0,0.3821999355577278,0.0,44,0.0,0,Sector_1,Ministry_3,Agency_2,0,0,0,0,0,0,0
PRJ-B59804C1,2021-01-01,22.840000000000003,0.02304635761589397,0.060730088495575214,0.07009944751381215,999.0,1.0,22.933333333333334,0.0,0.9416559259943047,0.6492920353982301,15,150.83333333333334,1,Sector_4,Ministry_10,Agency_48,0,0,0,0,0,1,0
PRJ-B5C0C913,2021-01-01,-2.9188067675868226,0.15868131868131874,0.13945255474452556,0.09510964912280703,0.08390845070422534,0.3333333333333333,18.1,0.0,0.8821607225364131,1.1616058394160587,8,91.2,0,Sector_20,Ministry_2,Agency_38,0,0,0,0,0,0,0
PRJ-B5D466B3,2021-01-01,13.178922934076127,0.13768115942028988,0.09565217391304348,0.09565217391304348,0.341509433962264,0.25,11.366666666666667,0.0,1.0036743658649208,0.5936876006441224,196,207.0,0,Sector_9,Ministry_2,Agency_26,0,0,0,0,0,0,0
PRJ-B6167FAD,2021-01-01,5.992727272727274,0.0,0.0,0.0,0.0640140350877193,1.0,40.166666666666664,0.0,1.0461640134470718,0.0,38,0.0,0,Sector_19,Ministry_4,Agency_1,0,0,0,0,0,1,0
PRJ-B64FC7ED,2021-01-01,4.4738989169675065,-0.01,0.08264705882352942,0.0686372745490982,0.07865800865800865,0.4,27.8,0.0,2.397336929519134,3.459919786096257,69,124.75,0,Sector_5,Ministry_10,Agency_13,0,0,0,0,1,0,0
PRJ-B6E5213D,2021-01-01,12.104240903387705,0.01695817490494297,0.01695817490494297,0.01695817490494297,0.07548998946259221,0.5,30.433333333333334,0.0,2.6191550741659126,0.0,120,263.0,0,Sector_12,Ministry_7,Agency_15,0,0,0,0,1,0,0
PRJ-B6FF0EBD,2021-01-01,2.140810810810809,0.10526315789473686,0.10526315789473686,0.10526315789473686,0.11110644257703081,0.0,0.0,0.0,0.46363891340943864,0.0,59,76.0,0,Sector_5,Ministry_7,Agency_38,0,0,0,0,0,0,0
PRJ-B73C95B0,2021-01-01,46.03,0.024327272727272718,0.060454545454545455,0.060454545454545455,999.0,1.0,26.733333333333334,0.0,0.9923983348935745,0.0,240,275.0,1,Sector_16,Ministry_1,Agency_31,0,0,0,0,0,1,0
PRJ-B7AFEC24,2021-01-01,11.599497206703909,0.11979166666666667,0.10201388888888889,0.10201388888888889,0.13651709401709403,1.0,15.366666666666667,0.0,1.0412263365768024,1.2025,44,96.0,0,Sector_13,Ministry_8,Agency_33,0,0,0,0,0,1,0
PRJ-B7E6F844,2021-01-01,51.64722433460075,0.07417525773195875,0.07417525773195875,0.07417525773195875,0.65125,1.0,8.633333333333333,0.0,1.283785762465577,0.0,27,194.0,0,Sector_9,Ministry_6,Agency_3,0,0,0,0,0,1,0
PRJ-B7FBA8D5,2021-01-01,0.6982417582417568,0.06525,0.0674,0.0674,0.055551694178974806,0.3333333333333333,44.93333333333333,0.0,0.8262396916849658,0.0,69,200.0,0,Sector_3,Ministry_8,Agency_36,0,0,0,0,0,0,0
PRJ-B804B9F5,2021-01-01,2.5308955223880574,0.0751351351351351,0.06842900302114803,0.08764065335753175,0.07846737481031867,0.5,28.966666666666665,0.0,1.1393196864886241,0.2084894259818731,20,110.2,0,Sector_18,Ministry_9,Agency_48,0,0,0,0,0,0,0
PRJ-B835F42E,2021-01-01,17.845259593679458,0.013333333333333275,0.10266490765171503,0.11287974683544302,0.49255319148936183,0.8333333333333334,18.333333333333332,0.0,0.9818716008767707,0.5703957783641161,81,126.4,0,Sector_9,Ministry_8,Agency_19,0,0,0,0,0,0,0
PRJ-B84DB07C,2021-01-01,46.42,-0.021363636363636376,0.07338368580060423,0.08098003629764065,999.0,1.0,20.233333333333334,0.0,0.9976125775675034,0.48419939577039267,73,110.2,1,Sector_10,Ministry_3,Agency_7,0,0,0,0,0,1,0
PRJ-B94A4822,2021-01-01,1.0699999999999932,0.22627118644067812,0.1579661016949153,0.13719546742209635,999.0,0.45454545454545453,8.933333333333334,0.0,1.002501624245812,0.8040112994350285,374,58.8,0,Sector_11,Ministry_9,Agency_3,0,0,0,0,0,0,0
PRJ-B94CB1A2,2021-01-01,7.061264667535852,0.15321637426900586,0.0839882697947214,0.0839882697947214,0.07287268770402612,1.0,36.46666666666667,0.0,1.336233801669264,0.0,104,170.5,0,Sector_5,Ministry_10,Agency_43,0,0,0,0,1,0,0
PRJ-B9AE1BDD,2021-01-01,0.3850000000000051,0.08845238095238087,0.1426086956521739,0.12612826603325414,0.12654618473895585,0.16666666666666666,10.8,0.0,0.8796032906416722,0.4964031620553361,46,84.2,0,Sector_6,Ministry_10,Agency_2,0,0,0,0,0,0,0
PRJ-B9BA5997,2021-01-01,-10.885497630331752,0.16261306532663317,0.16261306532663317,0.16261306532663317,0.05021558872305141,1.0,40.666666666666664,0.0,1.055334601681784,0.0,85,199.0,0,Sector_19,Ministry_10,Agency_3,0,0,0,0,0,1,1
PRJ-BA1F808D,2021-01-01,-3.1704619970193733,0.14787878787878792,0.0987878787878788,0.0870580808080808,0.06619422572178478,0.7142857142857143,30.266666666666666,101.20956143936297,2.0721930511332767,1.3477020202020202,37,132.0,0,Sector_18,Ministry_3,Agency_38,0,0,0,0,1,0,0
PRJ-BA5A117C,2021-01-01,-1.4361133069828753,0.06981707317073173,0.06834693877551021,0.061113831089351284,0.0631766917293233,0.6666666666666666,26.733333333333334,0.0,0.8427474875825315,0.3925102040816326,6,163.4,0,Sector_1,Ministry_10,Agency_18,0,0,0,0,0,0,0
PRJ-BA872D90,2021-01-01,3.744163614163611,0.15752808988764042,0.16411985018726588,0.10648876404494381,0.13466442953020136,0.4,13.233333333333333,0.0,0.7408883193916533,0.30382022471910114,76,89.0,0,Sector_20,Ministry_2,Agency_40,0,0,0,0,0,0,0
PRJ-BAB23DE6,2021-01-01,-1.015947712418301,0.0,0.0,0.0,0.06459214501510574,0.0,0.0,0.0,0.262183609705282,0.0,71,0.0,0,Sector_11,Ministry_8,Agency_41,0,0,0,0,0,0,0
PRJ-BB232C9C,2021-01-01,-6.74159090909091,0.2116091954022989,0.17976923076923076,0.17976923076923076,0.12239067055393585,0.5,12.533333333333333,0.0,1.0133937219434546,1.9048076923076922,15,86.66666666666667,0,Sector_12,Ministry_7,Agency_41,0,0,0,0,1,0,0
PRJ-BC08D4D6,2021-01-01,25.489102564102566,0.07557575757575759,0.0683975659229209,0.0683975659229209,0.1337894736842105,1.0,26.133333333333333,0.0,1.4887298101629174,0.3218052738336714,116,164.33333333333334,0,Sector_15,Ministry_6,Agency_45,0,0,0,0,1,1,0
PRJ-BC50E067,2021-01-01,33.31150163220892,0.0,0.0,0.0,0.17238549618320612,1.0,19.533333333333335,0.0,1.182053573154956,0.0,176,0.0,0,Sector_20,Ministry_2,Agency_34,0,0,0,0,0,1,0
PRJ-BDCA2403,2021-01-01,20.679489981785068,0.0,0.0,0.0,0.08384787472035796,1.0,4.066666666666666,0.0,1.3148712992698202,0.0,302,0.0,0,Sector_13,Ministry_6,Agency_46,0,0,0,0,1,1,0
PRJ-BE495630,2021-01-01,0.0,0.10757225433526012,0.12841698841698843,0.10982608695652174,0.0,0.4,13.966666666666667,0.0,0.9926880554476918,1.6207528957528958,194,172.5,0,Sector_3,Ministry_5,Agency_47,0,0,0,0,0,0,0
PRJ-BEAF49FB,2021-01-01,17.769999999999996,0.08161016949152544,0.07769774011299435,0.07769774011299435,999.0,1.0,14.433333333333334,0.0,1.0951072181668027,0.6488983050847458,125,236.0,1,Sector_17,Ministry_6,Agency_25,0,0,0,0,0,1,0
PRJ-BF5DA3A4,2021-01-01,-3.4649572649572704,0.09673469387755104,0.06237244897959184,0.06237244897959184,0.06691542288557213,0.3333333333333333,27.433333333333334,0.0,0.6955606099374392,0.0,12,196.0,0,Sector_14,Ministry_9,Agency_47,0,0,0,0,0,0,0
PRJ-BF719A59,2021-01-01,0.7888861985472175,0.10304347826086954,0.12399585921325051,0.12399585921325051,0.1257058823529412,0.75,17.033333333333335,0.0,0.9865281111148704,0.7715320910973085,12,161.0,0,Sector_8,Ministry_3,Agency_33,0,0,0,0,0,0,0
PRJ-BF75A413,2021-01-01,-1.662424242424251,0.10867924528301882,0.10366771159874608,0.0860971786833856,0.07628378378378378,0.375,20.6,0.0,0.7976203497597196,0.2810658307210032,75,106.28571428571429,0,Sector_13,Ministry_10,Agency_20,0,0,0,0,0,0,0
PRJ-BF8E86FD,2021-01-01,1.3700000000000045,0.08816666666666653,0.16883333333333334,0.15236111111111109,999.0,0.36363636363636365,6.833333333333333,0.0,0.9263393881054575,0.26716666666666666,197,60.0,0,Sector_13,Ministry_6,Agency_34,0,0,0,0,0,0,0
PRJ-BFC51455,2021-01-01,20.865384615384613,0.10678861788617885,0.10678861788617885,0.10678861788617885,0.17468944099378883,1.0,6.266666666666667,0.0,1.251675074847856,0.0,97,246.0,0,Sector_16,Ministry_4,Agency_19,0,0,0,0,0,1,0
PRJ-BFC8C766,2021-01-01,-4.9306151142354935,0.07717391304347827,0.09704710144927536,0.10301630434782608,0.05869822485207102,0.2,25.633333333333333,0.0,0.9302526528326059,0.6802355072463767,49,184.0,0,Sector_18,Ministry_10,Agency_16,0,0,0,0,0,0,0
PRJ-BFCAF500,2021-01-01,1.6909236031927009,0.07493023255813953,0.07493023255813953,0.07493023255813953,0.058419301164725455,0.0,0.0,0.0,0.5795032320597686,0.0,122,215.0,0,Sector_16,Ministry_7,Agency_6,0,0,0,0,0,0,0
PRJ-BFE9280C,2021-01-01,7.847452339688047,-0.014423076923076924,0.1412738853503185,0.15412140575079872,0.40411764705882336,0.5,5.766666666666667,0.0,0.9699538966609411,0.797643312101911,21,52.22222222222222,0,Sector_18,Ministry_7,Agency_20,0,0,0,0,0,0,0
PRJ-BFE991F8,2021-01-01,5.859999999999999,-0.0705172413793104,0.12491329479768785,0.18797687861271675,999.0,0.6666666666666666,7.1,0.0,0.9036644539184338,0.6390751445086705,355,57.75,0,Sector_16,Ministry_8,Agency_44,0,0,0,0,0,0,0
PRJ-C058544D,2021-01-01,-0.5139724385859807,0.0781767955801105,0.0781767955801105,0.0781767955801105,0.05950949367088607,0.5,40.46666666666667,0.0,1.0585221065026245,0.0,43,181.0,0,Sector_16,Ministry_3,Agency_48,0,0,0,0,0,0,0
PRJ-C060B3E9,2021-01-01,7.111929824561404,-0.07368421052631578,0.10500000000000001,0.10500000000000001,0.16189845474613687,0.5,8.0,0.0,1.307749637620659,0.8029411764705883,5,56.666666666666664,0,Sector_5,Ministry_8,Agency_31,0,0,0,0,0,0,0
PRJ-C0BBC727,2021-01-01,14.728852258852264,0.056137931034482766,0.054816513761467886,0.04735395189003437,0.0798849104859335,1.0,34.5,0.0,1.529716644623504,0.3034174311926605,129,145.5,0,Sector_10,Ministry_9,Agency_48,0,0,0,0,1,0,0
PRJ-C1183812,2021-01-01,7.647235421166304,-0.004841269841269836,0.06115079365079365,0.06115079365079365,0.08040704070407041,0.3333333333333333,24.7,0.0,1.09406315192361,0.0,103,126.0,0,Sector_2,Ministry_3,Agency_33,0,0,0,0,0,0,0
PRJ-C137C024,2021-01-01,3.6025531914893607,0.0,0.0,0.0,0.08851466414380321,1.0,23.933333333333334,0.0,6.0745916724177595,0.0,24,0.0,0,Sector_12,Ministry_5,Agency_36,0,0,0,0,1,0,0
PRJ-C14520A0,2021-01-01,-3.078527918781724,0.07787401574803147,0.06615183246073297,0.06615183246073297,0.060539262062440875,0.25,32.8,0.0,0.9441445937247173,0.2568062827225131,10,127.33333333333333,0,Sector_10,Ministry_10,Agency_17,0,0,0,0,0,0,0
PRJ-C1B98D8B,2021-01-01,-1.7371644612476302,0.07856164383561642,0.08096330275229358,0.10831228473019516,0.047567567567567706,0.42857142857142855,23.233333333333334,0.0,1.0059342712678563,0.1571330275229358,5,145.16666666666666,0,Sector_4,Ministry_3,Agency_49,0,0,0,0,0,0,0
PRJ-C1BF1CD6,2021-01-01,-0.2620408163265253,0.07415335463258785,0.07415335463258785,0.07415335463258785,0.07003831417624522,1.0,1.9,0.0,1.8585501028020435,0.0,13,313.0,0,Sector_11,Ministry_5,Agency_7,0,0,0,0,1,1,1
PRJ-C1D4D1D1,2021-01-01,17.964693877551024,0.02747826086956522,0.02747826086956522,0.02747826086956522,0.20156327543424318,1.0,8.0,0.0,0.9777426347927631,0.0,4,115.0,0,Sector_19,Ministry_10,Agency_11,0,0,0,0,0,1,0
PRJ-C1EC22C1,2021-01-01,7.660656753407686,0.05751269035532994,0.061218274111675124,0.061218274111675124,0.06989637305699482,1.0,39.1,0.0,2.2960822923143165,0.0,58,197.0,0,Sector_19,Ministry_6,Agency_47,0,0,0,0,1,0,0
PRJ-C1EE6690,2021-01-01,0.415266903914592,0.12396551724137927,0.06373563218390804,0.07071736011477761,0.07193078324225866,0.42857142857142855,25.133333333333333,0.0,1.05218503020354,0.1008620689655173,43,116.16666666666667,0,Sector_9,Ministry_4,Agency_3,0,0,0,0,1,0,0
PRJ-C1F5445C,2021-01-01,4.423345656192238,0.0,0.0,0.0,0.06500383141762452,0.0,0.0,0.0,0.3667327116040054,0.0,117,0.0,0,Sector_13,Ministry_10,Agency_6,0,0,0,0,0,0,0
PRJ-C223F119,2021-01-01,-5.282638036809814,0.08800000000000001,0.08800000000000001,0.08800000000000001,0.05615535889872173,0.0,0.0,0.0,0.7177880303472206,0.0,74,270.0,0,Sector_15,Ministry_2,Agency_30,0,0,0,0,1,0,0
PRJ-C2476BA6,2021-01-01,3.1751434223541075,0.06977272727272728,0.0544,0.0544,0.10320270270270271,0.6666666666666666,17.6,0.0,1.0938055109107436,0.0,9,87.5,0,Sector_15,Ministry_1,Agency_7,0,0,0,0,0,0,0
PRJ-C25A54CF,2021-01-01,5.488485891259472,0.022278481012658204,0.06529535864978903,0.044715189873417716,0.07768982229402262,0.6,29.7,0.0,1.0429192051047789,0.480337552742616,45,158.0,0,Sector_15,Ministry_7,Agency_17,0,0,0,0,0,0,0
PRJ-C28F1EE0,2021-01-01,-9.373886639676108,0.18360655737704917,0.10776566757493188,0.09726677577741408,0.062148594377510046,0.6666666666666666,27.066666666666666,0.0,0.7719868006919883,0.38836512261580375,4,122.2,0,Sector_14,Ministry_8,Agency_22,0,0,0,0,0,0,1
PRJ-C2B944C4,2021-01-01,-4.9551851851851865,0.0,0.0,0.0,0.08704367301231804,0.0,0.0,0.0,0.6132698184699716,0.0,13,0.0,0,Sector_20,Ministry_3,Agency_10,0,0,0,0,0,0,0
PRJ-C2C175FB,2021-01-01,-1.3723076923077002,0.14050632911392408,0.10563291139240508,0.10563291139240508,0.08010230179028131,0.6666666666666666,26.9,0.0,0.8327323198000363,0.0,95,237.0,0,Sector_3,Ministry_5,Agency_38,0,0,0,0,0,0,0
PRJ-C2DE0BB8,2021-01-01,9.212124542124542,0.0767772511848341,0.0997867298578199,0.0997867298578199,0.12471223021582735,0.0,0.0,0.0,1.7441530398729732,0.0,182,211.0,0,Sector_16,Ministry_10,Agency_39,0,0,0,0,1,0,0
PRJ-C31AF2DC,2021-01-01,-10.15507701083856,0.0,0.0,0.0,0.050514469453376204,0.0,0.0,0.0,0.5762598448680548,0.0,5,0.0,0,Sector_16,Ministry_2,Agency_20,0,0,0,0,0,0,0
PRJ-C34F5966,2021-01-01,66.97999999999999,0.034761904761904786,0.05339920948616601,0.05339920948616601,999.0,1.0,5.2,0.0,1.9917074706992346,0.0,59,126.5,0,Sector_12,Ministry_6,Agency_46,0,0,0,0,1,1,0
PRJ-C3BFC906,2021-01-01,18.109050772626933,0.0,0.0,0.0,0.06772853185595568,1.0,44.36666666666667,0.0,3.0722850619934667,0.0,161,0.0,0,Sector_15,Ministry_8,Agency_22,0,0,0,0,0,1,0
PRJ-C3FA1F02,2021-01-01,-2.595335856196783,0.0,0.0,0.0,0.091923474663909,0.0,0.0,0.0,0.7237843110110667,0.0,7,0.0,0,Sector_10,Ministry_10,Agency_36,0,0,0,0,0,0,0
PRJ-C46AD91F,2021-01-01,13.739999999999995,0.1673170731707317,0.12095108695652175,0.10127891156462585,999.0,1.0,20.933333333333334,0.0,1.0348775262250693,0.14581521739130435,16,122.5,1,Sector_16,Ministry_5,Agency_31,0,0,0,0,0,1,0
PRJ-C46E4150,2021-01-01,13.469999999999999,0.16965909090909098,0.12045627376425855,0.09965779467680609,999.0,1.0,12.2,0.0,0.888584665522812,0.6322433460076047,4,87.75,1,Sector_4,Ministry_7,Agency_31,0,0,0,0,0,1,0
PRJ-C4976172,2021-01-01,0.0,0.4261111111111112,0.3063125,0.29828125,0.0,0.5714285714285714,4.2,0.0,0.9334050693448112,0.4559375000000001,716,53.333333333333336,0,Sector_4,Ministry_6,Agency_39,0,0,0,0,0,0,0
PRJ-C4FA4209,2021-01-01,24.739999999999995,0.08481012658227852,0.11334745762711868,0.13418259023354565,999.0,1.0,10.366666666666667,71.74958574142181,1.846405980398507,1.0322033898305083,3,78.5,1,Sector_7,Ministry_9,Agency_47,0,0,0,0,1,1,0
PRJ-C516BD79,2021-01-01,15.014428044280443,0.06582417582417581,0.08765027322404371,0.08765027322404371,0.15529032258064518,1.0,11.0,0.0,1.1420774851263813,0.0,74,91.5,0,Sector_12,Ministry_5,Agency_46,0,0,0,0,0,1,0
PRJ-C5258C8B,2021-01-01,19.38076487252124,0.0,0.0,0.0,0.0736578947368421,1.0,42.06666666666667,0.0,3.041861155107243,0.0,190,0.0,0,Sector_7,Ministry_8,Agency_19,0,0,0,0,1,1,1
PRJ-C5306A3C,2021-01-01,10.843418803418803,0.0,0.0,0.0,0.1937684210526316,1.0,9.066666666666666,0.0,5.072021764843256,0.0,42,0.0,0,Sector_11,Ministry_1,Agency_45,0,0,0,0,1,0,0
PRJ-C57EED2A,2021-01-01,0.0,0.1305660377358491,0.1342038216560509,0.19885350318471337,0.0,0.2222222222222222,2.433333333333333,0.0,0.9700680794430793,1.0909554140127387,399,52.25,0,Sector_16,Ministry_5,Agency_27,0,0,0,0,0,0,0
PRJ-C5A53AB6,2021-01-01,9.799999999999997,-0.11172413793103456,0.12005780346820807,0.11988439306358382,999.0,0.18181818181818182,1.8333333333333333,0.0,1.041180933899759,0.4578612716763008,255,57.7,0,Sector_12,Ministry_6,Agency_2,0,0,0,0,0,0,0
PRJ-C5E07A26,2021-01-01,5.319999999999993,0.037058823529411915,0.10098039215686279,0.0398529411764706,999.0,0.18181818181818182,13.1,51.856938643944275,1.6047848165567657,0.8641176470588237,163,68.0,0,Sector_5,Ministry_5,Agency_34,0,0,0,0,1,0,0
PRJ-C634E6EB,2021-01-01,6.84412541254126,0.154390243902439,0.06668478260869565,0.09691680261011419,0.09924205378973106,1.0,25.733333333333334,0.0,0.8330167268043353,0.4807880434782608,68,122.6,1,Sector_12,Ministry_4,Agency_12,0,0,0,0,0,1,0
PRJ-C67A00E7,2021-01-01,0.0,0.1008163265306122,0.15393103448275858,0.1746206896551724,0.0,0.25,5.6,0.0,0.9965858148027195,3.2448275862068967,57,48.36363636363637,0,Sector_2,Ministry_10,Agency_27,0,0,0,0,0,0,0
PRJ-C6801C2A,2021-01-01,7.25,0.0843410852713178,0.15054545454545454,0.14391812865497075,999.0,0.4,13.133333333333333,126.08636074997493,2.5387716854743547,11.192571428571426,44,128.25,0,Sector_3,Ministry_3,Agency_4,0,0,0,0,1,0,0
PRJ-C68B0E0D,2021-01-01,-5.626779661016947,0.1363888888888889,0.08972307692307692,0.08972307692307692,0.07365914786967419,0.25,21.066666666666666,0.0,0.8612014449161974,0.14956923076923076,8,108.33333333333333,0,Sector_2,Ministry_7,Agency_5,0,0,0,0,0,0,0
PRJ-C6B3DE5A,2021-01-01,0.0,0.2471874999999999,0.3158510638297872,0.28132978723404256,0.0,0.0,0.0,0.0,0.9388478943291614,0.5589361702127659,2,31.272727272727273,0,Sector_11,Ministry_1,Agency_39,0,0,0,0,0,0,0
PRJ-C6FA6F43,2021-01-01,7.98190145732131,0.08282178217821781,0.08282178217821781,0.08282178217821781,0.07845629965947787,0.5,34.2,0.0,1.0181704518618233,0.0,157,202.0,0,Sector_8,Ministry_6,Agency_19,0,0,0,0,0,0,0
PRJ-C70A00B5,2021-01-01,4.619280469897211,0.0,0.0,0.0,0.07733276883996613,0.0,0.0,0.0,0.7905561894834383,0.0,68,0.0,0,Sector_19,Ministry_1,Agency_20,0,0,0,0,0,0,0
PRJ-C72FF1D8,2021-01-01,19.504705882352944,-0.009733333333333326,0.011733333333333332,0.011733333333333332,0.07641118124436429,0.6666666666666666,36.36666666666667,0.0,2.111493975851067,0.0,141,150.0,0,Sector_7,Ministry_10,Agency_33,0,0,0,0,0,0,0
PRJ-C7B60FAE,2021-01-01,21.348888888888887,-0.023058823529411774,0.0471484375,0.052576866764275254,0.1338265306122449,1.0,22.9,0.0,1.235859569459226,0.20144531250000003,15,170.75,1,Sector_15,Ministry_7,Agency_49,0,0,0,0,0,1,0
PRJ-C7B95F22,2021-01-01,10.139352750809067,-0.048452380952380955,0.10876984126984125,0.14110119047619046,0.2127638190954774,0.4,10.666666666666666,0.0,1.1398216008140032,0.20198412698412696,0,84.0,0,Sector_18,Ministry_1,Agency_4,0,0,0,0,0,0,0
PRJ-C7F0C431,2021-01-01,16.19512325116589,0.0,0.0,0.0,0.08146654445462878,1.0,35.9,0.0,1.62385043924269,0.0,135,0.0,0,Sector_9,Ministry_6,Agency_11,0,0,0,0,0,1,0
PRJ-C85514D5,2021-01-01,-2.2468907563025198,0.3819444444444444,0.17660550458715596,0.26798165137614677,0.18268292682926834,0.3,2.566666666666667,0.0,1.0315927658801742,2.0942201834862395,31,36.333333333333336,0,Sector_16,Ministry_4,Agency_37,0,0,0,0,0,0,0
PRJ-C8A2D094,2021-01-01,2.439452054794522,0.10333333333333337,0.20597826086956517,0.28288043478260866,0.29333333333333333,0.42857142857142855,0.7333333333333333,0.0,0.9781912385695981,1.7234782608695653,25,30.666666666666668,0,Sector_16,Ministry_3,Agency_39,0,0,0,0,0,0,0
PRJ-C8E7990B,2021-01-01,0.0,0.09175000000000004,0.23058333333333333,0.26375,0.0,0.4,1.9666666666666666,0.0,1.022171740118128,1.2600833333333332,456,40.0,0,Sector_6,Ministry_4,Agency_33,0,0,0,0,0,0,0
PRJ-C96FA228,2021-01-01,4.3833752775721635,0.08740540540540541,0.10702702702702703,0.10702702702702703,0.08070121951219512,0.3333333333333333,31.6,0.0,2.6359213711886866,0.0,141,185.0,0,Sector_9,Ministry_3,Agency_28,0,0,0,0,1,0,0
PRJ-C97B0AA1,2021-01-01,48.04,0.1235294117647059,0.10143258426966292,0.10143258426966292,999.0,1.0,8.066666666666666,0.0,0.8404978387356373,0.7803932584269663,20,118.66666666666667,1,Sector_9,Ministry_3,Agency_3,0,0,0,0,0,1,0
PRJ-C9F84BF9,2021-01-01,3.25,0.15359550561797755,0.18116541353383459,0.10058270676691729,999.0,1.0,13.233333333333333,0.0,0.9010775563701613,4.916541353383457,50,88.66666666666667,1,Sector_1,Ministry_1,Agency_36,0,0,0,0,0,1,1
PRJ-CA02DD85,2021-01-01,-1.4698917246713066,0.0,0.0,0.0,0.07595283018867925,0.0,0.0,0.0,0.7748061887253515,0.0,76,0.0,0,Sector_20,Ministry_8,Agency_37,0,0,0,0,0,0,0
PRJ-CA182BAA,2021-01-01,2.480000000000004,0.23695652173913026,0.23211678832116786,0.2546153846153846,999.0,0.5,3.3,0.0,0.9543578262635026,8.673138686131386,135,45.57142857142857,0,Sector_7,Ministry_9,Agency_48,0,0,0,0,0,0,0
PRJ-CA1FA9E2,2021-01-01,7.827361477572552,0.06471380471380471,0.06618487394957984,0.06618487394957984,0.08261702127659575,0.0,0.0,0.0,1.0626710961864965,0.0,154,297.5,0,Sector_7,Ministry_2,Agency_6,0,0,0,0,0,0,0
PRJ-CA30B57C,2021-01-01,0.0,0.10058064516129034,0.12694623655913978,0.14324193548387096,0.0,0.4,16.566666666666666,28.502532928064838,1.3320770010131713,0.41397849462365593,121,155.0,0,Sector_19,Ministry_5,Agency_42,0,0,0,0,1,0,0
PRJ-CA50D70F,2021-01-01,19.760000000000005,0.13929577464788728,0.0851990632318501,0.08624561403508771,999.0,1.0,21.633333333333333,0.0,0.8508531660694127,0.0759718969555035,74,142.5,1,Sector_1,Ministry_8,Agency_42,0,0,0,0,0,1,0
PRJ-CA76BE16,2021-01-01,3.7688430268918083,0.0888549618320611,0.06348600508905854,0.06348600508905854,0.06634984833164813,0.5,33.43333333333333,0.0,1.6267899637884649,1.9130788804071248,86,131.0,0,Sector_16,Ministry_3,Agency_47,0,0,0,0,1,0,0
PRJ-CAA240CB,2021-01-01,5.8604490500863555,0.03283687943262411,0.06870588235294117,0.06870588235294117,0.0627659574468085,1.0,41.1,0.0,1.1321095618871766,0.6306117647058823,43,141.66666666666666,0,Sector_6,Ministry_10,Agency_8,0,0,0,0,0,0,0
PRJ-CABF076E,2021-01-01,3.397388535031851,0.12684466019417476,0.10500000000000001,0.10500000000000001,0.09170818505338077,0.5,28.9,0.0,0.825381364997342,0.13669354838709677,149,206.66666666666666,0,Sector_7,Ministry_8,Agency_17,0,0,0,0,0,0,0
PRJ-CAC9C19A,2021-01-01,1.8983991894630172,0.0,0.0,0.0,0.10367245657568239,1.0,1.2333333333333334,0.0,0.46630609639288706,0.0,35,0.0,0,Sector_12,Ministry_4,Agency_46,0,0,0,0,0,1,0
PRJ-CB23A2FA,2021-01-01,10.825692068429234,0.15620689655172418,0.12072796934865901,0.12072796934865901,0.2027947598253275,0.5,7.266666666666667,0.0,1.0988093552332452,0.5993486590038315,66,87.0,0,Sector_6,Ministry_2,Agency_29,0,0,0,0,0,0,0
PRJ-CB914FD1,2021-01-01,7.0628076256499135,-0.005869565217391333,0.0808695652173913,0.0808695652173913,0.09526829268292683,0.6666666666666666,23.266666666666666,0.0,0.8432152298144444,0.0,58,92.0,0,Sector_6,Ministry_10,Agency_41,0,0,0,0,0,0,0
PRJ-CC0704C9,2021-01-01,0.0,0.3716129032258063,0.283956043956044,0.28170329670329675,0.0,0.0,0.0,0.0,0.980393658573945,0.35054945054945047,707,30.272727272727273,0,Sector_7,Ministry_2,Agency_9,0,0,0,0,0,0,0
PRJ-CC295E67,2021-01-01,-0.7310661268556,0.0,0.0,0.0,0.06692712246431255,0.0,0.0,0.0,0.9920570232513946,0.0,19,0.0,0,Sector_1,Ministry_2,Agency_35,0,0,0,0,0,0,0
PRJ-CC36766C,2021-01-01,0.6899999999999977,0.016901408450704265,0.10174528301886795,0.1453191489361702,999.0,0.3,12.333333333333334,0.0,0.9714893715548609,1.1172641509433963,128,70.55555555555556,0,Sector_12,Ministry_8,Agency_31,0,0,0,0,0,0,0
PRJ-CC9A50F0,2021-01-01,-4.71032858707558,0.381923076923077,0.13735042735042735,0.12664529914529915,0.03476190476190472,0.5,16.666666666666668,69.22418303762547,1.4212213075447093,0.288888888888889,71,78.0,0,Sector_19,Ministry_10,Agency_30,0,0,0,0,1,0,1
PRJ-CCA29E5D,2021-01-01,7.836695156695157,0.0,0.0,0.0,0.07821587867975023,0.0,0.0,0.0,0.5521488779961625,0.0,133,0.0,0,Sector_4,Ministry_5,Agency_30,0,0,0,0,0,0,0
PRJ-CCA67ABA,2021-01-01,2.225494505494506,0.0,0.0,0.0,0.14116040955631398,0.0,0.0,0.0,0.8223712864215057,0.0,25,0.0,0,Sector_18,Ministry_1,Agency_49,0,0,0,0,0,0,0
PRJ-CCE1D707,2021-01-01,43.201907308377905,0.11855072463768115,0.11855072463768115,0.11855072463768115,0.4056315789473684,1.0,8.366666666666667,0.0,2.839758831796543,0.0,96,138.0,0,Sector_1,Ministry_5,Agency_48,0,0,0,0,1,1,0
PRJ-CCE31653,2021-01-01,-1.9834551495016655,0.10827586206896554,0.11176245210727967,0.11429118773946359,0.09070707070707075,0.3333333333333333,17.1,0.0,1.029718924111793,2.6731034482758624,21,87.0,0,Sector_11,Ministry_7,Agency_10,0,0,0,0,0,0,0
PRJ-CD0C4381,2021-01-01,-1.2532459248759835,0.12122093023255814,0.09001937984496125,0.09597383720930233,0.06835010060362173,0.8,33.166666666666664,0.0,1.0105879513428693,0.6553875968992248,54,172.0,0,Sector_19,Ministry_5,Agency_25,0,0,0,0,0,0,0
PRJ-CD421056,2021-01-01,8.01044390637611,0.055624999999999994,0.08735849056603773,0.08735849056603773,0.09797413793103449,0.75,28.4,0.0,0.9763988780173845,0.25075471698113205,69,176.66666666666666,0,Sector_12,Ministry_2,Agency_31,0,0,0,0,0,0,0
PRJ-CD73D8F7,2021-01-01,0.0,0.2535593220338982,0.2790285714285714,0.2618556701030928,0.0,0.3333333333333333,3.433333333333333,0.0,1.0333748631404085,1.3365714285714285,528,58.2,0,Sector_13,Ministry_6,Agency_17,0,0,0,0,0,0,0
PRJ-CDAE200F,2021-01-01,0.0,0.15247524752475253,0.18894389438943895,0.19544554455445545,0.0,0.0,0.0,0.0,0.9807470441790062,4.556963696369637,403,101.0,0,Sector_19,Ministry_2,Agency_12,0,0,0,0,0,0,0
PRJ-CDD38A2D,2021-01-01,0.3542458587619848,0.048480000000000016,0.08755319148936169,0.10203457446808509,0.08971428571428573,0.625,25.0,0.0,0.9949941014393439,0.7417819148936171,5,125.28571428571429,0,Sector_17,Ministry_2,Agency_30,0,0,0,0,0,0,0
PRJ-CDE31ED5,2021-01-01,0.0,0.15370370370370373,0.13983471074380166,0.14523809523809525,0.0,1.0,12.033333333333333,0.0,0.9925672585138674,2.766033057851239,326,80.5,1,Sector_20,Ministry_9,Agency_6,0,0,0,0,0,1,1
PRJ-CDFD4FBB,2021-01-01,-0.16839633447880686,0.06995348837209302,0.07481395348837208,0.07481395348837208,0.057117701575532906,0.6666666666666666,42.93333333333333,0.0,1.0706904931882153,0.0,23,215.0,0,Sector_10,Ministry_3,Agency_28,0,0,0,0,0,0,0
PRJ-CE45876A,2021-01-01,20.002127351664257,0.04676923076923076,0.05881849315068492,0.05679948586118252,0.13224550898203594,1.0,27.833333333333332,0.0,0.996012874205126,0.679708904109589,76,194.5,1,Sector_14,Ministry_8,Agency_10,0,0,0,0,0,1,1
PRJ-CEE25E7C,2021-01-01,8.768270303781772,0.0,0.0,0.0,0.06963414634146341,0.0,0.0,0.0,0.9388025255555151,0.0,146,0.0,0,Sector_18,Ministry_8,Agency_27,0,0,0,0,0,0,0
PRJ-CF00CCE8,2021-01-01,7.733577371048241,0.18750000000000006,0.06261538461538461,0.08731182795698925,0.13616438356164381,0.5555555555555556,25.433333333333334,138.1358161064647,2.0974797337947106,0.4151692307692308,80,108.5,0,Sector_20,Ministry_8,Agency_11,0,0,0,0,1,0,0
PRJ-CF18C62B,2021-01-01,19.87583804143126,0.0,0.0,0.0,0.08768170426065162,1.0,3.6333333333333333,0.0,0.5107236517476542,0.0,368,0.0,0,Sector_19,Ministry_2,Agency_25,0,0,0,0,0,1,0
PRJ-CFAB6229,2021-01-01,4.973840177580463,0.02616666666666667,-0.000611111111111108,0.056655555555555556,0.062489451476793245,1.0,43.06666666666667,0.0,1.8855453720739264,0.2821666666666667,11,180.0,1,Sector_9,Ministry_5,Agency_38,0,0,0,0,1,1,0
PRJ-CFFF8C1B,2021-01-01,6.5600611620795135,0.06679558011049724,0.06679558011049724,0.06679558011049724,0.08359085963003264,1.0,30.4,0.0,2.5166364264500656,0.0,27,181.0,0,Sector_9,Ministry_4,Agency_40,0,0,0,0,1,0,0
PRJ-D0093294,2021-01-01,8.666025544703233,0.0,0.0,0.0,0.08333017975402081,1.0,31.0,0.0,1.0745026462436267,0.0,54,0.0,0,Sector_15,Ministry_1,Agency_48,0,0,0,0,0,0,0
PRJ-D09D81CA,2021-01-01,14.890173160173163,0.0,0.0,0.0,0.12919718309859154,1.0,18.966666666666665,0.0,1.056292303800118,0.0,36,0.0,0,Sector_4,Ministry_2,Agency_19,0,0,0,0,1,1,0
PRJ-D149DAB4,2021-01-01,1.6200000000000045,0.13580645161290314,0.17556451612903226,0.15181451612903224,999.0,0.4,9.533333333333333,0.0,1.0411479659701444,1.1031182795698926,195,124.0,0,Sector_1,Ministry_5,Agency_4,0,0,0,0,0,0,0
PRJ-D15C33B3,2021-01-01,0.9296559378468352,-0.017358490566037745,-0.017358490566037745,-0.017358490566037745,0.05614950634696756,0.0,0.0,0.0,1.5680373056459154,0.0,66,159.0,0,Sector_15,Ministry_7,Agency_33,0,0,0,0,1,0,0
PRJ-D17F275B,2021-01-01,11.067357512953365,0.05485549132947977,0.05376811594202899,0.05376811594202899,0.0756385068762279,1.0,35.2,0.0,1.127453113727027,0.0,9,172.5,0,Sector_10,Ministry_5,Agency_41,0,0,0,0,0,1,0
PRJ-D18230E4,2021-01-01,4.234545454545454,0.08737179487179485,0.07377398720682302,0.06871959026888605,0.07874125874125874,0.6666666666666666,29.666666666666668,0.0,0.9228124067942659,0.07272921108742005,86,156.2,0,Sector_7,Ministry_8,Agency_21,0,0,0,0,0,0,0
PRJ-D1987018,2021-01-01,7.750781348456208,0.04194117647058821,0.05268627450980392,0.05268627450980392,0.07307792207792208,0.5,33.166666666666664,0.0,1.181927325415987,0.9174509803921568,137,170.0,0,Sector_9,Ministry_9,Agency_49,0,0,0,0,0,0,0
PRJ-D1D348B1,2021-01-01,0.0,0.1193129770992366,0.11762755102040816,0.12013761467889907,0.0,0.16666666666666666,12.9,0.0,1.094802393986958,2.4320918367346938,145,130.8,0,Sector_18,Ministry_8,Agency_49,0,0,0,0,0,0,0
PRJ-D1DF584B,2021-01-01,1.457516930022578,0.18834532374100715,0.12698564593301434,0.131508078994614,0.12623853211009178,0.6,18.633333333333333,0.0,0.9029756613172594,0.5243540669856459,81,139.25,0,Sector_5,Ministry_3,Agency_47,0,0,0,0,0,0,0
PRJ-D252B71F,2021-01-01,0.0,0.22608695652173905,0.14199029126213591,0.1596601941747573,0.0,0.7,10.3,0.0,0.9275396085740915,0.12975728155339808,339,68.66666666666667,0,Sector_6,Ministry_9,Agency_45,0,0,0,0,0,0,0
PRJ-D31D65D7,2021-01-01,8.030000000000001,0.19938775510204074,0.11657627118644068,0.09377326565143825,999.0,1.0,15.733333333333333,95.03258711857261,2.184287259965962,6.426305084745762,55,98.5,1,Sector_14,Ministry_4,Agency_41,0,0,0,0,1,1,0
PRJ-D37782F1,2021-01-01,13.075603663613663,0.12165680473372782,0.08353754940711464,0.08353754940711464,0.11869918699186992,0.75,27.333333333333332,0.0,0.9450392701490768,0.28879446640316203,158,168.66666666666666,0,Sector_16,Ministry_6,Agency_34,0,0,0,0,0,0,0
PRJ-D3BF3DA6,2021-01-01,-4.03196353436185,0.15666666666666654,0.16659217877094973,0.15793871866295264,0.09390804597701151,0.2,7.133333333333334,47.326036507221794,1.2972876267000202,1.5260893854748605,29,59.77777777777778,0,Sector_9,Ministry_7,Agency_7,0,0,0,0,1,0,1
PRJ-D3D831EE,2021-01-01,9.479579831932774,0.0,0.0,0.0,0.06406276505513146,0.0,0.0,0.0,1.5997649401617506,0.0,252,0.0,0,Sector_9,Ministry_2,Agency_40,0,0,0,0,1,0,0
PRJ-D3EFE284,2021-01-01,1.8211320754717093,0.104331797235023,0.08718223583460949,0.08718223583460949,0.08144262295081968,0.25,24.466666666666665,0.0,0.8765396649883855,0.39333843797856055,150,217.66666666666666,0,Sector_13,Ministry_8,Agency_34,0,0,0,0,0,0,0
PRJ-D3F2FD30,2021-01-01,13.959171597633137,0.0,0.0,0.0,0.08986332574031891,1.0,2.933333333333333,0.0,0.7467820530623364,0.0,193,0.0,0,Sector_11,Ministry_2,Agency_8,0,0,0,0,0,1,0
PRJ-D48E3BED,2021-01-01,0.1141456582633058,0.0,0.0,0.0,0.05609375,0.0,0.0,0.0,0.8818918338981282,0.0,28,0.0,0,Sector_15,Ministry_6,Agency_28,0,0,0,0,0,0,0
PRJ-D4B186E0,2021-01-01,1.3100000000000023,0.03761904761904758,0.15796812749003983,0.1421556886227545,999.0,1.0,8.0,0.0,0.8636167631095755,0.6437051792828685,303,83.57142857142857,1,Sector_1,Ministry_5,Agency_41,0,0,0,0,0,1,1
PRJ-D4FB3179,2021-01-01,0.0,0.3732653061224491,0.2653424657534247,0.2616838487972509,0.0,0.5,3.3666666666666667,0.0,0.9456667288854984,2.0343835616438355,151,48.57142857142857,0,Sector_1,Ministry_7,Agency_26,0,0,0,0,0,0,0
PRJ-D511D5E2,2021-01-01,3.4060273972602886,0.08173228346456689,0.0882894736842105,0.0798155467720685,0.09842105263157898,0.42857142857142855,15.633333333333333,0.0,0.9061936662637803,5.231552631578947,17,126.5,0,Sector_8,Ministry_9,Agency_46,0,0,0,0,0,0,0
PRJ-D530541B,2021-01-01,8.081743991056449,-0.009367088607594916,0.05955508474576272,0.05442185514612453,0.06716875871687587,0.6666666666666666,43.233333333333334,0.0,1.892985544710374,0.36391949152542374,128,157.4,0,Sector_20,Ministry_5,Agency_20,0,0,0,0,1,0,0
PRJ-D55121CF,2021-01-01,0.6691836734693766,0.12480000000000019,0.1480666666666667,0.17620000000000002,0.20846153846153798,0.3333333333333333,7.466666666666667,0.0,1.073647883573455,6.877666666666667,25,50.0,0,Sector_16,Ministry_5,Agency_11,0,0,0,0,0,0,0
PRJ-D5672ABF,2021-01-01,0.0,0.1531818181818182,0.1331236442516269,0.11058631921824105,0.0,0.6,12.5,0.0,1.0298011006395609,0.9532537960954447,112,153.5,0,Sector_6,Ministry_7,Agency_12,0,0,0,0,0,0,0
PRJ-D580FA3B,2021-01-01,4.083971475589685,0.11206666666666666,0.04588888888888889,0.04588888888888889,0.05847517730496454,0.25,35.6,0.0,1.6413880398510914,0.09979999999999999,95,150.0,0,Sector_13,Ministry_4,Agency_27,0,0,0,0,1,0,0
PRJ-D5B20A74,2021-01-01,-6.769722222222221,0.07956140350877193,0.07271929824561403,0.07271929824561403,0.047929515418502204,0.3333333333333333,41.1,0.0,0.8094251079473096,0.0,21,342.0,0,Sector_13,Ministry_1,Agency_20,0,0,0,0,0,0,0
PRJ-D5F4179C,2021-01-01,-5.074290657439448,0.23108910891089104,0.09904290429042904,0.09415841584158416,0.07850157728706625,0.2,16.533333333333335,0.0,0.8868898025290248,0.46537953795379533,18,101.0,0,Sector_20,Ministry_4,Agency_33,0,0,0,0,0,0,0
PRJ-D602F048,2021-01-01,3.819279279279286,0.053214285714285534,0.11798816568047332,0.1275739644970414,0.17782608695652177,0.3333333333333333,8.166666666666666,0.0,1.1031661311859593,2.641538461538462,22,56.25,0,Sector_15,Ministry_3,Agency_6,0,0,0,0,0,0,0
PRJ-D6933388,2021-01-01,0.0,0.10842105263157892,0.1479298245614035,0.1581578947368421,0.0,0.42857142857142855,13.666666666666666,0.0,0.9163148649566676,1.2674035087719295,412,95.0,0,Sector_3,Ministry_3,Agency_10,0,0,0,0,0,0,0
PRJ-D71F759D,2021-01-01,1.9157575757575813,0.1024846625766871,0.1024846625766871,0.1024846625766871,0.07198051948051949,1.0,2.4,0.0,1.186024899180824,0.0,184,326.0,0,Sector_8,Ministry_4,Agency_41,0,0,0,0,0,1,0
PRJ-D7592BE1,2021-01-01,2.376017029328281,0.1480434782608696,0.08094545454545457,0.10234545454545456,0.1246835443037974,0.5,21.033333333333335,0.0,0.9230538591959722,1.6904000000000006,62,91.66666666666667,0,Sector_16,Ministry_1,Agency_12,0,0,0,0,0,0,0
PRJ-D787CB25,2021-01-01,0.0,0.34459459459459457,0.2730630630630631,0.269954954954955,0.0,0.1,0.36666666666666664,0.0,1.0166216706290043,1.318108108108108,33,37.0,0,Sector_18,Ministry_9,Agency_31,0,0,0,0,0,0,0
PRJ-D7AA9612,2021-01-01,24.805932203389844,0.09438775510204081,0.05729591836734693,0.043125000000000004,0.17954545454545456,1.0,18.066666666666666,0.0,0.9358024413062396,0.7979761904761905,76,196.0,1,Sector_5,Ministry_2,Agency_11,0,0,0,0,0,1,0
PRJ-D7ABF2E2,2021-01-01,13.262941176470584,0.09622807017543861,0.09622807017543861,0.09622807017543861,0.07415119363395226,0.5,42.166666666666664,0.0,0.7045164334594641,0.0,330,342.0,0,Sector_18,Ministry_1,Agency_41,0,0,0,0,0,0,0
PRJ-D7D59698,2021-01-01,6.2693939393939395,0.0,0.0,0.0,0.06587888982338098,0.0,0.0,0.0,1.7774571660289211,0.0,142,0.0,0,Sector_4,Ministry_4,Agency_21,0,0,0,0,1,0,0
PRJ-D7D613CE,2021-01-01,6.472448979591839,0.15572580645161288,0.15572580645161288,0.15572580645161288,0.09302469135802469,1.0,24.666666666666668,0.0,0.6590504365082517,0.0,119,124.0,0,Sector_15,Ministry_4,Agency_36,0,0,0,0,0,1,0
PRJ-D8259559,2021-01-01,0.0,0.06386363636363641,0.15730769230769234,0.17588461538461536,0.0,0.25,3.0,0.0,0.9709999178057024,4.374769230769231,356,43.36363636363637,0,Sector_5,Ministry_4,Agency_9,0,0,0,0,0,0,0
PRJ-D89C0B63,2021-01-01,17.923442622950823,0.0,0.0,0.0,0.14008591065292098,1.0,19.4,0.0,1.1062612875952764,0.0,116,0.0,0,Sector_7,Ministry_4,Agency_13,0,0,0,0,0,1,0
PRJ-D91E64F6,2021-01-01,3.544545454545455,0.0,0.0,0.0,0.0630321697467488,1.0,38.43333333333333,0.0,0.01496557119416827,0.0,56,0.0,0,Sector_16,Ministry_3,Agency_43,0,0,0,0,1,0,1
PRJ-D9417E58,2021-01-01,51.33,0.11870270270270271,0.09656756756756758,0.09656756756756758,999.0,1.0,9.666666666666666,0.0,1.023922540415145,0.0,53,185.0,0,Sector_6,Ministry_6,Agency_12,0,0,0,0,0,1,0
PRJ-D985106D,2021-01-01,2.424948697711123,0.09452674897119344,0.09286008230452675,0.09286008230452675,0.08361702127659573,1.0,28.8,0.0,0.9544631833879262,0.0,22,243.0,0,Sector_10,Ministry_7,Agency_27,0,0,0,0,0,0,0
PRJ-D985B2EF,2021-01-01,5.609999999999999,0.18435483870967753,0.13860215053763442,0.13319892473118278,999.0,0.5,9.966666666666667,0.0,1.0396514297863575,1.4452150537634405,257,62.0,0,Sector_6,Ministry_3,Agency_15,0,0,0,0,0,0,0
PRJ-D9A142AB,2021-01-01,14.046086956521739,0.10339999999999998,0.10339999999999998,0.10339999999999998,0.20598173515981735,1.0,6.433333333333334,0.0,2.037946305046055,0.0,37,50.0,0,Sector_1,Ministry_5,Agency_30,0,0,0,0,0,0,0
PRJ-D9BEF80F,2021-01-01,0.513763277693478,0.06663793103448279,0.07667621776504298,0.08419243986254296,0.07678507992895203,0.5,28.966666666666665,0.0,1.8198351412961413,0.405730659025788,57,116.4,0,Sector_8,Ministry_10,Agency_24,0,0,0,0,1,0,0
PRJ-DB04BC62,2021-01-01,20.970748898678416,0.06588679245283019,0.06588679245283019,0.06588679245283019,0.13710280373831776,1.0,2.533333333333333,0.0,1.092232921721656,0.0,177,265.0,0,Sector_18,Ministry_7,Agency_14,0,0,0,0,0,1,0
PRJ-DB92E673,2021-01-01,18.798223844282234,0.05232653061224487,0.0773469387755102,0.0773469387755102,0.1790104166666667,1.0,28.266666666666666,0.0,1.0560001683544356,0.35625850340136056,61,245.0,1,Sector_11,Ministry_5,Agency_38,0,0,0,0,0,1,1
PRJ-DBB91FFD,2021-01-01,-1.289230769230766,0.0702409638554217,0.0702409638554217,0.0702409638554217,0.05594202898550725,0.5,43.166666666666664,0.0,1.0811908124433054,0.0,16,249.0,0,Sector_19,Ministry_1,Agency_35,0,0,0,0,0,0,0
PRJ-DBC18EBD,2021-01-01,10.098121546961327,0.0,0.0,0.0,0.07704347826086956,1.0,32.266666666666666,0.0,6.833383940073757,0.0,65,0.0,0,Sector_7,Ministry_1,Agency_21,0,0,0,0,0,0,0
PRJ-DC4EB563,2021-01-01,11.287582938388631,0.1642168674698795,0.06839999999999999,0.09479041916167663,0.14491803278688525,1.0,13.8,0.0,1.141819800600684,0.5534,0,83.5,0,Sector_15,Ministry_2,Agency_9,0,0,0,0,0,1,0
PRJ-DCADA08B,2021-01-01,11.69239346176299,0.0,0.0,0.0,0.06634196185286104,1.0,40.93333333333333,0.0,5.370628751135031,0.0,40,0.0,0,Sector_10,Ministry_8,Agency_17,0,0,0,0,0,1,0
PRJ-DCC67C2C,2021-01-01,2.564586994727591,0.0,0.0,0.0,0.18071705426356588,1.0,5.4,0.0,1.6638430918832554,0.0,10,0.0,0,Sector_19,Ministry_1,Agency_24,0,0,0,0,0,0,0
PRJ-DD057A30,2021-01-01,25.230000000000004,-0.02434343434343445,0.06909395973154361,0.07530201342281878,999.0,1.0,22.966666666666665,76.21209504305557,1.8560211920898348,0.7125838926174499,95,99.25,1,Sector_20,Ministry_4,Agency_12,0,0,0,0,1,1,0
PRJ-DDEAE812,2021-01-01,-1.3762379421221809,0.05414062499999997,0.06098958333333332,0.06098958333333332,0.06295677799607073,0.25,32.2,0.0,0.8911658144740022,0.269609375,26,128.0,0,Sector_1,Ministry_3,Agency_36,0,0,0,0,0,0,0
PRJ-DE0C3B5B,2021-01-01,-6.677971602434077,0.23494845360824743,0.23494845360824743,0.23494845360824743,0.1790747330960854,0.0,0.0,0.0,0.922558560800807,0.0,18,97.0,0,Sector_2,Ministry_2,Agency_23,0,0,0,0,0,0,0
PRJ-DE610DBC,2021-01-01,-0.10666666666666913,0.19869565217391305,0.1836727272727273,0.1836727272727273,0.13301204819277107,0.25,13.9,0.0,1.95984734884213,0.5832363636363637,52,91.66666666666667,0,Sector_3,Ministry_7,Agency_24,0,0,0,0,1,0,0
PRJ-DEBC1D62,2021-01-01,3.2460563380281684,0.0,0.0,0.0,0.1836941176470588,0.0,0.0,0.0,0.5904649555385559,0.0,41,0.0,0,Sector_14,Ministry_2,Agency_4,0,0,0,0,0,0,0
PRJ-DEC1CC08,2021-01-01,27.426541019955653,0.0,0.0,0.0,0.08557142857142858,1.0,4.7,0.0,0.5523548815104842,0.0,393,0.0,0,Sector_15,Ministry_3,Agency_20,0,0,0,0,0,1,0
PRJ-DED911C7,2021-01-01,0.9000000000000057,0.16910256410256408,0.2218965517241379,0.2178036175710594,999.0,0.5,8.0,84.35827591732094,1.8665883244559687,3.3882327586206897,472,77.4,0,Sector_9,Ministry_9,Agency_3,0,0,0,0,1,0,0
PRJ-DF3E0C25,2021-01-01,7.095778251599157,0.16147058823529412,0.08722222222222219,0.1076797385620915,0.2716279069767443,0.5,18.8,0.0,0.9906096677527545,0.8674836601307189,79,102.0,0,Sector_3,Ministry_5,Agency_46,0,0,0,0,0,0,0
PRJ-DF7F1ADB,2021-01-01,-5.322465245597769,0.10421052631578953,0.12219081272084804,0.09860424028268551,0.06733333333333334,0.5555555555555556,21.7,0.0,0.8331117122988839,0.15173144876325087,20,94.375,0,Sector_14,Ministry_8,Agency_40,0,0,0,0,0,0,0
PRJ-DFDA74CA,2021-01-01,0.23999999999999488,0.18874999999999997,0.1358421052631579,0.14680738786279685,999.0,1.0,7.766666666666667,0.0,0.9722566723525219,0.8316315789473684,186,63.111111111111114,1,Sector_12,Ministry_7,Agency_49,0,0,0,0,0,1,1
PRJ-DFE18C84,2021-01-01,11.711414427157003,0.10356321839080458,0.06927342256214149,0.06927342256214149,0.08998355263157895,1.0,33.3,0.0,1.2334627235555047,0.0,22,261.5,0,Sector_13,Ministry_5,Agency_4,0,0,0,0,0,1,1
PRJ-E053F8F9,2021-01-01,32.79782608695652,0.07383419689119171,0.07383419689119171,0.07383419689119171,0.19639037433155082,1.0,18.833333333333332,0.0,0.8337044900814715,0.0,161,193.0,0,Sector_7,Ministry_4,Agency_29,0,0,0,0,1,1,0
PRJ-E1290BAF,2021-01-01,0.0,0.15229166666666671,0.20944055944055945,0.21905511811023623,0.0,0.4,7.8,125.93395374406096,2.2006282640279577,5.6907342657342666,19,95.25,0,Sector_11,Ministry_8,Agency_13,0,0,0,0,1,0,0
PRJ-E15AE1B1,2021-01-01,10.216775777414085,0.1809401709401709,0.15738197424892705,0.15738197424892705,0.21475000000000002,0.6666666666666666,8.233333333333333,0.0,1.9242617581635986,0.0,62,116.5,0,Sector_2,Ministry_10,Agency_20,0,0,0,0,1,0,0
PRJ-E1F4E4AA,2021-01-01,4.479470899470897,0.07978260869565218,0.07978260869565218,0.07978260869565218,0.07058589870903674,0.0,0.0,0.0,1.2388868407819063,0.0,137,184.0,0,Sector_7,Ministry_10,Agency_33,0,0,0,0,1,0,1
PRJ-E258A004,2021-01-01,-1.7371419053964061,0.08145539906103287,0.08145539906103287,0.08145539906103287,0.06495192307692307,0.0,0.0,0.0,0.6267586966956938,0.0,35,213.0,0,Sector_11,Ministry_3,Agency_41,0,0,0,0,0,0,0
PRJ-E2734A89,2021-01-01,0.0,0.15839999999999993,0.17839285714285716,0.1638255033557047,0.0,1.0,8.666666666666666,0.0,1.0218878629435977,0.6207589285714287,103,74.42857142857143,1,Sector_6,Ministry_1,Agency_7,0,0,0,0,0,1,1
PRJ-E28027E1,2021-01-01,0.0,0.11649999999999991,0.1078888888888889,0.15147222222222223,0.0,0.18181818181818182,7.1,0.0,0.9874747474747475,0.40016666666666684,412,60.0,0,Sector_2,Ministry_10,Agency_45,0,0,0,0,0,0,0
PRJ-E343C6D3,2021-01-01,1.3499999999999943,0.3948000000000002,0.18320000000000003,0.21344481605351173,999.0,0.25,1.9666666666666666,0.0,1.05137727220477,0.7659999999999976,329,49.857142857142854,0,Sector_16,Ministry_6,Agency_38,0,0,0,0,0,0,0
PRJ-E36E5325,2021-01-01,31.92,0.0938392857142857,0.11857566765578634,0.10522281639928699,999.0,1.0,10.233333333333333,120.19190517108423,1.9241430603714957,2.0396735905044507,28,112.2,1,Sector_14,Ministry_4,Agency_37,0,0,0,0,1,1,0
PRJ-E3715891,2021-01-01,-5.827241379310344,0.12641304347826088,0.08664850136239784,0.08664850136239784,0.05416515426497277,0.6666666666666666,40.86666666666667,0.0,0.7568685228579537,0.0,30,183.5,0,Sector_1,Ministry_7,Agency_7,0,0,0,0,0,0,1
PRJ-E39A33A8,2021-01-01,3.3430434782608742,0.11244274809160303,0.10880102040816327,0.10880102040816327,0.11753968253968254,1.0,19.3,0.0,0.9965486341003946,0.7150255102040817,20,130.66666666666666,0,Sector_5,Ministry_7,Agency_33,0,0,0,0,0,0,0
PRJ-E3A61821,2021-01-01,3.359592215013901,0.12348837209302324,0.12005813953488371,0.12005813953488371,0.09702457956015524,1.0,21.0,0.0,1.077916717793122,0.0,49,86.0,0,Sector_4,Ministry_7,Agency_47,0,0,0,0,0,0,0
PRJ-E3C2F955,2021-01-01,3.6099999999999994,0.06000000000000002,0.16180851063829788,0.13992021276595745,999.0,0.4,8.566666666666666,0.0,1.0142552160411158,2.7941489361702123,156,62.666666666666664,0,Sector_13,Ministry_9,Agency_5,0,0,0,0,0,0,0
PRJ-E43A25F8,2021-01-01,0.0,0.23926315789473687,0.11063380281690141,0.13091710758377426,0.0,0.375,8.033333333333333,0.0,0.9322367244770249,0.4214436619718311,34,94.57142857142857,0,Sector_16,Ministry_6,Agency_30,0,0,0,0,0,0,0
PRJ-E4568795,2021-01-01,4.040664294187426,0.06682926829268292,0.06682926829268292,0.06682926829268292,0.06246875,0.5,40.6,0.0,0.6790088028616621,0.0,79,164.0,0,Sector_9,Ministry_5,Agency_24,0,0,0,0,0,0,0
PRJ-E4850FFA,2021-01-01,4.461735722284434,0.21100000000000002,0.21100000000000002,0.21100000000000002,0.118793893129771,0.5,16.066666666666666,0.0,2.0813833179001464,0.0,78,80.0,0,Sector_7,Ministry_5,Agency_28,0,0,0,0,1,0,0
PRJ-E4CB1EDE,2021-01-01,-2.6064516129032214,0.1363461538461538,0.11423566878980891,0.11423566878980891,0.09620141342756185,0.75,20.4,0.0,0.8598591839497334,0.6495859872611465,8,104.66666666666667,0,Sector_1,Ministry_9,Agency_15,0,0,0,0,0,0,1
PRJ-E4D353EB,2021-01-01,10.580461893764436,0.0529775280898876,0.08065420560747662,0.08788218793828892,0.11896825396825399,0.8,30.133333333333333,0.0,1.0154433202180686,1.5043364485981308,156,178.25,0,Sector_16,Ministry_9,Agency_30,0,0,0,0,0,0,0
PRJ-E596DAC1,2021-01-01,-5.849523809523809,0.0,0.0,0.0,0.05571056062581487,0.0,0.0,0.0,0.3945205811739534,0.0,7,0.0,0,Sector_4,Ministry_2,Agency_19,0,0,0,0,1,0,0
PRJ-E60CF6DA,2021-01-01,5.9730061349693315,0.17899999999999996,0.10278008298755185,0.0626791277258567,0.11417165668662675,0.4,14.466666666666667,0.0,1.1934239395910304,1.6930290456431534,76,80.25,0,Sector_7,Ministry_4,Agency_17,0,0,0,0,0,0,0
PRJ-E613B135,2021-01-01,2.944002998500748,0.0,0.0,0.0,0.1549403747870528,1.0,9.233333333333333,0.0,0.7578813264783044,0.0,22,0.0,0,Sector_7,Ministry_6,Agency_49,0,0,0,0,1,0,0
PRJ-E63084DD,2021-01-01,9.61850672328379,0.0,0.0,0.0,0.08002887391722811,1.0,32.7,0.0,0.9155381559770182,0.0,92,0.0,0,Sector_16,Ministry_2,Agency_34,0,0,0,0,0,0,0
PRJ-E6A4E358,2021-01-01,0.0,0.13691588785046735,0.11373040752351098,0.12498432601880877,0.0,0.5,14.833333333333334,0.0,0.9080876101078122,1.2051724137931032,233,106.28571428571429,0,Sector_10,Ministry_5,Agency_48,0,0,0,0,0,0,0
PRJ-E773343A,2021-01-01,0.0,0.12159090909090896,0.2054545454545455,0.21954545454545454,0.0,0.3,2.6,122.09265053804472,2.16840418224834,2.4790151515151515,456,44.0,0,Sector_20,Ministry_5,Agency_39,0,0,0,0,1,0,0
PRJ-E78787A2,2021-01-01,0.8856037840845872,0.09372670807453418,0.07641821946169773,0.06588509316770186,0.05664785553047404,0.8,43.46666666666667,0.0,0.9485648647200488,1.3095859213250518,106,161.0,0,Sector_8,Ministry_10,Agency_4,0,0,0,0,0,0,0
PRJ-E7BCBA7E,2021-01-01,34.92,-0.01887850467289716,0.08139318885448917,0.06831007751937986,999.0,1.0,24.066666666666666,19.10466988727858,1.4391800207251426,0.21653250773993807,99,107.57142857142857,1,Sector_1,Ministry_3,Agency_21,0,0,0,0,1,1,0
PRJ-E8A56561,2021-01-01,12.848782657031684,0.027439024390243903,0.055081300813008126,0.055081300813008126,0.07174842767295597,1.0,44.0,0.0,1.9556777987188456,1.3299864498644987,20,246.0,0,Sector_5,Ministry_6,Agency_5,0,0,0,0,1,1,1
PRJ-E8F6F07D,2021-01-01,45.48102040816326,0.032948717948717954,0.032948717948717954,0.032948717948717954,0.4996236559139785,0.0,0.0,0.0,1.922663229573608,0.0,51,78.0,0,Sector_20,Ministry_7,Agency_2,0,0,0,0,0,1,0
PRJ-E9D8DE7B,2021-01-01,24.45587519025876,0.03541284403669724,0.059678899082568806,0.059678899082568806,0.1361916461916462,1.0,29.933333333333334,0.0,1.7683151464840898,0.495474006116208,35,218.0,0,Sector_8,Ministry_3,Agency_2,0,0,0,0,1,1,1
PRJ-EA76D46A,2021-01-01,-6.998661186142101,0.11852071005917156,0.08297830374753451,0.06613017751479289,0.04753993610223643,0.3333333333333333,36.43333333333333,0.0,0.6877517581082735,0.12124260355029585,63,169.0,0,Sector_8,Ministry_1,Agency_17,0,0,0,0,0,0,0
PRJ-EAB008A9,2021-01-01,15.147610062893081,0.0,0.0,0.0,0.07666363636363636,1.0,38.166666666666664,0.0,1.881693090968732,0.0,232,0.0,0,Sector_14,Ministry_6,Agency_3,0,0,0,0,0,0,0
PRJ-EAE03CDE,2021-01-01,14.360147559591375,0.06535087719298244,0.06535087719298244,0.06535087719298244,0.07382877526753864,1.0,42.0,0.0,0.9520237289880212,0.0,237,342.0,0,Sector_10,Ministry_8,Agency_21,0,0,0,0,0,0,0
PRJ-EAEEA5FB,2021-01-01,6.073320158102767,0.012499999999999935,0.20736842105263156,0.20736842105263156,0.21754098360655735,0.5,4.333333333333333,0.0,1.0235665354231365,1.1849624060150377,24,44.333333333333336,0,Sector_11,Ministry_2,Agency_20,0,0,0,0,0,0,0
PRJ-EAF93B6F,2021-01-01,2.128782849239286,0.08848837209302325,0.11282945736434108,0.11282945736434108,0.14451895043731777,0.0,0.0,0.0,0.9028711949911683,0.27922480620155044,36,86.0,0,Sector_17,Ministry_7,Agency_23,0,0,0,0,0,0,0
PRJ-EB1349F5,2021-01-01,6.278724584103514,0.07094736842105265,0.05555944055944056,0.07306479859894921,0.11321192052980132,0.625,21.8,0.0,1.0215659409060436,0.08552447552447552,19,95.14285714285714,0,Sector_15,Ministry_10,Agency_8,0,0,0,0,0,0,0
PRJ-EB8EF101,2021-01-01,8.990935550935557,0.34808510638297874,0.15095744680851064,0.15095744680851064,0.2369032258064516,0.6666666666666666,3.8333333333333335,0.0,1.1395837610411312,0.0,30,47.0,0,Sector_6,Ministry_10,Agency_28,0,0,0,0,0,0,0
PRJ-EBD81E46,2021-01-01,0.37000000000000455,0.05798507462686564,0.090125,0.09184999999999999,999.0,0.125,12.9,0.0,0.892389779124337,0.28540000000000004,23,133.28571428571428,0,Sector_2,Ministry_9,Agency_32,0,0,0,0,0,0,0
PRJ-EC8A291E,2021-01-01,1.1813793103448234,-0.06897435897435891,0.16486956521739138,0.19633187772925764,0.38428571428571395,0.25,1.9,0.0,0.9147417956132864,1.0184347826086957,0,38.09090909090909,0,Sector_12,Ministry_10,Agency_33,0,0,0,0,0,0,0
PRJ-EC8C4F5A,2021-01-01,3.271434689507494,0.0,0.0,0.0,0.11104622871046228,1.0,17.333333333333332,0.0,1.8116568443487688,0.0,29,0.0,0,Sector_10,Ministry_2,Agency_11,0,0,0,0,1,0,0
PRJ-ECC1692F,2021-01-01,8.752024013722128,0.07045138888888888,0.07045138888888888,0.07045138888888888,0.0669,0.0,0.0,0.0,0.6026969408019553,0.0,274,288.0,0,Sector_10,Ministry_8,Agency_28,0,0,0,0,0,0,0
PRJ-ED1182BD,2021-01-01,0.0,0.26285714285714296,0.16086538461538458,0.18600961538461538,0.0,0.2857142857142857,4.833333333333333,0.0,0.8898183569637212,2.9747115384615386,31,69.33333333333333,0,Sector_1,Ministry_4,Agency_6,0,0,0,0,0,0,0
PRJ-EDDA143C,2021-01-01,47.37,0.08956204379562047,0.10863746958637471,0.10863746958637471,999.0,1.0,8.866666666666667,0.0,1.0656053981247846,1.5530413625304138,80,137.0,1,Sector_3,Ministry_7,Agency_44,0,0,0,0,0,1,0
PRJ-EDDCAE27,2021-01-01,-7.71720730397422,0.21837837837837853,0.14156250000000004,0.1318526785714286,0.07371179039301308,0.1111111111111111,13.3,143.16187008965468,2.1117866149985582,2.25875,30,74.75,0,Sector_18,Ministry_9,Agency_30,0,0,0,0,1,0,0
PRJ-EE046CE9,2021-01-01,9.8496388261851,0.1573611111111111,0.12300230946882215,0.12300230946882215,0.16610810810810814,0.5,18.633333333333333,0.0,2.3450805271616826,0.7921939953810625,124,144.33333333333334,0,Sector_16,Ministry_2,Agency_17,0,0,0,0,1,0,0
PRJ-EE4A4B40,2021-01-01,25.09531548757171,-0.04046153846153861,0.1044102564102564,0.13592307692307692,0.595967741935484,1.0,5.5,137.18606212848513,2.342611324224261,3.359333333333334,6,65.0,1,Sector_19,Ministry_10,Agency_37,0,0,0,0,1,1,0
PRJ-EECC0872,2021-01-01,7.451605074462222,0.055476190476190464,0.06573412698412698,0.06573412698412698,0.06305084745762712,1.0,44.8,0.0,0.8740591393185202,0.0,113,252.0,0,Sector_9,Ministry_6,Agency_21,0,0,0,0,0,0,0
PRJ-EF1F3FDC,2021-01-01,2.139253830779481,0.0,0.0,0.0,0.06842905405405406,0.0,0.0,0.0,0.5984881557120016,0.0,105,0.0,0,Sector_5,Ministry_7,Agency_5,0,0,0,0,0,0,0
PRJ-EFB0C6D3,2021-01-01,-1.8692327203551073,0.06460629921259844,0.07796844181459567,0.07796844181459567,0.061075,0.3333333333333333,37.833333333333336,0.0,1.0117558487372251,0.0,17,253.5,0,Sector_3,Ministry_7,Agency_30,0,0,0,0,0,0,0
PRJ-EFE022A0,2021-01-01,4.871176470588232,0.12450549450549453,0.07351648351648352,0.07351648351648352,0.1051608187134503,0.3333333333333333,17.833333333333332,0.0,0.7542353908794983,0.0,64,91.0,0,Sector_7,Ministry_7,Agency_11,0,0,0,0,0,0,0
PRJ-F00CD484,2021-01-01,0.8247646493756022,0.1687096774193548,0.10548042704626333,0.1017948717948718,0.0979232505643341,0.8333333333333334,20.566666666666666,0.0,0.905702792364481,1.0725266903914588,37,93.6,0,Sector_9,Ministry_1,Agency_48,0,0,0,0,0,0,0
PRJ-F044ED54,2021-01-01,2.537850467289715,0.04935849056603774,0.04935849056603774,0.04935849056603774,0.06477162293488825,0.0,0.0,0.0,1.1214269461179223,0.0,46,265.0,0,Sector_15,Ministry_2,Agency_4,0,0,0,0,0,0,0
PRJ-F07D3FEF,2021-01-01,25.691053677932405,0.07472636815920398,0.07472636815920398,0.07472636815920398,0.15204918032786885,1.0,21.366666666666667,0.0,1.160440583378616,0.0,117,201.0,0,Sector_10,Ministry_6,Agency_26,0,0,0,0,0,1,0
PRJ-F0CAFFEA,2021-01-01,0.0,0.08916201117318433,0.10985074626865672,0.10753501400560224,0.0,0.2,9.3,0.0,0.9142243630665661,0.3205037313432836,181,178.5,0,Sector_12,Ministry_3,Agency_7,0,0,0,0,0,0,0
PRJ-F1059436,2021-01-01,0.0,0.11919191919191917,0.168013468013468,0.13915824915824915,0.0,0.2857142857142857,8.3,0.0,1.0338537397792917,2.2542087542087543,362,99.0,0,Sector_20,Ministry_8,Agency_8,0,0,0,0,0,0,0
PRJ-F10F560F,2021-01-01,11.654792514239219,0.042471910112359526,0.0695318352059925,0.0695318352059925,0.10605932203389831,1.0,23.733333333333334,0.0,0.8074144940208231,0.5187078651685394,46,178.0,1,Sector_5,Ministry_1,Agency_13,0,0,0,0,0,1,0
PRJ-F113DF8E,2021-01-01,3.590612244897958,0.0736842105263158,0.0736842105263158,0.0736842105263158,0.08541622760800843,1.0,27.3,0.0,1.314263362641428,0.0,10,133.0,0,Sector_17,Ministry_10,Agency_11,0,0,0,0,0,0,0
PRJ-F1159D82,2021-01-01,7.3565203073545575,0.0,0.0,0.0,0.0603019145802651,1.0,3.2333333333333334,0.0,0.7277945158023735,0.0,107,0.0,0,Sector_11,Ministry_6,Agency_36,0,0,0,0,0,1,1
PRJ-F166D133,2021-01-01,0.0,0.3006382978723403,0.2553900709219858,0.1998581560283688,0.0,0.36363636363636365,2.6666666666666665,0.0,0.953766042499474,0.37687943262411355,297,47.0,0,Sector_16,Ministry_5,Agency_46,0,0,0,0,0,0,0
PRJ-F1CADA3E,2021-01-01,6.340000000000003,0.07746478873239436,0.14455399061032864,0.15134117647058823,999.0,1.0,5.2,0.0,0.9317721390135005,0.7531455399061031,166,70.85714285714286,1,Sector_5,Ministry_4,Agency_1,0,0,0,0,0,1,1
PRJ-F22E2937,2021-01-01,6.734082313681874,0.02527397260273971,0.07059225512528473,0.053060109289617484,0.06426187419768935,0.6666666666666666,38.96666666666667,0.0,1.0612386154612132,0.9173348519362188,141,146.4,0,Sector_5,Ministry_3,Agency_5,0,0,0,0,0,0,0
PRJ-F235EAC3,2021-01-01,0.0,0.08082568807339452,0.10241590214067277,0.11398162327718224,0.0,1.0,17.2,136.621155488515,2.312158250241235,5.664984709480121,199,108.85714285714286,1,Sector_9,Ministry_5,Agency_27,0,0,0,0,1,1,1
PRJ-F242499F,2021-01-01,16.22826086956522,0.06157068062827224,0.06556719022687608,0.06556719022687608,0.10977011494252874,0.75,26.866666666666667,0.0,2.258475624464541,7.25326352530541,181,191.0,0,Sector_9,Ministry_7,Agency_18,0,0,0,0,1,0,0
PRJ-F2594B9A,2021-01-01,-0.8445945945945965,0.20553191489361694,0.17375886524822695,0.19619217081850535,0.0,0.5,6.1,0.0,0.8995531377501457,0.9451773049645389,26,46.81818181818182,0,Sector_4,Ministry_2,Agency_40,0,0,0,0,0,0,0
PRJ-F267BAAE,2021-01-01,13.68858482523444,0.06448648648648649,0.06448648648648649,0.06448648648648649,0.10277848911651728,1.0,26.233333333333334,0.0,2.1259423352938644,0.0,22,185.0,0,Sector_5,Ministry_7,Agency_3,0,0,0,0,1,1,0
PRJ-F27B90E5,2021-01-01,9.622750233863414,0.01923809523809527,0.13133333333333336,0.09000000000000001,0.12918518518518518,0.5714285714285714,22.1,0.0,0.974535118904422,0.21349206349206348,64,105.0,0,Sector_10,Ministry_5,Agency_33,0,0,0,0,0,0,0
PRJ-F2ABADA3,2021-01-01,9.857954173486087,0.0,0.0,0.0,0.1823719165085389,1.0,8.333333333333334,0.0,3.241822830301351,0.0,29,0.0,0,Sector_15,Ministry_2,Agency_16,0,0,0,0,1,0,0
PRJ-F3045F9C,2021-01-01,12.159999999999997,0.017252747252747332,0.1193357933579336,0.17588495575221239,999.0,0.5,10.633333333333333,0.0,1.190555503530629,2.076937269372694,221,90.4,0,Sector_8,Ministry_1,Agency_25,0,0,0,0,0,0,0
PRJ-F32E8A83,2021-01-01,10.841413043478255,0.0971966527196653,0.0837866108786611,0.0837866108786611,0.08790055248618783,0.6666666666666666,34.9,0.0,0.8579773724555091,0.0,212,239.0,0,Sector_4,Ministry_6,Agency_14,0,0,0,0,0,0,0
PRJ-F380C4AF,2021-01-01,8.535583160800552,0.0,0.0,0.0,0.07583067092651757,1.0,33.5,0.0,1.1853961336998398,0.0,58,0.0,0,Sector_10,Ministry_8,Agency_14,0,0,0,0,0,0,0
PRJ-F3901E5E,2021-01-01,4.140000000000001,0.024249999999999973,0.11405857740585776,0.08535564853556485,999.0,0.4166666666666667,14.433333333333334,0.0,0.88442529473593,0.47552301255230117,127,79.72727272727273,0,Sector_20,Ministry_9,Agency_33,0,0,0,0,0,0,0
PRJ-F3F6C259,2021-01-01,6.1823809523809565,0.07818840579710144,0.07960144927536232,0.07960144927536232,0.06495171202809483,0.6666666666666666,39.333333333333336,0.0,0.9989808833573851,0.0,127,138.0,0,Sector_3,Ministry_1,Agency_15,0,0,0,0,0,0,0
PRJ-F452E130,2021-01-01,17.735575304022454,0.07427480916030532,0.08377551020408164,0.06917782026768643,0.14407407407407408,1.0,19.766666666666666,0.0,0.9502159345840571,0.16974489795918368,65,130.75,1,Sector_5,Ministry_6,Agency_45,0,0,0,0,0,1,0
PRJ-F47D846F,2021-01-01,5.716616541353382,0.0,0.0,0.0,0.10079856972586411,0.0,0.0,0.0,0.8557548895412055,0.0,76,0.0,0,Sector_1,Ministry_4,Agency_27,0,0,0,0,0,0,0
PRJ-F4A40605,2021-01-01,20.83989010989011,0.021993127147766318,0.021993127147766318,0.021993127147766318,0.0988840579710145,0.5,25.133333333333333,0.0,1.0268956068757338,0.0,185,291.0,0,Sector_7,Ministry_5,Agency_43,0,0,0,0,0,0,0
PRJ-F4B3E50E,2021-01-01,28.743396226415097,-0.03058823529411764,0.030245098039215684,0.030245098039215684,0.1236180904522613,1.0,22.466666666666665,0.0,3.0106718530587826,0.0,116,204.0,0,Sector_14,Ministry_2,Agency_20,0,0,0,0,1,1,0
PRJ-F4FA9B03,2021-01-01,18.849095283926857,0.06490196078431372,0.06490196078431372,0.06490196078431372,0.13889140271493214,0.5,16.8,0.0,0.874618347574868,0.0,189,204.0,0,Sector_12,Ministry_6,Agency_43,0,0,0,0,0,0,0
PRJ-F5CC3E60,2021-01-01,17.972617449664426,0.0,0.0,0.0,0.1422673434856176,1.0,18.866666666666667,0.0,1.3310117480574308,0.0,56,0.0,0,Sector_9,Ministry_8,Agency_27,0,0,0,0,1,1,1
PRJ-F6296A8D,2021-01-01,-2.110039840637455,0.28692307692307706,0.1800862068965518,0.20223175965665238,0.18391304347826085,0.4444444444444444,3.3666666666666667,35.9395640686922,1.302393598282376,1.2182758620689655,15,38.875,0,Sector_18,Ministry_5,Agency_40,0,0,0,0,1,0,0
PRJ-F629D7EE,2021-01-01,0.0,0.1963953488372093,0.14961089494163426,0.14717348927875243,0.0,0.375,11.1,0.0,1.011492871194819,6.147548638132297,76,85.57142857142857,0,Sector_17,Ministry_3,Agency_33,0,0,0,0,0,0,0
PRJ-F64943E9,2021-01-01,0.0,0.10930000000000006,0.03531772575250837,0.10939799331103679,0.0,0.3333333333333333,10.966666666666667,77.97935794572041,1.7156800573492514,2.1832441471571906,94,99.75,0,Sector_4,Ministry_9,Agency_12,0,0,0,0,1,0,0
PRJ-F7184E14,2021-01-01,37.1305435801312,0.06545787545787544,0.06545787545787544,0.06545787545787544,0.19686111111111113,1.0,23.466666666666665,0.0,1.2455706163404865,0.0,162,273.0,0,Sector_4,Ministry_4,Agency_49,0,0,0,0,0,1,0
PRJ-F73D6E06,2021-01-01,1.7308708357685596,0.07334782608695652,0.07334782608695652,0.07334782608695652,0.05983896940418679,1.0,41.7,0.0,0.687793764575956,0.0,10,230.0,0,Sector_19,Ministry_6,Agency_10,0,0,0,0,0,1,1
PRJ-F74A8A2C,2021-01-01,7.793903404592241,0.0,0.0,0.0,0.0866923818707811,0.0,0.0,0.0,0.9236403092364031,0.0,105,0.0,0,Sector_3,Ministry_8,Agency_27,0,0,0,0,1,0,0
PRJ-F7882DBE,2021-01-01,7.954170616113744,0.0,0.0,0.0,0.06501815541031228,1.0,41.233333333333334,0.0,1.3159541962206716,0.0,47,0.0,0,Sector_14,Ministry_8,Agency_8,0,0,0,0,0,1,1
PRJ-F7C20964,2021-01-01,14.122933499067745,0.0,0.0,0.0,0.0758486905916586,0.0,0.0,0.0,1.2303599518184622,0.0,263,0.0,0,Sector_8,Ministry_6,Agency_49,0,0,0,0,1,0,0
PRJ-F80ADA62,2021-01-01,8.624164859002171,0.07895953757225434,0.07895953757225434,0.07895953757225434,0.08112474437627812,1.0,31.5,0.0,0.7139361776153687,0.0,60,173.0,0,Sector_17,Ministry_9,Agency_26,0,0,0,0,0,1,1
PRJ-F84FB572,2021-01-01,6.145185185185184,0.0,0.0,0.0,0.08906490649064908,0.0,0.0,0.0,0.3522598091893659,0.0,107,0.0,0,Sector_17,Ministry_6,Agency_8,0,0,0,0,0,0,0
PRJ-F8B913A0,2021-01-01,-8.310248756218911,0.24172413793103442,0.28325581395348837,0.28452961672473864,0.041000000000000016,0.5,3.933333333333333,0.0,1.0484419110206347,0.7427906976744186,18,57.4,0,Sector_16,Ministry_9,Agency_19,0,0,0,0,0,0,0
PRJ-F8F05C0C,2021-01-01,0.0,0.12182926829268287,0.29745901639344263,0.2520923076923077,0.0,0.4,6.466666666666667,0.0,0.980289572940747,0.20315573770491802,314,81.25,0,Sector_10,Ministry_10,Agency_14,0,0,0,0,0,0,0
PRJ-F90026C5,2021-01-01,3.7099999999999937,-0.017558139534883613,0.10268482490272374,0.12793774319066148,999.0,0.3333333333333333,10.533333333333333,70.5616692007768,1.7790095178228666,1.4111673151750976,270,85.75,0,Sector_2,Ministry_10,Agency_43,0,0,0,0,1,0,0
PRJ-F9438B61,2021-01-01,-6.520420757363254,0.08598290598290598,0.1135243553008596,0.1135243553008596,0.06329140461215933,0.25,31.6,0.0,0.7110880070670358,0.8363037249283668,7,116.33333333333333,0,Sector_14,Ministry_7,Agency_23,0,0,0,0,0,0,1
PRJ-F9821743,2021-01-01,13.955163204747777,0.17656250000000004,0.16223776223776223,0.16223776223776223,0.2075,0.75,12.266666666666667,0.0,2.858951154892887,3.22541958041958,57,95.33333333333333,0,Sector_10,Ministry_1,Agency_3,0,0,0,0,1,0,0
PRJ-F9BE60CF,2021-01-01,-5.476601705237506,0.09366459627329192,0.07573643410852712,0.07573643410852712,0.05276374442793463,0.6666666666666666,38.8,0.0,1.2891622888681422,0.0,2,322.5,0,Sector_2,Ministry_4,Agency_17,0,0,0,0,0,0,0
PRJ-F9D248C8,2021-01-01,-12.649113924050624,0.6587878787878786,0.4416161616161615,0.3545454545454545,0.1315384615384616,0.5,1.0,0.0,0.7990102591810395,0.7932323232323234,28,33.0,0,Sector_19,Ministry_5,Agency_27,0,0,0,0,0,0,0
PRJ-FA59675F,2021-01-01,-9.601986531986526,0.09890756302521005,0.09508426966292133,0.07896213183730715,0.04296954314720814,0.5555555555555556,33.4,0.0,0.9847496958571683,0.38443820224719105,22,118.875,0,Sector_3,Ministry_6,Agency_39,0,0,0,0,0,0,1
PRJ-FAA4A1CF,2021-01-01,-13.584426852438249,0.16762331838565023,0.16762331838565023,0.16762331838565023,0.05052780395852969,1.0,37.8,0.0,1.0320524071356214,0.0,72,223.0,0,Sector_6,Ministry_2,Agency_37,0,0,0,0,0,1,1
PRJ-FAE0C502,2021-01-01,-5.019031719532556,0.19694444444444445,0.18814814814814815,0.18814814814814815,0.15064935064935064,0.25,8.0,0.0,0.8538663678622749,0.39273148148148146,3,72.0,0,Sector_9,Ministry_9,Agency_21,0,0,0,0,0,0,0
PRJ-FB31F114,2021-01-01,0.0,0.10615384615384607,0.21608974358974356,0.18208333333333335,0.0,0.6363636363636364,6.566666666666666,0.0,0.9658730645722117,1.2377564102564105,142,52.0,0,Sector_6,Ministry_3,Agency_31,0,0,0,0,0,0,0
PRJ-FBA86C86,2021-01-01,14.438444580526642,0.027744360902255624,0.03547738693467336,0.054268476621417795,0.08061744966442953,0.5,37.9,0.0,1.1470306905370375,1.6514070351758794,93,132.6,0,Sector_7,Ministry_3,Agency_43,0,0,0,0,0,0,0
PRJ-FBE8ED94,2021-01-01,-0.37058041112454987,0.17812499999999998,0.06640625,0.06640625,0.12031147540983607,0.3333333333333333,12.0,0.0,1.1964105440920598,0.0,25,64.0,0,Sector_1,Ministry_2,Agency_35,0,0,0,0,1,0,0
PRJ-FBF24A77,2021-01-01,8.828860759493672,0.05143678160919542,0.06261950286806883,0.04830703012912482,0.07619883040935672,0.6,32.96666666666667,0.0,2.163451723283652,0.5081070745697897,25,174.25,0,Sector_7,Ministry_1,Agency_5,0,0,0,0,1,0,0
PRJ-FC364547,2021-01-01,3.280203813280739,0.07956204379562043,0.07956204379562043,0.07956204379562043,0.06869604316546762,0.0,0.0,0.0,1.0194089273450218,0.0,135,137.0,0,Sector_14,Ministry_7,Agency_9,0,0,0,0,0,0,0
PRJ-FC82B765,2021-01-01,6.849999999999994,0.06136363636363639,0.08981450252951097,0.09482932996207333,999.0,0.6,22.333333333333332,0.0,1.0708607907099956,0.1972175379426644,100,197.75,0,Sector_19,Ministry_7,Agency_43,0,0,0,0,0,0,0
PRJ-FCE189AF,2021-01-01,-4.43162790697675,0.29430379746835444,0.09829787234042554,0.1614376996805112,0.12376470588235293,0.6,12.666666666666666,0.0,0.9365886746483897,0.8102978723404255,0,78.25,0,Sector_2,Ministry_9,Agency_10,0,0,0,0,0,0,0
PRJ-FD00D456,2021-01-01,8.145115207373273,0.2611111111111111,0.13657407407407407,0.13657407407407407,0.13937685459940652,0.5,17.333333333333332,0.0,0.9136123115634617,0.038456790123456784,99,108.0,0,Sector_19,Ministry_5,Agency_29,0,0,0,0,0,0,0
PRJ-FD054A11,2021-01-01,8.80507853403141,0.07796875000000003,0.12809895833333332,0.0941015625,0.1436725663716814,0.6,16.766666666666666,0.0,0.8611309627283205,0.07739583333333333,89,128.0,0,Sector_7,Ministry_6,Agency_46,0,0,0,0,0,0,0
PRJ-FD182EC7,2021-01-01,1.6766171792152704,0.0940782122905028,0.0940782122905028,0.0940782122905028,0.10923809523809525,0.0,0.0,0.0,0.8489928418881055,0.0,61,179.0,0,Sector_13,Ministry_4,Agency_13,0,0,0,0,0,0,0
PRJ-FD84E8C9,2021-01-01,4.041188118811874,0.08091954022988512,0.09602316602316605,0.11949806949806951,0.9319999999999993,0.3333333333333333,7.0,101.78775199695703,2.1480249301752266,0.055907335907335924,27,86.25,0,Sector_15,Ministry_10,Agency_45,0,0,0,0,1,0,0
PRJ-FD96DFEE,2021-01-01,-1.9775409836065592,0.10740585774058578,0.09392757660167131,0.09392757660167131,0.0719289340101523,0.5,27.533333333333335,0.0,1.0038149963700187,1.3571309192200556,66,239.33333333333334,0,Sector_3,Ministry_9,Agency_15,0,0,0,0,0,0,0
PRJ-FD9A3486,2021-01-01,0.27585365853657606,0.24700000000000005,0.15425619834710744,0.18656346749226008,0.1536986301369863,0.6,11.133333333333333,0.0,0.8904524497957239,1.4078512396694214,34,80.75,0,Sector_2,Ministry_6,Agency_28,0,0,0,0,0,0,0
PRJ-FDE07F62,2021-01-01,2.820498442367601,0.051714285714285727,0.08942857142857144,0.08942857142857144,0.08202941176470588,0.5,29.066666666666666,0.0,1.0086036124575497,0.15323809523809523,45,140.0,0,Sector_7,Ministry_3,Agency_9,0,0,0,0,0,0,0
PRJ-FDF5E46D,2021-01-01,-9.712155434122643,0.10052830188679246,0.10052830188679246,0.10052830188679246,0.050945674044265594,0.0,0.0,0.0,0.9182733776759773,0.0,124,265.0,0,Sector_4,Ministry_4,Agency_46,0,0,0,0,1,0,1
PRJ-FE5BC4E4,2021-01-01,-0.7952286282306176,0.10304123711340203,0.10084337349397592,0.10649032258064517,0.0,0.4,21.833333333333332,0.0,0.8898228760132092,1.153063683304647,30,193.75,0,Sector_11,Ministry_7,Agency_38,0,0,0,0,0,0,0
PRJ-FEC5E8B2,2021-01-01,4.974444444444444,0.03779527559055116,0.08860892388451443,0.0625984251968504,0.07249641319942611,0.3333333333333333,28.266666666666666,0.0,0.8232550247995457,0.11370078740157478,71,127.0,0,Sector_4,Ministry_8,Agency_39,0,0,0,0,0,0,0
PRJ-FF3C061E,2021-01-01,21.07368536853685,0.0,0.0,0.0,0.1467247386759582,1.0,19.266666666666666,0.0,1.2879492450703445,0.0,43,0.0,0,Sector_4,Ministry_4,Agency_23,0,0,0,0,0,1,1
PRJ-FF4BFC14,2021-01-01,23.685136186770425,0.0,0.0,0.0,0.2729801324503311,1.0,2.1,0.0,0.40961110958640945,0.0,98,0.0,0,Sector_13,Ministry_3,Agency_6,0,0,0,0,0,1,0
PRJ-FFB6A52B,2021-01-01,1.5339966648137846,0.02146757679180887,0.062474402730375425,0.062474402730375425,0.05726477024070022,0.6666666666666666,44.0,0.0,1.0225600464524789,0.0,7,293.0,0,Sector_8,Ministry_7,Agency_6,0,0,0,0,0,0,0
PRJ-FFCE45B7,2021-01-01,3.769999999999996,0.15214285714285733,0.1987951807228916,0.23123867069486406,999.0,0.625,6.233333333333333,0.0,0.9730547923537829,0.7998192771084336,209,55.142857142857146,0,Sector_3,Ministry_7,Agency_15,0,0,0,0,0,0,0
PRJ-FFD7A2AB,2021-01-01,0.0,0.1777777777777778,0.0868253968253968,0.12440318302387268,0.0,0.5,11.766666666666667,0.0,0.944217843396335,0.16042328042328055,42,62.90909090909091,0,Sector_19,Ministry_6,Agency_24,0,0,0,0,0,0,0
PRJ-000BBDDE,2022-01-01,9.407715355805243,0.0,0.0,0.0,0.08348222424794895,1.0,30.566666666666666,0.0,1.60048577500759,0.0,95,0.0,0,Sector_19,Ministry_9,Agency_38,0,0,0,0,0,0,0
PRJ-0011CCE0,2022-01-01,3.6238475499092573,0.12359550561797752,0.05462406015037594,0.10392120075046904,0.09984924623115578,0.5714285714285714,21.7,0.0,0.8675970256382192,0.29973684210526325,83,88.83333333333333,0,Sector_3,Ministry_6,Agency_28,0,0,0,0,0,0,0
PRJ-0027126C,2022-01-01,-5.253978494623659,0.263006993006993,0.263006993006993,0.263006993006993,0.12177884615384614,0.5,14.866666666666667,0.0,0.7263008749040167,0.0,42,143.0,0,Sector_1,Ministry_6,Agency_41,0,0,0,0,0,0,0
PRJ-002D0DD5,2022-01-01,4.665995316159254,0.0,0.0,0.0,0.12398818316100443,1.0,0.5666666666666667,0.0,0.5973360839052018,0.0,83,0.0,0,Sector_8,Ministry_2,Agency_11,0,0,0,0,1,1,0
PRJ-004D44C1,2022-01-01,3.0799999999999983,0.07311827956989245,0.07079136690647485,0.08258992805755395,999.0,1.0,16.166666666666668,22.598353156450145,1.2129064670346206,0.08370503597122306,330,92.6,1,Sector_4,Ministry_6,Agency_17,0,0,0,0,1,1,1
PRJ-00510845,2022-01-01,3.5743835616438417,0.0825,0.07261595547309833,0.08912378303198887,0.0769833729216152,0.4,34.6,0.0,0.886947946444486,0.3680890538033395,141,179.75,0,Sector_18,Ministry_3,Agency_30,0,0,0,0,0,0,0
PRJ-007F9948,2022-01-01,0.585205091937766,0.12359477124183006,0.10257328990228012,0.10257328990228012,0.07138636363636364,0.6666666666666666,32.9,0.0,1.5229978485637852,0.0,74,153.5,0,Sector_20,Ministry_6,Agency_25,0,0,0,0,1,0,0
PRJ-00876435,2022-01-01,45.98257731958763,0.022173913043478283,0.05649068322981368,0.05649068322981368,0.41447204968944096,1.0,9.8,0.0,1.2700033081161974,0.0,132,161.0,0,Sector_14,Ministry_7,Agency_27,0,0,0,0,0,1,0
PRJ-00C603F9,2022-01-01,1.1132472324723253,0.08401869158878507,0.08527950310559007,0.08631701631701633,0.09429357798165137,0.6,17.3,0.0,1.3611607477816317,0.24419254658385092,3,107.25,0,Sector_15,Ministry_5,Agency_40,0,0,0,0,1,0,0
PRJ-00F82879,2022-01-01,-8.5651724137931,0.18808333333333327,0.08520891364902505,0.11497495826377294,0.06436853002070395,0.5,26.566666666666666,0.0,1.6000947588584469,0.21359331476323118,17,119.8,0,Sector_15,Ministry_3,Agency_28,0,0,0,0,1,0,1
PRJ-0135EFBD,2022-01-01,-0.677331334332834,0.06872727272727275,0.20353658536585367,0.14513677811550152,0.1459171597633136,0.3333333333333333,7.533333333333333,140.0966315073154,2.247034719682477,1.7642682926829263,5,54.875,0,Sector_19,Ministry_10,Agency_26,0,0,0,0,1,0,0
PRJ-0137AEED,2022-01-01,6.009930855661196,0.03762237762237764,0.08198135198135198,0.09199300699300698,0.10063829787234042,0.8,25.766666666666666,0.0,1.0560517499003912,1.6127738927738928,20,143.0,0,Sector_14,Ministry_3,Agency_7,0,0,0,0,0,0,0
PRJ-019B3AE9,2022-01-01,26.549939460649426,0.055415282392026574,0.03897009966777409,0.03897009966777409,0.11809976247030879,1.0,38.43333333333333,0.0,0.9918473648662703,2.013100775193798,193,301.0,1,Sector_2,Ministry_7,Agency_38,0,0,0,0,0,1,0
PRJ-01C99B74,2022-01-01,0.031204258150367536,0.0639676113360324,0.061832884097035044,0.061832884097035044,0.06659793814432989,0.0,0.0,0.0,1.090779812369256,0.37125336927223723,29,247.33333333333334,0,Sector_10,Ministry_7,Agency_17,0,0,0,0,0,0,0
PRJ-01F0DB82,2022-01-01,20.079973474801065,0.11979797979797979,0.11979797979797979,0.11979797979797979,0.20485611510791368,1.0,15.133333333333333,0.0,0.899831078054319,0.0,81,198.0,0,Sector_2,Ministry_9,Agency_26,0,0,0,0,0,1,0
PRJ-01FB38E7,2022-01-01,36.33034068136271,0.060077220077220085,0.047814313346228245,0.047814313346228245,0.34567567567567564,1.0,17.2,0.0,0.8391698105714818,0.0,75,258.5,0,Sector_3,Ministry_8,Agency_19,0,0,0,0,0,1,1
PRJ-023095D4,2022-01-01,0.0,0.1360504201680672,0.1099719887955182,0.09740896358543417,0.0,1.0,14.266666666666667,0.0,0.9736381736426478,2.578963585434174,376,119.0,1,Sector_11,Ministry_10,Agency_5,0,0,0,0,0,1,1
PRJ-02DAFA6E,2022-01-01,3.289537223340041,0.19263157894736843,0.19263157894736843,0.19263157894736843,0.21088235294117647,1.0,0.9333333333333333,0.0,0.7490501292104184,0.0,5,76.0,0,Sector_19,Ministry_4,Agency_38,0,0,0,0,0,1,0
PRJ-02F49C4D,2022-01-01,19.99238805970149,0.0,0.0,0.0,0.24225626740947076,1.0,2.433333333333333,0.0,0.6182176633668356,0.0,37,0.0,0,Sector_1,Ministry_4,Agency_15,0,0,0,0,0,1,0
PRJ-0315A937,2022-01-01,7.42432637571158,0.12678160919540232,0.0999230769230769,0.07424942263279445,0.11031185031185031,0.8333333333333334,18.3,0.0,2.05011892082385,0.13753846153846153,54,86.6,0,Sector_15,Ministry_7,Agency_5,0,0,0,0,1,0,0
PRJ-031EB5DA,2022-01-01,-0.2089050669772874,0.04213270142180095,0.0714691943127962,0.0714691943127962,0.058037109375,0.3333333333333333,42.1,0.0,0.7573474819368194,0.0,60,211.0,0,Sector_2,Ministry_4,Agency_5,0,0,0,0,0,0,0
PRJ-032913F4,2022-01-01,10.299014084507043,0.0,0.0,0.0,0.17893246187363834,1.0,12.066666666666666,0.0,1.3741950872013795,0.0,61,0.0,0,Sector_20,Ministry_7,Agency_8,0,0,0,0,0,0,0
PRJ-034429B1,2022-01-01,0.0,0.11899999999999993,0.10740740740740741,0.10472222222222222,0.0,0.5454545454545454,20.266666666666666,0.0,0.9445738957612309,0.7634074074074072,351,90.0,0,Sector_2,Ministry_5,Agency_28,0,0,0,0,0,0,0
PRJ-03A2FBCC,2022-01-01,0.0,0.06094339622641511,0.07221383647798742,0.08270754716981132,0.0,0.4,30.866666666666667,28.17484185419476,1.1834491340869024,0.9004402515723271,25,265.0,0,Sector_11,Ministry_9,Agency_25,0,0,0,0,1,0,0
PRJ-03DC3586,2022-01-01,3.8700000000000045,0.11363636363636363,0.18066666666666667,0.19382978723404254,999.0,0.6666666666666666,4.933333333333334,0.0,1.003041903272117,0.19218181818181818,499,54.875,0,Sector_7,Ministry_9,Agency_22,0,0,0,0,0,0,0
PRJ-03EE6869,2022-01-01,4.7404278074866255,0.08058823529411764,0.0627450980392157,0.0627450980392157,0.08819819819819819,0.5,25.933333333333334,0.0,1.016010353601867,0.07259515570934255,118,289.0,0,Sector_19,Ministry_3,Agency_34,0,0,0,0,0,0,0
PRJ-040222B4,2022-01-01,50.40666666666667,-0.05544117647058823,0.025184275184275174,0.06677716390423573,0.5901851851851853,1.0,30.466666666666665,0.0,1.1988485245086467,0.2972481572481573,24,135.75,1,Sector_15,Ministry_8,Agency_8,0,0,0,0,1,1,0
PRJ-0402B11D,2022-01-01,3.338701298701295,0.14410714285714285,0.14410714285714285,0.14410714285714285,0.08559681697612731,0.5,28.2,0.0,1.4435756717090902,0.0,143,168.0,0,Sector_10,Ministry_5,Agency_49,0,0,0,0,0,0,0
PRJ-0422AF59,2022-01-01,14.380806241872563,0.028115183246073303,0.028115183246073303,0.028115183246073303,0.07963414634146342,0.5,31.466666666666665,0.0,0.8326486011240468,0.0,172,191.0,0,Sector_20,Ministry_10,Agency_6,0,0,0,0,0,0,0
PRJ-0453C6AD,2022-01-01,35.93000000000001,0.19031249999999997,0.15315624999999997,0.15315624999999997,999.0,1.0,9.7,0.0,1.1920404126549635,0.0,137,160.0,0,Sector_12,Ministry_10,Agency_10,0,0,0,0,0,1,1
PRJ-0497E8AD,2022-01-01,-13.987183098591558,0.5233846153846154,0.22819587628865984,0.25127413127413134,0.11628205128205125,1.0,6.233333333333333,0.0,0.8412347138134557,2.0478865979381444,11,64.75,1,Sector_12,Ministry_1,Agency_10,0,0,0,0,0,1,1
PRJ-04AD605C,2022-01-01,0.0,0.34478873239436625,0.1586384976525822,0.18112676056338028,0.0,0.2857142857142857,5.533333333333333,0.0,0.9698991337008542,2.0222065727699525,959,71.0,0,Sector_19,Ministry_3,Agency_26,0,0,0,0,0,0,0
PRJ-04BC6BF2,2022-01-01,1.3400000000000034,0.09898734177215181,0.17569620253164553,0.15419831223628694,999.0,0.375,5.933333333333334,0.0,0.8818555649574336,0.15637130801687765,280,79.0,0,Sector_3,Ministry_8,Agency_22,0,0,0,0,0,0,0
PRJ-04E401B3,2022-01-01,0.7800000000000011,0.06052631578947361,0.07158590308370044,0.12015418502202642,999.0,0.2727272727272727,16.0,0.0,0.9698187767716072,0.15563876651982378,136,75.7,0,Sector_4,Ministry_4,Agency_21,0,0,0,0,0,0,0
PRJ-04E5ED3E,2022-01-01,20.632097130242826,0.16095890410958905,0.16095890410958905,0.16095890410958905,0.2952346570397112,1.0,2.7333333333333334,0.0,1.122031588707788,0.0,30,73.0,0,Sector_5,Ministry_7,Agency_5,0,0,0,0,0,1,0
PRJ-0506D8C4,2022-01-01,10.334456521739135,0.042898550724637656,0.05948470209339774,0.05948470209339774,0.0864221824686941,0.75,29.066666666666666,0.0,0.9869269997899903,0.5084541062801933,86,207.0,0,Sector_9,Ministry_2,Agency_1,0,0,0,0,0,0,0
PRJ-058A9012,2022-01-01,1.6366163141994008,0.1283606557377049,0.06686131386861313,0.06438468550592524,0.06525073746312686,0.42857142857142855,40.06666666666667,134.24558059318764,2.3917973155901686,0.6551094890510949,37,182.83333333333334,0,Sector_6,Ministry_2,Agency_36,0,0,0,0,1,0,0
PRJ-05924173,2022-01-01,18.290000000000006,-0.050948275862069056,0.039626436781609174,0.0555603448275862,999.0,1.0,18.9,0.0,1.0651484719302062,0.11215517241379311,24,116.0,1,Sector_10,Ministry_4,Agency_29,0,0,0,0,0,1,0
PRJ-05BDBD50,2022-01-01,-1.5515903801396433,0.08733333333333335,0.08544585987261145,0.0792515923566879,0.0,0.5833333333333334,24.833333333333332,0.0,1.0306938775510204,0.10254777070063695,14,104.63636363636364,0,Sector_2,Ministry_9,Agency_38,0,0,0,0,0,0,0
PRJ-05E9ECB4,2022-01-01,6.873563218390814,0.08270588235294118,0.06845098039215686,0.07462291870714985,0.21808510638297873,0.14285714285714285,23.0,0.0,1.0061848961605595,1.0712156862745101,154,170.16666666666666,0,Sector_1,Ministry_9,Agency_17,0,0,0,0,0,0,0
PRJ-05F7EBA6,2022-01-01,24.32160180485053,0.0,0.0,0.0,0.08043478260869566,1.0,42.3,0.0,1.4792919672376508,0.0,363,0.0,0,Sector_4,Ministry_4,Agency_5,0,0,0,0,0,1,0
PRJ-060807CC,2022-01-01,-1.0428571428571445,0.0605511811023623,0.1017015706806283,0.068782722513089,0.06591511936339521,0.5,33.13333333333333,0.0,0.8375767955373218,0.27290575916230364,61,127.28571428571429,0,Sector_7,Ministry_1,Agency_21,0,0,0,0,0,0,0
PRJ-06083FAF,2022-01-01,0.0,0.06851485148514853,0.08790697674418603,0.08714285714285715,0.0,1.0,19.3,0.0,0.958053557684652,0.6879069767441862,332,100.2,1,Sector_17,Ministry_6,Agency_7,0,0,0,0,0,1,1
PRJ-061A15CB,2022-01-01,23.941379310344825,0.05659898477157361,0.05659898477157361,0.05659898477157361,0.15784518828451882,1.0,16.2,0.0,0.9806774033442297,0.0,57,197.0,0,Sector_12,Ministry_4,Agency_41,0,0,0,0,0,1,0
PRJ-0628DC73,2022-01-01,29.3184222737819,0.09208633093525183,0.09304556354916066,0.09304556354916066,0.2884705882352941,1.0,17.633333333333333,0.0,1.0767894859280311,1.3004796163069543,137,139.0,1,Sector_7,Ministry_2,Agency_48,0,0,0,0,0,1,0
PRJ-063D676B,2022-01-01,-3.7429729729729644,0.17659863945578227,0.11056689342403628,0.08682899207248017,0.054274193548387126,0.5714285714285714,22.6,0.0,0.9100509281690091,0.06335600907029477,30,147.16666666666666,0,Sector_7,Ministry_2,Agency_28,0,0,0,0,0,0,0
PRJ-06A49A79,2022-01-01,5.341631463947559,0.0,0.0,0.0,0.07776546629732226,1.0,1.1,0.0,2.458770268996353,0.0,105,0.0,0,Sector_15,Ministry_1,Agency_16,0,0,0,0,1,1,0
PRJ-06B2844C,2022-01-01,-6.068571428571431,0.05248275862068965,0.001958525345622123,0.057560553633218,0.05005681818181818,0.2,34.8,0.0,0.9304140593076776,-0.5297695852534564,14,144.5,0,Sector_6,Ministry_6,Agency_23,0,0,0,0,0,0,0
PRJ-06C1A86F,2022-01-01,11.115737704918018,0.13154811715481174,0.08860529986052999,0.08860529986052999,0.29169811320754707,0.25,13.266666666666667,79.51601469356191,1.6886246955897894,0.4050348675034867,211,239.0,0,Sector_4,Ministry_9,Agency_27,0,0,0,0,1,0,0
PRJ-06FEB0E3,2022-01-01,4.689999999999998,0.12509803921568619,0.20827814569536426,0.15764900662251655,999.0,0.5454545454545454,6.966666666666667,53.705033738550625,1.6225001739678881,2.739271523178807,199,50.3,0,Sector_10,Ministry_7,Agency_19,0,0,0,0,1,0,0
PRJ-072AF152,2022-01-01,20.28078988941548,0.08144578313253009,0.10060240963855421,0.10060240963855421,0.22403908794788274,0.6666666666666666,9.1,0.0,1.5080325832995498,0.0,77,83.0,0,Sector_13,Ministry_6,Agency_42,0,0,0,0,0,0,0
PRJ-075DC606,2022-01-01,8.138153364632231,0.31538461538461543,0.1797794117647059,0.18361233480176212,0.447142857142857,0.8333333333333334,11.266666666666667,148.44857114073676,2.3894203838725185,1.8922058823529415,67,90.8,0,Sector_13,Ministry_4,Agency_43,0,0,0,0,1,0,0
PRJ-0797F788,2022-01-01,0.16123595505618482,0.04646739130434781,0.0835262206148282,0.0677371273712737,0.07532299741602069,0.4,25.8,0.0,1.1325308965671,0.1626763110307414,26,184.5,0,Sector_8,Ministry_6,Agency_27,0,0,0,0,0,0,0
PRJ-07B15B2B,2022-01-01,-0.7675015537601055,0.11619318181818183,0.06732954545454546,0.06732954545454546,0.06137826961770623,0.3333333333333333,33.733333333333334,0.0,0.6814283906905378,0.0,88,176.0,0,Sector_14,Ministry_6,Agency_46,0,0,0,0,0,0,0
PRJ-0845E880,2022-01-01,3.97972972972973,0.08131313131313132,0.08131313131313132,0.08131313131313132,0.14278846153846153,0.5,11.633333333333333,0.0,1.4644040725508782,0.0,23,99.0,0,Sector_16,Ministry_3,Agency_37,0,0,0,0,1,0,0
PRJ-087921A5,2022-01-01,3.4797261287934873,0.08875,0.07348958333333333,0.08255208333333333,0.08469325153374233,0.6,31.6,21.558413565167406,1.2580841496960042,0.28402777777777777,66,192.0,0,Sector_15,Ministry_4,Agency_36,0,0,0,0,1,0,0
PRJ-0889DA03,2022-01-01,0.37999999999999545,0.20822429906542056,0.21962616822429906,0.18932242990654205,999.0,0.8,10.366666666666667,0.0,0.9670709323688299,1.4569781931464176,550,107.0,0,Sector_13,Ministry_6,Agency_4,0,0,0,0,0,0,0
PRJ-08978DB6,2022-01-01,0.0,0.1284615384615384,0.1766239316239316,0.21125641025641026,0.0,0.16666666666666666,2.8666666666666667,149.8330851009193,2.320245493297725,1.9059401709401707,80,78.0,0,Sector_1,Ministry_5,Agency_44,0,0,0,0,1,0,0
PRJ-08BA2ED2,2022-01-01,7.3289010989011025,0.06360975609756098,0.06360975609756098,0.06360975609756098,0.07687919463087249,0.0,0.0,0.0,1.1222950403872287,0.0,153,205.0,0,Sector_3,Ministry_5,Agency_41,0,0,0,0,0,0,0
PRJ-08DED816,2022-01-01,1.2600000000000051,0.04543478260869557,0.07115942028985507,0.08539855072463767,999.0,0.3333333333333333,21.1,0.0,0.9425465893493244,0.5124275362318841,226,92.0,0,Sector_19,Ministry_3,Agency_45,0,0,0,0,0,0,0
PRJ-0901795C,2022-01-01,11.746804625684723,0.0,0.0,0.0,0.06896551724137931,1.0,39.3,0.0,0.0,0.0,34,0.0,0,Sector_16,Ministry_1,Agency_49,0,0,0,0,0,0,0
PRJ-09376C9E,2022-01-01,0.17899772209567288,0.44927272727272727,0.2566060606060606,0.2566060606060606,0.2288622754491018,0.25,3.3666666666666667,0.0,1.0970294857416878,12.054909090909092,52,55.0,0,Sector_17,Ministry_7,Agency_18,0,0,0,0,0,0,0
PRJ-094272A7,2022-01-01,29.26396530359355,0.050344827586206876,0.0922528735632184,0.0922528735632184,0.33,1.0,16.066666666666666,0.0,0.9791609734705639,0.4080919540229885,85,145.0,1,Sector_13,Ministry_8,Agency_36,0,0,0,0,0,1,0
PRJ-095FFDD5,2022-01-01,8.892589928057546,0.04237179487179487,0.07234541577825161,0.08312020460358056,0.3369444444444443,0.16666666666666666,20.5,0.0,0.9632369530379277,0.37221748400852883,138,156.4,0,Sector_7,Ministry_2,Agency_49,0,0,0,0,0,0,0
PRJ-0973FCE0,2022-01-01,0.0,0.199438202247191,0.10880149812734081,0.10308988764044943,0.0,0.36363636363636365,11.133333333333333,110.84185294811961,2.0839038297408705,1.997528089887641,232,89.0,0,Sector_19,Ministry_6,Agency_8,0,0,0,0,1,0,0
PRJ-099F1C60,2022-01-01,0.0,0.23833333333333329,0.15098130841121496,0.16543325526932084,0.0,0.25,6.9,144.40964808224595,2.4229972321075524,3.2400467289719628,569,71.14285714285714,0,Sector_3,Ministry_5,Agency_19,0,0,0,0,1,0,0
PRJ-09B0F5CA,2022-01-01,17.107619047619046,0.0,0.0,0.0,0.186,1.0,12.933333333333334,0.0,1.4864805321890822,0.0,83,0.0,0,Sector_18,Ministry_5,Agency_27,0,0,0,0,1,0,0
PRJ-09C7633B,2022-01-01,0.0,0.18880434782608702,0.15978181818181816,0.16165577342047932,0.0,0.3333333333333333,8.466666666666667,0.0,1.0048958471540401,3.296509090909091,489,91.8,0,Sector_14,Ministry_4,Agency_46,0,0,0,0,0,0,0
PRJ-09DAC4BF,2022-01-01,8.400000000000006,0.020681818181818103,0.07954198473282438,0.08730401529636711,999.0,1.0,15.8,0.0,1.0570384804528765,0.6880534351145038,55,87.1,1,Sector_5,Ministry_5,Agency_20,0,0,0,0,0,1,1
PRJ-0A3AAEB2,2022-01-01,17.860192791282472,0.09526946107784433,0.07688622754491019,0.07688622754491019,0.1290379746835443,1.0,26.366666666666667,0.0,0.9163086355770049,0.4718363273453094,130,167.0,0,Sector_15,Ministry_8,Agency_3,0,0,0,0,0,1,0
PRJ-0A8BE17C,2022-01-01,11.287487684729063,0.0702158273381295,0.0702158273381295,0.0702158273381295,0.08057866184448463,1.0,32.63333333333333,0.0,2.0825332028346297,0.0,38,139.0,0,Sector_1,Ministry_2,Agency_13,0,0,0,0,0,0,0
PRJ-0B04B53F,2022-01-01,12.38102253032929,0.0,0.0,0.0,0.0664220824598183,1.0,41.46666666666667,0.0,0.21255776844450464,0.0,147,0.0,0,Sector_15,Ministry_1,Agency_4,0,0,0,0,0,0,0
PRJ-0B37BD3A,2022-01-01,-2.339867330016588,0.0562264150943397,0.10056603773584907,0.07635220125786164,0.06583941605839413,0.3,20.266666666666666,0.0,0.8998652625471362,0.1692452830188679,9,106.0,0,Sector_12,Ministry_1,Agency_45,0,0,0,0,0,0,0
PRJ-0B3D55C7,2022-01-01,21.08204081632654,0.1299180327868852,0.04180821917808219,0.0734610123119015,1.9981818181818185,1.0,20.633333333333333,97.74007122349144,1.8933889225662288,0.9312054794520548,118,121.875,1,Sector_6,Ministry_4,Agency_34,0,0,0,0,1,1,0
PRJ-0B3EABC2,2022-01-01,7.095704057279235,0.09754807692307693,0.07489208633093526,0.07489208633093526,0.06768361581920904,0.6666666666666666,40.9,0.0,0.9750060937880861,0.0,166,208.5,0,Sector_14,Ministry_9,Agency_29,0,0,0,0,0,0,0
PRJ-0B6FA018,2022-01-01,43.83469987228607,0.0,0.0,0.0,0.25224431818181814,1.0,15.9,0.0,1.9521684435987021,0.0,155,0.0,0,Sector_17,Ministry_1,Agency_36,0,0,0,0,0,1,0
PRJ-0B9ADD6A,2022-01-01,0.0,0.08676190476190476,0.10923809523809523,0.10804451510333865,0.0,1.0,11.433333333333334,0.0,0.9158070147595619,0.047555555555555525,140,104.875,1,Sector_5,Ministry_4,Agency_43,0,0,0,0,0,1,1
PRJ-0BE528C7,2022-01-01,4.343200306983881,0.10519379844961241,0.07619537275064267,0.07313271604938272,0.08703791469194312,0.5,25.766666666666666,0.0,0.8847386491262536,0.3865552699228792,104,129.6,0,Sector_9,Ministry_5,Agency_39,0,0,0,0,0,0,0
PRJ-0C17E0CF,2022-01-01,7.589938687921521,0.0,0.0,0.0,0.0676955424726661,0.0,0.0,0.0,0.660668174061987,0.0,175,0.0,0,Sector_12,Ministry_5,Agency_8,0,0,0,0,0,0,0
PRJ-0C3F1C19,2022-01-01,0.0,0.08493827160493822,0.09543209876543209,0.10868312757201647,0.0,1.0,12.966666666666667,0.0,1.0029285819756852,1.4572016460905346,274,81.0,1,Sector_19,Ministry_9,Agency_26,0,0,0,0,0,1,1
PRJ-0CAED81D,2022-01-01,-2.7047271682940845,0.0,0.0,0.0,0.05558823529411765,0.0,0.0,0.0,0.6553944653200455,0.0,106,0.0,0,Sector_1,Ministry_6,Agency_18,0,0,0,0,0,0,0
PRJ-0D51135A,2022-01-01,12.960960548885076,0.05873015873015872,0.05873015873015872,0.05873015873015872,0.06988235294117646,1.0,2.2,0.0,1.246072363185436,0.0,226,252.0,0,Sector_18,Ministry_8,Agency_27,0,0,0,0,1,1,0
PRJ-0D86FE1F,2022-01-01,27.522643678160918,0.09205128205128205,0.060406852248394,0.057303370786516844,0.18465034965034965,1.0,18.433333333333334,0.0,1.5714462179707,0.365117773019272,67,155.75,1,Sector_12,Ministry_6,Agency_3,0,0,0,0,1,1,0
PRJ-0DE87F3C,2022-01-01,4.920000000000002,0.048732394366197196,0.08955294117647057,0.09809187279151943,999.0,0.42857142857142855,21.366666666666667,111.59102057978463,2.220756464373903,1.5516235294117644,355,141.5,0,Sector_1,Ministry_4,Agency_1,0,0,0,0,1,0,0
PRJ-0E647B08,2022-01-01,0.18999999999999773,0.06127819548872179,0.0772396486825596,0.08074387947269303,999.0,0.6,31.5,0.0,0.8702305419937996,2.733312421580928,91,265.5,0,Sector_14,Ministry_7,Agency_35,0,0,0,0,0,0,0
PRJ-0E75D629,2022-01-01,2.6599999999999966,0.10982758620689663,0.15988439306358382,0.1520138888888889,999.0,0.6666666666666666,13.7,115.97934705748936,2.3308490634680346,2.125606936416185,587,115.2,0,Sector_10,Ministry_9,Agency_24,0,0,0,0,1,0,0
PRJ-0E7F813A,2022-01-01,15.797120387174834,0.0,0.0,0.0,0.07394042553191489,1.0,2.6666666666666665,0.0,1.0581490223504386,0.0,215,0.0,0,Sector_4,Ministry_9,Agency_48,0,0,0,0,0,1,0
PRJ-0EA52157,2022-01-01,0.0,0.19217391304347833,0.21007352941176466,0.15375,0.0,0.75,4.533333333333333,0.0,0.9073562479922903,0.20933823529411755,55,45.27272727272727,1,Sector_10,Ministry_6,Agency_5,0,0,0,0,0,1,1
PRJ-0EDAAF0D,2022-01-01,8.699316770186336,0.062347826086956534,0.10300578034682081,0.10300578034682081,0.1502694610778443,1.0,12.366666666666667,0.0,1.247319723625576,2.364595375722543,10,115.33333333333333,1,Sector_10,Ministry_7,Agency_33,0,0,0,0,0,1,0
PRJ-0EE84C2A,2022-01-01,0.0,0.1833018867924529,0.1170440251572327,0.11985849056603774,0.0,0.5714285714285714,11.833333333333334,0.0,0.9397529324656093,0.29245283018867924,402,106.0,0,Sector_5,Ministry_1,Agency_32,0,0,0,0,0,0,0
PRJ-0EF2DFB2,2022-01-01,1.2446847888953165,0.0,0.0,0.0,0.058646714378659724,1.0,0.5,0.0,0.804724655166271,0.0,20,0.0,0,Sector_9,Ministry_2,Agency_25,0,0,0,0,0,0,0
PRJ-0F15235D,2022-01-01,8.120123022847096,0.04165048543689313,0.05412337662337658,0.07818181818181817,0.18937500000000007,0.5,23.5,0.0,1.0397817574115173,3.8762012987012984,32,102.66666666666667,0,Sector_13,Ministry_9,Agency_30,0,0,0,0,0,0,0
PRJ-0F230D42,2022-01-01,19.5725,0.11399999999999999,0.11399999999999999,0.11399999999999999,0.13695142378559466,1.0,19.466666666666665,0.0,1.1086155765497967,0.0,43,160.0,0,Sector_12,Ministry_10,Agency_28,0,0,0,0,0,1,0
PRJ-0F3714F9,2022-01-01,6.596182602444273,0.038175182481751856,0.07034063260340634,0.08215328467153285,0.10438423645320195,0.625,31.733333333333334,0.0,1.0296883208521783,2.1333819951338193,92,137.0,0,Sector_9,Ministry_2,Agency_24,0,0,0,0,0,0,0
PRJ-0F57E91B,2022-01-01,6.459999999999994,0.24934210526315792,0.24256637168141595,0.2582392026578073,999.0,0.6,5.933333333333334,0.0,0.9791793190885526,4.7080088495575225,995,75.25,0,Sector_6,Ministry_10,Agency_36,0,0,0,0,0,0,0
PRJ-0F6B59CD,2022-01-01,9.900000000000006,0.023257142857142817,0.09313575525812619,0.08700344431687715,999.0,1.0,18.866666666666667,110.24557165861515,2.2348580303509613,0.4351051625239006,78,174.2,1,Sector_20,Ministry_6,Agency_47,0,0,0,0,1,1,1
PRJ-0FC45C32,2022-01-01,5.069999999999993,0.154626865671642,0.1006532663316583,0.13664987405541565,999.0,0.4,11.6,64.73527822798486,1.7944852651813217,0.6648241206030151,515,66.11111111111111,0,Sector_15,Ministry_2,Agency_20,0,0,0,0,1,0,0
PRJ-10337567,2022-01-01,5.659999999999997,0.08496815286624206,0.06778251599147123,0.08931696905016008,999.0,1.0,13.8,0.0,0.9570202943867364,0.24810234541577827,157,156.16666666666666,1,Sector_2,Ministry_5,Agency_26,0,0,0,0,0,1,1
PRJ-10491E69,2022-01-01,10.764979558462812,0.06325581395348835,0.09297872340425531,0.08723188405797101,0.1311467889908257,0.8,27.966666666666665,0.0,1.0707908327413977,0.23880077369439073,143,172.5,0,Sector_7,Ministry_3,Agency_42,0,0,0,0,0,0,0
PRJ-10909371,2022-01-01,12.153809523809525,0.0,0.0,0.0,0.08589397089397088,0.0,0.0,0.0,1.8941536375326453,0.0,184,0.0,0,Sector_20,Ministry_4,Agency_47,0,0,0,0,1,0,0
PRJ-10D3C5C8,2022-01-01,-9.047539766702016,0.26533333333333337,0.16636029411764705,0.1356330275229358,0.07628289473684209,1.0,16.833333333333332,0.0,1.0803333491889209,0.713970588235294,4,90.83333333333333,1,Sector_9,Ministry_1,Agency_8,0,0,0,0,0,1,1
PRJ-10F2FC4D,2022-01-01,27.87702169625247,0.032923076923076895,0.04169520547945205,0.039255774165953806,0.26775362318840584,1.0,34.2,0.0,1.09953795667145,0.6847089041095891,20,194.83333333333334,1,Sector_8,Ministry_7,Agency_21,0,0,0,0,0,1,0
PRJ-10FBCABC,2022-01-01,0.0,0.2417647058823529,0.27513157894736845,0.28115511551155115,0.0,0.42857142857142855,3.6333333333333333,95.32761008031015,1.929515369703683,4.625,914,50.5,0,Sector_5,Ministry_4,Agency_28,0,0,0,0,1,0,0
PRJ-11209ACA,2022-01-01,14.839766441303006,0.13977272727272727,0.04721590909090909,0.04385227272727273,0.09646226415094339,1.0,34.2,0.0,0.7502633409561944,0.12973484848484848,148,176.0,1,Sector_7,Ministry_9,Agency_47,0,0,0,0,0,1,0
PRJ-1133BC58,2022-01-01,18.912915360501565,0.0,0.0,0.0,0.07976534296028881,1.0,38.333333333333336,0.0,0.6005786062181858,0.0,222,0.0,0,Sector_7,Ministry_4,Agency_22,0,0,0,0,0,0,0
PRJ-11541FB6,2022-01-01,15.933712212817412,0.23577319587628864,0.12096219931271476,0.10523195876288659,0.18037313432835822,1.0,13.066666666666666,0.0,0.7884332054729214,0.4599312714776632,74,97.0,1,Sector_11,Ministry_3,Agency_19,0,0,0,0,0,1,0
PRJ-119550B7,2022-01-01,51.02,0.07768518518518512,0.11634674922600619,0.11634674922600619,999.0,1.0,15.5,0.0,0.9615830201597237,0.3929721362229102,78,107.66666666666667,1,Sector_14,Ministry_7,Agency_39,0,0,0,0,0,1,0
PRJ-11AA8260,2022-01-01,4.660212514757966,0.08989898989898988,0.1190268456375839,0.1128463476070529,0.13476702508960575,0.4,11.666666666666666,0.0,0.9441654229150378,0.3454697986577181,72,99.25,0,Sector_8,Ministry_10,Agency_27,0,0,0,0,0,0,0
PRJ-11B9CA1A,2022-01-01,39.52553794829024,0.031499999999999986,0.05912962962962962,0.05912962962962962,0.21342105263157893,1.0,26.0,0.0,0.687127987219086,0.18192592592592594,175,180.0,0,Sector_10,Ministry_5,Agency_30,0,0,0,0,0,1,0
PRJ-11CDEF46,2022-01-01,-1.4014735658042667,0.19858974358974352,0.11405982905982905,0.14587606837606837,0.09328767123287675,0.7,15.966666666666667,0.0,0.9396019198133939,0.3697008547008547,37,78.0,0,Sector_13,Ministry_6,Agency_38,0,0,0,0,0,0,0
PRJ-11D5EE6D,2022-01-01,-4.317860615883305,0.09959183673469388,0.07198645598194131,0.09218157181571816,0.06852173913043479,0.6666666666666666,28.0,0.0,0.9362590314025789,0.7176523702031603,4,147.6,0,Sector_3,Ministry_10,Agency_7,0,0,0,0,0,0,0
PRJ-12274A30,2022-01-01,5.722945736434113,-0.01566371681415926,0.0705621301775148,0.06995562130177516,0.10187234042553191,0.5555555555555556,28.1,31.099393118846557,1.3862656498580428,0.7353254437869822,41,112.75,0,Sector_14,Ministry_7,Agency_1,0,0,0,0,1,0,0
PRJ-122F44EC,2022-01-01,44.55,-0.018390804597701083,0.09500000000000001,0.09921658986175115,999.0,1.0,14.3,0.0,1.421934719553503,5.501653846153846,39,86.8,1,Sector_9,Ministry_2,Agency_33,0,0,0,0,1,1,0
PRJ-12408A14,2022-01-01,0.0,0.24611111111111122,0.12179012345679015,0.2084829721362229,0.0,0.4444444444444444,5.0,0.0,0.9125060125060125,2.4295679012345675,183,53.875,0,Sector_4,Ministry_6,Agency_47,0,0,0,0,0,0,0
PRJ-1243F99D,2022-01-01,0.0,0.1936065573770492,0.200939226519337,0.19295580110497235,0.0,0.6666666666666666,7.566666666666666,0.0,0.8372180885115493,1.4659668508287294,326,60.375,0,Sector_6,Ministry_1,Agency_14,0,0,0,0,0,0,0
PRJ-124EAEB4,2022-01-01,0.0,0.33724137931034487,0.31022988505747123,0.25448275862068964,0.0,0.16666666666666666,0.43333333333333335,135.01494256025,2.419515806212815,3.3563218390804597,1057,29.0,0,Sector_3,Ministry_10,Agency_31,0,0,0,0,1,0,0
PRJ-1265E88C,2022-01-01,-6.174923857868038,0.17275000000000004,0.12497222222222225,0.11397222222222222,0.05328124999999995,0.5714285714285714,20.733333333333334,0.0,0.9096765480169268,0.7840833333333335,17,120.0,0,Sector_13,Ministry_1,Agency_11,0,0,0,0,0,0,0
PRJ-127AFBF7,2022-01-01,44.526887159533075,0.0,0.0,0.0,0.21893442622950818,1.0,22.433333333333334,0.0,2.0717564829055877,0.0,318,0.0,0,Sector_16,Ministry_10,Agency_4,0,0,0,0,1,1,0
PRJ-1286ED38,2022-01-01,-9.234161073825504,-0.037743902439024375,0.08209775967413442,0.07645909645909646,0.04868263473053892,0.16666666666666666,30.633333333333333,151.77553077837464,2.2194333736044594,5.071079429735233,7,163.8,0,Sector_7,Ministry_3,Agency_20,0,0,0,0,1,0,1
PRJ-12B64AD1,2022-01-01,0.5587341772151859,0.06735426008968612,0.06461883408071749,0.06097533632286996,0.06454954954954954,0.6,31.633333333333333,0.0,0.9470618567023108,0.6147085201793722,21,223.0,0,Sector_20,Ministry_7,Agency_15,0,0,0,0,0,0,0
PRJ-12B84DF8,2022-01-01,-2.2384702549575053,0.10444444444444448,0.077467018469657,0.04700990099009902,0.0678954248366013,0.4,25.233333333333334,0.0,0.8668575542685895,0.8939050131926121,16,126.25,0,Sector_4,Ministry_4,Agency_13,0,0,0,0,0,0,0
PRJ-12C7A0B0,2022-01-01,0.0,0.0,0.15891385767790261,0.1501685393258427,0.0,0.14285714285714285,9.933333333333334,0.0,0.9417288349478529,0.7346441947565542,273,89.0,0,Sector_19,Ministry_10,Agency_42,0,0,0,0,0,0,0
PRJ-12D73C44,2022-01-01,21.479256661991585,-0.018037974683544313,0.060613107822410146,0.06387055837563452,0.12355721393034827,1.0,31.6,0.0,2.000843858974475,0.4230866807610994,79,157.6,1,Sector_7,Ministry_3,Agency_7,0,0,0,0,1,1,0
PRJ-12F0B3DA,2022-01-01,0.23000000000000398,0.16929577464788728,0.0925,0.1242080378250591,999.0,1.0,8.866666666666667,0.0,0.9270619218934986,0.5342924528301886,95,70.45454545454545,1,Sector_14,Ministry_4,Agency_38,0,0,0,0,0,1,1
PRJ-13211301,2022-01-01,51.59754342431762,-0.075929203539823,-0.075929203539823,-0.075929203539823,0.5413068181818181,1.0,3.1,0.0,6.914721125955522,0.0,1,113.0,0,Sector_15,Ministry_7,Agency_47,0,0,0,0,0,1,0
PRJ-13931700,2022-01-01,-4.071275167785231,0.17975308641975307,0.09641975308641974,0.08939506172839506,0.06279792746113992,0.5,17.733333333333334,0.0,0.9607595818673519,0.1667489711934156,28,162.0,0,Sector_5,Ministry_1,Agency_37,0,0,0,0,0,0,0
PRJ-1394FD50,2022-01-01,9.117919075144506,0.0,0.0,0.0,0.06486068111455108,1.0,2.2,0.0,0.9353041437875913,0.0,125,0.0,0,Sector_20,Ministry_3,Agency_34,0,0,0,0,0,1,1
PRJ-13CE8CE3,2022-01-01,11.311489361702122,0.02717391304347826,0.04532656023222061,0.04532656023222061,0.10084656084656084,0.25,12.666666666666666,0.0,1.0659568405546445,0.23612481857764878,114,229.66666666666666,0,Sector_16,Ministry_7,Agency_7,0,0,0,0,0,0,0
PRJ-13D1C482,2022-01-01,0.6599999999999966,0.24970588235294122,0.26053921568627453,0.23326470588235296,999.0,0.5,3.466666666666667,0.0,0.9230330463994733,6.286372549019607,1009,68.0,0,Sector_11,Ministry_6,Agency_35,0,0,0,0,0,0,0
PRJ-14147A1C,2022-01-01,8.669575721862103,0.053966244725738424,0.060253521126760565,0.060253521126760565,0.07302439024390243,1.0,41.5,0.0,1.033754794732793,0.6107464788732395,136,236.66666666666666,0,Sector_15,Ministry_8,Agency_31,0,0,0,0,0,0,0
PRJ-143E8590,2022-01-01,3.8962444113263786,0.16127272727272735,0.09823170731707316,0.18121951219512195,0.18150000000000002,0.4,8.533333333333333,0.0,0.8947742104255357,3.184390243902438,4,54.77777777777778,0,Sector_3,Ministry_1,Agency_17,0,0,0,0,0,0,0
PRJ-1486F8CE,2022-01-01,7.021111761263896,0.0957608695652174,0.0546866485013624,0.0546866485013624,0.06546534653465347,0.3333333333333333,36.333333333333336,0.0,0.809015778470608,0.0,149,183.5,0,Sector_18,Ministry_3,Agency_3,0,0,0,0,0,0,0
PRJ-14AC1275,2022-01-01,-9.396511627906975,0.4318421052631578,0.2710434782608695,0.29818181818181816,0.14866071428571434,0.5,2.466666666666667,0.0,1.0007594868268797,0.39113043478260867,10,38.57142857142857,0,Sector_3,Ministry_8,Agency_44,0,0,0,0,0,0,0
PRJ-1533A6B1,2022-01-01,17.92099037138928,0.12046153846153847,0.06440273037542663,0.05860655737704918,0.23626168224299066,1.0,29.366666666666667,0.0,0.9285863710848931,0.8556996587030716,176,195.2,1,Sector_8,Ministry_2,Agency_39,0,0,0,0,0,0,0
PRJ-153D7FC7,2022-01-01,-5.194281524926694,0.061531531531531514,0.07504504504504503,0.09425563909774436,0.030737704918032786,0.45454545454545453,26.9,0.0,0.8462680287056732,0.9898798798798799,23,110.9,0,Sector_19,Ministry_1,Agency_26,0,0,0,0,0,0,0
PRJ-155F0E9E,2022-01-01,5.209999999999994,0.02918032786885248,0.1051912568306011,0.12079234972677598,999.0,0.5,9.333333333333334,55.34076521631722,1.6006400501289983,1.6950273224043713,135,61.0,0,Sector_15,Ministry_1,Agency_25,0,0,0,0,1,0,0
PRJ-158C7C49,2022-01-01,27.23530516431925,0.06739726027397258,0.07732265446224255,0.08046312178387649,0.20506122448979594,1.0,21.3,0.0,0.887745009427132,0.1391762013729977,92,145.75,1,Sector_2,Ministry_10,Agency_44,0,0,0,0,0,1,0
PRJ-1596DDBA,2022-01-01,-1.0063157894736818,0.34372093023255806,0.29127906976744183,0.29127906976744183,0.2050273224043716,0.6666666666666666,7.666666666666667,0.0,0.9559249829113284,0.0,35,86.0,0,Sector_10,Ministry_4,Agency_3,0,0,0,0,0,0,0
PRJ-1597CD25,2022-01-01,0.0,0.14931818181818182,0.11517110266159698,0.11885714285714286,0.0,0.5,12.466666666666667,138.2145943943697,2.3773305346339053,0.1792015209125475,530,87.55555555555556,0,Sector_20,Ministry_1,Agency_5,0,0,0,0,1,0,0
PRJ-15A43DA8,2022-01-01,16.157040882543804,0.0,0.0,0.0,0.08184679958027283,0.0,0.0,0.0,0.6716816694395169,0.0,283,0.0,0,Sector_17,Ministry_8,Agency_13,0,0,0,0,0,0,0
PRJ-15E754F1,2022-01-01,-2.00113360323887,0.10579999999999998,0.1050666666666667,0.25935,0.19376623376623375,0.6,5.666666666666667,0.0,1.2596773423071084,7.262999999999999,14,50.0,0,Sector_7,Ministry_7,Agency_44,0,0,0,0,1,0,0
PRJ-162B059B,2022-01-01,4.106923076923081,0.05112781954887221,0.0518,0.0525531914893617,0.06759587020648967,0.42857142857142855,30.633333333333333,0.0,1.088587952660771,0.67785,15,133.16666666666666,0,Sector_2,Ministry_5,Agency_18,0,0,0,0,0,0,0
PRJ-16B4C973,2022-01-01,10.147458745874587,0.08722543352601159,0.07316602316602316,0.05943961352657005,0.18975609756097564,1.0,35.46666666666667,0.0,0.9482159945682828,0.2564671814671815,53,172.57142857142858,1,Sector_7,Ministry_4,Agency_22,0,0,0,0,0,1,1
PRJ-1783ED30,2022-01-01,0.0,0.0546875,0.20099476439790576,0.20500000000000002,0.0,0.375,7.033333333333333,0.0,0.9822526217717837,2.174712041884817,843,63.714285714285715,0,Sector_2,Ministry_5,Agency_27,0,0,0,0,0,0,0
PRJ-17B975B7,2022-01-01,3.498461538461541,0.12445652173913038,0.11751824817518249,0.07923413566739607,0.10389380530973452,0.8333333333333334,18.366666666666667,0.0,2.4815121092102235,0.5996350364963504,40,91.4,0,Sector_1,Ministry_3,Agency_18,0,0,0,0,1,0,0
PRJ-182A3D47,2022-01-01,7.180000000000007,0.06715789473684206,0.05950877192982455,0.07441228070175439,999.0,0.5714285714285714,31.6,0.0,0.9952253354545633,0.749578947368421,81,190.0,0,Sector_17,Ministry_5,Agency_13,0,0,0,0,0,0,0
PRJ-185A85AF,2022-01-01,8.404218928164191,0.11582474226804124,0.0386340206185567,0.0386340206185567,0.06526005888125613,0.3333333333333333,37.5,0.0,1.461995293114235,0.0,154,194.0,0,Sector_16,Ministry_6,Agency_18,0,0,0,0,1,0,0
PRJ-187A2AE1,2022-01-01,0.1272796934865923,0.11277310924369743,0.10151685393258428,0.10381052631578946,0.07683200000000001,0.4,28.566666666666666,0.0,1.9216210402130367,1.1417977528089889,87,118.75,0,Sector_4,Ministry_1,Agency_24,0,0,0,0,1,0,0
PRJ-18C64D3B,2022-01-01,-1.2977059148700931,0.07313793103448277,0.05521239954075775,0.06225473321858864,0.05157142857142857,1.0,44.7,0.0,0.7190393554123771,0.09678530424799081,7,290.5,1,Sector_11,Ministry_5,Agency_17,0,0,0,0,0,1,1
PRJ-192CDAAB,2022-01-01,13.633552894211576,0.09973684210526314,0.1566812227074236,0.17488524590163937,0.43067796610169484,0.2,0.8,0.0,1.123182869286805,7.334235807860262,61,76.25,0,Sector_4,Ministry_6,Agency_41,0,0,0,0,0,0,0
PRJ-193CC0E6,2022-01-01,2.352808132147402,0.07859649122807012,0.07245136186770428,0.07516919486581096,0.06890410958904111,0.5,37.666666666666664,43.99143084556893,1.3544068113417975,1.359066147859922,108,171.4,0,Sector_1,Ministry_5,Agency_40,0,0,0,0,1,0,0
PRJ-195E0815,2022-01-01,11.781094710947116,0.06692883895131085,0.042191011235955055,0.042191011235955055,0.07937784522003036,0.6666666666666666,31.133333333333333,0.0,0.9939564526425979,0.0,166,267.0,0,Sector_8,Ministry_2,Agency_7,0,0,0,0,0,0,0
PRJ-197B0A9B,2022-01-01,8.944622641509433,0.0604913294797688,0.0604913294797688,0.0604913294797688,0.06900112233445567,1.0,4.2,0.0,1.6712237364752516,0.0,114,346.0,0,Sector_18,Ministry_4,Agency_24,0,0,0,0,1,1,1
PRJ-19A4F268,2022-01-01,4.959999999999994,0.11438202247191019,0.15732075471698115,0.17868778280542988,999.0,0.3333333333333333,9.133333333333333,0.0,1.0187620846261072,0.18694339622641512,16,88.4,0,Sector_2,Ministry_1,Agency_39,0,0,0,0,0,0,0
PRJ-19EEEDB6,2022-01-01,1.282685512367486,0.10188976377952758,0.0990288713910761,0.0990288713910761,0.07218934911242604,0.5,31.9,0.0,0.7903569680331891,0.9256955380577427,63,127.0,0,Sector_16,Ministry_9,Agency_22,0,0,0,0,0,0,0
PRJ-19F6E338,2022-01-01,8.345371589840077,0.1585869565217391,0.1585869565217391,0.1585869565217391,0.10451814768460577,1.0,21.233333333333334,0.0,0.8215334206227881,0.0,81,92.0,0,Sector_6,Ministry_4,Agency_22,0,0,0,0,0,0,0
PRJ-19F7D4D7,2022-01-01,-2.1308675799086814,0.27894117647058825,0.14633858267716537,0.14633858267716537,0.10996062992125984,0.75,16.3,0.0,0.8740523983157108,0.3815748031496063,30,84.66666666666667,0,Sector_7,Ministry_1,Agency_24,0,0,0,0,0,0,0
PRJ-1A02255A,2022-01-01,36.09456445993032,0.05441747572815534,0.05441747572815534,0.05441747572815534,0.15382624768946396,1.0,25.033333333333335,0.0,1.807529815915073,0.0,195,206.0,0,Sector_17,Ministry_2,Agency_35,0,0,0,0,0,1,0
PRJ-1A1B39B5,2022-01-01,0.9000000000000057,0.06999999999999963,0.25707070707070695,0.22934343434343432,999.0,0.25,1.1,77.40643609112439,1.7041349491337654,3.885757575757576,435,33.0,0,Sector_19,Ministry_7,Agency_5,0,0,0,0,1,0,0
PRJ-1A42D7B5,2022-01-01,5.213514774494556,-0.11105263157894733,0.1575330396475771,0.14923280423280422,0.1869277108433735,0.6666666666666666,9.1,0.0,0.9804373549462297,1.144669603524229,24,75.6,0,Sector_18,Ministry_3,Agency_37,0,0,0,0,0,0,0
PRJ-1A6AA9C0,2022-01-01,29.407465249386753,0.1070982142857143,0.06621460506706409,0.06621460506706409,0.31515873015873014,1.0,23.133333333333333,0.0,1.5476571366386205,0.7193591654247392,203,223.66666666666666,1,Sector_12,Ministry_4,Agency_43,0,0,0,0,1,1,0
PRJ-1AB102BE,2022-01-01,6.040769230769232,0.0,0.0,0.0,0.06594456601021152,0.0,0.0,0.0,0.8798828034551521,0.0,112,0.0,0,Sector_9,Ministry_4,Agency_28,0,0,0,0,0,0,0
PRJ-1AB7AFDE,2022-01-01,36.83369351669942,0.047175925925925934,0.05381944444444445,0.05381944444444445,0.2679723502304147,1.0,14.4,0.0,0.9435335601408291,0.0,153,216.0,0,Sector_11,Ministry_2,Agency_41,0,0,0,0,0,1,0
PRJ-1AC7E81A,2022-01-01,-1.361740890688253,0.07783582089552236,0.10797752808988763,0.10797752808988763,0.09889078498293516,0.6666666666666666,21.233333333333334,0.0,1.1702447374266638,0.0,2,133.5,0,Sector_19,Ministry_3,Agency_33,0,0,0,0,0,0,0
PRJ-1ADA7BF4,2022-01-01,-12.461018276762399,0.30041666666666667,0.26256944444444447,0.26256944444444447,0.10785063752276867,0.6666666666666666,13.0,0.0,1.3333949698953032,0.0,1,72.0,0,Sector_5,Ministry_5,Agency_32,0,0,0,0,1,0,0
PRJ-1ADB821F,2022-01-01,24.400000000000006,-0.025080645161290317,0.0418817204301075,0.05354838709677419,999.0,1.0,23.466666666666665,0.0,1.009097145864464,0.11704301075268819,67,124.0,1,Sector_11,Ministry_6,Agency_27,0,0,0,0,0,1,0
PRJ-1B0561BD,2022-01-01,4.1545725264169135,0.016099999999999923,0.11930232558139534,0.09431177446102819,0.10920886075949368,0.7142857142857143,21.233333333333334,75.68435413925837,1.8684629493337706,3.9034219269102985,22,100.5,0,Sector_5,Ministry_7,Agency_40,0,0,0,0,1,0,0
PRJ-1B3B1572,2022-01-01,6.167234042553195,0.004999999999999996,0.004999999999999996,0.004999999999999996,0.07144694533762057,0.5,30.8,0.0,0.6367098834301543,0.0,16,122.0,0,Sector_16,Ministry_7,Agency_1,0,0,0,0,0,0,0
PRJ-1B3B5812,2022-01-01,2.219308755760366,0.1779487179487179,0.24474137931034484,0.23827586206896553,0.26040540540540535,0.4444444444444444,2.1666666666666665,76.506258294866,1.9122825727593662,12.115775862068965,12,38.75,0,Sector_13,Ministry_10,Agency_1,0,0,0,0,1,0,0
PRJ-1B549224,2022-01-01,4.829999999999998,0.21625000000000005,0.19637630662020905,0.17275574112734865,999.0,0.8333333333333334,10.733333333333333,0.0,1.085920720712247,0.3694076655052265,549,95.8,0,Sector_10,Ministry_7,Agency_36,0,0,0,0,0,0,0
PRJ-1B620666,2022-01-01,20.959514563106794,0.10823529411764708,0.10823529411764708,0.10823529411764708,0.32523622047244094,1.0,2.2666666666666666,0.0,1.2570845627756968,0.0,22,68.0,0,Sector_9,Ministry_8,Agency_4,0,0,0,0,0,1,0
PRJ-1B979BBA,2022-01-01,0.0,0.1823809523809523,0.09224,0.19943775100401606,0.0,0.3333333333333333,4.6,0.0,1.0067838805041232,0.2796799999999998,803,41.45454545454545,0,Sector_10,Ministry_8,Agency_6,0,0,0,0,0,0,0
PRJ-1C2023F3,2022-01-01,5.099047619047617,0.24601851851851855,0.1928240740740741,0.1928240740740741,0.21717277486910994,1.0,6.666666666666667,0.0,0.6763734359416886,0.0,10,108.0,0,Sector_20,Ministry_8,Agency_14,0,0,0,0,0,1,0
PRJ-1C626F36,2022-01-01,3.0600000000000023,0.1952307692307692,0.17092783505154638,0.19410852713178295,999.0,0.5,7.9,92.98392691951896,1.8973274140598713,1.1356701030927834,195,64.57142857142857,0,Sector_12,Ministry_1,Agency_20,0,0,0,0,1,0,0
PRJ-1C62A98C,2022-01-01,22.827149758454105,0.0,0.0,0.0,0.3230714285714286,1.0,1.6666666666666667,0.0,1.4513827822881418,0.0,47,0.0,0,Sector_9,Ministry_7,Agency_3,0,0,0,0,0,1,0
PRJ-1C9FEF6A,2022-01-01,0.0,0.24536585365853664,0.2940495867768595,0.19334710743801653,0.0,0.2727272727272727,3.3666666666666667,0.0,1.048843145327295,1.6154545454545453,840,40.2,0,Sector_3,Ministry_6,Agency_28,0,0,0,0,0,0,0
PRJ-1CF9FA25,2022-01-01,32.769999999999996,0.07746376811594204,0.06349397590361446,0.06349397590361446,999.0,1.0,26.166666666666668,0.0,0.8306912794086404,0.15626506024096384,203,276.6666666666667,1,Sector_1,Ministry_1,Agency_46,0,0,0,0,0,1,0
PRJ-1D40747D,2022-01-01,4.794160583941597,0.46049180327868855,0.2924793388429752,0.2924793388429752,0.27134502923976606,0.3333333333333333,4.133333333333334,0.0,0.7925752420667109,0.0,59,60.5,0,Sector_9,Ministry_6,Agency_44,0,0,0,0,0,0,0
PRJ-1D54FBAE,2022-01-01,0.0,0.21608247422680407,0.19651724137931034,0.2058656330749354,0.0,0.2,1.3,0.0,0.9881140760986837,1.1372758620689656,152,96.75,0,Sector_19,Ministry_2,Agency_46,0,0,0,0,0,0,0
PRJ-1DD32B30,2022-01-01,18.53,0.014843750000000044,0.078,0.08468223086900128,999.0,1.0,19.266666666666666,0.0,1.0078531585779558,1.2637402597402603,51,128.42857142857142,1,Sector_8,Ministry_3,Agency_29,0,0,0,0,0,1,0
PRJ-1DF87D25,2022-01-01,6.346983938132066,0.0,0.0,0.0,0.06395496129486276,1.0,41.03333333333333,0.0,0.9118455582976115,0.0,52,0.0,0,Sector_17,Ministry_4,Agency_49,0,0,0,0,0,0,0
PRJ-1DFFB521,2022-01-01,6.773566878980894,0.061917808219178076,0.16472602739726025,0.16472602739726025,0.1408548707753479,0.6666666666666666,13.566666666666666,0.0,1.1546554265592865,0.0,63,73.0,0,Sector_9,Ministry_8,Agency_48,0,0,0,0,1,0,0
PRJ-1E0064D1,2022-01-01,0.0,0.17356435643564358,0.08724252491694354,0.11221297836938436,0.0,1.0,17.433333333333334,0.0,0.9270853513899193,1.8406976744186045,72,100.125,1,Sector_8,Ministry_6,Agency_25,0,0,0,0,0,1,1
PRJ-1E3626BE,2022-01-01,0.0,0.4496428571428573,0.28500000000000003,0.2992638036809816,0.0,0.0,0.0,0.0,1.0488409774809033,1.3245121951219514,512,27.181818181818183,0,Sector_20,Ministry_4,Agency_10,0,0,0,0,0,0,0
PRJ-1E4AF12B,2022-01-01,-13.355000000000004,0.5466666666666669,0.41747474747474755,0.3243939393939394,0.03783333333333327,0.2222222222222222,1.2666666666666666,0.0,0.9276155229082482,0.24323232323232322,28,33.0,0,Sector_10,Ministry_8,Agency_49,0,0,0,0,0,0,0
PRJ-1E4FAC13,2022-01-01,9.391093969144464,0.06695035460992906,0.061347517730496445,0.0667650531286895,0.11113537117903931,0.625,29.033333333333335,0.0,1.1209524290619273,0.05995271867612293,68,141.14285714285714,0,Sector_13,Ministry_6,Agency_47,0,0,0,0,0,0,0
PRJ-1E80978E,2022-01-01,13.13421052631579,0.0,0.0,0.0,0.13020344287949923,1.0,19.333333333333332,0.0,1.0368409134779573,0.0,95,0.0,0,Sector_12,Ministry_8,Agency_5,0,0,0,0,0,0,0
PRJ-1E8682AF,2022-01-01,10.453551348250144,0.04429268292682926,0.050048701298701294,0.04867802108678021,0.09198675496688742,1.0,7.266666666666667,135.25497223210135,2.0805761928845814,1.2678084415584412,3,205.5,1,Sector_18,Ministry_2,Agency_44,0,0,0,0,1,1,1
PRJ-1EBD9FEE,2022-01-01,3.6605583756345226,0.1377215189873418,0.1,0.10964194373401535,0.10916492693110647,1.0,18.1,0.0,1.231569630222152,2.736510638297872,37,78.2,0,Sector_12,Ministry_8,Agency_39,0,0,0,0,0,0,0
PRJ-1ED9FC13,2022-01-01,0.9058308157099688,0.03362068965517243,0.03362068965517243,0.03362068965517243,0.1527255985267035,0.5,8.066666666666666,0.0,0.7392136383319009,0.0,3,58.0,0,Sector_2,Ministry_4,Agency_21,0,0,0,0,0,0,0
PRJ-1EE2C1FA,2022-01-01,7.273574097135741,0.0,0.0,0.0,0.1345655172413793,1.0,12.566666666666666,0.0,4.091076143362963,0.0,15,0.0,0,Sector_12,Ministry_7,Agency_31,0,0,0,0,0,0,0
PRJ-1F039F74,2022-01-01,0.0,0.2364705882352941,0.10348039215686274,0.15769607843137257,0.0,0.45454545454545453,7.666666666666667,0.0,0.9634100904897925,2.1599019607843144,218,68.0,0,Sector_1,Ministry_3,Agency_4,0,0,0,0,0,0,0
PRJ-1F281D12,2022-01-01,11.641930360415394,0.04956521739130435,0.04956521739130435,0.04956521739130435,0.0711495246326707,1.0,39.13333333333333,0.0,1.359402635441419,0.0,158,161.0,0,Sector_7,Ministry_10,Agency_45,0,0,0,0,0,0,0
PRJ-1F5D1BBB,2022-01-01,-4.143597883597884,0.1736538461538462,0.1736538461538462,0.1736538461538462,0.10019021739130433,0.5,19.0,0.0,0.5324670344970794,0.0,2,104.0,0,Sector_1,Ministry_2,Agency_41,0,0,0,0,0,0,0
PRJ-1F5F0384,2022-01-01,0.0,0.1223699421965318,0.08136801541425819,0.07917148362235069,0.0,0.5714285714285714,23.766666666666666,0.0,0.9301244269810086,0.1272447013487476,105,173.0,0,Sector_18,Ministry_5,Agency_1,0,0,0,0,0,0,0
PRJ-1FA5F091,2022-01-01,2.0614956736711996,0.030384615384615385,0.030384615384615385,0.030384615384615385,0.06344470962609387,0.0,0.0,0.0,1.1064721469804868,0.0,49,156.0,0,Sector_14,Ministry_6,Agency_1,0,0,0,0,0,0,0
PRJ-1FAD7DA1,2022-01-01,0.0,0.17188679245283017,0.14235668789808914,0.18547770700636942,0.0,0.5,7.733333333333333,0.0,1.0284687672747375,0.11707006369426753,828,52.36363636363637,0,Sector_15,Ministry_9,Agency_16,0,0,0,0,0,0,0
PRJ-1FB28DB5,2022-01-01,12.675733882030176,0.030206896551724132,0.07678200692041523,0.07678200692041523,0.08251648351648352,0.6666666666666666,33.766666666666666,0.0,1.2564867029158375,0.0,115,144.5,0,Sector_1,Ministry_1,Agency_45,0,0,0,0,0,0,0
PRJ-1FB8C950,2022-01-01,27.407884130982367,0.004124293785310757,0.03739130434782609,0.03583427922814983,0.12191397849462365,1.0,37.0,0.0,2.229644628380128,5.520151228733459,66,176.2,1,Sector_11,Ministry_4,Agency_11,0,0,0,0,1,1,0
PRJ-1FE9A777,2022-01-01,-6.049290780141845,0.09516129032258067,0.05965949820788532,0.06163082437275986,0.04215686274509803,0.2857142857142857,30.6,0.0,0.8972018744715398,0.8188888888888888,33,186.0,0,Sector_1,Ministry_10,Agency_40,0,0,0,0,0,0,1
PRJ-205A4D68,2022-01-01,29.30746411483254,0.08074712643678161,0.06813218390804598,0.06813218390804598,0.1762087912087912,1.0,19.1,0.0,0.9326426773713852,0.0,160,174.0,0,Sector_12,Ministry_5,Agency_42,0,0,0,0,0,1,0
PRJ-20E3FFF3,2022-01-01,17.521881321645317,0.004810126582278479,0.004810126582278479,0.004810126582278479,0.08427884615384616,0.5,30.466666666666665,0.0,1.9903117129442087,0.0,127,158.0,0,Sector_6,Ministry_9,Agency_25,0,0,0,0,0,0,0
PRJ-20FD2724,2022-01-01,12.913553008595983,0.030465116279069736,0.04,0.04857558139534883,0.08719907407407408,0.42857142857142855,32.733333333333334,0.0,0.9480467962002489,0.19335271317829453,110,172.0,0,Sector_11,Ministry_7,Agency_38,0,0,0,0,0,0,0
PRJ-21AEC59E,2022-01-01,-9.95354978354979,0.23048543689320392,0.1578709677419355,0.10567632850241546,0.0692695652173913,0.4,21.5,0.0,0.7504873684988838,3.9382258064516127,63,103.5,0,Sector_8,Ministry_2,Agency_12,0,0,0,0,0,0,0
PRJ-21B61A0B,2022-01-01,-1.9494202898550697,0.0,0.0,0.0,0.06149844720496895,1.0,1.3666666666666667,0.0,0.7056982754552512,0.0,126,0.0,0,Sector_10,Ministry_2,Agency_4,0,0,0,0,0,1,0
PRJ-21C6BC83,2022-01-01,16.819999999999993,0.006514285714285717,0.09680608365019013,0.08652421652421653,999.0,1.0,13.7,113.90768189182,2.0033602404384605,6.567490494296578,81,175.5,1,Sector_7,Ministry_3,Agency_2,0,0,0,0,1,1,0
PRJ-21E13393,2022-01-01,10.727471264367816,0.0,0.0,0.0,0.06472936400541272,1.0,42.2,0.0,1.7070795617647194,0.0,60,0.0,0,Sector_12,Ministry_5,Agency_48,0,0,0,0,0,1,0
PRJ-21EAA46D,2022-01-01,1.122147165259335,0.11960784313725493,0.061505728314238964,0.06744597249508841,0.0639102564102564,0.3333333333333333,40.36666666666667,0.0,0.8539615673388824,0.2967266775777414,125,203.6,0,Sector_20,Ministry_3,Agency_47,0,0,0,0,0,0,1
PRJ-225D4A6A,2022-01-01,0.0,0.05146067415730335,0.09407547169811323,0.09483931947069944,0.0,0.25,21.8,0.0,0.9060929089821714,2.8295471698113204,317,88.0909090909091,0,Sector_4,Ministry_2,Agency_21,0,0,0,0,0,0,0
PRJ-2266A1A5,2022-01-01,8.76583608724389,0.056482213438735177,0.056482213438735177,0.056482213438735177,0.075020366598778,1.0,36.233333333333334,0.0,3.1552585970943476,0.0,26,253.0,0,Sector_17,Ministry_6,Agency_24,0,0,0,0,1,1,1
PRJ-226F6672,2022-01-01,0.8554794520547944,0.0,0.0,0.0,0.173068669527897,0.0,0.0,0.0,0.7654615151507366,0.0,26,0.0,0,Sector_13,Ministry_3,Agency_20,0,0,0,0,0,0,0
PRJ-22B5BAB8,2022-01-01,8.72881934566145,0.09539473684210523,0.06806734992679354,0.06806734992679354,0.09557422969187676,0.75,26.266666666666666,0.0,1.0046059717184956,1.047510980966325,139,227.66666666666666,0,Sector_13,Ministry_8,Agency_2,0,0,0,0,0,0,0
PRJ-231CF568,2022-01-01,-13.76652267818574,0.21371134020618554,0.1962051282051282,0.1962051282051282,0.0862776025236593,0.3333333333333333,18.466666666666665,0.0,1.5406557410402744,0.0,0,97.5,0,Sector_13,Ministry_2,Agency_17,0,0,0,0,0,0,1
PRJ-235F4A9C,2022-01-01,-0.4575471698113205,0.09497005988023952,0.09050898203592815,0.09050898203592815,0.05853544776119403,0.3333333333333333,40.9,0.0,0.6925778737859275,0.0,124,167.0,0,Sector_2,Ministry_1,Agency_43,0,0,0,0,0,0,0
PRJ-2377429A,2022-01-01,2.0444099378881972,0.08596774193548387,0.09518072289156627,0.09518072289156627,0.08005917159763315,0.3333333333333333,28.666666666666668,0.0,0.8590078492804304,0.0,70,124.5,0,Sector_1,Ministry_9,Agency_10,0,0,0,0,0,0,0
PRJ-239B28B9,2022-01-01,21.712127659574477,0.05163424124513617,0.051580310880829004,0.05220602526724975,0.25649572649572655,1.0,29.2,0.0,0.8193585279512261,0.21621761658031086,7,257.25,1,Sector_11,Ministry_6,Agency_32,0,0,0,0,0,1,1
PRJ-23BA9341,2022-01-01,2.2561938120256855,0.0,0.0,0.0,0.06015785319652723,0.0,0.0,0.0,1.0835748337738234,0.0,107,0.0,0,Sector_10,Ministry_5,Agency_5,0,0,0,0,0,0,0
PRJ-248B088D,2022-01-01,5.203500611995104,0.0,0.0,0.0,0.06483577917540181,1.0,38.53333333333333,0.0,3.3471077190582674,0.0,39,0.0,0,Sector_15,Ministry_4,Agency_2,0,0,0,0,1,1,0
PRJ-2509B474,2022-01-01,3.1423759239704268,0.08391061452513965,0.14069637883008357,0.14069637883008357,0.11462643678160919,0.3333333333333333,20.266666666666666,0.0,0.9316040258588159,0.0,61,179.5,0,Sector_2,Ministry_4,Agency_3,0,0,0,0,0,0,0
PRJ-2513D26D,2022-01-01,4.2575662814412,0.0,0.0,0.0,0.071738746690203,0.0,0.0,0.0,0.7210729061916212,0.0,97,0.0,0,Sector_10,Ministry_10,Agency_45,0,0,0,0,0,0,0
PRJ-251E250C,2022-01-01,43.21963597430406,0.028632812499999993,0.046219035202086055,0.046219035202086055,0.30005291005291007,1.0,39.833333333333336,0.0,1.2531713518712266,2.4474185136897,190,255.66666666666666,1,Sector_15,Ministry_6,Agency_47,0,0,0,0,0,1,0
PRJ-25514632,2022-01-01,17.6523212783852,0.08052083333333332,0.08736979166666665,0.08736979166666665,0.12440639269406394,1.0,27.033333333333335,0.0,0.9614893555037304,0.0,175,192.0,0,Sector_14,Ministry_2,Agency_34,0,0,0,0,0,0,0
PRJ-26120A09,2022-01-01,0.0,0.08186956521739129,0.09557971014492754,0.09972826086956521,0.0,0.6,26.866666666666667,0.0,1.0312089528713286,0.18044927536231886,204,230.0,0,Sector_16,Ministry_10,Agency_27,0,0,0,0,0,0,0
PRJ-26700FE7,2022-01-01,2.8278440925700323,0.05602941176470592,0.07078335373317014,0.06889908256880735,0.07570680628272249,0.4,39.63333333333333,0.0,1.044684282437398,0.1794736842105263,89,272.5,0,Sector_19,Ministry_2,Agency_36,0,0,0,0,0,0,0
PRJ-26940442,2022-01-01,0.0,0.34829787234042564,0.22765957446808507,0.22223404255319149,0.0,0.1111111111111111,3.533333333333333,0.0,1.0154874942102825,0.8495744680851065,216,47.0,0,Sector_3,Ministry_9,Agency_2,0,0,0,0,0,0,0
PRJ-26E771FA,2022-01-01,43.16,0.10558823529411769,0.09009852216748768,0.0634935304990758,999.0,1.0,10.733333333333333,0.0,1.1842964822791122,0.7949507389162561,123,135.25,1,Sector_1,Ministry_4,Agency_25,0,0,0,0,0,1,0
PRJ-272A1DD0,2022-01-01,12.969731800766283,-0.07134328358208956,0.10258706467661693,0.10743781094527365,0.39791666666666653,0.5,7.266666666666667,0.0,1.1341195124573435,1.1712437810945278,65,67.0,0,Sector_2,Ministry_2,Agency_20,0,0,0,0,0,0,0
PRJ-275AE1FF,2022-01-01,5.218573315719947,0.07199999999999998,0.07199999999999998,0.07199999999999998,0.07061188811188811,0.0,0.0,0.0,0.6579647496509191,0.0,121,125.0,0,Sector_6,Ministry_5,Agency_4,0,0,0,0,1,0,0
PRJ-27656142,2022-01-01,29.57544747081712,0.1077319587628866,0.0994871794871795,0.0994871794871795,0.20612403100775192,1.0,13.133333333333333,0.0,1.4110618373445059,0.0,92,97.5,0,Sector_5,Ministry_8,Agency_2,0,0,0,0,0,1,0
PRJ-27C40EEF,2022-01-01,41.13,0.08551948051948048,0.0628448275862069,0.07990306946688205,999.0,1.0,13.266666666666667,0.0,0.8666571689281721,0.07607758620689654,90,154.75,1,Sector_7,Ministry_8,Agency_1,0,0,0,0,0,1,0
PRJ-27CA5D6C,2022-01-01,-4.219706959706954,0.12131249999999998,0.06960416666666666,0.06960416666666666,0.056527331189710615,0.5,34.7,0.0,0.7663344097387156,0.3260208333333333,66,160.0,0,Sector_7,Ministry_1,Agency_37,0,0,0,0,0,0,0
PRJ-27E8D8CE,2022-01-01,-2.7756871765382414,0.08645833333333333,0.08645833333333333,0.08645833333333333,0.05374830852503383,0.0,0.0,0.0,0.7914890235510724,0.0,328,336.0,0,Sector_7,Ministry_7,Agency_4,0,0,0,0,0,0,0
PRJ-27EB0162,2022-01-01,0.0,0.0965263157894737,0.0732394366197183,0.09186619718309859,0.0,0.45454545454545453,17.266666666666666,0.0,0.9087848391239456,0.19267605633802806,244,94.6,0,Sector_7,Ministry_3,Agency_21,0,0,0,0,0,0,0
PRJ-27FAC97D,2022-01-01,3.3108112874779465,0.029182389937106923,0.10601880877742947,0.10601880877742947,0.09345541401273885,0.6666666666666666,25.4,0.0,1.4336478051998003,0.0,28,159.5,0,Sector_16,Ministry_8,Agency_28,0,0,0,0,1,0,0
PRJ-28AC674B,2022-01-01,9.879999999999995,0.17942307692307694,0.07365384615384617,0.08924145299145299,999.0,1.0,25.133333333333333,0.0,0.9771800330109891,0.3447435897435898,117,156.0,1,Sector_2,Ministry_6,Agency_39,0,0,0,0,0,0,0
PRJ-28B9DD90,2022-01-01,-7.930428249436513,0.2058715596330275,0.11555045871559631,0.11555045871559631,0.06713709677419354,0.6666666666666666,28.7,0.0,1.3449080385389214,0.0,12,109.0,0,Sector_16,Ministry_9,Agency_28,0,0,0,0,1,0,1
PRJ-28BB9C6E,2022-01-01,7.656269982238008,0.08489051094890512,0.10613138686131386,0.0706021897810219,0.10922666666666667,0.8,21.166666666666668,0.0,1.4242808885785483,3.009221411192214,66,137.0,0,Sector_3,Ministry_2,Agency_40,0,0,0,0,1,0,0
PRJ-28C03323,2022-01-01,3.6088198103266613,0.1654310344827586,0.1654310344827586,0.1654310344827586,0.11121359223300971,0.5,19.7,0.0,2.077618723639264,0.0,100,116.0,0,Sector_6,Ministry_9,Agency_18,0,0,0,0,1,0,0
PRJ-28E48B4C,2022-01-01,-1.3974594292109686,0.0746153846153846,0.039894419306184,0.039894419306184,0.05411609498680739,0.25,37.7,0.0,0.8492532113345848,0.05093514328808448,145,221.0,0,Sector_15,Ministry_4,Agency_25,0,0,0,0,0,0,1
PRJ-291C3F73,2022-01-01,0.0,0.20949999999999988,0.27216666666666667,0.2534,0.0,0.0,0.0,0.0,1.3083684794672585,2.005722222222222,763,60.0,0,Sector_14,Ministry_2,Agency_3,0,0,0,0,0,0,0
PRJ-2955136B,2022-01-01,12.613757658270927,0.0811764705882353,0.0811764705882353,0.0811764705882353,0.08456209150326797,0.5,34.833333333333336,0.0,1.9952160483255768,0.0,229,238.0,0,Sector_15,Ministry_6,Agency_14,0,0,0,0,1,0,0
PRJ-29694DF4,2022-01-01,26.21342342342342,0.18458333333333332,0.18458333333333332,0.18458333333333332,0.33969432314410475,1.0,3.7,0.0,0.9135230426712772,0.0,24,96.0,0,Sector_2,Ministry_4,Agency_8,0,0,0,0,1,1,0
PRJ-29CAB222,2022-01-01,-9.123890954151179,0.152,0.07615062761506276,0.07615062761506276,0.052373949579831935,0.5,34.06666666666667,0.0,1.7379398163114343,0.4756694560669456,25,159.33333333333334,0,Sector_17,Ministry_5,Agency_34,0,0,0,0,1,0,1
PRJ-29DB7F8C,2022-01-01,3.0999999999999943,0.06927710843373494,0.14225806451612907,0.12721774193548388,999.0,1.0,10.4,0.0,1.0830627537637323,0.5112903225806451,666,82.625,1,Sector_16,Ministry_1,Agency_18,0,0,0,0,0,1,1
PRJ-2A623283,2022-01-01,3.134518388791591,0.15876190476190477,0.20720379146919432,0.20720379146919432,0.19128865979381443,0.3333333333333333,10.233333333333333,0.0,1.3107129900284407,0.0,61,105.5,0,Sector_11,Ministry_3,Agency_6,0,0,0,0,1,0,0
PRJ-2A645C2C,2022-01-01,8.809069767441862,0.0,0.0,0.0,0.19771367521367522,1.0,5.1,0.0,1.2642366574349508,0.0,45,0.0,0,Sector_10,Ministry_3,Agency_2,0,0,0,0,0,0,0
PRJ-2A7637BF,2022-01-01,0.0,0.07022222222222214,0.1764179104477612,0.16146067415730336,0.0,0.2727272727272727,2.6333333333333333,0.0,1.012782512041497,0.15626865671641796,717,44.5,0,Sector_14,Ministry_7,Agency_18,0,0,0,0,0,0,0
PRJ-2AA848D4,2022-01-01,2.3429585798816603,0.06484662576687113,0.06652351738241308,0.06652351738241308,0.06171552660152009,0.0,0.0,0.0,0.918297735687698,0.2994887525562372,117,163.0,0,Sector_13,Ministry_6,Agency_12,0,0,0,0,0,0,0
PRJ-2AC154B0,2022-01-01,-4.1487703016241255,0.053885350318471296,0.07359574468085106,0.06362087326943557,0.051055276381909556,0.2857142857142857,32.8,87.03737607030193,1.632855044518234,1.0083404255319146,32,156.5,0,Sector_18,Ministry_3,Agency_41,0,0,0,0,1,0,0
PRJ-2AFA55F8,2022-01-01,16.404615384615376,0.1305140186915888,0.06797191887675508,0.05060889929742388,0.1012590799031477,1.0,34.333333333333336,0.0,1.4877028891948567,1.4025741029641188,145,213.5,1,Sector_16,Ministry_2,Agency_23,0,0,0,0,1,1,1
PRJ-2AFEAA6E,2022-01-01,4.310000000000002,0.13472000000000003,0.13050666666666666,0.13,999.0,0.4,5.9,0.0,1.0677011048074407,0.34895999999999994,818,125.0,0,Sector_14,Ministry_5,Agency_39,0,0,0,0,0,0,0
PRJ-2B12F427,2022-01-01,0.8559231253938151,0.06844961240310077,0.03834625322997416,0.05767441860465117,0.06634241245136185,0.6,22.466666666666665,0.0,0.8700337027446353,0.06174418604651162,40,258.0,0,Sector_1,Ministry_8,Agency_46,0,0,0,0,0,0,0
PRJ-2B15F9BD,2022-01-01,12.134943625325235,-0.0334615384615385,0.05814102564102564,0.05814102564102564,0.10522865853658536,0.25,16.466666666666665,0.0,3.4180516304870623,1.638205128205128,81,104.0,0,Sector_15,Ministry_9,Agency_11,0,0,0,0,1,0,0
PRJ-2B5038EB,2022-01-01,-12.699876160990712,0.2629213483146068,0.1797014925373134,0.1637219730941704,0.027800000000000012,0.16666666666666666,5.233333333333333,66.91054356120114,1.5065344703406436,2.826082089552239,11,89.2,0,Sector_14,Ministry_9,Agency_38,0,0,0,0,1,0,1
PRJ-2B6A9729,2022-01-01,4.680926143024617,0.07521428571428572,0.07521428571428572,0.07521428571428572,0.06211509715994021,0.5,40.13333333333333,0.0,0.9422362702905609,0.0,88,140.0,0,Sector_8,Ministry_8,Agency_14,0,0,0,0,0,0,0
PRJ-2B7BBAC0,2022-01-01,8.940000000000012,0.026826923076923002,0.07035369774919613,0.07781701444622792,0.11870129870129871,0.6666666666666666,26.2,0.0,0.9717705833837659,1.782475884244373,85,103.875,0,Sector_20,Ministry_6,Agency_39,0,0,0,0,0,0,0
PRJ-2B85FC58,2022-01-01,28.399923954372625,0.06652849740932643,0.07314285714285715,0.07314285714285715,0.17573863636363637,1.0,23.066666666666666,0.0,1.027771523213523,0.0,123,192.5,0,Sector_3,Ministry_2,Agency_18,0,0,0,0,0,1,0
PRJ-2BB62091,2022-01-01,1.635198973042364,0.08029239766081873,0.07072124756335282,0.07130604288499025,0.07037878787878787,0.42857142857142855,37.166666666666664,0.0,0.9538163459959204,0.5685380116959063,97,171.0,0,Sector_6,Ministry_6,Agency_11,0,0,0,0,0,0,1
PRJ-2C20CA84,2022-01-01,12.536231772831925,0.06366666666666668,0.06366666666666668,0.06366666666666668,0.09523598820058995,0.0,0.0,0.0,1.0720810902290898,0.0,206,210.0,0,Sector_19,Ministry_6,Agency_23,0,0,0,0,0,0,0
PRJ-2C6190A1,2022-01-01,19.611979695431465,0.058860759493670915,0.08331932773109245,0.04148031496062993,0.21295454545454542,1.0,17.633333333333333,0.0,0.9748252960489268,0.8142436974789917,16,158.75,1,Sector_17,Ministry_4,Agency_38,0,0,0,0,0,1,0
PRJ-2C72400B,2022-01-01,-0.9281341719077574,0.1728205128205128,0.1728205128205128,0.1728205128205128,0.10356756756756756,0.0,0.0,0.0,1.3999217883018988,0.0,58,78.0,0,Sector_6,Ministry_10,Agency_14,0,0,0,0,1,0,0
PRJ-2C8E9DAA,2022-01-01,16.532716049382714,0.0,0.0,0.0,0.07728127939793039,1.0,38.2,0.0,0.9651195843967293,0.0,236,0.0,0,Sector_14,Ministry_3,Agency_49,0,0,0,0,1,0,0
PRJ-2C9AC648,2022-01-01,0.616368767638761,0.12560810810810805,0.10632882882882881,0.0881081081081081,0.10000000000000006,0.5,15.266666666666667,103.66360560657321,1.8177022198439554,0.7067117117117118,71,148.0,0,Sector_1,Ministry_8,Agency_16,0,0,0,0,1,0,0
PRJ-2CEA31F1,2022-01-01,17.877175141242933,0.042029411764705885,0.042029411764705885,0.042029411764705885,0.07537486800422386,1.0,5.833333333333333,0.0,0.9543194234888458,0.0,143,340.0,0,Sector_15,Ministry_3,Agency_2,0,0,0,0,0,1,1
PRJ-2D08DF25,2022-01-01,4.474467640918583,0.22298507462686565,0.17309999999999998,0.17309999999999998,0.23572289156626508,0.0,0.0,0.0,0.9389680231747367,0.6713999999999999,47,66.66666666666667,0,Sector_3,Ministry_2,Agency_3,0,0,0,0,0,0,0
PRJ-2DF864D8,2022-01-01,3.89665835411472,0.07772727272727271,0.0652896725440806,0.0758816120906801,0.06935251798561151,0.14285714285714285,37.03333333333333,0.0,0.8994689604070737,6.680705289672544,122,132.33333333333334,0,Sector_19,Ministry_1,Agency_22,0,0,0,0,0,0,0
PRJ-2E16917E,2022-01-01,3.700000000000003,0.1458108108108107,0.1296380090497737,0.1367420814479638,999.0,0.3333333333333333,9.3,0.0,1.0522183930854898,1.5465158371040724,779,73.625,0,Sector_17,Ministry_3,Agency_44,0,0,0,0,0,0,0
PRJ-2E2A132D,2022-01-01,26.616087936865842,0.028195121951219516,0.02860162601626017,0.02860162601626017,0.09031887755102042,1.0,38.3,0.0,1.1268432727584425,0.07692682926829268,170,205.0,0,Sector_6,Ministry_9,Agency_33,0,0,0,0,0,1,0
PRJ-2E5451BF,2022-01-01,13.576314333148865,0.06621495327102803,0.06621495327102803,0.06621495327102803,0.07430167597765364,1.0,43.2,0.0,1.2310442785947107,0.0,236,428.0,0,Sector_13,Ministry_2,Agency_5,0,0,0,0,1,1,1
PRJ-2E992C87,2022-01-01,-2.398989898989896,0.13222222222222224,0.1384245076586433,0.12983579638752052,0.0,0.6,11.866666666666667,0.0,0.9980147303973569,0.9171991247264769,12,152.25,0,Sector_8,Ministry_8,Agency_40,0,0,0,0,0,0,0
PRJ-2E9A8317,2022-01-01,3.8499999999999943,0.04193877551020408,0.07236301369863017,0.08758147512864495,999.0,1.0,22.7,54.06354348166169,1.4133535990441382,9.085171232876721,35,97.0909090909091,1,Sector_20,Ministry_4,Agency_6,0,0,0,0,1,1,1
PRJ-2EC943DD,2022-01-01,-0.6744954128440366,0.0,0.0,0.0,0.05688918558077437,1.0,0.8,0.0,1.1367629100985661,0.0,29,0.0,0,Sector_14,Ministry_4,Agency_16,0,0,0,0,0,1,1
PRJ-2F2790D4,2022-01-01,16.380780065005414,0.06174603174603175,0.06174603174603175,0.06174603174603175,0.13346625766871165,1.0,16.233333333333334,0.0,1.4012794587719357,0.0,20,126.0,0,Sector_13,Ministry_7,Agency_38,0,0,0,0,0,1,0
PRJ-2F77C3D2,2022-01-01,24.887049180327878,0.05673684210526313,0.05028070175438596,0.05167397020157756,0.21919753086419758,1.0,36.06666666666667,0.0,1.0008975223220327,0.22873684210526316,32,190.16666666666666,1,Sector_18,Ministry_4,Agency_27,0,0,0,0,0,1,0
PRJ-2F97CB45,2022-01-01,1.9200667037242916,0.0,0.0,0.0,0.05685884691848907,0.0,0.0,0.0,0.2597611183642444,0.0,91,0.0,0,Sector_10,Ministry_4,Agency_41,0,0,0,0,0,0,0
PRJ-2FC78E7A,2022-01-01,18.620000000000005,0.09167381974248924,0.07371959942775393,0.07371959942775393,999.0,1.0,14.533333333333333,0.0,1.1050457056846834,0.3392274678111588,225,233.0,1,Sector_20,Ministry_4,Agency_21,0,0,0,0,0,1,0
PRJ-2FC7C97A,2022-01-01,6.965409836065575,0.09343511450381678,0.0684351145038168,0.0684351145038168,0.09172268907563026,0.0,0.0,0.0,1.7738545874775107,0.0,114,131.0,0,Sector_8,Ministry_2,Agency_22,0,0,0,0,1,0,0
PRJ-2FD4E3F0,2022-01-01,3.9978137890394834,0.07776315789473684,0.07492307692307693,0.07492307692307693,0.06301944728761515,0.75,40.43333333333333,0.0,0.7093093533993512,0.25151648351648354,114,151.66666666666666,0,Sector_3,Ministry_2,Agency_11,0,0,0,0,0,0,0
PRJ-30882C4E,2022-01-01,25.0370334412082,0.08064285714285714,0.08826190476190476,0.08826190476190476,0.20883064516129032,1.0,15.733333333333333,0.0,0.8894197573528793,0.11988095238095238,119,140.0,0,Sector_3,Ministry_3,Agency_17,0,0,0,0,0,1,0
PRJ-3119B9C8,2022-01-01,7.0141008018327575,0.10760416666666668,0.10760416666666668,0.10760416666666668,0.12533846153846154,1.0,16.866666666666667,0.0,1.7656302439964529,0.0,31,96.0,0,Sector_15,Ministry_3,Agency_39,0,0,0,0,1,0,0
PRJ-314CF8FC,2022-01-01,3.5744073346430927,0.0,0.0,0.0,0.0682102056359482,1.0,0.7333333333333333,0.0,0.47782578335960973,0.0,40,0.0,0,Sector_11,Ministry_1,Agency_12,0,0,0,0,0,1,0
PRJ-315EB245,2022-01-01,39.78182572614108,0.20387323943661972,0.20387323943661972,0.20387323943661972,0.4936690647482015,1.0,6.8,0.0,0.8357066061619893,0.0,59,142.0,0,Sector_17,Ministry_1,Agency_23,0,0,0,0,0,1,0
PRJ-31963AEB,2022-01-01,-8.483960826985854,0.14756944444444445,0.14756944444444445,0.14756944444444445,0.09532591414944357,0.0,0.0,0.0,2.418535925829868,0.0,3,144.0,0,Sector_5,Ministry_7,Agency_21,0,0,0,0,1,0,0
PRJ-31B1A139,2022-01-01,6.407427278603748,0.05415662650602415,0.07200803212851407,0.06772289156626507,0.08078085642317379,0.16666666666666666,27.4,0.0,1.0205047166086076,0.24491967871485942,154,166.0,0,Sector_20,Ministry_4,Agency_11,0,0,0,0,0,0,0
PRJ-31B5A733,2022-01-01,0.0,0.29307692307692296,0.22826923076923075,0.1997427652733119,0.0,0.5,3.7333333333333334,0.0,0.9438982592225128,0.4351923076923076,629,51.77777777777778,0,Sector_12,Ministry_3,Agency_21,0,0,0,0,0,0,0
PRJ-31BB64B5,2022-01-01,25.92,0.033967741935483874,0.05590762620837809,0.05590762620837809,999.0,1.0,17.3,103.14447491186213,2.5317986312813217,0.9155316863587539,2,310.3333333333333,1,Sector_11,Ministry_9,Agency_9,0,0,0,0,1,1,1
PRJ-329B72B8,2022-01-01,2.8700000000000045,0.06294520547945204,0.14174311926605504,0.12247848537005163,999.0,0.2,11.066666666666666,0.0,0.9965895705794201,2.1969036697247706,87,145.25,0,Sector_13,Ministry_4,Agency_44,0,0,0,0,0,0,0
PRJ-32F5F6A8,2022-01-01,6.578494623655914,0.16528169014084507,0.13199999999999998,0.13199999999999998,0.15895522388059702,1.0,14.866666666666667,0.0,0.9496289373159157,0.0,49,142.5,0,Sector_5,Ministry_5,Agency_44,0,0,0,0,0,0,0
PRJ-32F66615,2022-01-01,12.1958264947245,0.0,0.0,0.0,0.06761061946902655,1.0,41.766666666666666,0.0,1.2913316887533088,0.0,138,0.0,0,Sector_10,Ministry_10,Agency_9,0,0,0,0,0,0,0
PRJ-334354C8,2022-01-01,13.035253399258352,-0.017324840764331204,0.04904862579281183,0.045433403805496826,0.09032822757111597,0.42857142857142855,25.366666666666667,0.0,1.2959279372557504,0.39494714587737845,58,157.66666666666666,0,Sector_18,Ministry_7,Agency_19,0,0,0,0,0,0,0
PRJ-339CAAFB,2022-01-01,0.0,0.10975806451612903,0.12867924528301888,0.13888529886914378,0.0,0.16666666666666666,15.666666666666666,145.63065317432222,2.382005053525872,5.9937196765498655,686,123.8,0,Sector_7,Ministry_2,Agency_17,0,0,0,0,1,0,0
PRJ-33D45E07,2022-01-01,5.2854383358098005,0.12419642857142854,0.05146268656716416,0.07250746268656716,0.0886178861788618,0.375,23.666666666666668,133.81434858254016,2.5955884121243815,1.7739402985074626,84,111.71428571428571,0,Sector_8,Ministry_3,Agency_12,0,0,0,0,1,0,0
PRJ-33F14AEA,2022-01-01,24.188422939068104,0.0,0.0,0.0,0.26653429602888085,1.0,3.433333333333333,0.0,0.6262892120796384,0.0,67,0.0,0,Sector_1,Ministry_10,Agency_13,0,0,0,0,0,1,0
PRJ-342EBD89,2022-01-01,14.133711340206183,0.10135802469135803,0.13438524590163933,0.08723926380368098,0.16856741573033707,1.0,10.566666666666666,0.0,1.093988813518585,0.4633196721311475,13,81.5,0,Sector_5,Ministry_9,Agency_38,0,0,0,0,0,1,0
PRJ-344BD353,2022-01-01,15.185356156819445,0.03522421524663678,0.045381165919282505,0.045381165919282505,0.0921654501216545,1.0,8.4,0.0,0.8367639599352402,0.0,62,446.0,1,Sector_18,Ministry_4,Agency_15,0,0,0,0,0,1,1
PRJ-349B8244,2022-01-01,17.422553191489364,0.1435135135135135,0.1225,0.1225,0.214392523364486,1.0,15.066666666666666,0.0,1.0961512724604299,0.0,94,148.0,0,Sector_17,Ministry_4,Agency_39,0,0,0,0,0,0,0
PRJ-34B8C887,2022-01-01,2.341260504201685,0.1193846153846154,0.08441025641025642,0.08441025641025642,0.09021108179419525,0.75,27.066666666666666,0.0,1.11426525613311,0.5738632478632478,32,195.0,0,Sector_18,Ministry_8,Agency_45,0,0,0,0,0,0,0
PRJ-34DFFEA1,2022-01-01,3.200000000000003,-0.020857142857142835,0.04631746031746033,0.08925278219395867,999.0,0.45454545454545453,22.4,141.46294513955723,2.495346765405388,0.3517460317460318,296,104.9,0,Sector_17,Ministry_5,Agency_4,0,0,0,0,1,0,0
PRJ-3515C27A,2022-01-01,24.479223907225702,0.011559633027522852,0.056920731707317054,0.060974124809741244,0.4840322580645162,1.0,16.033333333333335,0.0,1.0014450045573806,0.4238414634146341,74,109.5,1,Sector_1,Ministry_4,Agency_19,0,0,0,0,0,1,0
PRJ-3541B521,2022-01-01,8.5,0.09514150943396227,0.09514150943396227,0.09514150943396227,0.08819628647214854,0.5,30.133333333333333,0.0,0.9995075852777427,0.0,122,212.0,0,Sector_4,Ministry_5,Agency_7,0,0,0,0,0,0,0
PRJ-3545ABA2,2022-01-01,16.390959409594103,0.08995454545454545,0.05898484848484849,0.07828409090909091,0.3718181818181819,0.8,31.666666666666668,0.0,0.8726770735613042,0.3466666666666667,200,220.0,0,Sector_10,Ministry_4,Agency_18,0,0,0,0,0,0,0
PRJ-3568CDCD,2022-01-01,6.740328262610092,0.05122807017543863,0.0796470588235294,0.07739705882352942,0.12470198675496688,0.5555555555555556,26.866666666666667,0.0,0.9943257940770072,0.3286764705882353,78,113.375,0,Sector_15,Ministry_5,Agency_28,0,0,0,0,0,0,0
PRJ-35ADA613,2022-01-01,28.644912280701753,0.05341549295774649,0.05341549295774649,0.05341549295774649,0.15208988764044945,1.0,20.333333333333332,0.0,0.9450140530950679,0.0,128,284.0,0,Sector_9,Ministry_3,Agency_35,0,0,0,0,0,1,0
PRJ-35D1767E,2022-01-01,2.6954890219560887,0.024999999999999988,0.024999999999999988,0.024999999999999988,0.10326059050064185,0.5,18.0,0.0,0.6688367846081941,0.0,11,106.0,0,Sector_15,Ministry_6,Agency_45,0,0,0,0,0,0,0
PRJ-35E2A74B,2022-01-01,12.43906432748538,0.0,0.0,0.0,0.11206572769953052,1.0,20.1,0.0,2.0906275558496223,0.0,82,0.0,0,Sector_2,Ministry_3,Agency_23,0,0,0,0,0,0,0
PRJ-35E62FE3,2022-01-01,10.455651105651107,0.046699507389162544,0.04345335515548281,0.04345335515548281,0.07456030150753769,1.0,5.433333333333334,0.0,0.9818335493981946,0.3828641571194763,18,203.66666666666666,0,Sector_9,Ministry_5,Agency_7,0,0,0,0,0,1,1
PRJ-362A2F97,2022-01-01,0.9399999999999977,0.11706896551724148,0.15816091954022987,0.17933908045977012,999.0,0.5,7.133333333333334,0.0,0.8801698576375444,0.2814942528735632,168,58.0,0,Sector_7,Ministry_6,Agency_28,0,0,0,0,0,0,0
PRJ-362DF1B7,2022-01-01,0.0,0.26420454545454547,0.21329545454545457,0.1836590909090909,0.0,0.5,8.0,0.0,0.9321683383310929,0.5126136363636363,116,88.0,0,Sector_9,Ministry_9,Agency_27,0,0,0,0,0,0,0
PRJ-366B0178,2022-01-01,13.608057726999398,0.04445652173913044,0.044438405797101455,0.044438405797101455,0.07971223021582734,0.6666666666666666,31.966666666666665,0.0,1.1472835711828837,0.0,140,276.0,0,Sector_7,Ministry_5,Agency_29,0,0,0,0,0,0,0
PRJ-36894503,2022-01-01,11.317063797079172,0.0545945945945946,0.0545945945945946,0.0545945945945946,0.09085290482076638,1.0,1.4666666666666666,0.0,1.1482446534567385,0.0,123,185.0,0,Sector_4,Ministry_10,Agency_14,0,0,0,0,0,1,0
PRJ-370E3361,2022-01-01,29.848571428571432,0.0,0.0,0.0,0.19119402985074627,1.0,14.866666666666667,0.0,0.30088883381049186,0.0,137,0.0,0,Sector_6,Ministry_8,Agency_23,0,0,0,0,0,1,0
PRJ-37334AF8,2022-01-01,0.0,0.1410588235294117,0.2651778656126482,0.25525222551928783,0.0,0.6,6.933333333333334,0.0,0.9013364177315737,1.6158102766798417,777,84.25,0,Sector_5,Ministry_8,Agency_3,0,0,0,0,0,0,0
PRJ-3747DF4C,2022-01-01,14.758668730650156,0.0,0.0,0.0,0.1821296296296296,1.0,7.766666666666667,0.0,3.975032923737849,0.0,53,0.0,0,Sector_6,Ministry_4,Agency_7,0,0,0,0,0,0,0
PRJ-37942019,2022-01-01,13.154816983894577,0.043865979381443286,0.08242268041237114,0.08242268041237114,0.1036574074074074,0.75,32.03333333333333,0.0,1.1112829868829652,0.25008591065292096,158,194.0,0,Sector_8,Ministry_10,Agency_16,0,0,0,0,0,0,0
PRJ-37C038E5,2022-01-01,3.2345454545454544,0.1108982035928144,0.032055888223552896,0.08365269461077844,0.08488721804511278,0.5,32.13333333333333,0.0,0.8500644509010853,-0.02365269461077849,108,167.0,0,Sector_9,Ministry_3,Agency_41,0,0,0,0,0,0,0
PRJ-37C379BD,2022-01-01,-6.331876037631435,0.09113333333333334,0.09113333333333334,0.09113333333333334,0.051130319148936176,0.0,0.0,0.0,0.8009054739845806,0.0,4,150.0,0,Sector_18,Ministry_8,Agency_45,0,0,0,0,0,0,0
PRJ-380CF440,2022-01-01,5.272288828337874,0.0,0.0,0.0,0.072580372250423,0.0,0.0,0.0,1.2913685849337306,0.0,127,0.0,0,Sector_11,Ministry_5,Agency_29,0,0,0,0,0,0,0
PRJ-38776E1F,2022-01-01,19.186622073578597,0.04059701492537312,0.05334437086092715,0.05334437086092715,0.09604863221884499,1.0,34.333333333333336,0.0,2.1527343537159034,0.34019867549668875,32,201.33333333333334,0,Sector_20,Ministry_6,Agency_39,0,0,0,0,1,1,0
PRJ-388FC5E7,2022-01-01,8.14560088202866,0.08559055118110237,0.08559055118110237,0.08559055118110237,0.06281132075471697,0.5,44.833333333333336,0.0,1.986195545966662,0.0,247,254.0,0,Sector_2,Ministry_4,Agency_25,0,0,0,0,0,0,0
PRJ-38B36CEC,2022-01-01,8.851459034792384,0.00876494023904378,0.06355909694555113,0.051762948207171304,0.07655889145496537,0.4,36.43333333333333,98.85954795911327,1.9324979734773935,2.324289508632138,94,251.0,0,Sector_19,Ministry_6,Agency_43,0,0,0,0,1,0,0
PRJ-38BCC49A,2022-01-01,1.019999999999996,0.3735483870967741,0.3389247311827958,0.2819354838709678,999.0,0.18181818181818182,0.9333333333333333,93.02480711867395,1.9842177251881952,4.28494623655914,176,31.0,0,Sector_20,Ministry_6,Agency_6,0,0,0,0,1,0,0
PRJ-392F048F,2022-01-01,12.921987918725975,0.01510989010989011,0.04936014625228519,0.04842465753424658,0.07133418043202033,1.0,44.2,0.0,0.9085476870510891,0.12765996343692873,122,182.5,1,Sector_18,Ministry_9,Agency_17,0,0,0,0,0,1,0
PRJ-39538ACD,2022-01-01,0.0,0.13742574257425738,0.12224422442244225,0.0988943894389439,0.0,0.7272727272727273,24.166666666666668,0.0,1.2101139159378942,0.8907590759075908,227,101.0,0,Sector_9,Ministry_10,Agency_17,0,0,0,0,0,0,0
PRJ-396D9FD3,2022-01-01,40.21,-0.04982758620689652,0.018733205374280228,0.04030680728667306,999.0,1.0,37.63333333333333,0.0,0.9625221572512558,0.595451055662188,145,173.83333333333334,1,Sector_4,Ministry_4,Agency_11,0,0,0,0,0,1,0
PRJ-3987F804,2022-01-01,-0.4239534883720921,0.08090163934426227,0.12209016393442623,0.12209016393442623,0.11539583333333334,0.0,0.0,0.0,1.443171507166065,0.0,14,122.0,0,Sector_13,Ministry_9,Agency_30,0,0,0,0,1,0,0
PRJ-39C2B2E2,2022-01-01,1.9699999999999989,0.35638297872340424,0.22719424460431653,0.22744604316546765,999.0,0.3333333333333333,3.6333333333333333,0.0,1.0367928990555348,1.9760431654676256,76,46.375,0,Sector_18,Ministry_5,Agency_3,0,0,0,0,0,0,0
PRJ-39C43D2D,2022-01-01,8.712898172323747,0.061055045871559646,0.05380733944954129,0.0750573394495413,0.09840304182509504,0.2,36.8,0.0,0.9274631672807302,0.17067278287461773,180,218.0,0,Sector_1,Ministry_1,Agency_26,0,0,0,0,0,0,0
PRJ-3A18CCD3,2022-01-01,17.116586345381528,0.016978417266187047,0.016978417266187047,0.016978417266187047,0.12752773375594295,0.5,17.733333333333334,0.0,1.4066623696737,0.0,87,139.0,0,Sector_11,Ministry_5,Agency_32,0,0,0,0,0,0,0
PRJ-3A1A525D,2022-01-01,4.26042979942693,0.09120805369127519,0.07116331096196868,0.07116331096196868,0.0780786686838124,0.0,0.0,0.0,0.9044712611433596,0.2024384787472036,139,149.0,0,Sector_12,Ministry_4,Agency_6,0,0,0,0,0,0,0
PRJ-3A1E4EF9,2022-01-01,13.370000000000005,-0.121923076923077,0.06070967741935482,0.1472168284789644,999.0,0.45454545454545453,7.033333333333333,0.0,1.0926606367637208,3.2881290322580634,374,51.4,0,Sector_8,Ministry_2,Agency_34,0,0,0,0,0,0,0
PRJ-3A3C2252,2022-01-01,3.969999999999999,-0.010566037735849099,0.10150943396226415,0.11668238993710693,999.0,0.375,16.966666666666665,0.0,1.019224620947095,2.7619496855345904,594,106.0,0,Sector_1,Ministry_5,Agency_25,0,0,0,0,0,0,0
PRJ-3A435CF4,2022-01-01,-6.898253638253635,0.09208860759493669,0.08084388185654008,0.08084388185654008,0.06038759689922481,0.25,29.433333333333334,0.0,0.9392110771316802,0.3258016877637131,37,158.0,0,Sector_11,Ministry_2,Agency_27,0,0,0,0,0,0,0
PRJ-3A9B7096,2022-01-01,11.848211382113824,0.0,0.0,0.0,0.0719349722442506,1.0,38.4,0.0,0.744579073837972,0.0,107,0.0,0,Sector_20,Ministry_2,Agency_32,0,0,0,0,0,1,0
PRJ-3B286C18,2022-01-01,-11.418558558558559,0.27467889908256876,0.11954128440366973,0.11954128440366973,0.07252307692307693,0.25,17.9,0.0,0.7623670259827393,0.3390519877675841,24,109.0,0,Sector_10,Ministry_6,Agency_46,0,0,0,0,0,0,1
PRJ-3B93F716,2022-01-01,14.248434399117972,0.0,0.0,0.0,0.1301536312849162,1.0,17.9,0.0,1.8538845405057462,0.0,32,0.0,0,Sector_9,Ministry_8,Agency_39,0,0,0,0,0,1,0
PRJ-3BA08334,2022-01-01,-2.9570253598355016,0.0,0.0,0.0,0.06584699453551912,0.0,0.0,0.0,0.47920754771805824,0.0,155,0.0,0,Sector_7,Ministry_2,Agency_26,0,0,0,0,0,0,0
PRJ-3BCC5F75,2022-01-01,35.92299610894942,0.06952531645569619,0.06952531645569619,0.06952531645569619,0.16355608591885443,1.0,29.7,0.0,1.8207006935887677,0.0,234,316.0,0,Sector_6,Ministry_3,Agency_35,0,0,0,0,1,1,0
PRJ-3BE354C6,2022-01-01,2.743321616871704,0.10923076923076927,0.10747323340471093,0.10747323340471093,0.09392935982339955,0.75,25.533333333333335,0.0,0.9759930097823888,0.19394004282655244,63,155.66666666666666,0,Sector_8,Ministry_10,Agency_3,0,0,0,0,0,0,0
PRJ-3BF1286D,2022-01-01,10.323880597014927,0.03486486486486484,0.09279279279279279,0.09279279279279279,0.15305555555555556,0.75,16.0,0.0,1.2769633675375938,0.0748048048048048,0,111.0,0,Sector_16,Ministry_8,Agency_19,0,0,0,0,0,0,0
PRJ-3C18EDBD,2022-01-01,-3.5016705336426917,-0.1847222222222223,0.15840277777777775,0.15840277777777775,0.11027823240589198,0.0,0.0,0.0,0.5185616396520152,0.0,36,72.0,0,Sector_18,Ministry_7,Agency_19,0,0,0,0,0,0,0
PRJ-3C4C785B,2022-01-01,41.57961275626424,0.05947154471544717,0.05947154471544717,0.05947154471544717,0.39295302013422817,1.0,4.7,0.0,0.8481022897243944,0.0,237,246.0,0,Sector_13,Ministry_4,Agency_24,0,0,0,0,0,1,0
PRJ-3C54A260,2022-01-01,1.8599999999999994,0.1478666666666667,0.11222222222222222,0.14387527839643652,999.0,0.5,13.033333333333333,0.0,1.056761159743761,2.552044444444445,662,74.77777777777777,0,Sector_4,Ministry_9,Agency_23,0,0,0,0,0,0,0
PRJ-3C57CFF4,2022-01-01,45.305204513399154,0.011025641025641018,0.04128205128205128,0.040615384615384616,0.502,1.0,43.0,0.0,1.8014525401785904,0.34309401709401716,144,195.0,1,Sector_7,Ministry_5,Agency_31,0,0,0,0,1,1,0
PRJ-3C6EA67A,2022-01-01,0.0,0.19671641791044786,0.2064,0.16741854636591477,0.0,0.625,8.566666666666666,0.0,0.9370306002110359,0.56625,868,66.42857142857143,0,Sector_13,Ministry_1,Agency_41,0,0,0,0,0,0,0
PRJ-3C7C2B93,2022-01-01,8.51288574793876,0.09922413793103446,0.10329479768786126,0.10329479768786126,0.1428235294117647,0.75,14.233333333333333,0.0,1.0675845499228118,1.8260115606936416,48,115.33333333333333,0,Sector_9,Ministry_7,Agency_9,0,0,0,0,0,0,0
PRJ-3CE05A51,2022-01-01,17.696329254727473,-0.0026767676767676823,0.0373063973063973,0.04353535353535354,0.09785202863961814,0.3333333333333333,38.63333333333333,0.0,1.1135923921552278,0.25025252525252534,192,198.0,0,Sector_17,Ministry_10,Agency_33,0,0,0,0,0,0,0
PRJ-3D5467C4,2022-01-01,2.248791208791218,-0.021494252873563272,0.06661538461538459,0.0911324376199616,0.1254545454545455,0.3,19.333333333333332,0.0,0.969362587531824,0.719,46,86.77777777777777,0,Sector_15,Ministry_10,Agency_23,0,0,0,0,0,0,0
PRJ-3D7B0D86,2022-01-01,2.6299999999999955,0.07000000000000006,0.08768421052631582,0.12212280701754386,999.0,0.375,10.733333333333333,92.09048612225253,1.9144606965535966,0.10168421052631581,690,95.0,0,Sector_2,Ministry_9,Agency_14,0,0,0,0,1,0,0
PRJ-3D7E65E8,2022-01-01,0.7134167318217379,0.06412,0.06412,0.06412,0.07921852387843704,0.0,0.0,0.0,1.0845347270237644,0.0,88,250.0,0,Sector_2,Ministry_5,Agency_44,0,0,0,0,0,0,0
PRJ-3DBD64F2,2022-01-01,12.075418652144307,0.0777854671280277,0.0777854671280277,0.0777854671280277,0.08562499999999999,0.5,34.2,0.0,0.9852747029915335,0.0,203,289.0,0,Sector_4,Ministry_3,Agency_31,0,0,0,0,0,0,0
PRJ-3E8BC67D,2022-01-01,15.640485175202159,0.08583333333333337,0.1115,0.1115,0.1940151515151515,0.3333333333333333,8.366666666666667,0.0,0.8666986215747681,0.0,119,120.0,0,Sector_9,Ministry_6,Agency_26,0,0,0,0,0,0,0
PRJ-3E957EDE,2022-01-01,2.5631738035264533,0.06078260869565219,0.0715028901734104,0.09848484848484848,0.08890173410404624,0.4,25.733333333333334,0.0,1.3252074225536394,0.09138728323699423,95,115.5,0,Sector_1,Ministry_4,Agency_7,0,0,0,0,1,0,0
PRJ-3EDF027E,2022-01-01,14.769303675048363,0.12561576354679804,0.11675675675675676,0.11675675675675676,0.1590295358649789,0.6666666666666666,22.6,0.0,0.7942029268348952,0.0,187,203.5,0,Sector_2,Ministry_2,Agency_3,0,0,0,0,0,0,0
PRJ-3F4B3BF8,2022-01-01,-5.561538461538461,0.11013824884792622,0.09693846153846153,0.08897347174163782,0.050934579439252364,0.8,30.133333333333333,143.40818391321451,2.063632471329247,3.373153846153846,3,216.75,0,Sector_12,Ministry_5,Agency_41,0,0,0,0,1,0,0
PRJ-3F4DF043,2022-01-01,-1.4931912058627574,0.0,0.0,0.0,0.06538205980066446,1.0,2.4,0.0,0.7200288439065823,0.0,11,0.0,0,Sector_13,Ministry_1,Agency_17,0,0,0,0,0,1,1
PRJ-3F774319,2022-01-01,-4.817931034482754,0.23933333333333356,0.23466666666666672,0.17364312267657994,0.11365853658536577,0.45454545454545453,5.133333333333334,0.0,1.059833736614761,1.2446666666666668,5,44.9,0,Sector_17,Ministry_1,Agency_43,0,0,0,0,0,0,0
PRJ-3F7A91A6,2022-01-01,20.739705882352943,0.0,0.0,0.0,0.1206371191135734,1.0,24.1,0.0,1.2766677433744018,0.0,129,0.0,0,Sector_3,Ministry_8,Agency_19,0,0,0,0,0,1,0
PRJ-3F89D1E3,2022-01-01,10.46142857142857,0.0,0.0,0.0,0.12314285714285714,1.0,19.833333333333332,0.0,0.6367754368197684,0.0,85,0.0,0,Sector_20,Ministry_3,Agency_13,0,0,0,0,0,0,0
PRJ-40241BE5,2022-01-01,0.9099999999999966,0.076521739130435,0.26036231884057975,0.2092,999.0,0.4,3.8,0.0,0.9397441208552152,1.762173913043478,282,45.888888888888886,0,Sector_17,Ministry_1,Agency_49,0,0,0,0,0,0,0
PRJ-4051F56D,2022-01-01,12.124855708908406,0.09632258064516132,0.057634408602150536,0.057634408602150536,0.07663990825688073,0.75,37.833333333333336,0.0,1.245409706610451,0.17410752688172046,103,155.0,0,Sector_15,Ministry_7,Agency_41,0,0,0,0,0,0,0
PRJ-40528244,2022-01-01,0.0,0.10274509803921568,0.07975982532751091,0.07688864628820961,0.0,0.625,28.966666666666665,131.3840117576044,2.02455843371913,2.43438864628821,61,152.71428571428572,0,Sector_4,Ministry_10,Agency_14,0,0,0,0,1,0,0
PRJ-40597AFC,2022-01-01,1.89401218450827,0.11603174603174607,0.07625329815303429,0.09142480211081794,0.09576036866359447,0.2857142857142857,25.066666666666666,32.40245791077584,1.127859799352323,0.3310026385224274,48,126.33333333333333,0,Sector_14,Ministry_10,Agency_41,0,0,0,0,1,0,0
PRJ-406A8E6A,2022-01-01,-14.465490196078434,0.16150000000000003,0.16150000000000003,0.16150000000000003,0.04457918552036199,1.0,42.6,0.0,1.1628140815042112,0.0,150,240.0,0,Sector_20,Ministry_10,Agency_34,0,0,0,0,1,1,1
PRJ-407909A8,2022-01-01,-6.425581395348836,0.1949462365591398,0.14462093862815886,0.14462093862815886,0.11333333333333333,0.25,10.133333333333333,0.0,0.9250837053176585,0.48032490974729247,0,92.33333333333333,0,Sector_8,Ministry_3,Agency_35,0,0,0,0,0,0,0
PRJ-408C557F,2022-01-01,0.0,0.16618556701030932,0.1148965517241379,0.10370689655172413,0.0,0.3333333333333333,18.5,76.83019204206212,1.7976651962750076,0.38596551724137934,302,96.75,0,Sector_5,Ministry_5,Agency_35,0,0,0,0,1,0,0
PRJ-4091E9E6,2022-01-01,6.1675545851528355,0.13544,0.13792,0.13792,0.12309255079006773,0.6666666666666666,19.2,0.0,0.858897164153377,0.0,99,125.0,0,Sector_7,Ministry_6,Agency_40,0,0,0,0,0,0,0
PRJ-40DE634E,2022-01-01,0.0,0.3923809523809525,0.21870967741935488,0.2753629032258064,0.0,0.3333333333333333,3.2333333333333334,0.0,1.3985263495114528,0.3641935483870968,223,41.375,0,Sector_16,Ministry_6,Agency_11,0,0,0,0,0,0,0
PRJ-40E24DFF,2022-01-01,0.0,0.22452830188679257,0.3094904458598726,0.331412213740458,0.0,0.16666666666666666,4.266666666666667,31.687588691190925,1.3312738783975548,3.274904458598726,354,52.4,0,Sector_15,Ministry_6,Agency_31,0,0,0,0,1,0,0
PRJ-412969CF,2022-01-01,4.170000000000002,0.022236842105263128,0.13511013215859033,0.14779249448123621,999.0,0.25,6.966666666666667,33.7220628821906,1.4575547503355988,0.9734801762114538,785,75.42857142857143,0,Sector_10,Ministry_9,Agency_44,0,0,0,0,1,0,0
PRJ-4136A1B9,2022-01-01,3.8599999999999994,0.15460784313725487,0.12565359477124183,0.14408496732026144,999.0,0.5714285714285714,13.7,0.0,1.0088038780303397,0.13039215686274508,659,102.0,0,Sector_15,Ministry_1,Agency_19,0,0,0,0,0,0,0
PRJ-414DC178,2022-01-01,-4.293881856540082,0.027820512820512844,0.12897435897435897,0.11322649572649574,0.08795918367346937,0.4444444444444444,16.966666666666665,0.0,0.9272421753512188,0.14756410256410257,1,78.0,0,Sector_4,Ministry_5,Agency_42,0,0,0,0,0,0,0
PRJ-4157D528,2022-01-01,2.8599999999999994,0.08722222222222224,0.1274941995359629,0.13207317073170732,999.0,0.0,0.0,0.0,1.0644076311903428,0.35566125290023204,650,143.5,0,Sector_14,Ministry_7,Agency_45,0,0,0,0,0,0,0
PRJ-4188345B,2022-01-01,21.477981651376147,0.10733333333333342,0.12279329608938548,0.16481171548117154,0.3861313868613139,1.0,6.633333333333334,0.0,0.8780583121410731,0.7061452513966481,1,59.75,1,Sector_6,Ministry_5,Agency_26,0,0,0,0,0,1,0
PRJ-41A57265,2022-01-01,-1.0979558011049697,0.09911564625850339,0.09911564625850339,0.09911564625850339,0.05450675675675676,0.5,43.333333333333336,0.0,1.0346611484738748,0.0,37,147.0,0,Sector_14,Ministry_4,Agency_23,0,0,0,0,0,0,0
PRJ-423A1F66,2022-01-01,22.594581171237948,0.09428571428571433,0.03848861283643893,0.06875776397515528,2.128181818181818,1.0,27.0,0.0,0.9702150901793205,0.11337474120082817,50,161.0,1,Sector_11,Ministry_2,Agency_10,0,0,0,0,0,1,0
PRJ-4242B7C0,2022-01-01,13.24546468401487,0.07058510638297873,0.07058510638297873,0.07058510638297873,0.08869989165763814,1.0,29.766666666666666,0.0,0.9997047580120801,0.0,46,188.0,0,Sector_19,Ministry_8,Agency_33,0,0,0,0,0,1,0
PRJ-4260115E,2022-01-01,0.0,0.15738805970149256,0.10445,0.0952375,0.0,1.0,21.933333333333334,0.0,0.8420849863076458,0.750575,265,133.28571428571428,1,Sector_10,Ministry_7,Agency_6,0,0,0,0,0,1,1
PRJ-4264E760,2022-01-01,3.511587057010786,0.11269503546099291,0.06969267139479905,0.07820118343195266,0.1375862068965518,0.125,6.633333333333334,15.904252802876204,1.148564475876491,0.17505910165484628,114,140.85714285714286,0,Sector_19,Ministry_1,Agency_20,0,0,0,0,1,0,0
PRJ-427AFC6F,2022-01-01,-0.31284552845528424,0.21721311475409835,0.16141304347826085,0.20420408163265308,0.16145985401459856,0.4,8.466666666666667,0.0,1.004720625196519,1.2317934782608695,35,61.25,0,Sector_15,Ministry_4,Agency_48,0,0,0,0,0,0,0
PRJ-42BE9E37,2022-01-01,31.09810126582279,0.011612903225806433,0.07672661870503597,0.08955035971223022,0.4505208333333333,1.0,12.966666666666667,0.0,1.211024508446237,2.721870503597122,46,92.66666666666667,1,Sector_2,Ministry_4,Agency_6,0,0,0,0,0,1,0
PRJ-42C4ACCA,2022-01-01,-7.258922305764401,0.04381443298969072,0.08826989619377162,0.11038062283737024,0.06154545454545455,0.2222222222222222,19.933333333333334,54.61698018739718,1.53696209389598,0.6524567474048443,0,96.375,0,Sector_9,Ministry_2,Agency_38,0,0,0,0,1,0,1
PRJ-42D80779,2022-01-01,34.8031498470948,-0.0003614457831325438,0.07305220883534137,0.05623493975903615,0.3251980198019802,1.0,7.166666666666667,0.0,1.102505491676799,1.6803212851405624,37,83.0,0,Sector_6,Ministry_9,Agency_26,0,0,0,0,0,1,0
PRJ-4314DD58,2022-01-01,37.98,0.0633980582524272,0.07864077669902914,0.09208737864077671,999.0,1.0,23.533333333333335,0.0,1.0500328858281787,1.1815210355987056,10,103.0,1,Sector_2,Ministry_9,Agency_45,0,0,0,0,0,1,0
PRJ-433283E7,2022-01-01,5.748888888888885,0.05651785714285714,0.05651785714285714,0.05651785714285714,0.068625,1.0,38.0,0.0,2.1606779803717653,0.0,7,224.0,0,Sector_1,Ministry_6,Agency_5,0,0,0,0,1,0,0
PRJ-43580FA9,2022-01-01,0.0,0.095253164556962,0.09101479915433403,0.09042328042328042,0.0,1.0,16.433333333333334,75.23665490393772,1.649957990253739,2.1161945031712475,192,157.5,1,Sector_6,Ministry_4,Agency_26,0,0,0,0,1,1,1
PRJ-436B0829,2022-01-01,32.84,0.1474380165289256,0.13306849315068492,0.13306849315068492,999.0,1.0,5.2,0.0,1.004260652875236,1.9667671232876713,77,121.66666666666667,1,Sector_2,Ministry_6,Agency_30,0,0,0,0,0,1,0
PRJ-437AA423,2022-01-01,-11.002175249807841,0.20657407407407405,0.20657407407407405,0.20657407407407405,0.06576185671039354,0.0,0.0,0.0,1.4968816233822284,0.0,95,108.0,0,Sector_6,Ministry_7,Agency_3,0,0,0,0,0,0,1
PRJ-43C99099,2022-01-01,-2.4293548387096813,0.0,0.0,0.0,0.06376700680272109,0.0,0.0,0.0,0.539795976144664,0.0,156,0.0,0,Sector_10,Ministry_8,Agency_37,0,0,0,0,0,0,0
PRJ-43FA0B53,2022-01-01,-3.624161073825505,0.13462499999999994,0.1435146443514644,0.13594142259414224,0.0,0.3333333333333333,13.1,0.0,0.8991724913633806,0.2603347280334727,1,79.75,0,Sector_16,Ministry_8,Agency_40,0,0,0,0,0,0,0
PRJ-444FA18C,2022-01-01,6.051074380165286,0.14000000000000004,0.14000000000000004,0.14000000000000004,0.1783585313174946,0.0,0.0,0.0,0.708428025582701,0.0,46,48.0,0,Sector_4,Ministry_8,Agency_44,0,0,0,0,0,0,0
PRJ-446257CD,2022-01-01,45.208412698412694,0.054919614147909974,0.046966292134831465,0.046966292134831465,0.5707608695652173,1.0,23.0,0.0,0.8363258489913606,0.0,234,311.5,0,Sector_11,Ministry_7,Agency_12,0,0,0,0,0,1,0
PRJ-44734B87,2022-01-01,0.0,0.1439705882352942,0.1345049504950495,0.17168316831683167,0.0,0.5555555555555556,9.666666666666666,156.8162368329301,2.404955854437624,14.023366336633664,623,67.25,0,Sector_8,Ministry_5,Agency_7,0,0,0,0,1,0,0
PRJ-44B826C9,2022-01-01,0.0,0.15166666666666673,0.10771260997067447,0.11963289280469896,0.0,0.5714285714285714,13.5,0.0,0.860515278609946,0.10041055718475074,601,113.5,0,Sector_15,Ministry_2,Agency_13,0,0,0,0,0,0,0
PRJ-44BA8B3A,2022-01-01,7.308056042031538,0.047488151658767755,0.06468354430379746,0.0572744539411206,0.07726098191214471,0.8333333333333334,41.96666666666667,0.0,1.0541833093645507,3.4075949367088607,63,210.6,0,Sector_10,Ministry_9,Agency_35,0,0,0,0,0,0,0
PRJ-44CB5C3F,2022-01-01,33.39057104010878,0.04212765957446807,0.05464539007092197,0.05464539007092197,1.1810000000000003,1.0,34.233333333333334,0.0,0.929897399056947,0.0,173,423.0,1,Sector_4,Ministry_10,Agency_25,0,0,0,0,0,1,1
PRJ-45015B4A,2022-01-01,3.3327027027027007,-0.029586776859504147,0.05593922651933702,0.05593922651933702,0.07091365461847389,0.25,23.9,0.0,0.9304407024372158,0.4240055248618785,2,120.66666666666667,0,Sector_11,Ministry_4,Agency_11,0,0,0,0,0,0,0
PRJ-452BF0ED,2022-01-01,40.093144654088064,0.03499999999999999,0.03499999999999999,0.03499999999999999,0.17475073313782993,1.0,8.3,0.0,1.1791925347191015,0.0,460,474.0,0,Sector_13,Ministry_10,Agency_22,0,0,0,0,0,1,0
PRJ-45368146,2022-01-01,42.96260869565217,0.12616915422885572,0.12616915422885572,0.12616915422885572,0.7555844155844156,1.0,8.5,0.0,0.9870880887113581,0.0,27,201.0,0,Sector_1,Ministry_8,Agency_5,0,0,0,0,0,1,0
PRJ-454A76B4,2022-01-01,5.545082458770612,0.19114285714285714,0.19114285714285714,0.19114285714285714,0.1617735042735043,0.5,10.766666666666667,0.0,1.1103409714232764,0.0,59,70.0,0,Sector_9,Ministry_4,Agency_45,0,0,0,0,0,0,0
PRJ-457FB308,2022-01-01,2.894801444043324,0.0,0.0,0.0,0.0938177339901478,1.0,1.7666666666666666,0.0,0.016832423592067297,0.0,85,0.0,0,Sector_4,Ministry_9,Agency_46,0,0,0,0,0,1,0
PRJ-459491DD,2022-01-01,1.25,0.12877358490566043,0.17075949367088608,0.19273159144893112,999.0,0.2,10.2,0.0,0.968200061747453,0.16955696202531648,834,105.25,0,Sector_19,Ministry_8,Agency_18,0,0,0,0,0,0,0
PRJ-45A032FE,2022-01-01,8.180549450549453,0.16336842105263158,0.16336842105263158,0.16336842105263158,0.12263239875389409,1.0,15.833333333333334,0.0,0.8210076349737234,0.0,78,95.0,0,Sector_12,Ministry_10,Agency_2,0,0,0,0,0,1,0
PRJ-45BAB98F,2022-01-01,9.267828673408687,0.10457943925233644,0.10457943925233644,0.10457943925233644,0.0675543951261967,1.0,40.833333333333336,0.0,1.2893721573225438,0.0,105,214.0,0,Sector_12,Ministry_8,Agency_49,0,0,0,0,0,1,0
PRJ-45C9FF4C,2022-01-01,3.0777648766327985,0.08588888888888893,0.12811111111111112,0.15631111111111112,0.16976,0.5,12.7,142.0953663944318,2.696285198367182,1.5408148148148149,24,90.0,0,Sector_17,Ministry_4,Agency_7,0,0,0,0,1,0,0
PRJ-4610C4C2,2022-01-01,10.467236180904521,0.0,0.0,0.0,0.07181427343078245,1.0,37.46666666666667,0.0,2.496883732607928,0.0,123,0.0,0,Sector_5,Ministry_3,Agency_44,0,0,0,0,1,0,0
PRJ-465A3786,2022-01-01,6.940591581342439,0.02500000000000001,0.0020588235294117644,0.0020588235294117644,0.06306322350845947,1.0,4.4,0.0,1.2429103343169559,0.0,24,204.0,0,Sector_5,Ministry_8,Agency_49,0,0,0,0,1,1,0
PRJ-46C5DB9C,2022-01-01,0.0,0.09493506493506497,0.16004366812227075,0.15568927789934356,0.0,0.375,6.9,0.0,0.9179498249148559,0.6896506550218341,622,76.14285714285714,0,Sector_15,Ministry_4,Agency_37,0,0,0,0,0,0,0
PRJ-47087CDA,2022-01-01,-9.94285814116003,0.11109677419354838,0.08903017241379309,0.07478654592496767,0.049209979209979215,0.3333333333333333,29.1,137.7432088166404,2.0404300668949777,1.147543103448276,23,154.6,0,Sector_14,Ministry_4,Agency_28,0,0,0,0,1,0,1
PRJ-470D5E96,2022-01-01,6.9681646423751715,0.16956521739130428,0.17330917874396135,0.17330917874396135,0.2389552238805971,0.25,14.766666666666667,0.0,0.986920039783476,0.26992753623188404,122,138.0,0,Sector_20,Ministry_2,Agency_28,0,0,0,0,0,0,0
PRJ-471E8915,2022-01-01,14.829756097560974,0.12492307692307691,0.12492307692307691,0.12492307692307691,0.09653424657534246,1.0,30.266666666666666,0.0,1.0547246588303665,0.0,192,195.0,0,Sector_13,Ministry_8,Agency_2,0,0,0,0,0,1,0
PRJ-47477404,2022-01-01,8.54104849279161,0.03573684210526315,0.06644736842105263,0.06644736842105263,0.07461702127659575,1.0,36.53333333333333,0.0,1.2073405035147782,0.0,16,190.0,0,Sector_13,Ministry_9,Agency_48,0,0,0,0,0,0,0
PRJ-48126C63,2022-01-01,0.0,0.5936111111111112,0.21869158878504677,0.27845794392523365,0.0,0.2727272727272727,1.1333333333333333,0.0,0.8885612673779503,1.2004672897196267,947,35.7,0,Sector_8,Ministry_6,Agency_26,0,0,0,0,0,0,0
PRJ-482D1542,2022-01-01,27.269999999999996,0.060725806451612914,0.05752021563342319,0.07526954177897575,999.0,1.0,25.866666666666667,0.0,1.0382668216298316,0.22388140161725067,19,123.625,1,Sector_17,Ministry_3,Agency_14,0,0,0,0,0,1,0
PRJ-48345A13,2022-01-01,2.8072501444251827,0.01967213114754097,0.07596311475409837,0.07596311475409837,0.06129234629861983,0.3333333333333333,42.46666666666667,0.0,0.7760801966297786,0.0,202,244.0,0,Sector_12,Ministry_6,Agency_33,0,0,0,0,0,0,0
PRJ-48717A91,2022-01-01,1.6916425120773013,0.043963414634146346,0.061747967479674794,0.05765243902439025,0.06257772020725388,0.0,0.0,0.0,1.0237527265738906,0.30979674796747964,64,164.0,0,Sector_3,Ministry_7,Agency_45,0,0,0,0,0,0,0
PRJ-487F6095,2022-01-01,23.3792486011191,0.06582938388625592,0.05977883096366509,0.05977883096366509,0.1576079734219269,1.0,7.266666666666667,0.0,1.927895139671152,0.6448341232227489,107,211.0,1,Sector_12,Ministry_1,Agency_5,0,0,0,0,1,1,0
PRJ-4889824C,2022-01-01,15.535269461077846,0.045327868852459,0.043551912568306005,0.043551912568306005,0.09502597402597403,1.0,26.133333333333333,0.0,1.3679969322117185,0.09092896174863388,79,122.0,0,Sector_6,Ministry_10,Agency_15,0,0,0,0,0,0,0
PRJ-48AF4F3B,2022-01-01,0.0,0.24824561403508782,0.15543859649122807,0.15801169590643274,0.0,0.4,6.566666666666666,0.0,1.0348323920041638,0.7642690058479535,501,57.0,0,Sector_2,Ministry_4,Agency_4,0,0,0,0,0,0,0
PRJ-490322FD,2022-01-01,-3.5182679296346464,0.06410526315789472,0.07416178194607269,0.0740457343887423,0.0,0.6,34.43333333333333,0.0,1.0275883733392464,1.181559202813599,5,284.25,0,Sector_6,Ministry_10,Agency_15,0,0,0,0,0,0,0
PRJ-494FE0A9,2022-01-01,3.563793103448276,0.065,0.09236514522821578,0.09236514522821578,0.07249752229930626,0.3333333333333333,32.333333333333336,0.0,1.04326568484415,0.0,80,120.5,0,Sector_8,Ministry_8,Agency_5,0,0,0,0,0,0,0
PRJ-4954BA98,2022-01-01,34.739999999999995,0.07490066225165565,0.082317880794702,0.082317880794702,999.0,1.0,22.233333333333334,0.0,1.1931345199080503,0.0,191,302.0,1,Sector_12,Ministry_8,Agency_39,0,0,0,0,1,1,0
PRJ-496EE168,2022-01-01,0.0,0.20033898305084735,0.2283522727272727,0.2304273504273504,0.0,0.14285714285714285,1.0,0.0,0.9079278044322595,0.5339204545454546,428,58.5,0,Sector_15,Ministry_2,Agency_6,0,0,0,0,0,0,0
PRJ-49A54836,2022-01-01,9.37710843373494,0.08128205128205129,0.08958974358974359,0.08958974358974359,0.13104575163398693,0.3333333333333333,10.3,0.0,0.9850796098557768,0.0,105,195.0,0,Sector_15,Ministry_2,Agency_48,0,0,0,0,0,0,0
PRJ-49B46EA2,2022-01-01,21.185402298850573,0.08023622047244096,0.08023622047244096,0.08023622047244096,0.20078167115902965,1.0,10.6,0.0,1.1872645019508459,0.0,71,127.0,0,Sector_19,Ministry_5,Agency_47,0,0,0,0,0,1,0
PRJ-49B6E0A7,2022-01-01,2.780000000000001,0.02417910447761201,0.17432835820895523,0.15092039800995025,999.0,0.3333333333333333,8.5,62.265827605592946,1.569819319886781,1.1862189054726366,345,67.0,0,Sector_9,Ministry_2,Agency_18,0,0,0,0,1,0,0
PRJ-49DF9313,2022-01-01,-4.975102040816324,0.10313807531380756,0.07942817294281729,0.0847071129707113,0.024385964912280712,0.4,34.833333333333336,142.0176944407764,2.0596347101202683,5.165969316596931,161,239.0,0,Sector_6,Ministry_3,Agency_49,0,0,0,0,1,0,0
PRJ-4A01A6EB,2022-01-01,-0.020137457044675955,0.012844827586206914,0.06300859598853868,0.06300859598853868,0.06870803662258392,0.25,23.333333333333332,0.0,0.7915494190943853,0.8689111747851003,7,116.33333333333333,0,Sector_5,Ministry_2,Agency_29,0,0,0,0,0,0,0
PRJ-4A671508,2022-01-01,9.32818641212802,0.0,0.0,0.0,0.0632096896290689,0.0,0.0,0.0,0.49848068364126846,0.0,211,0.0,0,Sector_16,Ministry_4,Agency_11,0,0,0,0,0,0,0
PRJ-4AB5844E,2022-01-01,46.34572107765451,0.045626740947075216,0.045626740947075216,0.045626740947075216,0.2798701298701299,1.0,28.666666666666668,0.0,1.0432631399318089,0.0,313,359.0,0,Sector_5,Ministry_1,Agency_9,0,0,0,0,0,1,0
PRJ-4ABE186A,2022-01-01,11.325530546623792,0.06513513513513514,0.07891891891891892,0.07891891891891892,0.09428220858895706,1.0,26.7,0.0,2.330271108026522,0.0,96,111.0,0,Sector_6,Ministry_9,Agency_8,0,0,0,0,1,0,0
PRJ-4ACFCEE8,2022-01-01,14.140645161290319,0.01801169590643276,0.014621359223300974,0.014621359223300974,0.08097788125727591,1.0,25.466666666666665,0.0,0.9097754110216423,0.8483883495145631,5,171.66666666666666,0,Sector_14,Ministry_6,Agency_19,0,0,0,0,0,1,0
PRJ-4AE6AF6C,2022-01-01,-17.70238754325259,0.0,0.0,0.0,0.05385082393755421,0.0,0.0,0.0,0.8066215983754478,0.0,90,0.0,0,Sector_9,Ministry_8,Agency_4,0,0,0,0,1,0,1
PRJ-4B00F809,2022-01-01,7.923042876901796,0.20755102040816323,0.11510204081632654,0.13283163265306122,0.173215859030837,1.0,12.433333333333334,0.0,0.888361099649841,0.2730612244897959,7,98.0,1,Sector_10,Ministry_10,Agency_36,0,0,0,0,0,1,1
PRJ-4B50A7FC,2022-01-01,-4.451703005303472,0.05717703349282291,0.05870607028753992,0.0675670498084291,0.0482775119617225,0.3333333333333333,41.5,0.0,0.8675287111963058,0.4219329073482428,27,208.8,0,Sector_17,Ministry_8,Agency_11,0,0,0,0,0,0,0
PRJ-4B9A3D85,2022-01-01,0.0,0.0825316455696202,0.1044491525423729,0.1043736730360934,0.0,0.25,17.4,0.0,0.9342124759223589,0.40555084745762726,44,78.54545454545455,0,Sector_13,Ministry_2,Agency_18,0,0,0,0,0,0,0
PRJ-4B9E3176,2022-01-01,0.0,0.1398192771084337,0.1354435483870968,0.1269894099848714,0.0,1.0,15.666666666666666,0.0,0.910121578280003,0.3009274193548387,211,165.25,1,Sector_19,Ministry_4,Agency_23,0,0,0,0,0,1,1
PRJ-4BA386DB,2022-01-01,1.3299999999999983,0.04607142857142854,0.014835820895522385,0.07333333333333333,999.0,1.0,18.266666666666666,0.0,0.9764297081106433,-0.6400298507462686,185,111.5,1,Sector_5,Ministry_8,Agency_23,0,0,0,0,0,1,1
PRJ-4BD1A64C,2022-01-01,0.0,0.044838709677419375,0.2647826086956522,0.2892896174863388,0.0,0.0,0.0,97.83274299093473,2.000480278561566,0.991739130434783,897,30.545454545454547,0,Sector_16,Ministry_3,Agency_34,0,0,0,0,1,0,0
PRJ-4BD744AD,2022-01-01,0.45999999999999375,0.1500000000000001,0.26554945054945056,0.2190934065934066,999.0,0.42857142857142855,3.3333333333333335,0.0,0.8727465207003675,0.8004395604395603,472,60.666666666666664,0,Sector_6,Ministry_6,Agency_13,0,0,0,0,0,0,0
PRJ-4BF3E21D,2022-01-01,16.43695389266818,0.05782178217821783,0.05782178217821783,0.05782178217821783,0.09615769712140175,1.0,3.6333333333333333,0.0,1.8635605933593404,0.0,121,202.0,0,Sector_6,Ministry_3,Agency_10,0,0,0,0,1,1,0
PRJ-4BFF381C,2022-01-01,0.0,0.07629629629629629,0.11274793388429752,0.09593052109181141,0.0,1.0,13.366666666666667,0.0,0.9365427960469284,0.19772727272727275,176,161.2,1,Sector_18,Ministry_1,Agency_40,0,0,0,0,0,1,1
PRJ-4C72AE2B,2022-01-01,0.0,0.3486956521739132,0.26833333333333337,0.23684782608695654,0.0,0.3333333333333333,3.7,0.0,0.9187271694131016,1.2994927536231884,396,46.0,0,Sector_8,Ministry_6,Agency_38,0,0,0,0,0,0,0
PRJ-4CD91C36,2022-01-01,0.0,0.1334313725490196,0.1726797385620915,0.17127450980392156,0.0,0.5,12.633333333333333,0.0,0.9158346361360244,7.625620915032679,615,102.0,0,Sector_10,Ministry_6,Agency_6,0,0,0,0,0,0,0
PRJ-4CF25882,2022-01-01,42.29772532188842,0.1636,0.1636,0.1636,0.8366176470588236,1.0,7.433333333333334,0.0,2.558998533880695,0.0,98,150.0,0,Sector_17,Ministry_9,Agency_5,0,0,0,0,1,1,0
PRJ-4D0C3AA4,2022-01-01,37.82134732566011,0.02228782287822878,0.04326757090012331,0.04326757090012331,0.1847987616099071,1.0,42.46666666666667,0.0,1.004266043949028,0.11123304562268804,73,270.3333333333333,1,Sector_4,Ministry_4,Agency_41,0,0,0,0,0,1,1
PRJ-4D0E9B5B,2022-01-01,3.7658382642997985,0.03674698795180724,0.08283132530120482,0.08283132530120482,0.10368775235531627,0.3333333333333333,15.366666666666667,0.0,3.0073975191537303,0.0,22,83.0,0,Sector_17,Ministry_10,Agency_49,0,0,0,0,1,0,0
PRJ-4D565C37,2022-01-01,1.8734944237918256,-0.012115384615384665,0.20089743589743586,0.07211538461538461,0.1929433962264151,0.4,5.366666666666666,0.0,1.0659722517015433,4.187051282051282,13,52.0,0,Sector_20,Ministry_7,Agency_22,0,0,0,0,0,0,0
PRJ-4DA4A1F3,2022-01-01,0.0,0.12317460317460326,0.1188235294117647,0.12157754010695186,0.0,0.9166666666666666,11.133333333333333,133.64020693107858,2.130500083439951,0.8147058823529413,227,62.27272727272727,1,Sector_12,Ministry_1,Agency_45,0,0,0,0,1,1,1
PRJ-4DDB7BC2,2022-01-01,25.025882352941174,0.10070539419087136,0.10070539419087136,0.10070539419087136,0.22814345991561183,1.0,5.166666666666667,0.0,0.9152650373863581,0.0,98,241.0,0,Sector_9,Ministry_1,Agency_3,0,0,0,0,0,1,0
PRJ-4E1E4AC5,2022-01-01,-3.927987421383648,0.0,0.0,0.0,0.10006060606060606,0.0,0.0,0.0,0.9545484380729953,0.0,37,0.0,0,Sector_7,Ministry_7,Agency_16,0,0,0,0,0,0,0
PRJ-4ECA2428,2022-01-01,0.0,0.20355140186915888,0.18956112852664578,0.18291764705882352,0.0,0.6,7.7,0.0,0.9093675325345115,1.054576802507837,533,106.25,0,Sector_1,Ministry_1,Agency_41,0,0,0,0,0,0,0
PRJ-4EE3CD50,2022-01-01,0.0,0.4152380952380952,0.2780952380952381,0.2308764940239044,0.0,0.5,4.233333333333333,0.0,0.9431749916564691,0.995,780,41.888888888888886,0,Sector_6,Ministry_7,Agency_31,0,0,0,0,0,0,0
PRJ-4F1DD887,2022-01-01,7.159999999999997,0.06842592592592593,0.08248073959938367,0.07720887245841036,999.0,1.0,28.5,38.89203579925229,1.3133883266291533,0.8620184899845916,128,216.4,1,Sector_17,Ministry_2,Agency_38,0,0,0,0,1,1,0
PRJ-4F21AF9D,2022-01-01,0.4099999999999966,0.12730158730158736,0.13909574468085106,0.12041533546325878,999.0,0.3333333333333333,12.333333333333334,95.8039898246084,1.8862716707385,0.9010904255319148,315,125.2,0,Sector_16,Ministry_1,Agency_39,0,0,0,0,1,0,0
PRJ-4F3DD2BB,2022-01-01,2.5600000000000023,0.0693491124260355,0.059347826086956525,0.06909000989119683,999.0,0.125,3.7666666666666666,0.0,0.987127822073343,1.1574308300395253,94,168.57142857142858,0,Sector_18,Ministry_1,Agency_20,0,0,0,0,0,0,0
PRJ-4F48552F,2022-01-01,20.196895306859204,0.023086816720257235,0.05247191011235955,0.05247191011235955,0.09316993464052288,1.0,40.5,0.0,1.1838137859073692,0.0,116,311.5,0,Sector_12,Ministry_5,Agency_29,0,0,0,0,1,1,1
PRJ-4F5EE5DD,2022-01-01,0.0,0.062205882352941236,0.14167487684729066,0.13133004926108374,0.0,0.45454545454545453,12.266666666666667,0.0,0.8898262221122856,3.1095073891625615,443,67.6,0,Sector_5,Ministry_8,Agency_16,0,0,0,0,0,0,0
PRJ-4F7F45D7,2022-01-01,6.186868686868678,0.15659574468085105,0.15099290780141844,0.12819148936170213,0.20161290322580644,0.625,6.166666666666667,51.384377806313,1.567503420030046,3.107163120567375,32,47.0,0,Sector_9,Ministry_4,Agency_30,0,0,0,0,1,0,0
PRJ-4F9F4D2C,2022-01-01,8.61,0.016082474226804148,0.036551724137931015,0.0665,999.0,0.4166666666666667,24.066666666666666,0.0,1.0024387873727565,0.20837931034482762,25,96.72727272727273,0,Sector_20,Ministry_6,Agency_29,0,0,0,0,0,0,0
PRJ-4FBECD3C,2022-01-01,0.0,0.10428571428571434,0.1450597609561753,0.11283433133732536,0.0,1.0,11.233333333333333,0.0,0.9744676305106473,0.5476095617529878,52,83.55555555555556,1,Sector_4,Ministry_4,Agency_45,0,0,0,0,0,1,1
PRJ-4FEC436A,2022-01-01,14.846496815286628,-0.016250000000000004,0.049754464285714284,0.049754464285714284,0.08305084745762713,0.6666666666666666,37.86666666666667,0.0,0.8527355668118131,0.0,132,224.0,0,Sector_11,Ministry_9,Agency_22,0,0,0,0,0,0,0
PRJ-50128115,2022-01-01,0.3400000000000034,0.08777777777777768,0.12014814814814814,0.09527777777777777,999.0,1.0,13.533333333333333,71.29050687148886,1.5529997535467992,0.7217037037037037,6,90.0,1,Sector_18,Ministry_1,Agency_27,0,0,0,0,1,1,1
PRJ-506E2AAF,2022-01-01,6.9566666666666634,-0.025000000000000022,0.16015625,0.16015625,0.2934230769230769,0.3333333333333333,0.7666666666666667,0.0,4.25090279836384,0.0,20,32.0,0,Sector_4,Ministry_5,Agency_42,0,0,0,0,1,0,0
PRJ-5092A898,2022-01-01,4.87857142857143,0.07250000000000001,0.07250000000000001,0.07250000000000001,0.09575596816976127,1.0,2.3666666666666667,0.0,0.48049979629650375,0.0,71,148.0,0,Sector_6,Ministry_8,Agency_32,0,0,0,0,0,1,0
PRJ-50A7C797,2022-01-01,23.000714285714285,0.0,0.0,0.0,0.11966974900924703,1.0,25.133333333333333,0.0,1.6449172460407115,0.0,181,0.0,0,Sector_8,Ministry_5,Agency_47,0,0,0,0,0,0,0
PRJ-50C3EA74,2022-01-01,15.374783180026277,-0.126,0.08152631578947368,0.08152631578947368,0.16439914163090127,1.0,11.266666666666667,0.0,1.106417458976784,0.0,10,95.0,0,Sector_5,Ministry_6,Agency_34,0,0,0,0,0,1,0
PRJ-51060F7E,2022-01-01,19.599798339264535,0.0,0.0,0.0,0.075964316057774,1.0,39.96666666666667,0.0,1.875387025069938,0.0,48,0.0,0,Sector_2,Ministry_3,Agency_26,0,0,0,0,0,1,1
PRJ-5140ECEF,2022-01-01,2.019999999999996,0.09584415584415597,0.09978354978354977,0.11400432900432901,999.0,0.5454545454545454,14.6,0.0,0.9203475749913456,0.36406926406926415,511,77.0,0,Sector_11,Ministry_4,Agency_41,0,0,0,0,0,0,0
PRJ-514EF7D1,2022-01-01,10.0,0.03355932203389837,0.2774576271186441,0.2457627118644068,999.0,0.16666666666666666,2.2333333333333334,0.0,1.164588418992325,0.7993785310734464,750,59.0,0,Sector_11,Ministry_5,Agency_42,0,0,0,0,0,0,0
PRJ-5153A2F4,2022-01-01,8.963775649794801,0.0,0.0,0.0,0.15384030418250952,1.0,1.0,0.0,0.99843053762901,0.0,84,0.0,0,Sector_15,Ministry_2,Agency_7,0,0,0,0,0,1,0
PRJ-51611235,2022-01-01,0.0,0.11183673469387763,0.20013698630136986,0.15335616438356164,0.0,0.3333333333333333,5.666666666666667,101.54425205312039,2.050162511259897,10.005753424657534,223,48.63636363636363,0,Sector_3,Ministry_3,Agency_7,0,0,0,0,1,0,0
PRJ-5166DA51,2022-01-01,4.337590361445777,0.09727722772277231,0.07696369636963696,0.07522277227722772,0.06877952755905511,0.6,40.43333333333333,0.0,0.9567991654016168,3.2824257425742576,143,202.0,0,Sector_6,Ministry_4,Agency_30,0,0,0,0,0,0,0
PRJ-518CE72A,2022-01-01,0.0,0.2732876712328767,0.17866972477064222,0.1388532110091743,0.0,0.6666666666666666,11.566666666666666,97.25929086818219,1.89799441384126,1.505275229357798,491,72.75,0,Sector_11,Ministry_10,Agency_23,0,0,0,0,1,0,0
PRJ-5192B155,2022-01-01,6.941213088587389,0.02525000000000001,0.06480555555555555,0.07423333333333333,0.09617924528301887,0.16666666666666666,11.733333333333333,0.0,0.928864772968557,0.8526944444444443,110,120.0,0,Sector_2,Ministry_9,Agency_44,0,0,0,0,0,0,0
PRJ-51AFB5D5,2022-01-01,-9.170182704019489,0.38974358974358975,0.256687898089172,0.256687898089172,0.10403100775193798,0.6666666666666666,14.633333333333333,0.0,1.3065169110462438,0.0,70,78.5,0,Sector_10,Ministry_9,Agency_25,0,0,0,0,0,0,0
PRJ-51D7A44B,2022-01-01,6.697136563876654,0.11499999999999996,0.21278571428571427,0.21278571428571427,0.25375,0.3333333333333333,3.566666666666667,0.0,2.0490786907957736,0.0,45,70.0,0,Sector_11,Ministry_1,Agency_15,0,0,0,0,1,0,0
PRJ-51F72924,2022-01-01,4.720275229357796,0.12033333333333332,0.10121428571428571,0.10121428571428571,0.10460490463215259,0.6666666666666666,24.066666666666666,0.0,0.9174675857717725,0.0,93,210.0,0,Sector_4,Ministry_7,Agency_27,0,0,0,0,0,0,0
PRJ-5228EC95,2022-01-01,0.519785673998868,0.06006802721088444,0.07455782312925172,0.06413363533408835,0.05773778920308482,0.3333333333333333,38.266666666666666,0.0,0.9467308749609479,0.06380952380952382,60,147.125,0,Sector_16,Ministry_4,Agency_13,0,0,0,0,0,0,1
PRJ-5284A313,2022-01-01,0.0,0.16767605633802818,0.13131764705882354,0.12721751412429377,0.0,0.6666666666666666,18.633333333333333,0.0,0.9431417080942548,1.6830823529411767,394,141.6,0,Sector_5,Ministry_4,Agency_15,0,0,0,0,0,0,0
PRJ-52FFFBCA,2022-01-01,3.2959416445623333,0.03464646464646467,0.0680561797752809,0.0680561797752809,0.07987654320987653,0.25,26.166666666666668,0.0,0.8853628593184811,0.3686179775280899,79,296.6666666666667,0,Sector_15,Ministry_8,Agency_12,0,0,0,0,0,0,0
PRJ-530DA983,2022-01-01,5.678704663212436,0.0,0.0,0.0,0.1381117824773414,1.0,12.4,0.0,0.8505962476797582,0.0,44,0.0,0,Sector_15,Ministry_1,Agency_13,0,0,0,0,0,0,0
PRJ-531E7011,2022-01-01,5.690000000000001,0.0837984496124031,0.054708171206225675,0.054708171206225675,0.07540880503144654,0.3333333333333333,29.3,0.0,0.7258977707614841,0.0,101,128.5,0,Sector_20,Ministry_8,Agency_5,0,0,0,0,0,0,0
PRJ-5371D344,2022-01-01,28.483126571668066,0.06273584905660376,0.08245283018867923,0.08245283018867923,0.15704370179948587,1.0,26.366666666666667,0.0,1.944310122151961,0.0,168,212.0,0,Sector_2,Ministry_10,Agency_8,0,0,0,0,1,1,0
PRJ-5384468A,2022-01-01,28.72,-0.054158415841584144,0.06521452145214521,0.07876237623762376,999.0,1.0,16.466666666666665,0.0,0.9754404345676625,0.11917491749174922,75,101.0,1,Sector_17,Ministry_4,Agency_14,0,0,0,0,0,1,0
PRJ-53CC3A05,2022-01-01,9.291152416356873,-0.0013157894736842291,0.053920704845814973,0.053920704845814973,0.10686656671664169,0.3333333333333333,16.933333333333334,0.0,2.626068473553854,0.0,69,113.5,0,Sector_11,Ministry_4,Agency_28,0,0,0,0,1,0,0
PRJ-53F79567,2022-01-01,0.0,0.09152046783625735,0.09986301369863014,0.08492654260528894,0.0,1.0,23.533333333333335,0.0,0.9184507552587594,4.290195694716243,240,170.16666666666666,1,Sector_8,Ministry_1,Agency_2,0,0,0,0,0,1,1
PRJ-53FF141C,2022-01-01,-4.778787346221449,0.15748201438848924,0.04680288461538462,0.07342960288808666,0.053493077742279016,0.2,28.933333333333334,0.0,0.7725375418905457,0.989423076923077,76,138.5,0,Sector_15,Ministry_9,Agency_23,0,0,0,0,0,0,0
PRJ-54682838,2022-01-01,32.00188679245284,0.0,0.0,0.0,0.30547445255474454,1.0,2.8333333333333335,0.0,0.8149293836473647,0.0,96,0.0,0,Sector_14,Ministry_3,Agency_21,0,0,0,0,0,1,0
PRJ-546FD272,2022-01-01,5.281379310344832,0.046084656084656055,0.047676056338028155,0.05918061674008809,0.07080808080808082,0.7142857142857143,42.56666666666667,0.0,1.0170593107383392,0.48561619718309845,20,189.16666666666666,0,Sector_16,Ministry_5,Agency_33,0,0,0,0,0,0,0
PRJ-54AD4225,2022-01-01,16.72246119733925,0.043333333333333335,0.043333333333333335,0.043333333333333335,0.07339419978517722,0.5,35.1,0.0,0.9570640908359348,0.0,273,300.0,0,Sector_1,Ministry_3,Agency_1,0,0,0,0,0,0,0
PRJ-54E1453E,2022-01-01,34.86555555555556,0.0445219638242894,0.0445219638242894,0.0445219638242894,0.1996969696969697,1.0,9.566666666666666,0.0,2.4570004225531794,0.0,145,387.0,0,Sector_7,Ministry_8,Agency_13,0,0,0,0,1,1,1
PRJ-54EECBF1,2022-01-01,-3.3512994350282526,0.3465277777777778,0.14620370370370372,0.1230787037037037,0.08596774193548384,0.5,15.066666666666666,0.0,0.9435060198695776,0.1056018518518518,41,72.0,0,Sector_9,Ministry_5,Agency_25,0,0,0,0,0,0,0
PRJ-54FBD235,2022-01-01,21.684576856649386,0.06057971014492753,0.059420289855072465,0.06381642512077296,5.5075,1.0,17.833333333333332,158.96174863387978,2.4613642209312676,0.11939613526570046,51,138.0,1,Sector_4,Ministry_8,Agency_42,0,0,0,0,1,1,0
PRJ-5508723B,2022-01-01,7.941291866028706,0.19727272727272727,0.12178030303030303,0.13744318181818183,0.17888059701492537,1.0,15.8,0.0,0.9705668493596045,0.3890151515151515,87,88.0,0,Sector_10,Ministry_9,Agency_34,0,0,0,0,0,0,0
PRJ-5510CFC6,2022-01-01,-13.328878923766815,0.45232142857142854,0.45232142857142854,0.45232142857142854,0.18256250000000002,0.0,0.0,0.0,0.7569962389239498,0.0,14,56.0,0,Sector_11,Ministry_3,Agency_43,0,0,0,0,0,0,0
PRJ-5545FCAF,2022-01-01,0.0,0.16609523809523807,0.1948407643312102,0.17854415274463006,0.0,0.4,6.533333333333333,135.45367773823352,2.13094982649037,4.929554140127389,706,104.75,0,Sector_17,Ministry_10,Agency_35,0,0,0,0,1,0,0
PRJ-55485582,2022-01-01,6.170000000000002,-0.12976190476190483,0.19753968253968254,0.21900398406374502,999.0,0.45454545454545453,3.3666666666666667,136.30974630032276,2.4787920953447506,8.926904761904765,445,41.8,0,Sector_7,Ministry_2,Agency_5,0,0,0,0,1,0,0
PRJ-555ABB34,2022-01-01,4.0542070116861435,0.0,0.0,0.0,0.087431640625,1.0,26.966666666666665,0.0,1.7068158930211208,0.0,1,0.0,0,Sector_4,Ministry_8,Agency_38,0,0,0,0,0,1,0
PRJ-555AE62D,2022-01-01,21.18187110187111,0.05678571428571428,0.07698412698412699,0.07698412698412699,0.18014388489208633,1.0,23.8,0.0,1.0964897031663736,0.4048809523809524,12,168.0,1,Sector_15,Ministry_5,Agency_6,0,0,0,0,0,1,0
PRJ-559D9B33,2022-01-01,20.930000000000007,-0.0010975609756097976,0.08131147540983605,0.11844580777096113,999.0,1.0,10.133333333333333,0.0,1.1555503265931306,0.3545081967213114,38,81.42857142857143,1,Sector_7,Ministry_9,Agency_47,0,0,0,0,0,1,0
PRJ-55B2F889,2022-01-01,59.97303370786518,0.0,0.0,0.0,0.9560975609756098,1.0,3.6,0.0,0.6788852222194653,0.0,181,0.0,0,Sector_17,Ministry_6,Agency_32,0,0,0,0,0,1,0
PRJ-55E0B851,2022-01-01,2.1599999999999966,0.07320895522388061,0.013573200992555845,0.013573200992555845,0.08663608562691132,1.0,22.733333333333334,0.0,0.8631758005503652,-0.012034739454094067,9,134.33333333333334,0,Sector_14,Ministry_5,Agency_37,0,0,0,0,0,1,0
PRJ-56320447,2022-01-01,0.0,0.15395833333333334,0.16153310104529617,0.15689895470383275,0.0,0.5714285714285714,12.8,82.97363562066774,1.8639706995187213,0.8075958188153309,504,95.66666666666667,0,Sector_12,Ministry_3,Agency_24,0,0,0,0,1,0,0
PRJ-56640583,2022-01-01,3.0258054711246203,0.12069565217391301,0.10852173913043478,0.07039130434782608,0.08070093457943926,0.6,25.9,0.0,0.955330977835767,0.28747826086956524,100,115.0,0,Sector_14,Ministry_5,Agency_25,0,0,0,0,0,0,0
PRJ-5671EAE2,2022-01-01,4.505891181988741,0.17413793103448277,0.13017142857142858,0.13017142857142858,0.09997264021887825,0.6666666666666666,20.6,0.0,0.7021146264319963,0.0,73,87.5,0,Sector_6,Ministry_5,Agency_44,0,0,0,0,0,0,0
PRJ-56844082,2022-01-01,1.2132530120481988,0.014475138121546908,0.07154981549815496,0.06258028792912512,0.06254752851711028,0.6666666666666666,40.2,0.0,0.9041706622320553,0.3871402214022141,51,180.6,0,Sector_2,Ministry_10,Agency_39,0,0,0,0,0,0,0
PRJ-56BF3453,2022-01-01,9.099446064139947,0.06669616519174042,0.05294985250737463,0.05294985250737463,0.07560836501901141,0.3333333333333333,30.3,0.0,0.9372940545401358,0.0,172,339.0,0,Sector_6,Ministry_7,Agency_30,0,0,0,0,0,0,0
PRJ-5707498B,2022-01-01,3.694335378323103,-0.03462499999999995,0.10429166666666667,0.11025,0.12437125748502992,0.7,17.9,0.0,0.9253936413308439,0.21170833333333333,11,80.0,0,Sector_12,Ministry_7,Agency_39,0,0,0,0,0,0,0
PRJ-5728075A,2022-01-01,12.352148664343783,0.0,0.0,0.0,0.06819672131147542,1.0,2.5,0.0,0.567438637128949,0.0,212,0.0,0,Sector_10,Ministry_4,Agency_23,0,0,0,0,1,1,0
PRJ-5771FA12,2022-01-01,-4.6251711026615965,0.0003614457831325438,0.09475903614457831,0.09475903614457831,0.08921717171717171,0.0,0.0,0.0,0.5971169456091143,0.0,11,83.0,0,Sector_9,Ministry_6,Agency_11,0,0,0,0,0,0,0
PRJ-57AE4282,2022-01-01,0.0,0.4315094339622642,0.18415094339622642,0.22047169811320755,0.0,0.4444444444444444,5.633333333333334,82.10900861420528,1.765460765140267,6.049559748427672,72,53.0,0,Sector_16,Ministry_7,Agency_34,0,0,0,0,1,0,0
PRJ-57D943CB,2022-01-01,9.079999999999998,-0.050645161290322586,0.1476756756756757,0.18685636856368565,999.0,0.125,5.7,0.0,1.0610316582449508,1.1011351351351353,397,61.42857142857143,0,Sector_11,Ministry_9,Agency_11,0,0,0,0,0,0,0
PRJ-57FBF9C9,2022-01-01,0.0,0.0,0.06870860927152318,0.09584437086092715,0.0,0.45454545454545453,16.2,0.0,0.9391140310934757,0.12986754966887418,265,100.7,0,Sector_18,Ministry_3,Agency_35,0,0,0,0,0,0,0
PRJ-57FDD8F9,2022-01-01,0.0,0.021274509803921586,0.07297385620915033,0.07754901960784313,0.0,0.3333333333333333,24.333333333333332,81.77644987039712,1.7829003343952194,1.93078431372549,64,102.0,0,Sector_2,Ministry_7,Agency_18,0,0,0,0,1,0,0
PRJ-581AE31F,2022-01-01,6.09137103684661,0.10115740740740738,0.08686244204018548,0.08180764774044032,0.19446428571428573,1.0,20.933333333333334,0.0,0.9378792913994171,0.46122102009273575,33,215.75,1,Sector_5,Ministry_9,Agency_33,0,0,0,0,0,1,1
PRJ-582BD5FB,2022-01-01,8.104548104956272,0.06309734513274333,0.06677514792899408,0.07060561299852289,0.09404699738903395,0.75,27.133333333333333,0.0,1.180325748348083,0.3917455621301775,87,112.85714285714286,0,Sector_12,Ministry_2,Agency_31,0,0,0,0,0,0,0
PRJ-582E6236,2022-01-01,10.183356953055807,0.07401273885350321,0.10063829787234044,0.10063829787234044,0.11632152588555858,0.25,25.266666666666666,0.0,0.9618136567846834,0.16561702127659575,136,156.66666666666666,0,Sector_7,Ministry_9,Agency_21,0,0,0,0,0,0,0
PRJ-58A658AE,2022-01-01,13.373323114653587,0.06400000000000002,0.04155,0.058112500000000004,0.0897659574468085,0.8,39.6,0.0,1.4097844466146652,0.9628666666666668,161,200.0,0,Sector_6,Ministry_9,Agency_23,0,0,0,0,1,0,0
PRJ-58BD4A5D,2022-01-01,1.3862954279015298,0.1494179894179894,0.06495590828924162,0.05886243386243386,0.0608562197092084,0.2,25.6,0.0,0.9933369560444092,0.7487301587301587,143,189.0,0,Sector_18,Ministry_6,Agency_13,0,0,0,0,0,0,0
PRJ-58C18FDE,2022-01-01,3.5752254641909857,0.4004761904761905,0.2676,0.2761077844311377,0.2911594202898551,0.4,1.3,0.0,1.2213963021228638,13.819919999999998,31,41.75,0,Sector_11,Ministry_3,Agency_8,0,0,0,0,0,0,0
PRJ-58C7E6EA,2022-01-01,16.120278404815643,0.03643835616438358,0.05898330804248863,0.05898330804248863,0.12469325153374233,0.25,11.766666666666667,0.0,1.0841536873220068,0.8088467374810319,125,219.66666666666666,0,Sector_8,Ministry_4,Agency_16,0,0,0,0,0,0,0
PRJ-58CF4891,2022-01-01,23.99652754590985,0.0009375000000000355,0.08430051813471504,0.08430051813471504,0.24693333333333334,1.0,8.0,0.0,1.3480937250024192,0.0,10,96.5,0,Sector_10,Ministry_10,Agency_39,0,0,0,0,0,1,0
PRJ-591A595B,2022-01-01,3.319999999999993,0.16436781609195417,0.11298850574712647,0.1815632183908046,999.0,0.16666666666666666,0.9333333333333333,0.0,1.0007437088079483,1.289080459770116,461,87.0,0,Sector_18,Ministry_3,Agency_25,0,0,0,0,0,0,0
PRJ-59A93D6B,2022-01-01,27.18261943986821,0.07246835443037974,0.07246835443037974,0.07246835443037974,0.11885906040268455,1.0,25.8,0.0,1.733999514360808,0.0,153,158.0,0,Sector_17,Ministry_3,Agency_18,0,0,0,0,0,1,0
PRJ-59C2A296,2022-01-01,5.654904831625188,0.04810810810810809,0.05074324324324324,0.05074324324324324,0.0798358733880422,0.3333333333333333,23.366666666666667,0.0,1.583789815848085,0.0,70,148.0,0,Sector_1,Ministry_2,Agency_32,0,0,0,0,1,0,0
PRJ-5A06AC04,2022-01-01,0.0,0.19429752066115707,0.1380332409972299,0.12955149501661128,0.0,0.16666666666666666,2.2666666666666666,0.0,0.9761974728181017,0.40166204986149584,388,120.4,0,Sector_9,Ministry_1,Agency_11,0,0,0,0,0,0,0
PRJ-5A4F4B4A,2022-01-01,15.806746411483253,0.12986486486486487,0.12986486486486487,0.12986486486486487,0.3007392996108949,1.0,4.966666666666667,0.0,1.3917919152006002,0.0,13,74.0,0,Sector_8,Ministry_1,Agency_3,0,0,0,0,0,1,0
PRJ-5A4FDF12,2022-01-01,5.165825720309215,-0.03210084033613446,0.043707865168539334,0.06079258010118043,0.07796130952380953,0.3333333333333333,22.633333333333333,0.0,1.8783374510321715,0.8151685393258427,40,118.6,0,Sector_18,Ministry_10,Agency_11,0,0,0,0,1,0,0
PRJ-5A5C08BF,2022-01-01,1.8218705035971219,0.10786666666666667,0.10786666666666667,0.10786666666666667,0.061364341085271314,0.5,39.56666666666667,0.0,0.49065979877168137,0.0,78,150.0,0,Sector_9,Ministry_8,Agency_47,0,0,0,0,0,0,1
PRJ-5A682285,2022-01-01,3.2743990526939086,0.07918918918918919,0.06473094170403587,0.05455645161290323,0.06372928176795581,0.8333333333333334,36.06666666666667,0.0,1.0083381687749098,0.5004035874439462,73,148.8,0,Sector_12,Ministry_1,Agency_16,0,0,0,0,0,0,0
PRJ-5AA3A651,2022-01-01,6.766156533892371,0.09607142857142856,0.05843803056027165,0.06912334352701326,0.11963235294117644,0.5,16.466666666666665,51.14272110463038,1.625710019308212,0.3944312393887946,118,196.2,0,Sector_15,Ministry_4,Agency_47,0,0,0,0,1,0,0
PRJ-5AC17547,2022-01-01,18.099999999999994,-0.07265624999999998,0.056119791666666675,0.0739374185136897,999.0,0.25,12.7,0.0,1.1120886461070871,0.19536458333333329,176,127.85714285714286,0,Sector_10,Ministry_9,Agency_27,0,0,0,0,0,0,0
PRJ-5AE243FF,2022-01-01,18.730000000000004,0.09107526881720429,0.09016100178890875,0.08045576407506702,999.0,1.0,15.4,0.0,1.1290724025852872,0.5443112701252236,105,186.5,1,Sector_3,Ministry_6,Agency_30,0,0,0,0,0,1,0
PRJ-5AE6E7B0,2022-01-01,7.323941605839414,0.055855855855855854,0.055855855855855854,0.055855855855855854,0.07972426470588234,1.0,29.866666666666667,0.0,3.115929655336769,0.0,60,111.0,0,Sector_2,Ministry_9,Agency_3,0,0,0,0,1,0,0
PRJ-5B0B8347,2022-01-01,4.561602708803619,0.08139999999999999,0.07614,0.07614,0.0618,0.6666666666666666,43.63333333333333,0.0,0.9133616638138631,0.0,173,250.0,0,Sector_9,Ministry_8,Agency_46,0,0,0,0,0,0,0
PRJ-5B10B52F,2022-01-01,12.142478632478632,0.0,0.0,0.0,0.1000119760479042,1.0,26.5,0.0,0.6728016956129655,0.0,142,0.0,0,Sector_8,Ministry_10,Agency_14,0,0,0,0,0,0,0
PRJ-5B206FFB,2022-01-01,21.00056379821958,0.045391304347826095,0.045391304347826095,0.045391304347826095,0.11643863179074446,1.0,5.033333333333333,0.0,0.9142482023518023,0.0,161,345.0,0,Sector_15,Ministry_9,Agency_15,0,0,0,0,0,1,1
PRJ-5B649C93,2022-01-01,16.37719471947195,0.0812809917355372,0.10293388429752066,0.10293388429752066,0.13067647058823528,1.0,27.333333333333332,0.0,1.060780415149983,0.0,146,242.0,0,Sector_20,Ministry_7,Agency_42,0,0,0,0,0,0,0
PRJ-5B969DA6,2022-01-01,0.0,0.10821989528795813,0.10131118881118882,0.0800314795383001,0.0,1.0,17.833333333333332,0.0,1.0242616916255334,0.10965034965034966,50,190.6,1,Sector_2,Ministry_3,Agency_16,0,0,0,0,0,1,1
PRJ-5BCBF6A0,2022-01-01,44.281010101010104,0.05026490066225166,0.08577557755775578,0.08577557755775578,0.33032258064516135,1.0,13.766666666666667,0.0,1.343930717047689,0.0,121,151.5,0,Sector_14,Ministry_7,Agency_15,0,0,0,0,0,1,0
PRJ-5C77179E,2022-01-01,0.0,0.013389830508474683,0.10312500000000004,0.13261363636363635,0.0,0.4166666666666667,9.166666666666666,0.0,0.9224658953548611,0.06664772727272729,42,58.63636363636363,0,Sector_11,Ministry_7,Agency_3,0,0,0,0,0,0,0
PRJ-5CADE5A0,2022-01-01,0.0,0.16148148148148145,0.1342326732673267,0.1298662704309064,0.0,0.8333333333333334,17.0,0.0,0.8237244231089141,1.5692326732673267,439,134.6,0,Sector_17,Ministry_4,Agency_46,0,0,0,0,0,0,0
PRJ-5D33319B,2022-01-01,-0.2957575757575768,0.1281372549019608,0.19087947882736156,0.19087947882736156,0.15013953488372095,0.5,12.333333333333334,0.0,1.053556174201761,0.31671009771986974,36,102.33333333333333,0,Sector_14,Ministry_4,Agency_31,0,0,0,0,0,0,0
PRJ-5D5D628F,2022-01-01,14.311478730587442,0.04506024096385542,0.04506024096385542,0.04506024096385542,0.08447867298578199,1.0,4.233333333333333,0.0,2.364838702832931,0.0,140,249.0,0,Sector_14,Ministry_9,Agency_45,0,0,0,0,1,1,0
PRJ-5D609AAC,2022-01-01,7.510000000000005,-0.11553846153846162,0.12374358974358972,0.11717223650385604,999.0,0.5454545454545454,11.0,50.000000000000014,1.5606626830186558,0.25779487179487176,73,64.8,0,Sector_8,Ministry_2,Agency_42,0,0,0,0,1,0,0
PRJ-5E5C7B55,2022-01-01,0.0,0.24659574468085113,0.16191489361702127,0.17804964539007093,0.0,0.4166666666666667,5.833333333333333,41.69376261821272,1.3923068749335883,2.3382269503546094,569,47.0,0,Sector_15,Ministry_7,Agency_30,0,0,0,0,1,0,0
PRJ-5E8E6FDB,2022-01-01,-0.7871428571428538,0.07517482517482517,0.06695804195804195,0.06695804195804195,0.05622222222222222,0.6666666666666666,42.63333333333333,0.0,0.9142889624617798,0.0,38,286.0,0,Sector_4,Ministry_1,Agency_18,0,0,0,0,0,0,0
PRJ-5EDCB7BD,2022-01-01,3.815980066445185,0.09319767441860466,0.09319767441860466,0.09319767441860466,0.05879032258064516,1.0,44.166666666666664,0.0,1.1567452556385003,0.0,2,344.0,0,Sector_18,Ministry_4,Agency_23,0,0,0,0,0,1,1
PRJ-5EDF85B7,2022-01-01,0.0,0.15629032258064512,0.08739130434782608,0.127574931880109,0.0,0.5,10.5,0.0,0.9496319704034837,0.1826630434782608,368,61.18181818181818,0,Sector_6,Ministry_4,Agency_19,0,0,0,0,0,0,0
PRJ-5F0CC97F,2022-01-01,11.46550903901047,0.08726141078838175,0.08726141078838175,0.08726141078838175,0.11641929499072357,1.0,23.033333333333335,0.0,0.9647813875391348,0.0,30,241.0,0,Sector_15,Ministry_2,Agency_17,0,0,0,0,1,1,1
PRJ-5F31B540,2022-01-01,-1.0288549618320602,0.21666666666666679,0.20314685314685318,0.24289915966386555,0.1860093896713615,0.6666666666666666,5.733333333333333,0.0,1.0738137527133913,0.5016083916083917,26,47.6,0,Sector_7,Ministry_3,Agency_13,0,0,0,0,1,0,0
PRJ-5F6E7BFE,2022-01-01,2.569999999999993,0.09721590909090917,0.09855513307984791,0.09443557582668188,999.0,1.0,19.466666666666665,0.0,1.0081799156213813,0.9733079847908745,271,175.4,1,Sector_14,Ministry_8,Agency_45,0,0,0,0,0,1,1
PRJ-5F87FAE8,2022-01-01,5.004250343878951,-0.0014743589743589998,0.06322649572649572,0.06823717948717949,0.1084920634920635,0.25,34.1,0.0,1.0944888263002956,0.2006196581196581,81,156.0,0,Sector_1,Ministry_1,Agency_27,0,0,0,0,0,0,0
PRJ-5FD667CC,2022-01-01,0.0,0.1804545454545454,0.14833333333333332,0.18506818181818183,0.0,0.3333333333333333,7.733333333333333,0.0,0.9088050314465409,0.4503787878787879,126,88.0,0,Sector_14,Ministry_8,Agency_19,0,0,0,0,0,0,0
PRJ-5FE05754,2022-01-01,8.420000000000002,-0.06518072289156622,0.1302834008097166,0.13279352226720648,999.0,0.375,12.766666666666667,0.0,1.0953633800809965,1.5497570850202427,302,82.28571428571429,0,Sector_17,Ministry_4,Agency_42,0,0,0,0,0,0,0
PRJ-5FFAEB04,2022-01-01,23.103619210977712,0.08517241379310345,0.08517241379310345,0.08517241379310345,0.13389583333333335,1.0,26.1,0.0,0.9288789461763995,0.0,223,232.0,0,Sector_7,Ministry_3,Agency_25,0,0,0,0,0,0,0
PRJ-601D5E73,2022-01-01,6.040969899665555,0.031330645161290305,0.06524899057873486,0.06686175580221998,0.09868421052631579,0.6,35.53333333333333,0.0,1.1479119250145637,7.031170928667564,67,247.75,0,Sector_2,Ministry_6,Agency_21,0,0,0,0,0,0,0
PRJ-601D780A,2022-01-01,5.563926380368098,0.0,0.0,0.0,0.08169064748201439,0.0,0.0,0.0,0.14807316429659864,0.0,86,0.0,0,Sector_15,Ministry_7,Agency_42,0,0,0,0,0,0,0
PRJ-602EE005,2022-01-01,2.6625459317585296,0.1869047619047619,0.17916666666666664,0.17916666666666664,0.13702173913043478,0.6666666666666666,13.6,0.0,0.8061466253919595,0.0,50,84.0,0,Sector_2,Ministry_4,Agency_42,0,0,0,0,0,0,0
PRJ-6055E8FD,2022-01-01,-1.9076443629697533,0.0,0.0,0.0,0.08967808930425752,0.0,0.0,0.0,0.23114720161198243,0.0,24,0.0,0,Sector_4,Ministry_3,Agency_46,0,0,0,0,0,0,0
PRJ-6061DC53,2022-01-01,0.0,0.1624000000000001,0.15853333333333333,0.12501113585746104,0.0,0.6363636363636364,14.966666666666667,0.0,1.02960503799028,0.7929777777777776,333,74.9,0,Sector_4,Ministry_6,Agency_29,0,0,0,0,0,0,0
PRJ-609096F4,2022-01-01,9.153850129198972,0.09645454545454545,0.061651515151515145,0.061651515151515145,0.08351239669421488,0.25,24.5,0.0,0.8921419418132108,1.5135909090909092,184,220.0,0,Sector_3,Ministry_5,Agency_42,0,0,0,0,0,0,0
PRJ-60927D8B,2022-01-01,41.39,0.11851528384279476,0.08921225382932166,0.08921225382932166,999.0,1.0,11.466666666666667,0.0,0.7507318626103399,0.0,112,228.5,0,Sector_8,Ministry_2,Agency_14,0,0,0,0,0,1,1
PRJ-60DC2560,2022-01-01,10.245631141345427,0.0,0.0,0.0,0.0849,1.0,30.2,0.0,1.4426254764147441,0.0,81,0.0,0,Sector_7,Ministry_3,Agency_13,0,0,0,0,0,0,0
PRJ-610689A5,2022-01-01,15.136897133220906,0.1925263157894737,0.1251578947368421,0.1251578947368421,0.2338793103448276,0.6666666666666666,8.2,0.0,1.0332389750749515,0.0,76,95.0,0,Sector_16,Ministry_2,Agency_39,0,0,0,0,0,0,0
PRJ-61837174,2022-01-01,0.0,0.09426086956521743,0.14262390670553937,0.14038461538461539,0.0,1.0,7.2,0.0,0.9010600706713782,0.43075801749271136,654,114.4,1,Sector_14,Ministry_1,Agency_20,0,0,0,0,0,1,1
PRJ-618CCB5B,2022-01-01,7.324210526315795,0.034934210526315804,0.11366228070175438,0.09286184210526316,0.15251612903225806,0.6,16.133333333333333,0.0,1.1804408303136729,1.4692543859649123,35,152.0,0,Sector_1,Ministry_7,Agency_16,0,0,0,0,0,0,0
PRJ-6191E493,2022-01-01,0.9899999999999949,0.10500000000000004,0.09966666666666671,0.09558441558441559,999.0,0.5,21.733333333333334,0.0,0.9372766497025947,0.5797037037037036,38,89.9090909090909,0,Sector_9,Ministry_5,Agency_16,0,0,0,0,0,0,0
PRJ-61F78D2B,2022-01-01,-11.123515715948777,0.09915492957746477,0.059107981220657274,0.059107981220657274,0.04780168381665108,0.0,0.0,0.0,0.7095201690349363,0.0,10,213.0,0,Sector_7,Ministry_7,Agency_22,0,0,0,0,0,0,0
PRJ-623137F1,2022-01-01,7.895051975051977,0.09589147286821703,0.08167525773195876,0.06299227799227798,0.08069264069264069,0.6,29.366666666666667,0.0,0.8045911397537902,0.03221649484536082,103,129.5,0,Sector_18,Ministry_1,Agency_26,0,0,0,0,0,0,0
PRJ-6234C79C,2022-01-01,-2.4132875667429374,0.12205741626794257,0.12205741626794257,0.12205741626794257,0.07324968632371393,0.5,30.433333333333334,0.0,1.4464251353378739,0.0,96,209.0,0,Sector_20,Ministry_1,Agency_3,0,0,0,0,1,0,0
PRJ-6274535C,2022-01-01,0.0,0.16275510204081636,0.1152054794520548,0.12243567753001715,0.0,0.25,8.366666666666667,0.0,0.8999822413504931,2.1169863013698627,414,97.14285714285714,0,Sector_9,Ministry_7,Agency_28,0,0,0,0,0,0,0
PRJ-6288E7A2,2022-01-01,16.379999999999995,0.0027450980392156976,0.09954248366013074,0.09581699346405229,999.0,1.0,17.233333333333334,0.0,0.969465782809886,1.172254901960784,48,102.0,1,Sector_5,Ministry_9,Agency_39,0,0,0,0,0,1,0
PRJ-6294AB7F,2022-01-01,9.790000000000006,0.030952380952380933,0.06252847380410022,0.06407744874715261,999.0,0.5555555555555556,31.3,153.61054129168875,2.7013133991394356,1.935717539863325,57,146.25,0,Sector_6,Ministry_7,Agency_6,0,0,0,0,1,0,0
PRJ-62C112C1,2022-01-01,14.302576832151301,0.0,0.0,0.0,0.07024941543257988,1.0,41.36666666666667,0.0,2.658493051158268,0.0,108,0.0,0,Sector_17,Ministry_1,Agency_11,0,0,0,0,1,1,1
PRJ-62D893D5,2022-01-01,8.670000000000002,0.17794117647058816,0.19452459016393442,0.1812776412776413,999.0,0.8,8.866666666666667,0.0,0.9829809146599182,1.3280983606557377,92,101.75,0,Sector_5,Ministry_3,Agency_18,0,0,0,0,0,0,0
PRJ-63136AEF,2022-01-01,7.998428290766199,0.04572463768115944,0.11408653846153846,0.11408653846153846,0.11848101265822784,0.75,22.1,0.0,0.9455240857988043,2.2078365384615384,69,138.66666666666666,0,Sector_12,Ministry_2,Agency_11,0,0,0,0,0,0,0
PRJ-634226C3,2022-01-01,14.306666666666672,0.07317725752508362,0.0721850613154961,0.0721850613154961,0.2867692307692308,0.5,35.0,0.0,0.8495281676876877,3.485841694537347,239,299.0,0,Sector_8,Ministry_3,Agency_11,0,0,0,0,0,0,0
PRJ-6343B0B3,2022-01-01,5.336795252225521,0.07986486486486487,0.051996996996997,0.051996996996997,0.06636005256241786,1.0,35.7,0.0,0.9859309222366547,0.09668168168168169,36,222.0,0,Sector_18,Ministry_3,Agency_15,0,0,0,0,0,1,1
PRJ-6396EE24,2022-01-01,2.291873905429057,0.20594594594594606,0.18031390134529152,0.21053872053872055,0.19173913043478255,0.4,9.333333333333334,0.0,0.9650909329917572,2.269192825112108,62,74.25,0,Sector_9,Ministry_5,Agency_12,0,0,0,0,0,0,0
PRJ-639F39BD,2022-01-01,-10.399367181751288,0.1238144329896907,0.09368330464716007,0.07998966942148761,0.01706521739130435,0.5,26.366666666666667,0.0,0.8793301648851295,0.11647160068846817,14,193.6,0,Sector_1,Ministry_6,Agency_17,0,0,0,0,0,0,1
PRJ-63A993F5,2022-01-01,0.0,0.08324561403508768,0.06656891495601173,0.09335777126099706,0.0,0.1111111111111111,10.8,0.0,0.8915856814963129,0.15548387096774188,386,113.625,0,Sector_6,Ministry_6,Agency_15,0,0,0,0,0,0,0
PRJ-63B0B6F0,2022-01-01,0.0,0.17771929824561408,0.16912023460410558,0.18781938325991188,0.0,0.4,10.533333333333333,0.0,0.9373247033441208,0.16404692082111436,54,113.5,0,Sector_9,Ministry_8,Agency_28,0,0,0,0,0,0,0
PRJ-63DF5327,2022-01-01,9.260000000000005,0.07811111111111112,0.08137546468401487,0.1053903345724907,999.0,0.5555555555555556,13.266666666666667,0.0,1.0927353943152456,0.39475836431226763,441,89.625,0,Sector_20,Ministry_1,Agency_49,0,0,0,0,0,0,0
PRJ-63E00564,2022-01-01,0.0,0.21923076923076915,0.1955603448275862,0.18900862068965518,0.0,0.5714285714285714,9.466666666666667,0.0,0.8963951177973318,0.16650862068965516,810,77.33333333333333,0,Sector_15,Ministry_1,Agency_17,0,0,0,0,0,0,0
PRJ-63EB925D,2022-01-01,14.769999999999996,0.024196891191709854,0.06913793103448276,0.05989664082687339,999.0,1.0,28.3,0.0,1.093284957300435,0.3440344827586207,105,193.5,1,Sector_13,Ministry_2,Agency_31,0,0,0,0,0,0,0
PRJ-63EB9CF8,2022-01-01,6.760000000000005,0.10369565217391295,0.10433823529411763,0.1692619926199262,999.0,0.4166666666666667,4.466666666666667,0.0,1.0467620410259035,1.3365441176470587,737,45.18181818181818,0,Sector_3,Ministry_5,Agency_17,0,0,0,0,0,0,0
PRJ-64139ADE,2022-01-01,0.0,0.07854166666666668,0.12986111111111112,0.11630555555555555,0.0,1.0,9.833333333333334,95.81551810865193,1.921277665995976,0.7137268518518518,587,144.0,1,Sector_12,Ministry_10,Agency_37,0,0,0,0,1,1,1
PRJ-641E806F,2022-01-01,0.0,0.03156250000000016,0.30531250000000004,0.23036458333333332,0.0,0.09090909090909091,0.5,0.0,1.3911035488575596,2.5546874999999996,700,32.0,0,Sector_6,Ministry_3,Agency_27,0,0,0,0,0,0,0
PRJ-644C6570,2022-01-01,5.904200913242008,0.07862068965517241,0.06533014354066986,0.06533014354066986,0.10962406015037593,1.0,35.9,0.0,0.937473999022165,1.3859521531100478,7,348.3333333333333,1,Sector_17,Ministry_7,Agency_9,0,0,0,0,0,1,1
PRJ-64A1C80F,2022-01-01,21.49405835543766,0.07551515151515152,0.05214141414141415,0.05214141414141415,0.22671641791044772,1.0,21.133333333333333,0.0,1.008965001167987,0.27858585858585855,55,330.0,1,Sector_14,Ministry_1,Agency_25,0,0,0,0,0,1,1
PRJ-64D7DDF8,2022-01-01,4.467937187723059,0.06687500000000002,0.08683741648106905,0.08683741648106905,0.07877483443708609,0.3333333333333333,32.93333333333333,0.0,0.9803090665840989,0.0,124,224.5,0,Sector_12,Ministry_4,Agency_17,0,0,0,0,0,0,0
PRJ-64F13C82,2022-01-01,3.7196296296296367,0.0842222222222222,0.1313333333333333,0.10270370370370369,0.11935251798561154,0.7,21.0,101.22584666528152,2.103916602557076,1.1646296296296297,42,90.0,0,Sector_19,Ministry_4,Agency_3,0,0,0,0,1,0,0
PRJ-64FAEF70,2022-01-01,0.04000000000000625,0.25774647887323937,0.2527699530516432,0.27144366197183095,999.0,0.2,2.2,66.03865916320039,1.6122334669125786,3.228497652582159,71,71.0,0,Sector_19,Ministry_2,Agency_16,0,0,0,0,1,0,0
PRJ-652581E2,2022-01-01,20.879272869429244,0.0,0.0,0.0,0.10396296296296298,1.0,29.133333333333333,0.0,1.1419338525101668,0.0,225,0.0,0,Sector_18,Ministry_4,Agency_2,0,0,0,0,0,0,0
PRJ-65D06862,2022-01-01,0.08733570159858317,0.3173214285714285,0.2095238095238095,0.2095238095238095,0.1778805970149254,0.75,7.7,0.0,0.9229361267288657,1.6000595238095239,4,56.0,0,Sector_8,Ministry_1,Agency_43,0,0,0,0,0,0,0
PRJ-65F5D240,2022-01-01,7.80651387992253,0.0248876404494382,0.0248876404494382,0.0248876404494382,0.0712414383561644,1.0,32.266666666666666,0.0,2.2365382445057556,0.0,25,178.0,0,Sector_8,Ministry_8,Agency_45,0,0,0,0,1,1,0
PRJ-66187BCA,2022-01-01,8.464929396662392,0.0,0.0,0.0,0.07254940711462451,1.0,3.433333333333333,0.0,0.8531001559676592,0.0,132,0.0,0,Sector_10,Ministry_5,Agency_25,0,0,0,0,0,1,1
PRJ-66A69B6F,2022-01-01,-0.15012715033657287,0.12444444444444443,0.08923076923076922,0.08531490015360983,0.07166666666666661,0.36363636363636365,28.866666666666667,0.0,0.9450457761113439,7.1668,96,108.5,0,Sector_8,Ministry_3,Agency_18,0,0,0,0,0,0,1
PRJ-66DA11ED,2022-01-01,13.143037088873342,0.02864285714285713,0.07038186157517899,0.06085867620751341,0.09114331723027376,1.0,29.0,0.0,1.226192752823459,0.3813842482100238,110,139.75,1,Sector_11,Ministry_7,Agency_4,0,0,0,0,0,0,0
PRJ-66FE3CDE,2022-01-01,58.85764705882352,0.10572649572649573,0.10572649572649573,0.10572649572649573,0.8681720430107527,1.0,4.4,0.0,1.3942162689525548,0.0,98,117.0,0,Sector_4,Ministry_7,Agency_9,0,0,0,0,0,1,0
PRJ-66FEB9BB,2022-01-01,10.373973509933762,0.03896713615023476,0.0730359937402191,0.0730359937402191,0.08867965367965368,0.25,36.166666666666664,0.0,1.9981168646719252,2.282097026604069,196,213.0,0,Sector_13,Ministry_2,Agency_37,0,0,0,0,1,0,0
PRJ-6702C062,2022-01-01,28.767142857142858,0.03791505791505791,0.04,0.03354932301740813,0.14301492537313432,1.0,40.13333333333333,0.0,0.8536884097685145,0.06903350515463917,123,258.5,1,Sector_6,Ministry_10,Agency_2,0,0,0,0,0,1,0
PRJ-670B52F6,2022-01-01,4.782830188679242,0.05233695652173914,0.0751219512195122,0.0751219512195122,0.07298594847775175,0.3333333333333333,35.3,0.0,1.8422435390831353,0.0,77,184.5,0,Sector_17,Ministry_4,Agency_18,0,0,0,0,1,0,1
PRJ-671F8B8F,2022-01-01,1.3690751086281807,0.10660256410256409,0.06218415417558886,0.06218415417558886,0.06352816153028693,0.5,33.96666666666667,0.0,0.9996907038173813,0.9814132762312635,48,155.66666666666666,0,Sector_17,Ministry_10,Agency_34,0,0,0,0,0,0,0
PRJ-674BE622,2022-01-01,0.0,0.3684999999999999,0.17441666666666672,0.181625,0.0,0.25,2.7666666666666666,0.0,0.9387799553485241,3.8071666666666677,132,40.0,0,Sector_11,Ministry_2,Agency_24,0,0,0,0,0,0,0
PRJ-67A1F59F,2022-01-01,12.165173745173746,0.06606896551724137,0.09075862068965516,0.08706896551724137,0.14125000000000001,1.0,22.6,0.0,1.249026565476784,0.6554712643678161,39,145.0,0,Sector_15,Ministry_10,Agency_39,0,0,0,0,0,0,0
PRJ-67A980BA,2022-01-01,0.0,0.23617647058823532,0.25599999999999995,0.2868,0.0,0.16666666666666666,0.43333333333333335,0.0,0.9007103150092649,0.2650999999999999,1003,33.36363636363637,0,Sector_1,Ministry_7,Agency_32,0,0,0,0,0,0,0
PRJ-67C816B9,2022-01-01,9.037205882352943,0.10898876404494381,0.10814606741573034,0.10814606741573034,0.11456140350877193,0.3333333333333333,24.233333333333334,0.0,1.0556878489390662,0.0,155,178.0,0,Sector_14,Ministry_1,Agency_45,0,0,0,0,0,0,0
PRJ-68072613,2022-01-01,5.755644171779139,0.05967871485943775,0.049317269076305216,0.051837349397590354,0.06690522243713734,1.0,44.233333333333334,0.0,1.0002722098449257,0.11657295850066936,31,249.0,0,Sector_14,Ministry_5,Agency_33,0,0,0,0,0,0,0
PRJ-68248950,2022-01-01,0.0,0.3079069767441861,0.25480468749999996,0.22457478005865103,0.0,0.4,5.366666666666666,65.98842459890525,1.6947360981317583,5.4378515625,505,85.25,0,Sector_3,Ministry_4,Agency_6,0,0,0,0,1,0,0
PRJ-687CD70B,2022-01-01,-6.53744920993228,0.0,0.0,0.0,0.20875324675324677,0.0,0.0,0.0,0.7647247755532784,0.0,12,0.0,0,Sector_18,Ministry_10,Agency_14,0,0,0,0,0,0,0
PRJ-68E68C98,2022-01-01,27.873451776649745,0.08266331658291455,0.045025041736227046,0.064180225281602,0.27421768707482996,1.0,26.033333333333335,0.0,0.8252358003739131,0.18562604340567612,37,199.75,1,Sector_15,Ministry_4,Agency_48,0,0,0,0,0,1,1
PRJ-68FD9717,2022-01-01,0.0,0.14999999999999988,0.18315068493150682,0.21147766323024056,0.0,0.45454545454545453,5.0,0.0,1.0457192231113115,0.3754109589041096,788,48.5,0,Sector_4,Ministry_1,Agency_9,0,0,0,0,0,0,0
PRJ-691CB4F8,2022-01-01,9.03581395348837,0.0,0.0,0.0,0.1130171277997365,1.0,21.5,0.0,1.2493578196899109,0.0,74,0.0,0,Sector_7,Ministry_5,Agency_22,0,0,0,0,0,0,0
PRJ-6930E19E,2022-01-01,-3.386387575962189,0.10925465838509318,0.08726141078838176,0.07227611940298509,0.05916049382716048,0.0,0.0,0.0,0.796151221008575,0.2783609958506223,112,160.8,0,Sector_11,Ministry_8,Agency_18,0,0,0,0,0,0,1
PRJ-693EB9E9,2022-01-01,8.66852146263912,0.17756097560975612,0.11314363143631437,0.07897018970189702,0.12931034482758622,1.0,26.466666666666665,135.58140027838817,1.9311213773809952,2.1794579945799457,101,123.0,1,Sector_10,Ministry_8,Agency_9,0,0,0,0,1,1,0
PRJ-6A15292B,2022-01-01,-1.289090909090902,0.23606741573033704,0.10921348314606741,0.10779439252336448,0.08556016597510376,0.6666666666666666,21.633333333333333,0.0,0.8715339145704081,1.4926591760299628,57,89.125,0,Sector_5,Ministry_1,Agency_22,0,0,0,0,0,0,0
PRJ-6A913AB9,2022-01-01,7.348104956268216,0.06620853080568721,0.07281990521327016,0.07281990521327016,0.06603575184016824,1.0,42.03333333333333,0.0,1.0119844520057844,0.0,131,211.0,0,Sector_3,Ministry_6,Agency_1,0,0,0,0,0,0,0
PRJ-6AA82956,2022-01-01,0.7199999999999989,0.08750000000000002,0.08083617747440273,0.07665301944728761,999.0,0.3333333333333333,21.266666666666666,45.101035829512675,1.4849943308353797,0.45052901023890773,173,195.4,0,Sector_9,Ministry_9,Agency_4,0,0,0,0,1,0,0
PRJ-6AB884D5,2022-01-01,14.74142433234421,0.08122994652406416,0.044028520499108735,0.044028520499108735,0.07648837209302325,1.0,40.93333333333333,0.0,1.6116949937117928,0.03679144385026738,77,187.0,0,Sector_20,Ministry_3,Agency_25,0,0,0,0,0,0,0
PRJ-6B6D784D,2022-01-01,11.4313171577123,0.06132158590308371,0.08105726872246696,0.08105726872246696,0.18692982456140353,0.5,19.1,123.99114090342573,2.1790228608857247,2.150807635829662,133,227.0,0,Sector_14,Ministry_5,Agency_14,0,0,0,0,1,0,0
PRJ-6B7C5E1A,2022-01-01,5.480000000000004,0.05544061302681992,0.07628352490421456,0.06794061302681992,999.0,0.4,22.466666666666665,0.0,1.082406785195486,0.09538952745849297,18,261.0,0,Sector_10,Ministry_8,Agency_6,0,0,0,0,0,0,0
PRJ-6B828D57,2022-01-01,33.673491686460814,0.15844827586206892,0.16954285714285713,0.16954285714285713,0.48696296296296304,1.0,1.7666666666666666,0.0,1.2066525464799867,1.8164,53,58.333333333333336,0,Sector_11,Ministry_7,Agency_13,0,0,0,0,0,1,0
PRJ-6B96DD70,2022-01-01,19.888156424581005,0.06753731343283582,0.05764339152119701,0.05764339152119701,0.12714697406340056,1.0,33.93333333333333,0.0,1.0659330782365701,0.9777057356608478,16,267.3333333333333,1,Sector_17,Ministry_9,Agency_4,0,0,0,0,0,1,1
PRJ-6BA0FA95,2022-01-01,0.0,0.03680555555555563,0.14598130841121493,0.1775175644028103,0.0,0.375,10.0,68.59044111492423,1.6558131748556122,0.7228504672897196,417,71.14285714285714,0,Sector_9,Ministry_3,Agency_16,0,0,0,0,1,0,0
PRJ-6BB19122,2022-01-01,-1.845766871165651,0.07638783269961978,0.05840506329113924,0.061813865147198485,0.05453874538745388,0.4,23.166666666666668,0.0,0.8575099448923382,0.20548101265822782,43,263.25,0,Sector_13,Ministry_2,Agency_22,0,0,0,0,0,0,0
PRJ-6C28D1E8,2022-01-01,-5.433414634146342,0.0,0.0,0.0,0.05690868263473054,1.0,0.8666666666666667,0.0,0.7283280819280414,0.0,73,0.0,0,Sector_10,Ministry_3,Agency_34,0,0,0,0,1,1,0
PRJ-6C642504,2022-01-01,19.214979757085022,0.067,0.067,0.067,0.10822695035460993,1.0,28.3,0.0,1.520373296879624,0.0,30,250.0,0,Sector_10,Ministry_4,Agency_34,0,0,0,0,0,1,1
PRJ-6C79B0BC,2022-01-01,8.180000000000007,0.029999999999999916,0.07464028776978417,0.09767567567567566,999.0,0.45454545454545453,20.333333333333332,0.0,0.9823319482191242,1.336762589928057,285,92.5,0,Sector_15,Ministry_4,Agency_19,0,0,0,0,0,0,0
PRJ-6CA54496,2022-01-01,-1.9866812227074249,0.18012658227848102,0.18012658227848102,0.18012658227848102,0.10629522431259045,0.0,0.0,0.0,0.5513755774306573,0.0,68,79.0,0,Sector_4,Ministry_2,Agency_37,0,0,0,0,0,0,0
PRJ-6CF00CE9,2022-01-01,-0.8826829268292755,0.15214285714285733,0.16639053254437872,0.15876106194690268,0.1469565217391304,0.25,8.9,0.0,1.0061661637201949,1.1652662721893492,44,56.42857142857143,0,Sector_15,Ministry_3,Agency_5,0,0,0,0,0,0,0
PRJ-6D35D524,2022-01-01,-6.150138089758343,0.07570512820512822,0.06517094017094018,0.07024358974358975,0.049215155615696886,0.5,41.666666666666664,0.0,0.8843608148112693,0.039957264957264954,63,156.0,0,Sector_9,Ministry_6,Agency_3,0,0,0,0,0,0,0
PRJ-6D3AAA3C,2022-01-01,10.974331210191082,0.012117647058823542,0.173764705882353,0.15141176470588238,0.34844827586206883,0.5,8.966666666666667,0.0,0.9255258826046857,1.3578823529411763,60,85.0,0,Sector_10,Ministry_9,Agency_10,0,0,0,0,0,0,0
PRJ-6D52D513,2022-01-01,56.545536105032824,0.118989898989899,0.118989898989899,0.118989898989899,1.4219148936170212,1.0,6.7,0.0,1.304060572353331,0.0,15,198.0,0,Sector_10,Ministry_4,Agency_29,0,0,0,0,0,1,1
PRJ-6D67488D,2022-01-01,11.409708265802259,0.14213793103448277,0.14213793103448277,0.14213793103448277,0.20023411371237457,1.0,11.466666666666667,0.0,1.0479638802754014,0.0,28,145.0,0,Sector_8,Ministry_8,Agency_22,0,0,0,0,0,1,0
PRJ-6D84C4A1,2022-01-01,-6.278387096774182,0.07994285714285711,0.07996204933586337,0.07243243243243243,0.053091168091168095,0.2,33.8,0.0,1.9689164062174176,0.2809867172675522,32,175.75,0,Sector_5,Ministry_1,Agency_12,0,0,0,0,1,0,0
PRJ-6DAD24F0,2022-01-01,2.1400000000000006,0.08290909090909095,0.24705521472392636,0.19417177914110428,999.0,0.2222222222222222,5.933333333333334,0.0,0.9274950334692701,0.4892638036809816,145,54.375,0,Sector_3,Ministry_8,Agency_49,0,0,0,0,0,0,0
PRJ-6DF4798A,2022-01-01,2.950000000000003,0.028596491228070096,0.15321637426900586,0.18789473684210523,999.0,0.2,7.2,0.0,0.928319097849081,0.33,296,57.0,0,Sector_7,Ministry_10,Agency_40,0,0,0,0,0,0,0
PRJ-6E33F2CD,2022-01-01,9.534306220095687,0.07208178438661712,0.07308550185873607,0.07308550185873607,0.0881845238095238,0.25,40.46666666666667,0.0,0.9564522390095143,1.7749070631970263,260,269.0,0,Sector_6,Ministry_9,Agency_18,0,0,0,0,0,0,0
PRJ-6E3C1D47,2022-01-01,-3.171518987341784,0.09888888888888896,0.14520491803278687,0.133305954825462,0.11210045662100455,0.8571428571428571,14.433333333333334,113.18508879363138,2.4051445562185165,1.0454918032786884,3,81.16666666666667,0,Sector_17,Ministry_8,Agency_21,0,0,0,0,1,0,0
PRJ-6E3D7E86,2022-01-01,3.9448091603053435,0.0,0.0,0.0,0.07984861976847729,1.0,0.7333333333333333,0.0,1.4307024374474882,0.0,56,0.0,0,Sector_13,Ministry_5,Agency_8,0,0,0,0,0,1,0
PRJ-6E877D7D,2022-01-01,12.258106904231624,0.03844884488448846,0.03844884488448846,0.03844884488448846,0.06737595419847328,1.0,3.066666666666667,0.0,0.8881975932854457,0.0,143,303.0,0,Sector_9,Ministry_7,Agency_7,0,0,0,0,0,1,0
PRJ-6EDC1FF3,2022-01-01,39.22908340214698,0.03334841628959278,0.05641566265060241,0.05781920903954803,3.3516666666666666,1.0,29.833333333333332,0.0,1.0805802505627429,0.11246987951807227,93,221.25,1,Sector_9,Ministry_8,Agency_40,0,0,0,0,0,1,0
PRJ-6EEFA1AD,2022-01-01,4.70805194805196,0.08584337349397586,0.06933601609657947,0.06786489746682749,0.07583333333333335,0.6666666666666666,36.63333333333333,87.64320195979539,1.8006395806640028,0.19615694164989939,114,165.8,0,Sector_8,Ministry_8,Agency_16,0,0,0,0,1,0,0
PRJ-6F01349D,2022-01-01,5.409999999999997,0.17164179104477612,0.22206030150753772,0.24337349397590366,999.0,0.3333333333333333,5.666666666666667,0.0,1.0357350171766824,0.9176884422110553,425,66.4,0,Sector_4,Ministry_1,Agency_1,0,0,0,0,0,0,0
PRJ-6F2210A9,2022-01-01,2.8006015037594025,0.06621212121212117,0.09455696202531644,0.09455696202531644,0.07910489510489511,0.25,29.9,0.0,0.8435820751800167,0.6117974683544303,89,131.66666666666666,0,Sector_3,Ministry_9,Agency_2,0,0,0,0,0,0,0
PRJ-6F6CE21D,2022-01-01,37.53,0.05069767441860464,0.13829457364341083,0.13829457364341083,999.0,1.0,10.733333333333333,0.0,0.9740432406335274,0.348733850129199,101,129.0,1,Sector_12,Ministry_5,Agency_4,0,0,0,0,0,1,0
PRJ-6F795585,2022-01-01,5.549999999999997,0.08333333333333333,0.12063037249283667,0.13242268041237115,999.0,0.16666666666666666,10.733333333333333,0.0,1.103405044978242,1.272005730659026,668,116.4,0,Sector_18,Ministry_9,Agency_23,0,0,0,0,0,0,0
PRJ-6F9EC73C,2022-01-01,1.0600000000000023,0.12094594594594599,0.11990909090909088,0.11318181818181818,999.0,0.45454545454545453,13.7,83.0651941574635,1.8620318014343562,1.6077272727272724,226,73.2,0,Sector_5,Ministry_6,Agency_18,0,0,0,0,1,0,0
PRJ-6FBD8901,2022-01-01,7.076790123456789,0.10502512562814072,0.10502512562814072,0.10502512562814072,0.09260553129548763,0.5,27.766666666666666,0.0,1.3055363549415937,0.0,130,199.0,0,Sector_13,Ministry_4,Agency_18,0,0,0,0,1,0,0
PRJ-6FCB8EFB,2022-01-01,13.915217391304346,0.13649999999999995,0.08108635097493036,0.0794314381270903,0.12184065934065934,0.8333333333333334,25.9,0.0,0.9612687857892505,0.650891364902507,115,119.6,0,Sector_17,Ministry_8,Agency_43,0,0,0,0,0,0,0
PRJ-7017D1B2,2022-01-01,20.739999999999995,0.13643939393939397,0.12959595959595963,0.12959595959595963,999.0,1.0,8.7,0.0,0.9514921298104696,0.6503535353535352,72,132.0,1,Sector_1,Ministry_6,Agency_19,0,0,0,0,0,1,0
PRJ-70297F68,2022-01-01,0.0,0.09854901960784312,0.07083769633507853,0.08070726915520629,0.0,0.4,29.766666666666666,0.0,1.009594315740209,0.4140575916230366,151,254.5,0,Sector_2,Ministry_3,Agency_7,0,0,0,0,0,0,0
PRJ-705E898C,2022-01-01,6.701428571428574,0.0,0.0,0.0,0.07730701754385964,0.0,0.0,0.0,0.9364871201313559,0.0,122,0.0,0,Sector_12,Ministry_10,Agency_40,0,0,0,0,1,0,0
PRJ-70CCA985,2022-01-01,6.060122511485446,0.056641221374045814,0.0850765306122449,0.07348214285714286,0.16314285714285717,0.5555555555555556,29.2,0.0,0.9617976206176835,1.9915561224489797,61,130.625,0,Sector_19,Ministry_6,Agency_25,0,0,0,0,0,0,0
PRJ-71C4F8C6,2022-01-01,11.75798245614035,0.01693069306930692,0.0597037037037037,0.0597037037037037,0.06609779482262704,0.6666666666666666,45.06666666666667,0.0,0.833170657968292,0.0,174,202.5,0,Sector_9,Ministry_1,Agency_40,0,0,0,0,0,0,0
PRJ-71D4251D,2022-01-01,6.170000000000002,0.0020720720720721077,0.04966767371601208,0.09963691376701966,999.0,0.25,19.2,0.0,1.0202157452611116,-0.12543806646525674,526,110.14285714285714,0,Sector_1,Ministry_7,Agency_25,0,0,0,0,0,0,0
PRJ-7202562F,2022-01-01,14.30184290030212,0.003820224719101122,0.03401685393258427,0.03401685393258427,0.07524352331606217,0.3333333333333333,29.8,0.0,1.1012209218553883,0.0,156,178.0,0,Sector_10,Ministry_5,Agency_4,0,0,0,0,0,0,0
PRJ-722F30F5,2022-01-01,5.7155369928401,0.12352564102564105,0.1362820512820513,0.1362820512820513,0.16398437499999996,0.75,17.366666666666667,0.0,1.0899209900769946,0.2548076923076923,86,156.0,0,Sector_2,Ministry_10,Agency_5,0,0,0,0,0,0,0
PRJ-72425671,2022-01-01,4.735826771653542,0.06677966101694911,0.17272727272727273,0.17474358974358975,0.17347972972972975,0.6,9.066666666666666,0.0,0.991101029990539,1.0594886363636362,47,58.5,0,Sector_3,Ministry_7,Agency_19,0,0,0,0,0,0,0
PRJ-726102E4,2022-01-01,1.8018181818181844,0.1215819209039548,0.1215819209039548,0.1215819209039548,0.08327868852459017,1.0,26.966666666666665,0.0,0.9484881170528563,0.0,25,177.0,0,Sector_18,Ministry_10,Agency_48,0,0,0,0,0,1,1
PRJ-7281C121,2022-01-01,-1.9289133247089225,0.3015151515151515,0.175,0.15825688073394495,0.12357357357357357,0.5,12.433333333333334,0.0,0.8323631325103557,0.892857142857143,48,65.4,0,Sector_17,Ministry_10,Agency_47,0,0,0,0,0,0,0
PRJ-730CA9D5,2022-01-01,0.0,0.23682539682539686,0.3206878306878307,0.28507936507936504,0.0,0.5,4.7,0.0,0.8865872808165401,5.631587301587301,650,63.0,0,Sector_12,Ministry_8,Agency_32,0,0,0,0,0,0,0
PRJ-730EFECD,2022-01-01,6.212569659442721,0.04598726114649681,0.06542130365659778,0.06542130365659778,0.07424603174603175,0.0,0.0,0.0,2.0712180334459838,0.0,168,314.5,0,Sector_6,Ministry_9,Agency_46,0,0,0,0,1,0,0
PRJ-731849F3,2022-01-01,0.0,0.10148648648648656,0.10896396396396395,0.11475225225225226,0.0,0.75,16.333333333333332,62.21084953940634,1.5683930399181165,0.43454954954954944,202,74.0,1,Sector_14,Ministry_4,Agency_38,0,0,0,0,1,1,1
PRJ-73431922,2022-01-01,5.72077459333849,0.10466403162055338,0.08397891963109355,0.08397891963109355,0.11774647887323943,0.5,29.433333333333334,0.0,0.8843938919653536,0.9798155467720684,137,253.0,0,Sector_5,Ministry_3,Agency_30,0,0,0,0,0,0,0
PRJ-738E5508,2022-01-01,5.586693440428377,0.1418656716417911,0.07491315136476429,0.05944168734491315,0.091875,1.0,33.666666666666664,0.0,0.8008897796215966,0.06496277915632752,62,134.25,1,Sector_7,Ministry_6,Agency_11,0,0,0,0,0,0,0
PRJ-73D672E3,2022-01-01,7.280286047869232,0.06176470588235295,0.06176470588235295,0.06176470588235295,0.0667548906789413,1.0,40.7,0.0,1.1141421164982794,0.0,28,408.0,0,Sector_15,Ministry_8,Agency_20,0,0,0,0,0,1,1
PRJ-73DF3EFC,2022-01-01,0.0,0.1690178571428572,0.13473214285714286,0.14167857142857143,0.0,0.3333333333333333,4.933333333333334,0.0,0.8996034774838506,0.627470238095238,569,112.0,0,Sector_17,Ministry_10,Agency_27,0,0,0,0,0,0,0
PRJ-74300FCF,2022-01-01,5.780000000000001,0.18731343283582086,0.2253233830845771,0.22495522388059702,999.0,0.6666666666666666,4.833333333333333,0.0,0.9787309896588782,1.4987562189054726,689,67.0,0,Sector_13,Ministry_2,Agency_4,0,0,0,0,0,0,0
PRJ-74780D19,2022-01-01,41.40035971223022,0.08658119658119658,0.08658119658119658,0.08658119658119658,0.37606635071090044,1.0,4.4,0.0,0.846768601421504,0.0,112,117.0,0,Sector_16,Ministry_4,Agency_7,0,0,0,0,0,1,0
PRJ-74857C29,2022-01-01,5.900000000000006,-0.05298850574712643,0.09122605363984669,0.16406130268199232,999.0,0.5714285714285714,11.866666666666667,0.0,0.9839986438431678,0.1228352490421456,754,87.0,0,Sector_12,Ministry_9,Agency_34,0,0,0,0,0,0,0
PRJ-7488ADB3,2022-01-01,19.89781630740394,0.0,0.0,0.0,0.12428571428571428,1.0,23.466666666666665,0.0,0.8725805097236811,0.0,120,0.0,0,Sector_3,Ministry_4,Agency_1,0,0,0,0,0,1,0
PRJ-74931479,2022-01-01,29.703575168287202,0.02913419913419912,0.04917867435158501,0.0597081081081081,0.5248484848484849,1.0,31.2,0.0,1.1266725912452187,0.24848703170028816,115,231.25,1,Sector_4,Ministry_3,Agency_26,0,0,0,0,0,1,0
PRJ-74DDA7DF,2022-01-01,19.027713004484298,0.022316384180790978,0.023189493433395884,0.04996247654784241,0.10652519893899204,0.7142857142857143,43.53333333333333,0.0,1.1209200280821294,0.30332082551594747,164,177.66666666666666,0,Sector_14,Ministry_4,Agency_3,0,0,0,0,0,0,0
PRJ-74E4A5DB,2022-01-01,5.647800829875518,0.15647058823529414,0.15647058823529414,0.15647058823529414,0.11226586102719033,1.0,20.566666666666666,0.0,0.9625471472624643,0.0,31,136.0,0,Sector_16,Ministry_6,Agency_36,0,0,0,0,0,0,0
PRJ-751CD536,2022-01-01,0.4300000000000068,0.24074074074074073,0.1902057613168724,0.19525925925925924,999.0,0.3333333333333333,5.866666666666666,44.526423237406206,1.4636997577072683,1.9358024691358027,724,81.0,0,Sector_4,Ministry_4,Agency_30,0,0,0,0,1,0,0
PRJ-753BD718,2022-01-01,-1.4122580645161236,0.11777777777777779,0.08392045454545452,0.09853900709219858,0.09219512195121954,0.42857142857142855,17.8,0.0,1.032720394822809,0.5942045454545455,6,117.5,0,Sector_7,Ministry_9,Agency_26,0,0,0,0,0,0,0
PRJ-757D92A7,2022-01-01,0.0,0.2136666666666667,0.08884328358208957,0.06857943925233645,0.0,0.4166666666666667,19.433333333333334,0.0,1.01549205724684,0.17847014925373128,392,89.0909090909091,0,Sector_1,Ministry_7,Agency_14,0,0,0,0,0,0,0
PRJ-75CF85D7,2022-01-01,1.9913043478260875,0.0,0.0,0.0,0.11139755766621437,1.0,1.6666666666666667,0.0,1.1756818125279562,0.0,18,0.0,0,Sector_18,Ministry_9,Agency_5,0,0,0,0,1,1,0
PRJ-75E36CC1,2022-01-01,-5.975454545454554,0.0675949367088608,0.1418143459915612,0.13113924050632914,0.08908602150537631,0.375,9.5,84.90862510674638,1.7668590685871852,0.6787763713080169,8,79.0,0,Sector_2,Ministry_6,Agency_30,0,0,0,0,1,0,0
PRJ-764B6CAF,2022-01-01,4.053872113676732,0.0,0.0,0.0,0.09295501022494887,1.0,23.8,0.0,1.1778851145111202,0.0,41,0.0,0,Sector_19,Ministry_5,Agency_19,0,0,0,0,1,0,0
PRJ-765950FB,2022-01-01,7.852046332046335,0.106198347107438,0.07914600550964186,0.07914600550964186,0.0885179856115108,1.0,25.0,0.0,0.6584780967162353,2.1061157024793387,117,121.0,0,Sector_17,Ministry_6,Agency_5,0,0,0,0,0,1,0
PRJ-765B9BAC,2022-01-01,0.0,0.19343065693430658,0.12380487804878049,0.12029282576866764,0.0,1.0,15.666666666666666,0.0,1.100174659777309,0.9329024390243903,23,136.6,1,Sector_18,Ministry_7,Agency_10,0,0,0,0,0,1,1
PRJ-76C69272,2022-01-01,5.340000000000003,-0.030476190476190504,0.23824,0.18359999999999999,999.0,0.45454545454545453,3.0,24.107053740749706,1.3120162392007537,1.33392,884,41.7,0,Sector_20,Ministry_4,Agency_10,0,0,0,0,1,0,0
PRJ-770CA7AD,2022-01-01,19.89223938223938,0.009464285714285607,0.07020833333333332,0.0700297619047619,0.2773636363636364,1.0,14.0,0.0,1.0030636572726295,0.4355059523809525,30,112.0,1,Sector_17,Ministry_9,Agency_18,0,0,0,0,0,1,0
PRJ-770E51CF,2022-01-01,8.23435897435898,0.0716535433070866,0.0716535433070866,0.0716535433070866,0.06554280670785526,1.0,42.06666666666667,0.0,0.498957258515066,0.0,76,254.0,0,Sector_14,Ministry_9,Agency_41,0,0,0,0,0,1,0
PRJ-776C5222,2022-01-01,0.0,0.17212765957446816,0.13407142857142854,0.19339285714285714,0.0,0.2727272727272727,4.6,0.0,1.041093876350805,0.48528571428571426,787,46.6,0,Sector_2,Ministry_7,Agency_9,0,0,0,0,0,0,0
PRJ-77ADEDF5,2022-01-01,2.510000000000005,0.06081967213114744,0.11857923497267753,0.18327868852459017,999.0,0.3333333333333333,6.2,0.0,0.9809813604003991,1.692404371584699,899,61.0,0,Sector_14,Ministry_8,Agency_45,0,0,0,0,0,0,0
PRJ-77CFE4E7,2022-01-01,7.083490471414242,0.0,0.0,0.0,0.10931297709923664,1.0,21.5,0.0,0.9485347710170129,0.0,9,0.0,0,Sector_10,Ministry_4,Agency_1,0,0,0,0,0,1,1
PRJ-77F60A0A,2022-01-01,0.0,0.0,0.2010958904109589,0.16654109589041097,0.0,0.3333333333333333,7.266666666666667,127.07990043123094,2.285734319671844,1.2005479452054797,306,48.72727272727273,0,Sector_19,Ministry_2,Agency_10,0,0,0,0,1,0,0
PRJ-78425826,2022-01-01,3.8681818181818173,0.2496363636363636,0.2496363636363636,0.2496363636363636,0.21833333333333332,0.0,0.0,0.0,1.181616379024113,0.0,44,55.0,0,Sector_1,Ministry_6,Agency_35,0,0,0,0,1,0,0
PRJ-784F2A53,2022-01-01,1.8649825783972034,0.07065573770491806,0.07767123287671233,0.09633744855967079,0.1053921568627451,0.25,21.766666666666666,0.0,1.0932181752760959,0.42583561643835616,74,121.57142857142857,0,Sector_13,Ministry_10,Agency_16,0,0,0,0,0,0,0
PRJ-78872CFA,2022-01-01,-1.2162962962962993,0.07722826086956522,0.07792418772563177,0.07792418772563177,0.07204013377926421,0.75,31.6,0.0,1.0447466656310775,0.19086642599277975,14,184.66666666666666,0,Sector_18,Ministry_1,Agency_32,0,0,0,0,0,0,0
PRJ-78990125,2022-01-01,7.553938223938225,0.03297619047619051,0.12268000000000001,0.12268000000000001,0.108328125,0.5,19.666666666666668,0.0,1.1042336664009453,0.38864000000000004,63,83.33333333333333,0,Sector_11,Ministry_3,Agency_37,0,0,0,0,0,0,0
PRJ-78A9BC1F,2022-01-01,6.1223327615780505,0.10654320987654316,0.10657731958762885,0.09962917181705809,0.1744927536231885,0.6666666666666666,26.333333333333332,0.0,0.8545688632311536,0.1485154639175258,127,161.8,0,Sector_12,Ministry_8,Agency_36,0,0,0,0,0,0,0
PRJ-78D183E4,2022-01-01,-4.633658536585365,0.14797101449275363,0.14829710144927535,0.14829710144927535,0.08916666666666666,0.3333333333333333,22.3,0.0,1.356430472930521,0.0,59,138.0,0,Sector_19,Ministry_3,Agency_12,0,0,0,0,0,0,0
PRJ-79921AED,2022-01-01,7.533018867924525,0.06142857142857142,0.09192239858906526,0.07621693121693122,0.10584677419354839,0.4,25.566666666666666,112.52436327004358,2.2376756466033214,0.9036860670194006,132,189.0,0,Sector_13,Ministry_6,Agency_7,0,0,0,0,1,0,0
PRJ-799D6F1E,2022-01-01,24.353660955816054,0.10714912280701755,0.08385964912280702,0.08385964912280702,0.7483783783783783,1.0,24.833333333333332,0.0,1.0618678133489567,0.24703216374269002,160,228.0,1,Sector_18,Ministry_9,Agency_13,0,0,0,0,0,1,0
PRJ-79E5BD73,2022-01-01,17.49259259259259,-0.09033898305084746,-0.09033898305084746,-0.09033898305084746,0.09039179104477613,0.5,26.833333333333332,0.0,6.5316682002073,0.0,43,118.0,0,Sector_10,Ministry_10,Agency_7,0,0,0,0,0,0,0
PRJ-79FBA9F8,2022-01-01,0.0,0.04102040816326531,0.13327272727272726,0.10700272479564031,0.0,0.3333333333333333,11.333333333333334,12.860751499842127,1.1645721502999684,0.4475681818181818,339,146.8,0,Sector_2,Ministry_6,Agency_23,0,0,0,0,1,0,0
PRJ-7A0449AF,2022-01-01,-1.3921948134092332,0.048701298701298704,0.05299349240780912,0.0621475054229935,0.05534090909090906,0.3333333333333333,33.166666666666664,0.0,1.0387435469950135,2.171843817787419,22,153.75,0,Sector_17,Ministry_8,Agency_28,0,0,0,0,0,0,0
PRJ-7A3A7720,2022-01-01,29.400000000000006,0.09658730158730154,0.07817460317460316,0.09106349206349205,999.0,1.0,18.9,0.0,0.9707909421734403,0.6258201058201058,100,126.0,1,Sector_17,Ministry_10,Agency_48,0,0,0,0,0,1,0
PRJ-7A8E570F,2022-01-01,45.31232018561485,0.07668103448275862,0.07668103448275862,0.07668103448275862,0.366353591160221,1.0,17.966666666666665,0.0,1.107115187841053,0.0,217,232.0,0,Sector_15,Ministry_10,Agency_23,0,0,0,0,0,1,0
PRJ-7AA3E730,2022-01-01,23.45070601213458,-0.03840579710144926,0.042845659163987145,0.04486486486486487,0.11249388753056234,1.0,43.96666666666667,0.0,1.1520472326338398,0.1385369774919614,161,207.2,1,Sector_18,Ministry_5,Agency_27,0,0,0,0,0,1,0
PRJ-7AA46E02,2022-01-01,42.23,0.04750741839762613,0.05065281899109792,0.05065281899109792,999.0,1.0,27.233333333333334,0.0,0.9309271752696818,0.0,303,337.0,1,Sector_7,Ministry_5,Agency_5,0,0,0,0,0,1,0
PRJ-7AB31725,2022-01-01,-7.137205542725173,0.0,0.0,0.0,0.10482089552238806,0.0,0.0,0.0,1.4427541859809658,0.0,27,0.0,0,Sector_4,Ministry_6,Agency_27,0,0,0,0,1,0,0
PRJ-7AC8F94E,2022-01-01,10.942668665667165,0.0,0.0,0.0,0.08585074626865671,1.0,31.066666666666666,0.0,1.4167135784636389,0.0,19,0.0,0,Sector_7,Ministry_5,Agency_26,0,0,0,0,0,1,1
PRJ-7B2271E5,2022-01-01,48.29,0.1253030303030303,0.11362025316455697,0.11362025316455697,999.0,1.0,9.266666666666667,0.0,0.9448267019258618,0.2388354430379747,126,131.66666666666666,1,Sector_8,Ministry_2,Agency_20,0,0,0,0,0,1,0
PRJ-7B523CA1,2022-01-01,0.0,0.08633333333333336,0.08375555555555556,0.10133333333333333,0.0,1.0,19.066666666666666,0.0,0.9872250366298613,0.9748444444444446,107,150.0,1,Sector_5,Ministry_4,Agency_8,0,0,0,0,0,1,1
PRJ-7B911B3C,2022-01-01,4.800855614973273,0.1089393939393939,0.05692695214105792,0.07231446540880503,0.07765765765765767,0.5714285714285714,34.333333333333336,0.0,1.016171559613637,0.2963224181360201,125,132.5,0,Sector_18,Ministry_5,Agency_9,0,0,0,0,0,0,0
PRJ-7B91708D,2022-01-01,7.277155049786629,0.10929687500000002,0.05806282722513089,0.06626963350785339,0.10346666666666667,0.6666666666666666,28.366666666666667,0.0,0.9353346840613803,0.0493717277486911,35,127.375,0,Sector_18,Ministry_9,Agency_6,0,0,0,0,0,0,0
PRJ-7BB07812,2022-01-01,6.230000000000004,0.10042105263157887,0.08954063604240278,0.1164070796460177,999.0,0.3333333333333333,12.633333333333333,0.0,1.0129146619397316,1.2705300353356892,509,94.125,0,Sector_9,Ministry_4,Agency_32,0,0,0,0,0,0,0
PRJ-7C4137C2,2022-01-01,1.6150767085076723,0.1889855072463768,0.24130434782608698,0.15689855072463768,0.1463135593220339,0.5,10.133333333333333,0.0,0.9135026757947765,0.8257004830917873,67,69.0,0,Sector_3,Ministry_9,Agency_15,0,0,0,0,0,0,0
PRJ-7C4EC282,2022-01-01,0.37999999999999545,0.13125000000000023,0.23597222222222225,0.1677700348432056,999.0,0.36363636363636365,5.333333333333333,0.0,0.9209109431929333,0.8759027777777777,759,47.9,0,Sector_12,Ministry_2,Agency_4,0,0,0,0,0,0,0
PRJ-7C6B026F,2022-01-01,10.323492063492063,0.0,0.0,0.0,0.07437001594896332,1.0,35.36666666666667,0.0,0.9722814754871537,0.0,109,0.0,0,Sector_16,Ministry_5,Agency_14,0,0,0,0,0,0,0
PRJ-7C7810BD,2022-01-01,0.0,0.05757961783439494,0.09723991507430997,0.08376857749469215,0.0,1.0,19.366666666666667,0.0,0.9928334581238635,0.08535031847133757,310,157.0,1,Sector_5,Ministry_10,Agency_20,0,0,0,0,0,1,1
PRJ-7C7F1916,2022-01-01,0.0,0.2737878787878787,0.243030303030303,0.213746835443038,0.0,0.5714285714285714,6.366666666666666,0.0,0.9032187431574338,4.63929292929293,363,65.83333333333333,0,Sector_2,Ministry_8,Agency_9,0,0,0,0,0,0,0
PRJ-7C987EDB,2022-01-01,10.850710059171597,0.0,0.0,0.0,0.13630794701986754,1.0,1.8333333333333333,0.0,0.9916423623562874,0.0,66,0.0,0,Sector_17,Ministry_4,Agency_26,0,0,0,0,0,1,0
PRJ-7CB82537,2022-01-01,8.780000000000001,-0.00046153846153847904,0.0795128205128205,0.09651282051282051,999.0,1.0,12.533333333333333,0.0,1.0249012763634526,0.36312820512820515,469,130.0,1,Sector_3,Ministry_5,Agency_9,0,0,0,0,0,1,1
PRJ-7CBD87EC,2022-01-01,-1.6469201520912478,0.10250000000000001,0.06454761904761905,0.06872857142857143,0.061045197740112994,0.6666666666666666,36.833333333333336,0.0,0.9684400877687285,0.8595714285714285,31,140.0,0,Sector_10,Ministry_5,Agency_33,0,0,0,0,0,0,0
PRJ-7CFF9ACB,2022-01-01,24.3186956521739,0.132089552238806,0.07779702970297031,0.07324257425742575,0.3121296296296296,1.0,27.7,0.0,1.2904035704752606,0.5927227722772278,100,134.66666666666666,1,Sector_3,Ministry_2,Agency_13,0,0,0,0,1,1,0
PRJ-7D2CD098,2022-01-01,6.083695976154996,0.12174603174603174,0.12174603174603174,0.12174603174603174,0.16147239263803684,0.0,0.0,0.0,0.8137107120653909,0.0,57,63.0,0,Sector_11,Ministry_3,Agency_2,0,0,0,0,1,0,0
PRJ-7DE1815C,2022-01-01,7.884349376114082,0.0,0.0,0.0,0.0979064587973274,1.0,1.1333333333333333,0.0,0.6444812317088002,0.0,97,0.0,0,Sector_8,Ministry_2,Agency_47,0,0,0,0,0,1,0
PRJ-7E30FAD9,2022-01-01,1.4699999999999989,0.18466666666666687,0.283,0.23335195530726258,999.0,0.0,0.0,0.0,0.9608374884422225,1.3528888888888888,991,29.818181818181817,0,Sector_6,Ministry_3,Agency_29,0,0,0,0,0,0,0
PRJ-7E813731,2022-01-01,32.75,0.1043362831858407,0.08165680473372781,0.06380740740740741,999.0,1.0,19.866666666666667,0.0,0.9745016070111255,0.15384615384615385,61,112.57142857142857,1,Sector_8,Ministry_9,Agency_14,0,0,0,0,0,1,0
PRJ-7EAAD561,2022-01-01,0.8383390607101973,0.21764705882352944,0.0896742671009772,0.09127139364303179,0.11686980609418282,0.4,9.566666666666666,0.0,0.9805359269840909,0.8240716612377851,1,102.25,0,Sector_5,Ministry_10,Agency_37,0,0,0,0,0,0,0
PRJ-7EE5F61A,2022-01-01,6.117815126050422,0.0,0.0,0.0,0.11302872062663186,0.0,0.0,0.0,1.8010029884882148,0.0,70,0.0,0,Sector_18,Ministry_6,Agency_21,0,0,0,0,1,0,0
PRJ-7EEE37D6,2022-01-01,10.557012601927351,0.0,0.0,0.0,0.08538379530916845,0.0,0.0,0.0,0.5725132248916076,0.0,192,0.0,0,Sector_20,Ministry_5,Agency_29,0,0,0,0,0,0,0
PRJ-7F1B9DAE,2022-01-01,11.091102257636123,0.0760082304526749,0.0760082304526749,0.0760082304526749,0.07952662721893491,1.0,35.833333333333336,0.0,1.6493602650410224,0.0,175,243.0,0,Sector_17,Ministry_5,Agency_42,0,0,0,0,1,0,0
PRJ-7F528557,2022-01-01,3.867024128686328,0.054776119402985074,0.054776119402985074,0.054776119402985074,0.07048300536672629,0.0,0.0,0.0,0.8394627438439399,0.0,107,134.0,0,Sector_5,Ministry_5,Agency_14,0,0,0,0,0,0,0
PRJ-7F5F945B,2022-01-01,0.0,0.09661971830985915,0.11122065727699529,0.09174117647058824,0.0,1.0,8.766666666666667,45.0912980365192,1.4860024229723978,1.5015492957746475,336,70.9,1,Sector_16,Ministry_1,Agency_19,0,0,0,0,1,1,1
PRJ-7F86765B,2022-01-01,5.5294539249146695,0.07389473684210529,0.11747368421052633,0.0816842105263158,0.09583650190114068,0.5,21.566666666666666,0.0,0.9669727340647419,2.4208421052631577,76,95.0,0,Sector_12,Ministry_8,Agency_13,0,0,0,0,0,0,0
PRJ-7FBB2198,2022-01-01,13.244475138121548,0.0,0.0,0.0,0.16127622377622378,1.0,10.133333333333333,0.0,2.503840503627157,0.0,40,0.0,0,Sector_10,Ministry_4,Agency_10,0,0,0,0,1,1,0
PRJ-7FD0854D,2022-01-01,1.5098768197088503,0.008174603174603156,0.05964190981432361,0.05964190981432361,0.05829268292682927,0.0,0.0,0.0,0.8741806800581374,0.08704244031830238,125,251.33333333333334,0,Sector_20,Ministry_1,Agency_43,0,0,0,0,0,0,0
PRJ-7FD77B64,2022-01-01,0.0,0.29545454545454547,0.24824427480916028,0.21260536398467433,0.0,0.5454545454545454,4.7,0.0,0.9056855889361514,0.6629770992366414,571,43.5,0,Sector_1,Ministry_10,Agency_20,0,0,0,0,0,0,0
PRJ-7FE937CB,2022-01-01,0.0,0.3520408163265306,0.16979452054794525,0.16683848797250858,0.0,0.18181818181818182,4.433333333333334,0.0,0.9393557023415041,1.765616438356164,685,48.5,0,Sector_7,Ministry_7,Agency_22,0,0,0,0,0,0,0
PRJ-8010D11E,2022-01-01,3.4944710578842333,0.0,0.0,0.0,0.10404126213592234,0.0,0.0,0.0,0.4990337856490625,0.0,53,0.0,0,Sector_10,Ministry_5,Agency_5,0,0,0,0,0,0,0
PRJ-802496CB,2022-01-01,0.0,0.27155555555555555,0.25335820895522393,0.20775280898876405,0.0,0.3333333333333333,4.233333333333333,0.0,0.9304357694053563,0.5734328358208955,88,44.5,0,Sector_19,Ministry_9,Agency_17,0,0,0,0,0,0,0
PRJ-8051BC3A,2022-01-01,3.4892125984251976,0.3030909090909091,0.3030909090909091,0.3030909090909091,0.2068481375358166,0.0,0.0,0.0,0.5699700639616848,0.0,50,55.0,0,Sector_16,Ministry_7,Agency_44,0,0,0,0,0,0,0
PRJ-8062713E,2022-01-01,-0.4830088495575211,0.0,0.0,0.0,0.06287121745249824,0.0,0.0,0.0,0.43547363480575446,0.0,19,0.0,0,Sector_14,Ministry_5,Agency_17,0,0,0,0,0,0,0
PRJ-80678D64,2022-01-01,42.2995918367347,0.28689320388349515,0.28689320388349515,0.28689320388349515,0.6698039215686273,1.0,3.933333333333333,0.0,2.00244433358721,0.0,85,103.0,0,Sector_17,Ministry_7,Agency_35,0,0,0,0,0,1,0
PRJ-8067D7CE,2022-01-01,-9.627681159420277,0.13104712041884814,0.0956544502617801,0.08196858638743455,0.038388746803069064,0.6666666666666666,38.3,0.0,1.0488830719630906,0.12055846422338569,50,191.0,0,Sector_16,Ministry_4,Agency_13,0,0,0,0,0,0,1
PRJ-808F6F0F,2022-01-01,6.257691373025516,0.02852459016393442,0.040382513661202185,0.040382513661202185,0.06662910798122067,1.0,3.3333333333333335,0.0,0.7674490649280382,0.0,33,183.0,0,Sector_14,Ministry_10,Agency_12,0,0,0,0,0,1,0
PRJ-80947849,2022-01-01,6.319999999999993,0.22524752475247525,0.1462828947368421,0.11574013157894737,999.0,1.0,12.5,0.0,0.8929494744307409,0.7756907894736844,76,101.28571428571429,1,Sector_17,Ministry_1,Agency_29,0,0,0,0,0,1,0
PRJ-8095BDF5,2022-01-01,4.010000000000005,0.25785714285714284,0.15380952380952378,0.14080760095011874,999.0,1.0,10.333333333333334,0.0,0.8121212098126969,1.1039047619047615,29,70.11111111111111,1,Sector_19,Ministry_3,Agency_21,0,0,0,0,0,1,1
PRJ-8095D407,2022-01-01,3.5164741641337365,0.15594202898550724,0.15594202898550724,0.15594202898550724,0.15883040935672516,1.0,10.5,0.0,1.2582905979239634,0.0,8,69.0,0,Sector_2,Ministry_5,Agency_12,0,0,0,0,0,0,0
PRJ-8144F365,2022-01-01,0.15000000000000568,0.17415841584158406,0.12264900662251653,0.11059701492537313,999.0,0.4444444444444444,13.133333333333333,0.0,0.9575084394517708,0.1593046357615894,162,100.5,0,Sector_9,Ministry_9,Agency_26,0,0,0,0,0,0,0
PRJ-815CC4C9,2022-01-01,47.61,0.10536082474226804,0.07390034364261168,0.07390034364261168,999.0,1.0,18.4,0.0,1.0366914205198077,0.10584192439862543,160,194.0,1,Sector_5,Ministry_1,Agency_7,0,0,0,0,0,1,0
PRJ-81C98015,2022-01-01,-13.936790450928383,0.0,0.0,0.0,0.05589686098654708,0.0,0.0,0.0,1.601161472629973,0.0,9,0.0,0,Sector_5,Ministry_8,Agency_20,0,0,0,0,0,0,1
PRJ-81DF52ED,2022-01-01,-9.635104281009873,0.27,0.15072664359861593,0.1261139896373057,0.020555555555555546,0.625,18.0,131.83764242537055,2.280867148092399,3.619653979238755,32,96.42857142857143,0,Sector_1,Ministry_2,Agency_28,0,0,0,0,1,0,0
PRJ-81E3DD2F,2022-01-01,7.045196078431374,0.0,0.0,0.0,0.06642074506939372,1.0,39.63333333333333,0.0,1.8101954536678833,0.0,35,0.0,0,Sector_17,Ministry_1,Agency_29,0,0,0,0,0,0,0
PRJ-825969BA,2022-01-01,0.0,0.08692307692307694,0.09383954154727794,0.1058022922636103,0.0,0.4444444444444444,22.633333333333333,0.0,0.9145323056694037,0.5567048710601719,370,116.375,0,Sector_8,Ministry_5,Agency_22,0,0,0,0,0,0,0
PRJ-827869CA,2022-01-01,0.0,0.12931372549019607,0.12947712418300653,0.11539215686274511,0.0,1.0,17.866666666666667,0.0,0.7165435997461261,0.519967320261438,43,102.0,1,Sector_20,Ministry_4,Agency_44,0,0,0,0,0,1,1
PRJ-82AE82AF,2022-01-01,6.380931849791379,0.0,0.0,0.0,0.07516299559471366,1.0,1.6333333333333333,0.0,0.7803045251968521,0.0,95,0.0,0,Sector_7,Ministry_9,Agency_23,0,0,0,0,0,1,1
PRJ-82E4B744,2022-01-01,21.42,0.13644329896907215,0.06757731958762886,0.08689432989690721,999.0,1.0,23.0,0.0,0.7407859088213118,1.5860824742268043,89,194.0,1,Sector_15,Ministry_7,Agency_38,0,0,0,0,0,1,0
PRJ-82F3272A,2022-01-01,1.4918379160636803,0.06466960352422907,0.10041850220264317,0.10041850220264317,0.07493103448275862,0.3333333333333333,32.4,0.0,0.9453073678997422,0.0,121,227.0,0,Sector_19,Ministry_10,Agency_21,0,0,0,0,1,0,0
PRJ-8335D8DA,2022-01-01,33.81646017699115,0.10004385964912278,0.07758771929824561,0.07758771929824561,0.4136538461538462,1.0,24.966666666666665,0.0,0.910714618500085,2.902397660818713,114,228.0,1,Sector_10,Ministry_10,Agency_16,0,0,0,0,0,1,0
PRJ-8351C93B,2022-01-01,9.67488372093024,0.06222996515679442,0.07488966318234612,0.07488966318234612,0.13163398692810457,0.75,34.0,151.68872359304498,2.371880027904938,1.0054819976771197,162,287.0,0,Sector_12,Ministry_9,Agency_3,0,0,0,0,1,0,0
PRJ-837565DB,2022-01-01,3.469999999999999,0.06728813559322032,0.08686440677966102,0.07353813559322034,999.0,1.0,13.033333333333333,0.0,0.991359314390797,0.34162429378531073,172,236.0,1,Sector_20,Ministry_9,Agency_35,0,0,0,0,0,1,1
PRJ-8399D106,2022-01-01,32.50480968858132,-0.03380952380952381,0.0948015873015873,0.0948015873015873,0.3270616113744076,1.0,7.366666666666666,0.0,1.2119106399007713,1.660952380952381,32,84.0,0,Sector_5,Ministry_6,Agency_47,0,0,0,0,0,1,0
PRJ-84095579,2022-01-01,19.143333333333334,0.0,0.0,0.0,0.3481276595744681,1.0,5.0,0.0,1.0271258546722004,0.0,30,0.0,0,Sector_3,Ministry_6,Agency_43,0,0,0,0,0,1,0
PRJ-842554A9,2022-01-01,13.543452157598498,0.05696721311475409,0.021639344262295086,0.021639344262295086,0.11414414414414414,1.0,19.1,0.0,1.0555324749707964,0.0,35,122.0,0,Sector_19,Ministry_3,Agency_9,0,0,0,0,0,1,0
PRJ-843DEE19,2022-01-01,37.87,0.044476190476190496,0.1304746835443038,0.11280285035629455,999.0,1.0,12.466666666666667,0.0,0.9748570261711101,0.43439873417721514,78,105.25,1,Sector_13,Ministry_3,Agency_27,0,0,0,0,0,1,0
PRJ-84EA8393,2022-01-01,12.479328859060402,0.015075757575757577,0.015075757575757577,0.015075757575757577,0.07270852858481724,0.5,31.433333333333334,0.0,2.2268991199520185,0.0,45,264.0,0,Sector_12,Ministry_9,Agency_32,0,0,0,0,1,0,0
PRJ-851E9423,2022-01-01,13.819983065198997,0.042879999999999995,0.04477333333333331,0.08561333333333332,0.1597826086956522,0.7142857142857143,26.0,0.0,0.9177440083593565,0.35997333333333337,122,125.0,0,Sector_15,Ministry_9,Agency_23,0,0,0,0,0,0,0
PRJ-852AE2F6,2022-01-01,-1.5718649517684895,0.33262295081967214,0.33262295081967214,0.33262295081967214,0.1572234762979684,0.0,0.0,0.0,0.7143622704207948,0.0,57,61.0,0,Sector_15,Ministry_4,Agency_3,0,0,0,0,0,0,0
PRJ-855BB276,2022-01-01,0.23000000000000398,0.17287234042553193,0.19374999999999998,0.17480686695278969,999.0,0.3333333333333333,5.333333333333333,0.0,0.8970198299728044,4.146964285714286,884,93.2,0,Sector_15,Ministry_9,Agency_33,0,0,0,0,0,0,0
PRJ-86378985,2022-01-01,43.26,-0.0015957446808510488,0.07902482269503547,0.07902482269503547,999.0,1.0,17.533333333333335,0.0,1.2441805412112343,1.0934397163120566,102,188.0,1,Sector_5,Ministry_6,Agency_22,0,0,0,0,0,1,0
PRJ-8677B98D,2022-01-01,12.52129426915647,0.0138961038961039,0.06772727272727273,0.043555194805194805,0.08185495118549511,1.0,32.166666666666664,0.0,0.8637000746112031,0.20326839826839826,66,154.0,0,Sector_14,Ministry_2,Agency_48,0,0,0,0,0,1,0
PRJ-867F6D72,2022-01-01,15.835454545454546,0.07377049180327869,0.08117486338797815,0.08117486338797815,0.13039900249376557,0.3333333333333333,14.333333333333334,0.0,0.940617094888912,0.0,150,183.0,0,Sector_11,Ministry_4,Agency_6,0,0,0,0,0,0,0
PRJ-86AF62C3,2022-01-01,3.188528058877644,0.12413793103448274,0.10637931034482759,0.10637931034482759,0.09663755458515284,0.6666666666666666,23.233333333333334,0.0,0.7724408629358681,0.0,53,116.0,0,Sector_17,Ministry_10,Agency_19,0,0,0,0,1,0,0
PRJ-86B82DF7,2022-01-01,13.590000000000003,0.07592964824120603,0.06505016722408026,0.0689568706118355,999.0,1.0,14.966666666666667,122.44581614858694,2.2149228105134533,0.5943311036789299,167,199.4,1,Sector_14,Ministry_8,Agency_8,0,0,0,0,1,1,0
PRJ-86CD256F,2022-01-01,1.75,-0.027777777777777776,0.12079365079365079,0.12838624338624338,999.0,0.3333333333333333,11.366666666666667,0.0,0.969130105288559,1.0535449735449736,387,63.0,0,Sector_3,Ministry_5,Agency_7,0,0,0,0,0,0,0
PRJ-86ED0BF2,2022-01-01,6.741481711097336,0.06754285714285713,0.06318051575931231,0.06318051575931231,0.06919871794871796,0.0,0.0,0.0,0.8805142877811901,0.0,154,174.5,0,Sector_12,Ministry_7,Agency_2,0,0,0,0,0,0,0
PRJ-8714A1B4,2022-01-01,1.4399999999999977,0.14272727272727276,0.1332034632034632,0.12443181818181819,999.0,0.4,12.033333333333333,0.0,1.0096390246724323,0.3106277056277056,543,154.0,0,Sector_11,Ministry_6,Agency_21,0,0,0,0,0,0,0
PRJ-8731480E,2022-01-01,24.921582733812954,0.15696774193548388,0.15696774193548388,0.15696774193548388,0.24085603112840467,1.0,12.866666666666667,0.0,0.7168305051292101,0.0,129,155.0,0,Sector_14,Ministry_3,Agency_32,0,0,0,0,0,1,0
PRJ-879AE9D6,2022-01-01,7.071428571428569,0.0,0.0,0.0,0.07584541062801932,1.0,1.5333333333333334,0.0,0.43230844591867434,0.0,127,0.0,0,Sector_16,Ministry_7,Agency_18,0,0,0,0,0,1,0
PRJ-879E2258,2022-01-01,3.4772285966460714,0.14967213114754097,0.09440217391304348,0.10991853360488799,0.09646226415094339,0.6,24.6,0.0,0.8309930524960798,1.2186141304347828,96,122.75,0,Sector_1,Ministry_2,Agency_10,0,0,0,0,0,0,0
PRJ-87B4848B,2022-01-01,-5.285470190534726,0.0,0.0,0.0,0.057825189263592564,0.0,0.0,0.0,0.4289686416989733,0.0,31,0.0,0,Sector_13,Ministry_9,Agency_9,0,0,0,0,1,0,0
PRJ-87D6728A,2022-01-01,0.0,0.22359375000000004,0.15432291666666664,0.18278645833333332,0.0,0.4,6.4,0.0,0.9351236319416295,2.1027083333333336,729,64.0,0,Sector_20,Ministry_4,Agency_17,0,0,0,0,0,0,0
PRJ-87E536C6,2022-01-01,5.832599231754145,0.17331034482758628,0.14919724770642204,0.14919724770642204,0.1983132530120481,0.75,15.833333333333334,0.0,0.8232614936693592,1.0477752293577982,117,145.33333333333334,0,Sector_12,Ministry_6,Agency_39,0,0,0,0,0,0,0
PRJ-8814EFF4,2022-01-01,12.543043753963222,0.06356643356643357,0.06356643356643357,0.06356643356643357,0.07615853658536585,1.0,38.0,0.0,1.1705356244210767,0.0,22,286.0,0,Sector_20,Ministry_6,Agency_1,0,0,0,0,0,1,1
PRJ-8851B1CC,2022-01-01,-3.7713219284603383,0.07765853658536587,0.08313311688311688,0.07457978075517661,0.06236734693877551,0.2,17.433333333333334,62.69259160371284,1.8236368721414613,4.024318181818182,15,205.25,0,Sector_3,Ministry_9,Agency_21,0,0,0,0,1,0,0
PRJ-88744072,2022-01-01,3.680000000000007,0.04296052631578939,0.08978021978021977,0.1066139657444005,999.0,0.3333333333333333,20.466666666666665,0.0,1.0237626746578696,0.9439340659340657,279,151.8,0,Sector_18,Ministry_1,Agency_32,0,0,0,0,0,0,0
PRJ-88C32928,2022-01-01,14.904029304029306,0.0,0.0,0.0,0.1478411053540587,1.0,2.1666666666666665,0.0,0.8930485284541994,0.0,84,0.0,0,Sector_20,Ministry_2,Agency_35,0,0,0,0,1,1,0
PRJ-88F71C6F,2022-01-01,-5.1580246913580154,0.16771186440677965,0.09456338028169012,0.07014084507042254,0.060033167495854065,0.7142857142857143,29.5,0.0,1.050697827138326,1.2847887323943665,27,118.33333333333333,0,Sector_6,Ministry_5,Agency_30,0,0,0,0,0,0,0
PRJ-89201C6E,2022-01-01,9.094703832752614,0.089054054054054,0.18506756756756756,0.18506756756756756,0.20525597269624574,0.6666666666666666,9.4,0.0,0.9300242697755071,0.0,59,74.0,0,Sector_2,Ministry_10,Agency_49,0,0,0,0,0,0,0
PRJ-899DF0C3,2022-01-01,16.282857142857146,0.03127272727272727,0.03127272727272727,0.03127272727272727,0.1446641791044776,1.0,4.5,0.0,1.9165017900243768,0.0,10,165.0,0,Sector_11,Ministry_1,Agency_21,0,0,0,0,1,1,0
PRJ-8A0E328A,2022-01-01,13.141919482386772,0.017906976744186037,0.017906976744186037,0.017906976744186037,0.08570977917981074,0.5,27.8,0.0,1.3800857102017252,0.0,96,172.0,0,Sector_13,Ministry_5,Agency_7,0,0,0,0,0,0,0
PRJ-8AD14585,2022-01-01,1.2399999999999949,0.13619718309859158,0.08957746478873241,0.09856639247943597,999.0,1.0,13.666666666666666,0.0,0.9873273776132805,0.16838028169014088,373,141.83333333333334,1,Sector_3,Ministry_6,Agency_27,0,0,0,0,0,1,1
PRJ-8B1DA254,2022-01-01,1.5695238095238153,-0.13058823529411767,0.04754299754299753,0.08629766297662976,0.08705882352941179,0.14285714285714285,21.0,0.0,0.9279953337838774,0.06351351351351343,108,135.5,0,Sector_5,Ministry_7,Agency_3,0,0,0,0,0,0,0
PRJ-8B2CB6BC,2022-01-01,3.239999999999995,-0.0031034482758620233,0.08222222222222225,0.09059500959692898,999.0,1.0,16.566666666666666,0.0,1.015297352283545,1.0511494252873568,312,86.81818181818181,1,Sector_17,Ministry_5,Agency_30,0,0,0,0,0,1,1
PRJ-8B4D897F,2022-01-01,0.0,0.0895408163265306,0.09438566552901025,0.10697823303457106,0.0,0.4,21.833333333333332,0.0,1.0042516758607942,0.9228668941979523,141,195.25,0,Sector_5,Ministry_3,Agency_19,0,0,0,0,0,0,0
PRJ-8B721027,2022-01-01,0.0,0.11251162790697673,0.0821583850931677,0.09214452214452215,0.0,0.4,11.333333333333334,0.0,0.9177365754444586,0.8735093167701863,127,214.5,0,Sector_3,Ministry_3,Agency_49,0,0,0,0,0,0,0
PRJ-8B90F6F3,2022-01-01,15.572282036278523,0.06248780487804876,0.042548701298701294,0.05609013398294762,0.08307570977917982,1.0,40.8,0.0,0.8268697089175888,1.429155844155844,49,205.25,1,Sector_10,Ministry_4,Agency_48,0,0,0,0,0,1,0
PRJ-8C3ACD5C,2022-01-01,33.99309050772626,0.09696428571428573,0.06714285714285714,0.06714285714285714,0.38232,1.0,15.133333333333333,0.0,2.1125108061698596,0.0,109,224.0,0,Sector_20,Ministry_4,Agency_44,0,0,0,0,1,1,0
PRJ-8C496685,2022-01-01,0.0,0.17536842105263153,0.17898245614035088,0.17690526315789473,0.0,0.5,10.433333333333334,0.0,0.863709157463447,0.627017543859649,70,95.0,0,Sector_7,Ministry_3,Agency_39,0,0,0,0,0,0,0
PRJ-8C76E095,2022-01-01,1.856466575716226,0.04700000000000006,0.06755230125523014,0.0711192468619247,0.13961538461538445,0.7777777777777778,34.46666666666667,27.967997387541832,1.23251056370157,0.4880125523012553,6,159.375,0,Sector_16,Ministry_9,Agency_37,0,0,0,0,1,0,0
PRJ-8C80850E,2022-01-01,2.0421076233183797,0.05602739726027397,0.0490068493150685,0.0490068493150685,0.05834831460674157,0.6666666666666666,34.666666666666664,0.0,2.711538625148701,0.0,19,292.0,0,Sector_5,Ministry_4,Agency_31,0,0,0,0,1,0,0
PRJ-8C8138D0,2022-01-01,11.392055596196045,0.02664634146341462,0.05136456211812627,0.05136456211812627,0.0914975845410628,0.5,27.2,0.0,2.530610609125999,1.395173116089613,92,163.66666666666666,0,Sector_2,Ministry_1,Agency_43,0,0,0,0,1,0,0
PRJ-8CA7CCF2,2022-01-01,8.359435431537975,0.09740157480314952,0.052289473684210504,0.06201315789473684,0.08503614457831327,0.625,35.1,0.0,0.9809724004613224,0.22615789473684209,113,126.71428571428571,0,Sector_4,Ministry_5,Agency_36,0,0,0,0,0,0,0
PRJ-8CC0FCAD,2022-01-01,0.0,0.11663265306122456,0.19416382252559727,0.15428278688524588,0.0,0.3333333333333333,5.866666666666666,0.0,0.9788553772366722,0.7191126279863481,461,97.6,0,Sector_12,Ministry_1,Agency_8,0,0,0,0,0,0,0
PRJ-8D03F1FA,2022-01-01,2.739999999999995,0.008552631578947444,0.14214912280701758,0.14451754385964913,999.0,0.5555555555555556,8.233333333333333,0.0,1.078078108644452,1.5534210526315788,147,76.0,0,Sector_5,Ministry_10,Agency_35,0,0,0,0,0,0,0
PRJ-8D126B6C,2022-01-01,18.005841882920933,0.054031413612565485,0.062076788830715546,0.056387434554973824,0.12728624535315983,1.0,39.733333333333334,119.28950763599266,2.2055558828487114,0.6867015706806283,51,191.0,1,Sector_19,Ministry_4,Agency_36,0,0,0,0,1,1,0
PRJ-8D1FB27F,2022-01-01,10.373233532934137,-0.13349397590361453,0.11495999999999999,0.11495999999999999,0.14382830626450116,0.5,15.066666666666666,0.0,1.7494165577964316,4.906280000000001,71,83.33333333333333,0,Sector_14,Ministry_7,Agency_11,0,0,0,0,1,0,0
PRJ-8D21756B,2022-01-01,20.485587668593453,0.08788359788359788,0.08477572559366756,0.08477572559366756,0.16417218543046358,1.0,1.6333333333333333,0.0,0.9407040564952186,0.0,168,189.5,0,Sector_13,Ministry_7,Agency_27,0,0,0,0,0,0,0
PRJ-8D4543DD,2022-01-01,40.050388349514556,0.03409722222222225,0.05136574074074075,0.06418981481481481,5.8185714285714285,1.0,19.5,0.0,0.8788628575770547,0.29787037037037034,15,144.0,1,Sector_11,Ministry_3,Agency_13,0,0,0,0,0,1,1
PRJ-8D56F398,2022-01-01,-0.39292730844793766,0.048561151079136694,0.08884615384615385,0.10056558363417568,0.0,0.0,0.0,0.0,0.9785735794862291,0.5275240384615384,45,138.5,0,Sector_3,Ministry_1,Agency_20,0,0,0,0,0,0,0
PRJ-8DA8A31C,2022-01-01,9.556402116402118,0.12892857142857142,0.12892857142857142,0.12892857142857142,0.14961887477313973,1.0,11.1,0.0,1.5056132805719205,0.0,37,84.0,0,Sector_18,Ministry_7,Agency_14,0,0,0,0,1,1,0
PRJ-8DAE75D1,2022-01-01,3.802742742742751,0.07253012048192767,0.08542168674698794,0.08524096385542168,0.10674825174825175,0.4,13.2,0.0,1.63487317040174,0.39369477911646583,12,83.0,0,Sector_4,Ministry_1,Agency_12,0,0,0,0,1,0,0
PRJ-8DD8DFEF,2022-01-01,0.5748508946322062,0.0,0.0,0.0,0.20011363636363635,0.0,0.0,0.0,1.077797019506998,0.0,21,0.0,0,Sector_9,Ministry_5,Agency_12,0,0,0,0,0,0,0
PRJ-8DF625AE,2022-01-01,12.935581395348834,0.039285714285714285,0.12546099290780144,0.12546099290780144,0.13850515463917526,1.0,14.3,0.0,1.1948196338410817,0.0,67,70.5,0,Sector_6,Ministry_3,Agency_1,0,0,0,0,0,0,0
PRJ-8DFB7146,2022-01-01,5.166697247706431,0.11531007751937984,0.11531007751937984,0.11531007751937984,0.08351092896174864,1.0,30.333333333333332,0.0,1.0363399959662731,0.0,60,258.0,0,Sector_13,Ministry_2,Agency_9,0,0,0,0,0,1,1
PRJ-8E4759C8,2022-01-01,4.777498014297066,0.12196721311475406,0.07928961748633878,0.07928961748633878,0.11065359477124187,0.5,21.2,0.0,0.7909537083177322,0.14610655737704917,130,244.0,0,Sector_16,Ministry_2,Agency_23,0,0,0,0,0,0,0
PRJ-8E4A7305,2022-01-01,-7.805230677052126,0.16741007194244603,0.09147482014388489,0.09147482014388489,0.05366693354683747,0.6666666666666666,39.0,0.0,0.6613891172365782,0.0,4,139.0,0,Sector_12,Ministry_6,Agency_1,0,0,0,0,0,0,1
PRJ-8F1F26CF,2022-01-01,5.196941950927588,0.10942446043165469,0.10942446043165469,0.10942446043165469,0.06375187969924812,1.0,39.06666666666667,0.0,0.6094432656338625,0.0,63,139.0,0,Sector_16,Ministry_1,Agency_2,0,0,0,0,0,0,0
PRJ-8F1F2718,2022-01-01,2.3382525697503524,0.13142857142857148,0.17739336492890997,0.14153846153846156,0.1575688073394495,0.3333333333333333,8.133333333333333,96.19244115164588,2.0537095803376997,0.7256398104265402,42,70.2,0,Sector_16,Ministry_3,Agency_6,0,0,0,0,1,0,0
PRJ-8F2053BC,2022-01-01,1.4687755102040825,0.04450292397660818,0.04450292397660818,0.04450292397660818,0.06497549019607843,0.5,32.666666666666664,0.0,1.399315472182128,0.0,3,171.0,0,Sector_17,Ministry_2,Agency_34,0,0,0,0,0,0,0
PRJ-8F2C3B98,2022-01-01,0.09000000000000341,0.08240437158469945,0.12255474452554743,0.10095759233926128,999.0,0.2,14.533333333333333,0.0,0.9708152929211988,0.37976277372262773,230,182.75,0,Sector_4,Ministry_5,Agency_14,0,0,0,0,0,0,0
PRJ-8F72FA7D,2022-01-01,0.0,0.18216216216216213,0.1502027027027027,0.14023648648648648,0.0,0.8,14.733333333333333,0.0,0.9710765536257909,2.4748423423423422,391,148.0,0,Sector_3,Ministry_2,Agency_48,0,0,0,0,0,0,0
PRJ-8F7A97CC,2022-01-01,10.230767178118745,-0.0013020833333333426,-0.0013020833333333426,-0.0013020833333333426,0.07595302619692863,1.0,30.866666666666667,0.0,2.4540212350718287,0.0,8,192.0,0,Sector_19,Ministry_8,Agency_23,0,0,0,0,1,1,1
PRJ-8F8EDBB3,2022-01-01,12.961641791044777,0.10073170731707319,0.14196319018404907,0.14196319018404907,0.18486263736263733,1.0,11.566666666666666,0.0,1.4024859864912214,0.0,62,81.5,0,Sector_5,Ministry_5,Agency_22,0,0,0,0,0,0,0
PRJ-8FB887ED,2022-01-01,19.68678131083712,0.0915028901734104,-0.006596153846153845,0.03972582972582972,0.09901213171577124,1.0,25.266666666666666,0.0,0.9120062897520352,-0.052576923076923084,98,173.25,0,Sector_15,Ministry_6,Agency_37,0,0,0,0,0,1,0
PRJ-9001C9C8,2022-01-01,6.4863380281690155,0.03660919540229886,0.059885057471264366,0.059885057471264366,0.0781720430107527,0.3333333333333333,23.6,0.0,2.208626195882695,0.0,61,174.0,0,Sector_5,Ministry_8,Agency_23,0,0,0,0,1,0,0
PRJ-90315DF8,2022-01-01,2.4200000000000017,0.4007999999999998,0.24932885906040267,0.3050335570469799,999.0,0.42857142857142855,3.566666666666667,0.0,0.9808480902360548,0.36046979865771817,1080,49.666666666666664,0,Sector_19,Ministry_3,Agency_19,0,0,0,0,0,0,0
PRJ-90A750FA,2022-01-01,30.58,0.08796208530805688,0.08927330173775672,0.08927330173775672,999.0,1.0,16.133333333333333,0.0,1.0594104531551898,0.28865718799368095,77,211.0,1,Sector_2,Ministry_4,Agency_44,0,0,0,0,1,1,0
PRJ-9163CC9B,2022-01-01,31.92884187082406,0.05460526315789472,0.060153172866520783,0.060153172866520783,0.14290322580645162,1.0,30.933333333333334,0.0,1.1016783623621123,0.0,197,228.5,0,Sector_8,Ministry_10,Agency_30,0,0,0,0,0,1,0
PRJ-9180C1B2,2022-01-01,9.216535994297935,-0.016258992805755382,0.05378313253012048,0.05378313253012048,0.08335517693315858,0.25,21.066666666666666,0.0,0.9175741016223713,1.0809397590361447,87,138.33333333333334,0,Sector_7,Ministry_2,Agency_38,0,0,0,0,0,0,0
PRJ-91D83570,2022-01-01,10.58823834196891,0.046690647482014375,0.05423076923076923,0.05423076923076923,0.07607905982905984,1.0,35.8,0.0,1.3990696906114743,0.14752403846153844,54,138.66666666666666,0,Sector_5,Ministry_4,Agency_10,0,0,0,0,0,0,0
PRJ-91DD8B92,2022-01-01,-2.8607569721115595,0.1948672566371681,0.12564705882352942,0.09175,0.06946428571428573,0.625,27.033333333333335,0.0,1.001866511491847,0.33835294117647063,69,113.28571428571429,0,Sector_10,Ministry_3,Agency_1,0,0,0,0,0,0,0
PRJ-91FC2791,2022-01-01,5.219999999999999,0.11442307692307697,0.13516129032258067,0.1844193548387097,999.0,0.45454545454545453,6.933333333333334,0.0,1.0057552812085857,0.5321935483870969,88,51.6,0,Sector_16,Ministry_10,Agency_31,0,0,0,0,0,0,0
PRJ-924FB0F4,2022-01-01,1.769999999999996,0.07972222222222222,0.05441358024691361,0.07480680061823804,999.0,1.0,22.266666666666666,0.0,0.8982178585711955,0.22663580246913564,47,107.81818181818181,1,Sector_20,Ministry_7,Agency_29,0,0,0,0,0,1,1
PRJ-925C6EEC,2022-01-01,18.276716754320063,0.07212121212121209,0.07866330390920555,0.07866330390920555,0.3652380952380953,1.0,30.5,0.0,0.9702631005335925,0.183984867591425,211,264.3333333333333,0,Sector_8,Ministry_1,Agency_21,0,0,0,0,0,0,0
PRJ-92B645E1,2022-01-01,16.72,0.08989071038251367,0.08677595628415301,0.09379781420765027,999.0,1.0,16.033333333333335,0.0,1.0031645478331357,0.5742805100182149,153,183.0,1,Sector_8,Ministry_7,Agency_40,0,0,0,0,0,1,0
PRJ-92D14A81,2022-01-01,0.0,0.1715000000000001,0.1605027932960894,0.11293296089385475,0.0,0.4166666666666667,11.6,0.0,1.2205338008961621,1.1830167597765362,415,59.63636363636363,0,Sector_7,Ministry_3,Agency_48,0,0,0,0,0,0,0
PRJ-92DF7B49,2022-01-01,-1.560201005025121,0.072910447761194,0.09418952618453864,0.08850374064837904,0.05785714285714289,0.3333333333333333,31.8,0.0,1.0036397046534888,0.7787531172069825,79,133.625,0,Sector_1,Ministry_6,Agency_8,0,0,0,0,0,0,0
PRJ-93133098,2022-01-01,1.249462227912936,0.015000000000000022,0.1723175965665236,0.12272493573264782,0.13212418300653594,0.5,11.833333333333334,0.0,1.0425817949022638,1.330429184549356,9,77.8,0,Sector_8,Ministry_2,Agency_20,0,0,0,0,0,0,0
PRJ-9329F65A,2022-01-01,12.623012048192773,0.04210526315789473,0.10986842105263157,0.10986842105263157,0.18139024390243905,1.0,2.033333333333333,0.0,2.3041857970502075,0.0,27,76.0,0,Sector_2,Ministry_8,Agency_18,0,0,0,0,1,1,0
PRJ-9369E775,2022-01-01,27.554445554445557,0.0,0.0,0.0,0.15045871559633028,1.0,21.7,0.0,1.8073319448523248,0.0,139,0.0,0,Sector_12,Ministry_4,Agency_25,0,0,0,0,1,1,0
PRJ-93ADD360,2022-01-01,44.013136444181924,-0.0009333333333333312,-0.0009333333333333312,-0.0009333333333333312,0.11360594795539035,1.0,41.4,0.0,3.4772541968265656,0.0,287,300.0,0,Sector_12,Ministry_10,Agency_17,0,0,0,0,0,1,0
PRJ-93E9D161,2022-01-01,26.189134860050896,0.05530973451327434,0.05530973451327434,0.05530973451327434,0.10270149253731344,1.0,37.666666666666664,0.0,1.14256368963993,0.0,225,339.0,0,Sector_11,Ministry_1,Agency_15,0,0,0,0,0,1,0
PRJ-93EEB0A7,2022-01-01,5.180000000000007,0.03556338028169012,0.07178823529411762,0.07449411764705882,999.0,0.3333333333333333,22.166666666666668,0.0,1.096529346237496,0.5233411764705883,51,141.75,0,Sector_17,Ministry_3,Agency_8,0,0,0,0,0,0,0
PRJ-93FED6D1,2022-01-01,0.22204419889501992,0.07011363636363638,0.11339015151515153,0.11339015151515153,0.11162436548223348,0.75,19.133333333333333,0.0,0.9652656124858473,0.7015719696969697,5,176.0,0,Sector_3,Ministry_3,Agency_35,0,0,0,0,0,0,0
PRJ-940A6F1B,2022-01-01,4.100892098555651,0.07503649635036497,0.07503649635036497,0.07503649635036497,0.09003712871287128,1.0,1.2666666666666666,0.0,0.48703212811413116,0.0,96,137.0,0,Sector_10,Ministry_1,Agency_32,0,0,0,0,0,1,0
PRJ-943F9DEE,2022-01-01,20.578481973434528,0.11366336633663363,0.11608910891089108,0.11608910891089108,0.32166666666666666,0.6666666666666666,6.566666666666666,0.0,1.4502740803710432,0.0,68,101.0,0,Sector_20,Ministry_1,Agency_34,0,0,0,0,1,0,0
PRJ-94591003,2022-01-01,23.15224664224664,0.14725925925925926,0.14725925925925926,0.14725925925925926,0.1750800915331808,1.0,14.6,0.0,0.6685738771588086,0.0,112,135.0,0,Sector_14,Ministry_5,Agency_9,0,0,0,0,0,1,0
PRJ-958C0F28,2022-01-01,7.858319169027384,0.0,0.0,0.0,0.10411837237977804,1.0,23.266666666666666,0.0,1.4508568025507182,0.0,42,0.0,0,Sector_11,Ministry_4,Agency_6,0,0,0,0,0,0,0
PRJ-959EEFF7,2022-01-01,9.979135399673744,0.13925619834710742,0.08269230769230769,0.0856082474226804,0.10132673267326733,1.0,26.8,0.0,1.3180931077992313,0.7475824175824176,115,121.25,0,Sector_10,Ministry_2,Agency_35,0,0,0,0,0,0,0
PRJ-96075F26,2022-01-01,3.6939043381535033,0.0,0.0,0.0,0.05796567069294342,1.0,43.5,0.0,0.9599824228332179,0.0,62,0.0,0,Sector_16,Ministry_7,Agency_49,0,0,0,0,0,0,0
PRJ-96123AB5,2022-01-01,0.4422492401215834,-0.015853658536585373,0.061483739837398375,0.05903963414634147,0.06133828996282528,0.0,0.0,0.0,0.9369221351007976,0.1563821138211382,19,164.0,0,Sector_15,Ministry_2,Agency_48,0,0,0,0,0,0,1
PRJ-9617E8A4,2022-01-01,-0.4786114819759746,0.12386503067484661,0.08020408163265305,0.07515832482124617,0.06507042253521128,0.5714285714285714,35.4,0.0,0.8966306043407393,1.1274897959183676,72,163.16666666666666,0,Sector_10,Ministry_1,Agency_34,0,0,0,0,0,0,0
PRJ-962EFD66,2022-01-01,19.562040133779266,0.0,0.0,0.0,0.0721662468513854,1.0,42.86666666666667,0.0,2.830327667004757,0.0,105,0.0,0,Sector_2,Ministry_1,Agency_48,0,0,0,0,1,1,1
PRJ-963F7775,2022-01-01,2.0606896551724105,0.08695652173913046,0.09855072463768116,0.09855072463768116,0.08935779816513761,0.25,24.8,0.0,1.5507975559527274,0.4529855072463768,46,115.0,0,Sector_16,Ministry_2,Agency_11,0,0,0,0,1,0,0
PRJ-967F9A09,2022-01-01,2.4359102902374676,0.0,0.0,0.0,0.06784117193523516,0.0,0.0,0.0,0.9920114282579506,0.0,84,0.0,0,Sector_6,Ministry_4,Agency_16,0,0,0,0,0,0,1
PRJ-968BB821,2022-01-01,7.540000000000006,0.08090909090909053,0.16959595959595952,0.20380710659898474,999.0,0.25,0.6,123.4783097957576,2.3370654646693927,4.301616161616161,878,32.90909090909091,0,Sector_7,Ministry_2,Agency_17,0,0,0,0,1,0,0
PRJ-96AA4173,2022-01-01,11.275223395613324,0.002222222222222266,0.061586402266288955,0.07634974533106961,0.10776470588235293,0.5,26.933333333333334,0.0,1.1404180796838692,0.20186968838526909,100,117.8,0,Sector_3,Ministry_5,Agency_49,0,0,0,0,0,0,0
PRJ-96D31990,2022-01-01,-4.474208223971999,0.26383928571428567,0.1216913946587537,0.10013353115727003,0.07262458471760797,0.42857142857142855,18.7,0.0,0.8365896313210569,0.4555192878338279,56,112.33333333333333,0,Sector_5,Ministry_6,Agency_38,0,0,0,0,0,0,0
PRJ-96F28FAC,2022-01-01,8.821631037212981,0.1539090909090909,0.0847878787878788,0.07683333333333334,0.13046511627906976,0.5555555555555556,21.633333333333333,136.46633384536608,2.4817679099899728,0.4653333333333333,102,110.0,0,Sector_2,Ministry_9,Agency_10,0,0,0,0,1,0,0
PRJ-976E88AF,2022-01-01,0.27516853932583984,0.10182857142857145,0.07762857142857144,0.07762857142857144,0.07054209919261822,0.6666666666666666,33.53333333333333,0.0,1.0849076471284798,0.0,33,175.0,0,Sector_9,Ministry_5,Agency_15,0,0,0,0,0,0,0
PRJ-97A92B57,2022-01-01,7.37618586640852,0.0543877551020408,0.09982935153583616,0.09982935153583616,0.11007194244604317,0.75,21.0,0.0,0.9445971496740919,4.5347781569965875,87,97.66666666666667,0,Sector_10,Ministry_1,Agency_45,0,0,0,0,0,0,0
PRJ-97E15835,2022-01-01,0.0,0.13541666666666666,0.059860139860139876,0.12603146853146854,0.0,0.25,10.9,0.0,1.0092216375437584,0.42388111888111896,120,95.28571428571429,0,Sector_16,Ministry_2,Agency_16,0,0,0,0,0,0,0
PRJ-980AA820,2022-01-01,-4.197200402819732,0.07424870466321243,0.10396193771626297,0.10396193771626297,0.0818834080717489,0.0,0.0,0.0,0.9767147558189283,1.4375778546712803,0,192.66666666666666,0,Sector_18,Ministry_7,Agency_1,0,0,0,0,0,0,0
PRJ-9850743F,2022-01-01,0.0,0.09539682539682548,0.15063492063492062,0.12819628647214854,0.0,0.5454545454545454,9.466666666666667,0.0,0.9303963280447677,0.6653439153439153,129,62.9,0,Sector_1,Ministry_5,Agency_48,0,0,0,0,0,0,0
PRJ-988416D5,2022-01-01,7.018571428571427,0.09315068493150684,0.0398633257403189,0.06667235494880545,0.06957446808510638,1.0,38.266666666666666,0.0,1.0163505080584423,0.09726651480637814,114,146.5,0,Sector_16,Ministry_1,Agency_48,0,0,0,0,0,0,0
PRJ-99202C4B,2022-01-01,32.56999999999999,0.032656250000000026,0.07480468750000001,0.07480468750000001,999.0,1.0,25.9,0.0,0.8577971265686646,0.31364583333333335,253,256.0,1,Sector_1,Ministry_5,Agency_42,0,0,0,0,0,1,0
PRJ-9958E598,2022-01-01,-0.8726110363391726,0.09364197530864199,0.043203285420944565,0.043203285420944565,0.06617458279845956,0.25,26.033333333333335,0.0,0.9916514259791486,-0.04160164271047226,58,162.33333333333334,0,Sector_16,Ministry_3,Agency_19,0,0,0,0,0,0,1
PRJ-998DCE2B,2022-01-01,21.491782553729458,0.0,0.0,0.0,0.08051529790660225,1.0,36.96666666666667,0.0,0.0,0.0,153,0.0,0,Sector_2,Ministry_7,Agency_40,0,0,0,0,0,1,0
PRJ-99A2881E,2022-01-01,-16.092864482980104,0.2294805194805195,0.0955075593952484,0.0804,0.02885714285714285,0.2857142857142857,28.333333333333332,0.0,1.19507850022927,1.0437580993520519,23,154.16666666666666,0,Sector_7,Ministry_8,Agency_36,0,0,0,0,0,0,1
PRJ-99BE150E,2022-01-01,12.382225063938623,0.03870588235294118,0.03870588235294118,0.03870588235294118,0.07745633187772927,0.5,29.766666666666666,0.0,1.997632149502155,0.0,138,255.0,0,Sector_5,Ministry_7,Agency_20,0,0,0,0,1,0,0
PRJ-99F9FF64,2022-01-01,6.920000000000002,0.04133333333333332,0.24525925925925926,0.2442222222222222,999.0,0.25,0.7,85.30195106844226,1.868008857737072,0.7822222222222224,89,45.0,0,Sector_11,Ministry_7,Agency_16,0,0,0,0,1,0,0
PRJ-9A2618BE,2022-01-01,0.0,0.1766666666666667,0.1319396551724138,0.12405172413793104,0.0,0.5,13.6,0.0,0.9216886958129218,0.48603448275862066,419,77.22222222222223,0,Sector_4,Ministry_10,Agency_12,0,0,0,0,0,0,0
PRJ-9A5C0E41,2022-01-01,2.5854503464203233,0.0,0.0,0.0,0.11883116883116883,1.0,16.0,0.0,1.1330063466181517,0.0,14,0.0,0,Sector_4,Ministry_4,Agency_26,0,0,0,0,0,0,0
PRJ-9A6D1F18,2022-01-01,16.424824462061157,0.0,0.0,0.0,0.06987096774193548,1.0,42.1,0.0,2.011028788778724,0.0,175,0.0,0,Sector_6,Ministry_4,Agency_48,0,0,0,0,0,0,0
PRJ-9AB951A9,2022-01-01,8.649451269451276,0.10041666666666665,0.0819047619047619,0.0819047619047619,0.09643697478991597,0.6666666666666666,23.1,0.0,0.8706961166137868,0.0,123,168.0,0,Sector_13,Ministry_10,Agency_6,0,0,0,0,0,0,0
PRJ-9AE48785,2022-01-01,7.562726081258191,0.07317073170731707,0.03256880733944955,0.03256880733944955,0.07376906318082789,0.6666666666666666,31.566666666666666,0.0,1.0674252661190702,0.0,118,163.5,0,Sector_4,Ministry_4,Agency_13,0,0,0,0,0,0,0
PRJ-9AF8C021,2022-01-01,22.521774461028194,0.015199999999999984,0.05722222222222222,0.05722222222222222,0.12379310344827588,1.0,26.2,0.0,1.2823963940007728,0.30011111111111116,55,150.0,0,Sector_20,Ministry_6,Agency_12,0,0,0,0,0,1,0
PRJ-9B270F5A,2022-01-01,0.0,0.0833846153846154,0.17517948717948717,0.15411311053984578,0.0,0.36363636363636365,7.0,0.0,0.9357188969842295,0.49553846153846154,538,64.9,0,Sector_18,Ministry_2,Agency_19,0,0,0,0,0,0,0
PRJ-9B2F7A8D,2022-01-01,0.0,0.14401869158878502,0.14078125,0.14025,0.0,1.0,12.0,0.0,0.8614134894152399,0.45215625,276,106.66666666666667,1,Sector_20,Ministry_2,Agency_30,0,0,0,0,0,1,1
PRJ-9B421995,2022-01-01,-0.48702290076335686,0.18963302752293573,0.11033536585365852,0.0908854961832061,0.07542213883677298,0.5714285714285714,28.033333333333335,0.0,1.125772439639339,0.27003048780487793,13,109.16666666666667,0,Sector_13,Ministry_8,Agency_14,0,0,0,0,1,0,0
PRJ-9B43263D,2022-01-01,-3.120526315789469,0.14006666666666664,0.07878048780487804,0.07878048780487804,0.06181933842239186,0.0,0.0,0.0,0.5347396044240738,1.832660753880266,133,150.33333333333334,0,Sector_13,Ministry_2,Agency_39,0,0,0,0,0,0,1
PRJ-9B576953,2022-01-01,0.7317103984450917,0.0969230769230769,0.0969230769230769,0.0969230769230769,0.09805489260143198,1.0,20.2,0.0,1.7761582055125935,0.0,10,91.0,0,Sector_19,Ministry_9,Agency_19,0,0,0,0,1,0,0
PRJ-9B5EF247,2022-01-01,19.862817337461294,0.04683473389355742,0.04683473389355742,0.04683473389355742,0.09108663729809105,1.0,28.3,0.0,1.346819241680135,0.0,221,357.0,0,Sector_16,Ministry_6,Agency_41,0,0,0,0,0,1,0
PRJ-9B88BFC5,2022-01-01,-5.249083279535185,0.12389610389610388,0.05937229437229438,0.0650487012987013,0.05743554952510176,0.4,28.166666666666668,0.0,0.8945620312609155,0.09848484848484848,42,154.0,0,Sector_6,Ministry_9,Agency_28,0,0,0,0,0,0,0
PRJ-9BDED480,2022-01-01,15.878429248476635,0.07164948453608248,0.07164948453608248,0.07164948453608248,0.09339805825242718,0.0,0.0,0.0,1.8191474511053582,0.0,277,291.0,0,Sector_4,Ministry_4,Agency_33,0,0,0,0,1,0,0
PRJ-9BDFCE54,2022-01-01,1.3400000000000034,0.2954098360655737,0.21287292817679554,0.2504972375690607,999.0,0.42857142857142855,6.366666666666666,99.87981250751172,2.008322522969605,1.0753038674033149,388,60.333333333333336,0,Sector_14,Ministry_8,Agency_48,0,0,0,0,1,0,0
PRJ-9C0D6505,2022-01-01,2.6856410256410186,0.21725490196078429,0.12379084967320264,0.162843137254902,0.18852631578947365,0.6,7.066666666666666,0.0,1.0770818113855796,1.782941176470588,20,51.0,0,Sector_18,Ministry_8,Agency_30,0,0,0,0,0,0,0
PRJ-9C32F5B5,2022-01-01,0.624038638454465,0.09755813953488371,0.10363372093023256,0.10363372093023256,0.09312274368231048,1.0,24.2,0.0,1.019630106585075,0.0,17,172.0,0,Sector_16,Ministry_8,Agency_30,0,0,0,0,0,0,0
PRJ-9C4E3C67,2022-01-01,22.93292682926829,0.009596774193548369,0.037311827956989244,0.05195564516129032,0.15446650124069478,1.0,22.966666666666665,0.0,1.0557822776859558,0.2463978494623656,2,124.0,1,Sector_18,Ministry_7,Agency_29,0,0,0,0,0,1,0
PRJ-9C609FF1,2022-01-01,0.0,0.2708333333333333,0.2535393258426966,0.22470422535211265,0.0,0.625,6.1,87.59983043662567,1.8568291649003816,7.560786516853933,708,59.142857142857146,0,Sector_15,Ministry_1,Agency_13,0,0,0,0,1,0,0
PRJ-9C7F8D44,2022-01-01,0.0,0.055124378109452726,0.10169717138103161,0.10986267166042447,0.0,0.6,22.033333333333335,0.0,1.009448267817567,0.17910149750415977,159,200.25,0,Sector_12,Ministry_1,Agency_13,0,0,0,0,0,0,0
PRJ-9CE8A7BD,2022-01-01,23.067110289587184,-0.02156976744186047,0.038856589147286826,0.04596511627906977,0.11242290748898678,1.0,34.7,0.0,1.1131374443996542,0.2533720930232558,138,172.0,1,Sector_6,Ministry_9,Agency_41,0,0,0,0,0,1,0
PRJ-9D06EF72,2022-01-01,3.537590132827326,0.03389473684210525,0.0929020979020979,0.08515706806282723,0.10133211678832117,0.6,18.766666666666666,0.0,0.7955264762511696,1.6929020979020981,29,95.5,0,Sector_8,Ministry_6,Agency_5,0,0,0,0,0,0,0
PRJ-9D849BB4,2022-01-01,4.844512534818946,0.141948717948718,0.05446917808219179,0.051283147989734816,0.06735576923076922,1.0,34.53333333333333,0.0,0.808477608238988,0.01946917808219179,16,194.83333333333334,1,Sector_5,Ministry_2,Agency_31,0,0,0,0,0,1,1
PRJ-9D8BDACE,2022-01-01,-1.079032761310458,0.1529032258064517,0.08231805929919139,0.08371967654986523,0.07474320241691841,0.42857142857142855,25.2,0.0,0.8049435126317618,0.14601078167115902,86,123.66666666666667,0,Sector_18,Ministry_7,Agency_33,0,0,0,0,0,0,0
PRJ-9DE947F2,2022-01-01,11.72624161073827,-0.032357723577235806,0.0527297297297297,0.05775675675675675,0.23955882352941185,0.5454545454545454,30.4,0.0,1.0251201514965165,0.11232432432432425,65,123.4,0,Sector_8,Ministry_1,Agency_42,0,0,0,0,0,0,0
PRJ-9E2C3C24,2022-01-01,-3.0073356401384004,0.28580357142857143,0.20901785714285712,0.20901785714285712,0.15964444444444445,0.6666666666666666,10.433333333333334,0.0,1.0204644032710661,0.0,17,112.0,0,Sector_10,Ministry_4,Agency_13,0,0,0,0,0,0,0
PRJ-9E625402,2022-01-01,-1.6073732718894007,-0.06813559322033899,-0.06813559322033899,-0.06813559322033899,0.056412157153446996,1.0,1.2666666666666666,0.0,1.4218992473193868,0.0,34,177.0,0,Sector_20,Ministry_3,Agency_8,0,0,0,0,1,1,0
PRJ-9E8DC040,2022-01-01,62.17,0.036541353383458645,0.07269662921348313,0.07269662921348313,999.0,1.0,5.266666666666667,0.0,1.2686429735001747,0.0,104,133.5,0,Sector_16,Ministry_5,Agency_5,0,0,0,0,0,1,0
PRJ-9EAFF5DA,2022-01-01,-9.710084825636201,0.2650943396226416,0.19079113924050634,0.1263349131121643,0.013333333333333286,0.5,19.3,82.9101325435743,1.776197970262462,0.44522151898734175,98,105.42857142857143,0,Sector_2,Ministry_2,Agency_32,0,0,0,0,1,0,1
PRJ-9EE5B407,2022-01-01,0.0,0.11902597402597402,0.12125541125541127,0.1326948051948052,0.0,0.2,16.866666666666667,0.0,0.830493675665471,0.5052380952380953,147,154.0,0,Sector_12,Ministry_8,Agency_7,0,0,0,0,0,0,0
PRJ-9F2292E0,2022-01-01,2.769999999999996,0.1728421052631579,0.18178947368421053,0.17406315789473686,999.0,0.8333333333333334,11.1,0.0,0.9185242803742819,0.7278245614035086,200,95.0,0,Sector_6,Ministry_7,Agency_21,0,0,0,0,0,0,0
PRJ-9FD4C293,2022-01-01,5.140000000000001,0.196865671641791,0.1361,0.18546365914786966,999.0,0.25,7.366666666666666,63.973935370357104,1.6947764329021175,4.811800000000001,475,66.42857142857143,0,Sector_18,Ministry_7,Agency_11,0,0,0,0,1,0,0
PRJ-9FF305BB,2022-01-01,-5.087131782945747,0.15340206185567007,0.12253424657534247,0.10753846153846154,0.039090909090909065,0.3333333333333333,20.966666666666665,0.0,0.8389205468783039,0.9961643835616438,67,97.5,0,Sector_15,Ministry_5,Agency_17,0,0,0,0,0,0,1
PRJ-A00C9DC6,2022-01-01,9.8911939429237,0.06526690391459077,0.06526690391459077,0.06526690391459077,0.06806355511420059,1.0,41.7,0.0,1.1922763781463284,0.0,149,281.0,0,Sector_12,Ministry_7,Agency_14,0,0,0,0,0,0,0
PRJ-A0126A15,2022-01-01,1.8400000000000034,0.07111111111111106,0.12692307692307692,0.11192563081009296,999.0,0.5714285714285714,19.633333333333333,0.0,1.067804010144633,0.5182493368700265,292,125.5,0,Sector_1,Ministry_10,Agency_8,0,0,0,0,0,0,0
PRJ-A01C0052,2022-01-01,0.0,0.19795918367346946,0.2108843537414966,0.22955782312925174,0.0,0.2222222222222222,5.5,0.0,1.039961059929718,1.8417687074829932,90,49.0,0,Sector_9,Ministry_3,Agency_4,0,0,0,0,0,0,0
PRJ-A02850C8,2022-01-01,1.6099999999999994,0.05985185185185184,0.10443069306930693,0.09433705080545228,999.0,0.5,24.066666666666666,0.0,1.0527907678420714,0.16779702970297028,323,134.42857142857142,0,Sector_5,Ministry_4,Agency_37,0,0,0,0,0,0,0
PRJ-A0478A7D,2022-01-01,15.689999999999998,0.09814569536423841,0.06804419889502762,0.06804419889502762,999.0,1.0,24.466666666666665,0.0,0.8852809817144505,0.31772375690607735,145,301.6666666666667,1,Sector_9,Ministry_7,Agency_27,0,0,0,0,0,1,0
PRJ-A0496E2B,2022-01-01,3.700000000000003,0.10117021276595743,0.08737588652482269,0.08507446808510638,999.0,1.0,17.666666666666668,0.0,1.0020877033559756,0.4231205673758866,331,188.0,1,Sector_19,Ministry_8,Agency_48,0,0,0,0,0,1,1
PRJ-A07BC6E7,2022-01-01,3.5900000000000034,0.09258620689655156,0.13630057803468207,0.17173410404624276,999.0,0.36363636363636365,6.233333333333333,0.0,1.0123959947072105,0.5111560693641619,801,57.7,0,Sector_7,Ministry_7,Agency_1,0,0,0,0,0,0,0
PRJ-A0C5F165,2022-01-01,5.7185326953747975,0.09413407821229051,0.09413407821229051,0.09413407821229051,0.08709511568123392,0.0,0.0,0.0,0.9480521618399821,0.0,119,179.0,0,Sector_20,Ministry_4,Agency_41,0,0,0,0,0,0,0
PRJ-A1E393CF,2022-01-01,6.909945504087197,0.04705426356589148,0.07145077720207253,0.058304821150855356,0.07961730449251248,0.3333333333333333,26.6,0.0,1.0403637286065304,1.6557253886010364,96,128.6,0,Sector_7,Ministry_5,Agency_12,0,0,0,0,0,0,0
PRJ-A255F63E,2022-01-01,4.5,0.09717171717171721,0.13219594594594594,0.13617597292724196,999.0,1.0,10.6,82.62789841737211,1.8984102147508044,5.317837837837838,505,98.5,1,Sector_15,Ministry_10,Agency_29,0,0,0,0,1,1,1
PRJ-A267E2D5,2022-01-01,37.97077891424075,0.0,0.0,0.0,0.1455281690140845,1.0,28.9,0.0,1.272004177288437,0.0,342,0.0,0,Sector_15,Ministry_9,Agency_11,0,0,0,0,0,1,0
PRJ-A276C31E,2022-01-01,0.0,0.2165079365079365,0.13069148936170208,0.15329787234042552,0.0,0.6363636363636364,10.633333333333333,0.0,0.925819916517591,2.2918617021276604,230,62.7,0,Sector_15,Ministry_1,Agency_16,0,0,0,0,0,0,0
PRJ-A29A210A,2022-01-01,5.851102423768566,0.1253982300884956,0.08834319526627218,0.09509629629629629,0.09354330708661418,0.5714285714285714,27.766666666666666,141.0770416938497,2.666761373448364,0.2585798816568047,111,112.5,0,Sector_18,Ministry_8,Agency_37,0,0,0,0,1,0,0
PRJ-A314F8E9,2022-01-01,8.894999999999996,-0.01236842105263155,0.0882798833819242,0.07588921282798834,0.10989285714285713,0.625,27.8,34.447633335507575,1.339061641617464,1.0778717201166181,86,114.28571428571429,0,Sector_3,Ministry_4,Agency_23,0,0,0,0,1,0,0
PRJ-A31CBE43,2022-01-01,-2.5318821165438834,0.14570370370370372,0.08955555555555557,0.07449382716049383,0.042156862745098014,0.6,34.266666666666666,0.0,0.8693393331546357,0.016617283950617286,42,135.0,0,Sector_6,Ministry_10,Agency_4,0,0,0,0,0,0,0
PRJ-A355E139,2022-01-01,11.94483188044832,0.10572327044025154,0.12405857740585774,0.12405857740585774,0.2489583333333334,0.75,16.433333333333334,0.0,0.9438275324239561,0.43824267782426785,70,159.33333333333334,0,Sector_2,Ministry_4,Agency_35,0,0,0,0,0,0,0
PRJ-A365B9B3,2022-01-01,5.989999999999995,0.12790322580645172,0.12586956521739137,0.1623913043478261,999.0,0.4444444444444444,7.333333333333333,0.0,0.9865799134347975,1.1315217391304346,670,61.25,0,Sector_2,Ministry_9,Agency_9,0,0,0,0,0,0,0
PRJ-A368DE14,2022-01-01,2.004921135646697,0.12177339901477832,0.08333333333333331,0.0938054187192118,0.09709090909090916,0.4,29.233333333333334,90.29865624626181,1.8525576211564354,1.1497865353037768,144,203.0,0,Sector_16,Ministry_5,Agency_15,0,0,0,0,1,0,0
PRJ-A3EB7F48,2022-01-01,23.561912225705335,0.03928571428571429,0.023422619047619046,0.023422619047619046,0.09945397815912636,1.0,29.233333333333334,0.0,0.9653291306646847,0.24095238095238097,59,224.0,0,Sector_9,Ministry_2,Agency_7,0,0,0,0,0,1,0
PRJ-A3EC8DE7,2022-01-01,25.040000000000006,0.0690243902439024,0.08967611336032386,0.10666666666666666,999.0,1.0,18.3,0.0,0.9745157096351225,1.5688259109311746,81,82.5,1,Sector_20,Ministry_10,Agency_25,0,0,0,0,0,1,0
PRJ-A4265CF6,2022-01-01,0.0,0.102421875,0.09706806282722513,0.0775261780104712,0.0,1.0,16.233333333333334,0.0,0.9019898469633527,0.18680628272251304,27,127.25,1,Sector_10,Ministry_3,Agency_16,0,0,0,0,0,1,1
PRJ-A42AA695,2022-01-01,18.464516129032255,0.041626506024096385,0.041626506024096385,0.041626506024096385,0.08107623318385651,1.0,36.93333333333333,0.0,2.299977439817395,0.0,104,166.0,0,Sector_7,Ministry_2,Agency_48,0,0,0,0,0,0,0
PRJ-A434A487,2022-01-01,1.019999999999996,0.12290697674418607,0.07001291989664084,0.0803391472868217,999.0,1.0,24.6,0.0,0.9118343988892539,0.1646124031007752,65,258.0,1,Sector_8,Ministry_5,Agency_30,0,0,0,0,0,1,1
PRJ-A460E292,2022-01-01,50.62,0.09547101449275362,0.0630253623188406,0.0630253623188406,999.0,1.0,20.933333333333334,0.0,1.0051823578487156,0.0,233,276.0,0,Sector_9,Ministry_2,Agency_14,0,0,0,0,0,1,0
PRJ-A473DACB,2022-01-01,23.906337169939064,-0.01165,-0.01165,-0.01165,0.09235051546391752,1.0,29.933333333333334,0.0,2.252422292072365,0.0,108,200.0,0,Sector_2,Ministry_9,Agency_19,0,0,0,0,0,0,0
PRJ-A4B8AAA4,2022-01-01,2.3966958867161168,0.0,0.0,0.0,0.0694585448392555,0.0,0.0,0.0,0.7051294849757815,0.0,121,0.0,0,Sector_1,Ministry_7,Agency_44,0,0,0,0,0,0,0
PRJ-A50F1B2A,2022-01-01,3.2117420954742713,0.09630769230769233,0.06246153846153846,0.06246153846153846,0.06518886679920477,0.25,30.333333333333332,0.0,0.8800875193351959,0.3398717948717949,87,130.0,0,Sector_17,Ministry_5,Agency_17,0,0,0,0,0,0,0
PRJ-A55A80AD,2022-01-01,14.779271224643118,0.013877551020408206,0.07400000000000001,0.07400000000000001,0.09920195439739413,1.0,29.933333333333334,0.0,0.8668862542623381,0.36559090909090913,131,146.66666666666666,0,Sector_17,Ministry_7,Agency_9,0,0,0,0,0,1,0
PRJ-A578C358,2022-01-01,0.0,0.11775000000000002,0.08330543933054392,0.1109623430962343,0.0,0.3333333333333333,13.2,0.0,0.9255103361961071,0.4711715481171546,420,79.72727272727273,0,Sector_16,Ministry_9,Agency_31,0,0,0,0,0,0,0
PRJ-A5BCF61F,2022-01-01,10.816666666666665,0.0,0.0,0.0,0.06420745069393718,1.0,43.766666666666666,0.0,1.1882799902140586,0.0,87,0.0,0,Sector_16,Ministry_2,Agency_12,0,0,0,0,0,1,1
PRJ-A5BECAF8,2022-01-01,32.17,0.07763754045307442,0.07357605177993527,0.07357605177993527,999.0,1.0,13.633333333333333,0.0,0.8248582076538488,0.0,16,309.0,1,Sector_18,Ministry_3,Agency_25,0,0,0,0,0,1,1
PRJ-A6662136,2022-01-01,4.139717514124294,0.0,0.0,0.0,0.07419327006039689,1.0,33.333333333333336,0.0,0.9473876347864939,0.0,29,0.0,0,Sector_19,Ministry_8,Agency_49,0,0,0,0,0,0,0
PRJ-A69F3434,2022-01-01,0.0,0.2607692307692308,0.16845360824742273,0.16190721649484535,0.0,0.5,5.933333333333334,0.0,1.0207850400949412,1.6439690721649487,129,64.71428571428571,0,Sector_9,Ministry_7,Agency_41,0,0,0,0,0,0,0
PRJ-A6C1C233,2022-01-01,39.69711790393012,0.029441624365482255,0.05835593220338984,0.05835593220338984,0.4872380952380952,1.0,32.166666666666664,0.0,0.9168787016240727,0.18966101694915255,25,196.66666666666666,1,Sector_2,Ministry_7,Agency_47,0,0,0,0,0,1,0
PRJ-A6C747BF,2022-01-01,-3.811488162344986,0.1395327102803739,0.1441875,0.1199375,0.0812396694214876,0.14285714285714285,9.8,0.0,0.9858367782373387,0.43518750000000006,20,106.66666666666667,0,Sector_10,Ministry_9,Agency_37,0,0,0,0,0,0,0
PRJ-A6E9C470,2022-01-01,16.25,-0.09393063583815028,0.057784200385356456,0.06892100192678227,999.0,1.0,25.0,0.0,0.9257758998444123,0.6545472061657034,135,173.0,1,Sector_2,Ministry_1,Agency_22,0,0,0,0,0,1,0
PRJ-A6F6145D,2022-01-01,5.739999999999995,0.11831460674157304,0.18789473684210528,0.17395033860045148,999.0,0.5,8.066666666666666,0.0,0.95957753573259,0.8791353383458647,258,88.6,0,Sector_11,Ministry_1,Agency_26,0,0,0,0,0,0,0
PRJ-A78C6544,2022-01-01,-1.223906597479619,0.07489655172413792,0.0761609195402299,0.06282758620689655,0.07210264900662251,0.0,0.0,0.0,2.1741870968464445,0.8023448275862068,20,145.0,0,Sector_20,Ministry_5,Agency_17,0,0,0,0,1,0,0
PRJ-A7943C8A,2022-01-01,0.0,0.18180952380952384,0.11120634920634921,0.10378378378378379,0.0,0.4444444444444444,9.8,0.0,1.0072955299629123,0.4807936507936508,137,104.875,0,Sector_7,Ministry_2,Agency_18,0,0,0,0,0,0,0
PRJ-A79717DB,2022-01-01,0.17891661195008624,0.08284848484848487,0.07524193548387098,0.06575060532687652,0.06603340292275574,0.6666666666666666,31.5,20.139381292923556,1.1863477165926628,0.44840725806451615,53,165.2,0,Sector_3,Ministry_7,Agency_11,0,0,0,0,1,0,0
PRJ-A7BECC42,2022-01-01,0.9163990267639903,0.027518248175182454,0.0653170731707317,0.07578330893118594,0.06200514138817481,0.3333333333333333,38.233333333333334,0.0,0.768876076574047,0.2774390243902439,47,136.6,0,Sector_8,Ministry_5,Agency_22,0,0,0,0,0,0,0
PRJ-A7CE24DA,2022-01-01,-1.8531707317073156,0.017631578947368467,0.16187772925764193,0.16187772925764193,0.11831041257367386,0.5,14.6,0.0,0.8908614608389641,2.0938864628820957,6,76.33333333333333,0,Sector_10,Ministry_3,Agency_49,0,0,0,0,0,0,0
PRJ-A801A8A4,2022-01-01,-0.14163369495851974,0.0,0.0,0.0,0.06371387283236994,0.0,0.0,0.0,-0.06101350462477829,0.0,43,0.0,0,Sector_18,Ministry_4,Agency_38,0,0,0,0,1,0,0
PRJ-A8BE1FBC,2022-01-01,2.6299999999999955,0.0779487179487181,0.25965517241379316,0.22004329004329007,999.0,0.18181818181818182,1.0333333333333334,102.39294254039564,2.15450047576529,5.9718103448275865,1032,38.5,0,Sector_17,Ministry_2,Agency_26,0,0,0,0,1,0,0
PRJ-A8E3AF3D,2022-01-01,7.399666080843588,-0.013168316831683152,0.08463815789473685,0.08463815789473685,0.09880354505169867,0.75,23.5,0.0,1.1461666423430343,1.372269736842105,56,101.33333333333333,0,Sector_9,Ministry_6,Agency_21,0,0,0,0,0,0,0
PRJ-A945EE56,2022-01-01,-9.666786469344608,0.36000000000000004,0.25522388059701495,0.25522388059701495,0.1750751879699248,0.0,0.0,0.0,1.1747409776258424,0.0,6,67.0,0,Sector_2,Ministry_4,Agency_17,0,0,0,0,0,0,0
PRJ-A95E168E,2022-01-01,3.6602858776443696,0.089,0.089,0.089,0.05998465080583269,0.5,42.5,0.0,0.5822365473074647,0.0,107,170.0,0,Sector_10,Ministry_10,Agency_40,0,0,0,0,0,0,0
PRJ-A96146DC,2022-01-01,32.293824057450635,0.1511111111111111,0.1511111111111111,0.1511111111111111,0.34019900497512434,1.0,3.7666666666666666,0.0,2.491321871744543,0.0,104,126.0,0,Sector_15,Ministry_3,Agency_46,0,0,0,0,1,1,0
PRJ-AA045FDA,2022-01-01,0.0,0.1746000000000001,0.23290540540540539,0.22689189189189188,0.0,0.6666666666666666,5.0,49.961856541724565,1.3122029912245752,8.816486486486488,885,49.25,0,Sector_19,Ministry_3,Agency_10,0,0,0,0,1,0,0
PRJ-AA499403,2022-01-01,3.319999999999993,0.08317073170731734,0.13723577235772366,0.1819183673469388,999.0,0.25,3.3,0.0,1.062892918176477,2.9079674796747974,964,40.81818181818182,0,Sector_7,Ministry_3,Agency_6,0,0,0,0,0,0,0
PRJ-AA5DEE37,2022-01-01,0.8100000000000023,0.09789473684210523,0.09147887323943664,0.09606701940035273,999.0,0.4166666666666667,12.066666666666666,0.0,0.975291001403159,5.160035211267605,309,94.45454545454545,0,Sector_11,Ministry_8,Agency_18,0,0,0,0,0,0,0
PRJ-AA842CD1,2022-01-01,-5.841035856573697,0.1521666666666666,0.26699999999999996,0.20744444444444443,0.12027027027027035,0.42857142857142855,5.566666666666666,43.26713112197151,1.3368774902018439,0.5762222222222222,9,60.0,0,Sector_6,Ministry_3,Agency_2,0,0,0,0,1,0,0
PRJ-AAF5B100,2022-01-01,-4.386863823933979,0.23292307692307693,0.20397959183673467,0.1735623409669211,0.11847826086956521,0.42857142857142855,11.033333333333333,0.0,0.7919586888821937,2.014030612244898,39,65.5,0,Sector_13,Ministry_1,Agency_36,0,0,0,0,0,0,0
PRJ-AB2ED4BD,2022-01-01,-2.6611267605633913,0.10994318181818179,0.12149905123339659,0.10421052631578948,0.07541666666666666,0.4,23.6,0.0,0.9661081471602116,0.8516698292220113,43,175.75,0,Sector_20,Ministry_7,Agency_49,0,0,0,0,0,0,0
PRJ-AB7930F8,2022-01-01,4.498475336322869,0.02591549295774646,0.07990625,0.07990625,0.10768000000000001,0.25,5.433333333333334,0.0,1.0928081530153626,1.97190625,12,213.33333333333334,0,Sector_4,Ministry_5,Agency_30,0,0,0,0,0,0,0
PRJ-AC084561,2022-01-01,32.007929984779295,0.05627551020408164,0.041928327645051194,0.056264073694984644,1.6765,1.0,29.266666666666666,71.41667048806957,1.8225913001799845,1.4701706484641637,122,195.4,1,Sector_1,Ministry_9,Agency_13,0,0,0,0,1,1,0
PRJ-AC2133B5,2022-01-01,28.9058944281525,0.03604651162790697,0.0418296224588577,0.0418296224588577,0.17473895582329316,1.0,43.9,0.0,0.88618061155606,0.08220716360116166,79,344.3333333333333,1,Sector_12,Ministry_5,Agency_39,0,0,0,0,0,1,1
PRJ-AC2B5770,2022-01-01,0.2530877839165129,0.034605263157894736,0.034605263157894736,0.034605263157894736,0.061583850931677016,1.0,1.0666666666666667,0.0,0.2810296927943987,0.0,38,152.0,0,Sector_9,Ministry_4,Agency_9,0,0,0,0,0,1,1
PRJ-AC408157,2022-01-01,-1.2274368231046822,0.05820512820512817,0.08147008547008547,0.06502564102564103,0.0,0.42857142857142855,27.0,66.09360010010707,1.747716307717976,2.159982905982906,3,195.0,0,Sector_12,Ministry_1,Agency_4,0,0,0,0,1,0,0
PRJ-AC52F0BE,2022-01-01,-2.353525535420104,0.08114285714285717,0.09363924050632913,0.08927215189873418,0.07590659340659339,0.625,25.8,97.98793662225424,2.0020252623892074,0.25186708860759494,8,105.28571428571429,0,Sector_1,Ministry_5,Agency_45,0,0,0,0,1,0,0
PRJ-AC57B547,2022-01-01,-4.225644520159001,0.08391608391608393,0.08391608391608393,0.08391608391608393,0.05380381086803105,0.0,0.0,0.0,1.2000419169570995,0.0,58,143.0,0,Sector_8,Ministry_8,Agency_9,0,0,0,0,1,0,1
PRJ-AC790904,2022-01-01,-1.9035416666666691,0.05888888888888887,0.08439473684210526,0.08439473684210526,0.06318913480885312,0.25,34.93333333333333,0.0,0.7164586413568098,0.47686842105263155,36,126.66666666666667,0,Sector_9,Ministry_9,Agency_39,0,0,0,0,0,0,1
PRJ-AC85D67F,2022-01-01,3.489999999999995,0.05313043478260869,0.10434402332361518,0.1211661807580175,999.0,0.42857142857142855,17.2,111.57819736373354,1.8854310410158124,0.5540233236151603,47,114.33333333333333,0,Sector_19,Ministry_3,Agency_15,0,0,0,0,1,0,0
PRJ-AC893C3C,2022-01-01,6.6344256518675095,0.057450980392156854,0.05342794759825327,0.07029459901800328,0.0810702875399361,0.8,33.06666666666667,0.0,1.0447242041107818,0.8053275109170306,30,152.75,0,Sector_2,Ministry_4,Agency_37,0,0,0,0,0,0,0
PRJ-ACC2530E,2022-01-01,0.9200000000000017,0.0,0.0,0.0,0.09659033078880408,1.0,2.3666666666666667,0.0,0.4235862172782616,0.0,42,0.0,0,Sector_16,Ministry_8,Agency_19,0,0,0,0,0,1,0
PRJ-ACDBC268,2022-01-01,11.143108504398825,0.022572815533980592,0.03487864077669904,0.03487864077669904,0.07018633540372671,0.3333333333333333,29.533333333333335,0.0,1.6154703445507235,0.0,121,206.0,0,Sector_8,Ministry_1,Agency_30,0,0,0,0,1,0,0
PRJ-AD1FAF7F,2022-01-01,10.959999999999994,0.15250000000000008,0.09348525469168902,0.09551539491298529,999.0,1.0,15.3,0.0,0.891435995725769,1.3294369973190352,3,124.5,1,Sector_11,Ministry_9,Agency_40,0,0,0,0,0,1,0
PRJ-AD464B87,2022-01-01,27.24589905362776,0.0,0.0,0.0,0.24182098765432097,1.0,2.6333333333333333,0.0,0.92232468242518,0.0,105,0.0,0,Sector_10,Ministry_5,Agency_31,0,0,0,0,0,1,0
PRJ-ADC67C88,2022-01-01,3.363839662447255,0.049217391304347824,0.059956521739130436,0.059956521739130436,0.08859824780976219,0.3333333333333333,19.666666666666668,0.0,0.9644920902159306,0.0,41,115.0,0,Sector_12,Ministry_5,Agency_4,0,0,0,0,0,0,0
PRJ-AE0710CF,2022-01-01,-0.4159233449477284,0.19292134831460675,0.15408239700374535,0.16752808988764045,0.17074999999999996,0.4,3.4,0.0,1.1005196235134576,3.843370786516854,10,89.0,0,Sector_2,Ministry_6,Agency_17,0,0,0,0,0,0,0
PRJ-AE50D698,2022-01-01,19.44340206185568,0.12019801980198021,0.07410596026490067,0.09094370860927152,0.19067567567567567,1.0,18.4,0.0,0.9838293664426847,0.037516556291390724,44,100.66666666666667,1,Sector_11,Ministry_4,Agency_48,0,0,0,0,0,1,0
PRJ-AEC6C0E7,2022-01-01,1.930579710144933,0.1515384615384615,0.11708333333333332,0.11708333333333332,0.09369354838709677,1.0,23.733333333333334,0.0,0.6869182320938815,0.0,16,156.0,0,Sector_17,Ministry_8,Agency_48,0,0,0,0,0,1,0
PRJ-AEE0DCF3,2022-01-01,-2.657465940054493,0.0828813559322034,0.06629943502824859,0.08951977401129944,0.047519379844961206,0.2727272727272727,26.7,0.0,0.9641194324315461,0.15596045197740116,41,118.0,0,Sector_16,Ministry_6,Agency_16,0,0,0,0,0,0,0
PRJ-AF08B624,2022-01-01,22.870000000000005,0.09792452830188675,0.11943396226415093,0.09066037735849056,999.0,1.0,15.066666666666666,61.848003259983706,1.5616000294172003,0.15132075471698114,94,106.0,1,Sector_4,Ministry_3,Agency_14,0,0,0,0,1,1,0
PRJ-AF0A8FDF,2022-01-01,20.89729468599034,0.08790123456790122,0.05688524590163934,0.05688524590163934,0.1248832271762208,1.0,24.2,0.0,1.1618031911273186,0.35385245901639345,121,162.66666666666666,0,Sector_11,Ministry_7,Agency_22,0,0,0,0,0,1,0
PRJ-AF737968,2022-01-01,1.9162921348314654,0.03499999999999998,0.048574108818011254,0.048574108818011254,0.058034849951597293,0.25,38.46666666666667,0.0,0.726498806454195,0.3039774859287054,37,177.66666666666666,0,Sector_17,Ministry_6,Agency_30,0,0,0,0,0,0,0
PRJ-AF85E11B,2022-01-01,-7.618199052132709,0.1708333333333334,0.15108013937282233,0.09511343804537523,0.055918367346938745,0.6666666666666666,18.8,0.0,0.8971962320663083,0.08578397212543555,0,95.5,0,Sector_13,Ministry_4,Agency_46,0,0,0,0,0,0,1
PRJ-AF93E9FC,2022-01-01,5.720006618133684,0.0,0.0,0.0,0.07116826503923278,0.0,0.0,0.0,1.081157417497305,0.0,120,0.0,0,Sector_7,Ministry_6,Agency_13,0,0,0,0,1,0,0
PRJ-AFECEB91,2022-01-01,5.503275145469658,0.0,0.0,0.0,0.08914660831509848,1.0,2.033333333333333,0.0,0.6863944601695141,0.0,78,0.0,0,Sector_3,Ministry_1,Agency_23,0,0,0,0,0,1,1
PRJ-B02D36A1,2022-01-01,5.062989377845213,0.1429310344827586,0.1138728323699422,0.12380622837370242,0.16850993377483445,0.5,6.0,0.0,1.117956521626175,0.9373988439306358,11,57.8,0,Sector_6,Ministry_2,Agency_49,0,0,0,0,0,0,0
PRJ-B0559991,2022-01-01,-1.5033855185909957,0.2813636363636364,0.22053030303030302,0.2071590909090909,0.18786458333333333,0.42857142857142855,3.966666666666667,0.0,1.0219549899568658,0.375530303030303,11,44.0,0,Sector_8,Ministry_9,Agency_47,0,0,0,0,0,0,0
PRJ-B06AD533,2022-01-01,19.18032005225343,0.0,0.0,0.0,0.08559196617336153,1.0,35.833333333333336,0.0,1.0731077413933903,0.0,290,0.0,0,Sector_8,Ministry_2,Agency_23,0,0,0,0,0,0,0
PRJ-B084E490,2022-01-01,26.31977194194885,0.05575581395348837,0.057314949201741655,0.057314949201741655,0.22577380952380952,1.0,5.5,0.0,0.8811542037738941,0.0,246,344.5,1,Sector_16,Ministry_8,Agency_3,0,0,0,0,0,1,0
PRJ-B08D23DF,2022-01-01,9.047655860349128,0.03174242424242425,0.026022727272727277,0.026022727272727277,0.06985880398671096,0.6666666666666666,33.56666666666667,0.0,1.6879910597407344,0.0,5,132.0,0,Sector_6,Ministry_2,Agency_40,0,0,0,0,0,0,0
PRJ-B09AD445,2022-01-01,4.010000000000005,0.06801526717557249,0.1200763358778626,0.12131210191082802,999.0,0.42857142857142855,20.8,0.0,0.985919910456869,0.7470483460559796,416,130.83333333333334,0,Sector_20,Ministry_3,Agency_8,0,0,0,0,0,0,0
PRJ-B11DFABB,2022-01-01,21.2835637285986,0.05688524590163933,0.0285655737704918,0.0285655737704918,0.09475699558173785,1.0,32.9,0.0,1.799147371000457,0.0,167,244.0,0,Sector_9,Ministry_1,Agency_46,0,0,0,0,1,1,0
PRJ-B128EF0C,2022-01-01,0.0,0.19230088495575226,0.15485207100591716,0.1875831485587583,0.0,0.4,10.233333333333333,0.0,0.9697851624510532,0.32680473372781066,897,112.75,0,Sector_7,Ministry_1,Agency_9,0,0,0,0,0,0,0
PRJ-B16B7A5B,2022-01-01,8.19973026973027,0.1296774193548387,0.1296774193548387,0.1296774193548387,0.11164756446991406,1.0,21.2,0.0,1.2618645657423346,0.0,55,124.0,0,Sector_12,Ministry_5,Agency_43,0,0,0,0,0,0,0
PRJ-B173F4FB,2022-01-01,2.6400000000000006,0.1235643564356436,0.068976897689769,0.09231404958677686,999.0,0.4166666666666667,26.766666666666666,0.0,1.0338014898437407,0.24415841584158404,181,100.9090909090909,0,Sector_19,Ministry_2,Agency_39,0,0,0,0,0,0,0
PRJ-B1997684,2022-01-01,6.703627450980392,0.09299382716049384,0.09299382716049384,0.09299382716049384,0.06943970767356882,0.5,38.53333333333333,0.0,1.6334352377238455,0.0,164,324.0,0,Sector_3,Ministry_4,Agency_13,0,0,0,0,1,0,0
PRJ-B1F13B3A,2022-01-01,1.5346502057613165,0.0,0.0,0.0,0.10471856287425149,0.0,0.0,0.0,0.5272493267431673,0.0,49,0.0,0,Sector_5,Ministry_1,Agency_31,0,0,0,0,0,0,0
PRJ-B2010108,2022-01-01,5.098445595854926,0.08422360248447207,0.09616494845360825,0.09616494845360825,0.09973753280839895,0.0,0.0,0.0,0.8963336970133868,4.091979381443299,131,161.66666666666666,0,Sector_9,Ministry_8,Agency_44,0,0,0,0,0,0,0
PRJ-B24F5B61,2022-01-01,7.1941860465116285,0.0,0.0,0.0,0.16843575418994414,1.0,9.366666666666667,0.0,0.4679201490243851,0.0,49,0.0,0,Sector_7,Ministry_9,Agency_37,0,0,0,0,0,0,0
PRJ-B2B86716,2022-01-01,14.586180904522614,0.08235555555555556,0.0451780415430267,0.050044543429844095,0.09581447963800906,1.0,24.866666666666667,0.0,0.7447015481397337,0.3295548961424332,28,224.5,1,Sector_9,Ministry_4,Agency_5,0,0,0,0,0,1,1
PRJ-B2C551E6,2022-01-01,0.48666266506602085,0.16867924528301886,0.16867924528301886,0.16867924528301886,0.12104938271604938,0.5,17.233333333333334,0.0,0.9435785831988628,0.0,30,159.0,0,Sector_15,Ministry_10,Agency_17,0,0,0,0,0,0,0
PRJ-B30EAC0B,2022-01-01,5.885698324022336,0.0734848484848485,0.04702521008403361,0.04702521008403361,0.06280660377358491,0.25,32.8,0.0,1.564906762533396,0.261126050420168,149,198.33333333333334,0,Sector_5,Ministry_5,Agency_43,0,0,0,0,1,0,0
PRJ-B31DCA78,2022-01-01,4.230000000000004,0.094516129032258,0.09279569892473118,0.10063225806451612,999.0,0.3333333333333333,16.4,0.0,0.941965691449852,2.2245161290322577,178,155.0,0,Sector_17,Ministry_8,Agency_41,0,0,0,0,0,0,0
PRJ-B3822FF9,2022-01-01,0.8299999999999983,0.11764705882352941,0.07028089887640449,0.08485232067510548,999.0,0.5,23.733333333333334,0.0,0.909183704850326,0.10943820224719103,230,118.55555555555556,0,Sector_16,Ministry_1,Agency_37,0,0,0,0,0,0,0
PRJ-B38A4A6E,2022-01-01,0.0,0.10144654088050312,0.13226415094339625,0.12970125786163522,0.0,0.4,16.233333333333334,0.0,0.9258759155604055,2.801761006289308,342,159.0,0,Sector_18,Ministry_8,Agency_38,0,0,0,0,0,0,0
PRJ-B38E56DD,2022-01-01,10.696245210727973,0.03569721115537846,0.051077127659574464,0.051077127659574464,0.08292335115864528,1.0,7.3,0.0,1.3246692078952416,3.1223537234042555,3,250.66666666666666,1,Sector_1,Ministry_9,Agency_32,0,0,0,0,1,1,1
PRJ-B3BB7C98,2022-01-01,0.27064981949457945,0.1145398773006135,0.05823770491803279,0.06924257932446265,0.06074309978768577,0.5714285714285714,39.86666666666667,0.0,0.9684909076199983,0.08836065573770491,52,162.83333333333334,0,Sector_10,Ministry_5,Agency_39,0,0,0,0,0,0,0
PRJ-B3DC44DE,2022-01-01,0.31424242424242266,-0.022465753424657543,0.2634101382488479,0.1836405529953917,0.23428571428571437,0.2857142857142857,5.066666666666666,0.0,0.9151891195626273,0.19087557603686636,15,72.33333333333333,0,Sector_14,Ministry_4,Agency_16,0,0,0,0,0,0,0
PRJ-B3F189BF,2022-01-01,0.40480637813212184,0.05657142857142868,0.28495145631067964,0.2487378640776699,0.23054421768707484,0.375,1.2,105.38148096107909,2.1191066523923543,0.6287378640776699,18,34.285714285714285,0,Sector_14,Ministry_2,Agency_32,0,0,0,0,1,0,0
PRJ-B412DF4C,2022-01-01,16.459999999999994,0.16417910447761194,0.11655172413793105,0.13391625615763547,999.0,0.9,13.3,0.0,0.9948759877240066,0.36802955665024634,60,67.66666666666667,1,Sector_2,Ministry_8,Agency_19,0,0,0,0,0,1,0
PRJ-B45AB784,2022-01-01,19.658484848484846,0.05233766233766233,0.05233766233766233,0.05233766233766233,0.19397408207343414,1.0,8.166666666666666,0.0,2.0914970547987313,0.0,43,77.0,0,Sector_8,Ministry_4,Agency_31,0,0,0,0,0,1,0
PRJ-B45E171F,2022-01-01,7.95271186440678,0.10588888888888888,0.10588888888888888,0.10588888888888888,0.11747460087082728,1.0,18.333333333333332,0.0,1.2540907358620863,0.0,75,90.0,0,Sector_12,Ministry_2,Agency_11,0,0,0,0,0,0,0
PRJ-B4CA99E3,2022-01-01,-4.729538106235562,0.28447368421052627,0.17317880794701987,0.17317880794701987,0.10760399334442595,0.3333333333333333,13.633333333333333,0.0,0.5977265066462212,0.0,39,75.5,0,Sector_15,Ministry_2,Agency_37,0,0,0,0,0,0,0
PRJ-B55E45BD,2022-01-01,1.6770250896057348,0.02946902654867255,0.07457227138643069,0.07020618556701032,0.07644886363636362,0.5555555555555556,30.633333333333333,0.0,0.9301705904476897,0.11215339233038348,25,113.125,0,Sector_17,Ministry_6,Agency_15,0,0,0,0,0,0,0
PRJ-B563D82C,2022-01-01,-0.05342263898191568,0.0,0.0,0.0,0.06693750000000001,0.0,0.0,0.0,0.6385776605158716,0.0,53,0.0,0,Sector_3,Ministry_9,Agency_38,0,0,0,0,0,0,0
PRJ-B580BA76,2022-01-01,34.040000000000006,0.07284810126582278,0.07245641838351823,0.07245641838351823,999.0,1.0,10.733333333333333,0.0,0.8735843180961435,0.0,159,315.5,1,Sector_8,Ministry_5,Agency_7,0,0,0,0,0,1,0
PRJ-B5868663,2022-01-01,15.267760702524695,0.0,0.0,0.0,0.13358814352574103,1.0,1.7,0.0,0.6363903034731582,0.0,89,0.0,0,Sector_11,Ministry_1,Agency_36,0,0,0,0,0,1,0
PRJ-B597CFE6,2022-01-01,-0.20007856341189978,0.1758227848101266,0.09373949579831933,0.08934508816120906,0.11173697270471464,0.16666666666666666,9.2,0.0,0.9477142229521875,0.5314705882352941,12,79.4,0,Sector_1,Ministry_3,Agency_2,0,0,0,0,0,0,0
PRJ-B59804C1,2022-01-01,0.0,0.1119867549668874,0.05810154525386312,0.06404419889502763,0.0,1.0,22.933333333333334,0.0,0.9907780013413816,0.738543046357616,78,150.875,1,Sector_4,Ministry_10,Agency_48,0,0,0,0,0,1,1
PRJ-B5C0C913,2022-01-01,0.46341941228851624,0.18890109890109888,0.07317518248175181,0.07325411334552101,0.09133004926108378,0.5,18.1,0.0,0.8969297140412273,1.8341970802919705,8,91.22222222222223,0,Sector_20,Ministry_2,Agency_38,0,0,0,0,0,0,0
PRJ-B5D466B3,2022-01-01,0.0,0.08743961352657002,0.09161030595813205,0.09359903381642512,0.0,0.2,11.366666666666667,0.0,0.9897378532172559,0.6670370370370371,354,207.0,0,Sector_9,Ministry_2,Agency_26,0,0,0,0,0,0,0
PRJ-B6167FAD,2022-01-01,22.132870813397133,0.027095238095238103,0.027095238095238103,0.027095238095238103,0.08068867924528302,1.0,40.166666666666664,0.0,1.8766150348288941,0.0,193,210.0,0,Sector_19,Ministry_4,Agency_1,0,0,0,0,0,1,0
PRJ-B64FC7ED,2022-01-01,5.42768953068591,0.13096,0.0679144385026738,0.07528074866310161,0.08875,0.625,27.8,126.3448865562943,2.512890474784119,3.758850267379679,60,124.71428571428571,0,Sector_5,Ministry_10,Agency_13,0,0,0,0,1,0,0
PRJ-B6C634F8,2022-01-01,-4.621870202372644,0.0,0.0,0.0,0.06575414123801221,0.0,0.0,0.0,1.6008571498056121,0.0,130,0.0,0,Sector_16,Ministry_5,Agency_2,0,0,0,0,0,0,1
PRJ-B6CD28B2,2022-01-01,4.854158415841589,0.29062499999999997,0.29062499999999997,0.29062499999999997,0.2680932203389831,0.0,0.0,0.0,0.9781363308015493,0.0,41,64.0,0,Sector_14,Ministry_6,Agency_30,0,0,0,0,0,0,0
PRJ-B6E5213D,2022-01-01,14.462609786700135,0.07809885931558935,0.04752851711026616,0.04752851711026616,0.08750000000000001,0.6666666666666666,30.433333333333334,0.0,1.9843350959546724,0.0,222,263.0,0,Sector_12,Ministry_7,Agency_15,0,0,0,0,1,0,0
PRJ-B6FF0EBD,2022-01-01,5.100270270270265,0.09052631578947372,0.11065789473684211,0.09737417943107221,0.12272206303724928,0.42857142857142855,11.566666666666666,0.0,0.913806042180875,0.8091666666666665,43,76.16666666666667,0,Sector_5,Ministry_7,Agency_38,0,0,0,0,0,0,0
PRJ-B73C95B0,2022-01-01,0.0,0.08003623188405798,0.06382566585956416,0.07200726612170753,0.0,1.0,26.733333333333334,0.0,0.8558715220949263,0.056719128329297826,54,275.25,1,Sector_16,Ministry_1,Agency_31,0,0,0,0,0,1,1
PRJ-B7800D14,2022-01-01,11.724390243902437,0.17105263157894737,0.17105263157894737,0.17105263157894737,0.24233333333333335,1.0,7.066666666666666,0.0,1.0795448438884514,0.0,3,95.0,0,Sector_9,Ministry_10,Agency_2,0,0,0,0,0,1,0
PRJ-B7AFEC24,2022-01-01,16.711620111731833,0.1385416666666667,0.08665505226480838,0.09471304347826087,0.2739805825242718,1.0,15.366666666666667,0.0,0.9894238815577074,1.2164808362369337,26,95.85714285714286,1,Sector_13,Ministry_8,Agency_33,0,0,0,0,0,1,0
PRJ-B7BDD4E7,2022-01-01,-8.002953367875648,0.23837209302325585,0.1715057915057915,0.1715057915057915,0.0892072072072072,0.5,18.266666666666666,0.0,0.61763376966372,1.1564092664092664,65,86.33333333333333,0,Sector_5,Ministry_10,Agency_39,0,0,0,0,0,0,0
PRJ-B7D72CFD,2022-01-01,17.027117117117115,0.0,0.0,0.0,0.139856,1.0,18.666666666666668,0.0,0.9034039443551474,0.0,16,0.0,0,Sector_18,Ministry_1,Agency_35,0,0,0,0,0,1,1
PRJ-B7E6F844,2022-01-01,24.959999999999994,0.1293814432989691,0.10716494845360826,0.10716494845360826,999.0,1.0,14.166666666666666,0.0,0.8978377255418164,0.3641408934707903,4,194.0,1,Sector_9,Ministry_6,Agency_3,0,0,0,0,0,1,1
PRJ-B7FBA8D5,2022-01-01,-3.4368131868131897,0.0659,0.06206666666666666,0.0639375,0.05057251908396947,0.2,44.93333333333333,0.0,1.0701835698705542,0.21133333333333332,34,200.0,0,Sector_3,Ministry_8,Agency_36,0,0,0,0,0,0,0
PRJ-B804B9F5,2022-01-01,-2.800298507462685,0.07954545454545454,0.0986969696969697,0.08354009077155825,0.06510204081632653,0.3333333333333333,28.966666666666665,0.0,0.8345039363239405,0.08190909090909092,55,110.125,0,Sector_18,Ministry_9,Agency_48,0,0,0,0,0,0,0
PRJ-B835F42E,2022-01-01,1.7800000000000011,0.1682677165354331,0.11457894736842104,0.12214756258234519,999.0,0.7142857142857143,18.333333333333332,0.0,0.9260512082299532,0.7349473684210526,319,126.5,0,Sector_9,Ministry_8,Agency_19,0,0,0,0,0,0,0
PRJ-B83E7FA6,2022-01-01,29.212682926829267,0.0,0.0,0.0,0.22317191283292978,1.0,11.766666666666667,0.0,2.075267352801935,0.0,56,0.0,0,Sector_4,Ministry_7,Agency_17,0,0,0,0,0,1,0
PRJ-B84DB07C,2022-01-01,6.549999999999997,0.13018181818181826,0.12081818181818184,0.09706505295007564,999.0,1.0,20.233333333333334,0.0,0.8670476403348563,0.6586060606060605,108,110.125,1,Sector_10,Ministry_3,Agency_7,0,0,0,0,0,1,0
PRJ-B883898D,2022-01-01,9.109225568531038,0.0,0.0,0.0,0.06939077458659705,0.0,0.0,0.0,2.160701151153113,0.0,165,0.0,0,Sector_9,Ministry_10,Agency_13,0,0,0,0,1,0,0
PRJ-B9034079,2022-01-01,4.142629169391757,0.0,0.0,0.0,0.06850299401197604,1.0,35.9,0.0,1.5690925631803332,0.0,43,0.0,0,Sector_16,Ministry_9,Agency_33,0,0,0,0,1,0,0
PRJ-B94A4822,2022-01-01,1.0699999999999932,0.22627118644067812,0.1579661016949153,0.13719546742209635,999.0,0.45454545454545453,8.933333333333334,0.0,1.002501624245812,0.8040112994350285,739,58.8,0,Sector_11,Ministry_9,Agency_3,0,0,0,0,0,0,0
PRJ-B94CB1A2,2022-01-01,0.34526727509778254,0.07719298245614033,0.11076171875,0.08673020527859238,0.06581227436823105,0.6,36.46666666666667,0.0,1.4041950879638425,0.12283203124999999,128,170.5,0,Sector_5,Ministry_10,Agency_43,0,0,0,0,1,0,1
PRJ-B9AE1BDD,2022-01-01,2.8499999999999943,0.01964705882352943,0.11328063241106724,0.12794466403162058,999.0,0.1111111111111111,10.8,0.0,0.974534978592502,0.7060474308300395,158,84.25,0,Sector_6,Ministry_10,Agency_2,0,0,0,0,0,0,0
PRJ-B9B40396,2022-01-01,4.896972740315636,0.07615942028985508,0.024601449275362317,0.024601449275362317,0.07672782874617737,1.0,27.733333333333334,0.0,1.0741787013401296,0.0,0,138.0,0,Sector_19,Ministry_2,Agency_48,0,0,0,0,0,1,1
PRJ-B9BA5997,2022-01-01,8.257725118483407,0.05728643216080403,0.05835845896147404,0.05835845896147404,0.06906064209274673,1.0,40.666666666666664,0.0,0.9177055741232462,0.20391959798994974,52,199.0,0,Sector_19,Ministry_10,Agency_3,0,0,0,0,0,1,0
PRJ-BA1F808D,2022-01-01,-1.1922503725782434,0.04022727272727274,0.06368686868686868,0.08123737373737375,0.0,0.5,30.266666666666666,91.59362368863252,1.9856790347729991,0.7274494949494951,6,132.0,0,Sector_18,Ministry_3,Agency_38,0,0,0,0,1,0,0
PRJ-BA46CA9F,2022-01-01,10.001479289940832,0.0,0.0,0.0,0.08457051961823966,0.0,0.0,0.0,2.4067335398108134,0.0,188,0.0,0,Sector_7,Ministry_8,Agency_29,0,0,0,0,1,0,0
PRJ-BA5A117C,2022-01-01,3.5986824769433383,0.033496932515337474,0.06216326530612246,0.06308163265306123,0.08742514970059877,0.625,26.733333333333334,0.0,0.9959202630982396,0.47389795918367345,45,163.28571428571428,0,Sector_1,Ministry_10,Agency_18,0,0,0,0,0,0,0
PRJ-BA872D90,2022-01-01,8.079999999999998,-0.014888888888888927,0.06399253731343285,0.11680373831775702,999.0,0.2222222222222222,13.233333333333333,0.0,0.9955039305884561,0.32201492537313436,84,89.125,0,Sector_20,Ministry_2,Agency_40,0,0,0,0,0,0,0
PRJ-BAB23DE6,2022-01-01,-15.369738562091499,0.1622222222222222,0.09388206388206387,0.09388206388206387,0.04933263816475496,0.0,0.0,0.0,1.1341915643502776,1.0612285012285012,29,135.66666666666666,0,Sector_11,Ministry_8,Agency_41,0,0,0,0,0,0,1
PRJ-BB232C9C,2022-01-01,0.25,0.10908045977011488,0.11065384615384614,0.15986512524084778,999.0,0.375,12.533333333333333,18.293606750876457,1.1705090289453528,1.9416153846153843,34,86.57142857142857,0,Sector_12,Ministry_7,Agency_41,0,0,0,0,1,0,0
PRJ-BB8A9F21,2022-01-01,15.26040363269425,0.05271794871794874,0.05271794871794874,0.05271794871794874,0.1355909090909091,0.0,0.0,0.0,1.042542971595384,0.0,161,195.0,0,Sector_6,Ministry_10,Agency_13,0,0,0,0,0,0,0
PRJ-BBE482B6,2022-01-01,12.07433668801464,0.09361581920903955,0.09361581920903955,0.09361581920903955,0.11115635179153094,1.0,1.4,0.0,1.4452448994706861,0.0,125,177.0,0,Sector_4,Ministry_7,Agency_47,0,0,0,0,1,1,0
PRJ-BC08D4D6,2022-01-01,20.585897435897436,0.13457317073170727,0.09456389452332656,0.08266747868453105,0.26727272727272733,1.0,26.133333333333333,0.0,1.5977697536138655,0.6561460446247465,153,164.2,1,Sector_15,Ministry_6,Agency_45,0,0,0,0,1,1,0
PRJ-BC46A537,2022-01-01,51.603868613138694,0.11341176470588236,0.11341176470588236,0.11341176470588236,0.8705333333333333,1.0,9.233333333333333,0.0,0.5600040712400263,0.0,133,170.0,0,Sector_8,Ministry_6,Agency_47,0,0,0,0,0,1,0
PRJ-BC50E067,2022-01-01,34.87858541893362,0.04186363636363637,0.08690205011389521,0.08690205011389521,0.3281761006289308,1.0,19.533333333333335,0.0,0.8116440218856671,0.0,102,219.5,0,Sector_20,Ministry_2,Agency_34,0,0,0,0,0,1,0
PRJ-BD013486,2022-01-01,9.949169435215946,0.1218888888888889,0.1218888888888889,0.1218888888888889,0.1254814814814815,1.0,17.1,0.0,0.8001461785029169,0.0,49,90.0,0,Sector_10,Ministry_9,Agency_40,0,0,0,0,0,0,0
PRJ-BDBE286D,2022-01-01,4.160872483221482,0.13077777777777774,0.12888059701492538,0.12888059701492538,0.14653846153846153,0.0,0.0,0.0,0.8358257898589351,1.8298880597014926,50,89.33333333333333,0,Sector_5,Ministry_3,Agency_32,0,0,0,0,0,0,0
PRJ-BDCA2403,2022-01-01,26.66099574984821,0.03579646017699115,0.03579646017699115,0.03579646017699115,0.11111531190926276,1.0,8.166666666666666,0.0,1.063636394947734,0.0,215,452.0,0,Sector_13,Ministry_6,Agency_46,0,0,0,0,1,1,1
PRJ-BE495630,2022-01-01,0.0,0.10757225433526012,0.12841698841698843,0.10982608695652174,0.0,0.4,13.966666666666667,0.0,0.9926880554476918,1.6207528957528958,559,172.5,0,Sector_3,Ministry_5,Agency_47,0,0,0,0,0,0,0
PRJ-BE7ABB2E,2022-01-01,5.0255813953488335,0.0,0.0,0.0,0.1036,0.0,0.0,0.0,0.44693564050767226,0.0,137,0.0,0,Sector_16,Ministry_7,Agency_31,0,0,0,0,0,0,0
PRJ-BEAF49FB,2022-01-01,0.0,0.07497890295358649,0.08538787023977433,0.07701587301587302,0.0,1.0,17.066666666666666,0.0,1.020879875012776,0.5297461212976022,253,236.25,1,Sector_17,Ministry_6,Agency_25,0,0,0,0,0,1,1
PRJ-BEBECE8F,2022-01-01,0.836157760814249,0.0,0.0,0.0,0.25704968944099377,0.0,0.0,0.0,1.247946105720747,0.0,8,0.0,0,Sector_19,Ministry_1,Agency_48,0,0,0,0,0,0,0
PRJ-BF214048,2022-01-01,2.9917487266553486,0.0,0.0,0.0,0.08813449023861172,0.0,0.0,0.0,0.4837384961548785,0.0,70,0.0,0,Sector_1,Ministry_7,Agency_37,0,0,0,0,0,0,0
PRJ-BF3EAE78,2022-01-01,-5.584446177847113,0.31342105263157893,0.29230263157894737,0.29230263157894737,0.14176020408163265,0.6666666666666666,10.7,0.0,2.2584499747472813,0.0,21,76.0,0,Sector_11,Ministry_9,Agency_6,0,0,0,0,1,0,0
PRJ-BF5DA3A4,2022-01-01,17.062193732193734,0.027908163265306117,0.0508843537414966,0.0508843537414966,0.11009111617312073,0.5,27.433333333333334,0.0,0.8723812579408571,0.3197278911564626,181,196.0,0,Sector_14,Ministry_9,Agency_47,0,0,0,0,0,0,0
PRJ-BF719A59,2022-01-01,7.730000000000004,0.08419753086419754,0.11322314049586776,0.114,999.0,0.6,17.033333333333335,0.0,1.0347438392765655,0.7318595041322314,215,161.25,0,Sector_8,Ministry_3,Agency_33,0,0,0,0,0,0,0
PRJ-BF75A413,2022-01-01,1.0799999999999983,0.027663551401869234,0.0671875,0.08539906103286385,999.0,0.36363636363636365,20.6,0.0,0.9248879784362923,0.35490624999999987,120,106.4,0,Sector_13,Ministry_10,Agency_20,0,0,0,0,0,0,0
PRJ-BF8E86FD,2022-01-01,1.3700000000000045,0.08816666666666653,0.16883333333333334,0.15236111111111109,999.0,0.36363636363636365,6.833333333333333,0.0,0.9263393881054575,0.26716666666666666,562,60.0,0,Sector_13,Ministry_6,Agency_34,0,0,0,0,0,0,0
PRJ-BFC51455,2022-01-01,42.52,0.0560408163265306,0.0814663951120163,0.0814663951120163,999.0,1.0,9.366666666666667,0.0,0.8426102313280226,0.0,217,245.5,0,Sector_16,Ministry_4,Agency_19,0,0,0,0,0,1,0
PRJ-BFC8C766,2022-01-01,5.540000000000006,0.02367567567567565,0.07119349005424953,0.08707926167209554,999.0,0.16666666666666666,25.633333333333333,0.0,1.017671757929784,0.6345931283905968,229,184.2,0,Sector_18,Ministry_10,Agency_16,0,0,0,0,0,0,0
PRJ-BFCAF500,2022-01-01,4.860501710376283,0.04265116279069768,0.05224458204334365,0.05224458204334365,0.06281959378733572,0.25,24.233333333333334,0.0,0.9816961262466835,0.2234210526315789,56,215.33333333333334,0,Sector_16,Ministry_7,Agency_6,0,0,0,0,0,0,0
PRJ-BFE9280C,2022-01-01,2.6899999999999977,0.2084905660377358,0.19171974522292998,0.17277070063694266,999.0,0.45454545454545453,5.766666666666667,0.0,0.8504515814414632,1.1086624203821653,333,52.3,0,Sector_18,Ministry_7,Agency_20,0,0,0,0,0,0,0
PRJ-BFE991F8,2022-01-01,5.859999999999999,-0.0705172413793104,0.12491329479768785,0.18797687861271675,999.0,0.6666666666666666,7.1,0.0,0.9036644539184338,0.6390751445086705,720,57.75,0,Sector_16,Ministry_8,Agency_44,0,0,0,0,0,0,0
PRJ-C058544D,2022-01-01,5.505410425404428,-0.06795580110497236,0.055248618784530384,0.055248618784530384,0.0660400444938821,0.5,40.46666666666667,0.0,1.3649626740206473,1.9159852670349906,46,181.0,0,Sector_16,Ministry_3,Agency_48,0,0,0,0,0,0,0
PRJ-C060B3E9,2022-01-01,3.404502923976608,0.31122807017543874,0.0925294117647059,0.16834808259587022,0.1848863636363636,0.5,8.0,0.0,0.9963252849985058,0.9970588235294118,31,56.55555555555556,0,Sector_5,Ministry_8,Agency_31,0,0,0,0,0,0,0
PRJ-C08C3A98,2022-01-01,40.384201292705455,0.0,0.0,0.0,0.16867674858223064,1.0,24.1,0.0,1.7022620523889669,0.0,268,0.0,0,Sector_2,Ministry_8,Agency_44,0,0,0,0,0,1,0
PRJ-C0BBC727,2022-01-01,9.322124542124541,0.06109589041095891,0.06336384439359267,0.05909507445589919,0.0834052757793765,1.0,34.5,33.12206495681587,1.340524137838248,0.20917620137299778,57,145.57142857142858,1,Sector_10,Ministry_9,Agency_48,0,0,0,0,1,0,0
PRJ-C1183812,2022-01-01,13.215133189344847,0.010879999999999996,0.05493368700265251,0.05742448330683624,0.09628676470588236,0.3333333333333333,24.7,0.0,1.1253865778154921,1.140344827586207,91,125.8,0,Sector_2,Ministry_3,Agency_33,0,0,0,0,0,0,0
PRJ-C127F239,2022-01-01,6.472456140350872,0.1654716981132076,0.21009389671361503,0.21009389671361503,0.21746753246753242,0.0,0.0,0.0,1.050526408867177,0.0,97,106.5,0,Sector_16,Ministry_4,Agency_23,0,0,0,0,0,0,0
PRJ-C137C024,2022-01-01,2.1163829787234008,0.09736842105263162,0.05647887323943663,0.08611111111111112,0.08816473988439306,0.6,23.933333333333334,0.0,2.202386669439,0.14911971830985912,11,94.5,0,Sector_12,Ministry_5,Agency_36,0,0,0,0,1,0,0
PRJ-C14520A0,2022-01-01,-0.3986294416243723,0.09859375000000004,0.07950261780104713,0.07182103610675039,0.0628757225433526,0.16666666666666666,32.8,0.0,0.7499950294769979,0.24617801047120416,120,127.4,0,Sector_10,Ministry_10,Agency_17,0,0,0,0,0,0,0
PRJ-C199DC90,2022-01-01,7.909793814432987,0.1478494623655914,0.1478494623655914,0.1478494623655914,0.23795180722891565,0.0,0.0,0.0,2.0891554348538226,0.0,50,93.0,0,Sector_4,Ministry_4,Agency_16,0,0,0,0,1,0,0
PRJ-C1B98D8B,2022-01-01,1.7600000000000051,0.07856164383561642,0.08096330275229358,0.10831228473019516,999.0,0.42857142857142855,23.233333333333334,0.0,1.0059342712678563,0.1571330275229358,370,145.16666666666666,0,Sector_4,Ministry_3,Agency_49,0,0,0,0,0,0,0
PRJ-C1BF1CD6,2022-01-01,9.504095707248425,0.05086261980830672,0.06250798722044727,0.06250798722044727,0.09311004784688996,1.0,2.8666666666666667,0.0,1.7380751376266705,0.0,65,313.0,1,Sector_11,Ministry_5,Agency_7,0,0,0,0,1,1,1
PRJ-C1D4D1D1,2022-01-01,49.51453689167975,0.03408695652173915,0.0746376811594203,0.06284782608695653,1.46,1.0,21.733333333333334,0.0,1.2310486931901374,2.7344347826086954,24,115.0,1,Sector_19,Ministry_10,Agency_11,0,0,0,0,0,1,0
PRJ-C1EC22C1,2022-01-01,-2.864721189591073,0.0449746192893401,0.07524534686971235,0.07266497461928934,0.057183333333333336,0.6,39.1,0.0,1.8705918887083661,0.9401522842639591,29,197.0,0,Sector_19,Ministry_6,Agency_47,0,0,0,0,1,0,0
PRJ-C1EE6690,2022-01-01,-5.396085409252663,0.12344827586206891,0.09108882521489971,0.07743185078909612,0.04184782608695654,0.3,25.133333333333333,38.186509997403284,1.3838549343320377,2.2620343839541546,59,116.22222222222223,0,Sector_9,Ministry_4,Agency_3,0,0,0,0,1,0,0
PRJ-C1F5445C,2022-01-01,8.922563154651883,0.027871287128712847,0.044529702970297014,0.044529702970297014,0.0711063829787234,0.3333333333333333,27.833333333333332,0.0,1.2006315418882616,0.0,78,202.0,0,Sector_13,Ministry_10,Agency_6,0,0,0,0,0,0,0
PRJ-C223F119,2022-01-01,3.0900000000000034,0.05192592592592591,0.06996296296296296,0.06996296296296296,0.06608895705521473,0.0,0.0,0.0,1.0413051841684862,0.0,169,270.0,0,Sector_15,Ministry_2,Agency_30,0,0,0,0,1,0,0
PRJ-C2476BA6,2022-01-01,-6.161988130563799,0.17689655172413785,0.09412213740458014,0.1048854961832061,0.08248000000000001,0.42857142857142855,17.6,0.0,0.8749000691389415,1.0385877862595418,25,87.33333333333333,0,Sector_15,Ministry_1,Agency_7,0,0,0,0,0,0,0
PRJ-C25A54CF,2022-01-01,7.198926359256717,0.02006329113924043,0.05681434599156117,0.0545042194092827,0.09716535433070869,0.5714285714285714,29.7,0.0,1.0721655023519234,0.3706118143459916,94,158.0,0,Sector_15,Ministry_7,Agency_17,0,0,0,0,0,0,0
PRJ-C28194BD,2022-01-01,5.038927613941016,0.15935483870967743,0.15935483870967743,0.15935483870967743,0.0715151515151515,0.5,33.6,0.0,0.7509582368348076,0.0,122,124.0,0,Sector_6,Ministry_9,Agency_36,0,0,0,0,0,0,0
PRJ-C28F1EE0,2022-01-01,2.9507692307692395,0.06032786885245901,0.0469482288828338,0.07735694822888284,0.1031578947368421,0.7777777777777778,27.066666666666666,0.0,0.9103686451648609,0.4710354223433244,2,122.25,0,Sector_14,Ministry_8,Agency_22,0,0,0,0,0,0,0
PRJ-C2B944C4,2022-01-01,3.041111111111107,0.039257142857142845,0.07371428571428572,0.07371428571428572,0.09835227272727273,0.3333333333333333,14.0,0.0,0.8224711882182997,0.0,28,175.0,0,Sector_20,Ministry_3,Agency_10,0,0,0,0,0,0,0
PRJ-C2C175FB,2022-01-01,14.306086956521739,0.06261603375527422,0.09129395218002813,0.09129395218002813,0.633846153846154,0.5,26.9,0.0,0.9221943638605617,0.29091420534458506,223,237.0,0,Sector_3,Ministry_5,Agency_38,0,0,0,0,0,0,0
PRJ-C2DE0BB8,2022-01-01,4.260000000000005,0.026919431279620817,0.07363349131121642,0.08592417061611374,999.0,0.0,0.0,54.834147071223605,1.5027700616372672,0.9086887835703003,125,211.0,0,Sector_16,Ministry_10,Agency_39,0,0,0,0,1,0,0
PRJ-C31AF2DC,2022-01-01,18.81637193382772,-0.042227979274611395,-0.042227979274611395,-0.042227979274611395,0.07285714285714286,0.5,37.46666666666667,0.0,1.220532320293682,0.0,177,193.0,0,Sector_16,Ministry_2,Agency_20,0,0,0,0,0,0,0
PRJ-C34F5966,2022-01-01,25.930000000000007,-0.009921259842519726,0.10802631578947366,0.08619273301737755,999.0,1.0,21.0,99.23432305234525,1.8121202189932715,1.2517105263157895,44,126.6,1,Sector_12,Ministry_6,Agency_46,0,0,0,0,1,1,0
PRJ-C3BFC906,2022-01-01,15.772538631346578,0.01995192307692307,0.05403846153846154,0.05403846153846154,0.06980537534754401,1.0,44.36666666666667,0.0,1.1472885391114194,0.0,110,208.0,0,Sector_15,Ministry_8,Agency_22,0,0,0,0,0,1,0
PRJ-C3FA1F02,2022-01-01,6.736357615894036,-0.09734939759036143,0.07112449799196788,0.07590361445783134,0.10579734219269103,0.2,12.566666666666666,0.0,1.2378305032206656,1.1117670682730922,40,83.0,0,Sector_10,Ministry_10,Agency_36,0,0,0,0,0,0,0
PRJ-C46AD91F,2022-01-01,0.0,0.06813008130081297,0.09326086956521737,0.0933469387755102,0.0,1.0,20.933333333333334,0.0,0.9545529938629955,0.08614130434782606,136,122.5,1,Sector_16,Ministry_5,Agency_31,0,0,0,0,0,1,1
PRJ-C46E4150,2022-01-01,0.0,0.1530681818181818,0.10325757575757577,0.1167931688804554,0.0,1.0,12.2,0.0,0.8915044182891503,0.934280303030303,281,87.77777777777777,1,Sector_4,Ministry_7,Agency_31,0,0,0,0,0,1,1
PRJ-C48CCA98,2022-01-01,0.8885578446909648,0.1971875,0.1971875,0.1971875,0.1607,0.0,0.0,0.0,1.504422170782583,0.0,40,96.0,0,Sector_13,Ministry_6,Agency_38,0,0,0,0,1,0,0
PRJ-C4976172,2022-01-01,0.0,0.4261111111111112,0.3063125,0.29828125,0.0,0.5714285714285714,4.2,0.0,0.9334050693448112,0.4559375000000001,1081,53.333333333333336,0,Sector_4,Ministry_6,Agency_39,0,0,0,0,0,0,0
PRJ-C4D127F1,2022-01-01,33.61630738522954,0.11438016528925617,0.12272727272727271,0.12272727272727271,0.489396551724138,1.0,7.333333333333333,0.0,0.8953707575223064,0.0,23,121.0,0,Sector_12,Ministry_8,Agency_29,0,0,0,0,0,1,0
PRJ-C4FA4209,2022-01-01,0.0,0.19911392405063297,0.13322033898305083,0.15549893842887472,0.0,1.0,10.366666666666667,68.29406296730389,1.6853857656710989,1.0794491525423728,211,78.5,1,Sector_7,Ministry_9,Agency_47,0,0,0,0,1,1,1
PRJ-C516BD79,2022-01-01,17.62987699877,0.06402173913043463,0.09570909090909088,0.10603636363636362,0.29930000000000007,1.0,11.0,0.0,1.0471081467776922,2.744436363636363,72,91.66666666666667,1,Sector_12,Ministry_5,Agency_46,0,0,0,0,0,1,0
PRJ-C5258C8B,2022-01-01,12.830651558073662,0.06245412844036696,0.06245412844036696,0.06245412844036696,0.07321290322580645,1.0,42.06666666666667,0.0,2.306486455623648,0.0,119,436.0,0,Sector_7,Ministry_8,Agency_19,0,0,0,0,1,1,1
PRJ-C5306A3C,2022-01-01,5.756581196581195,0.3251470588235294,0.1350485436893204,0.19673469387755102,0.2232727272727273,0.6666666666666666,9.066666666666666,123.29283059835485,2.3739913558800962,4.605582524271845,64,68.6,0,Sector_11,Ministry_1,Agency_45,0,0,0,0,1,0,0
PRJ-C55CF942,2022-01-01,4.640224215246636,0.1614814814814815,0.1614814814814815,0.1614814814814815,0.09528347406513872,0.5,23.466666666666665,0.0,1.04400610791949,0.0,70,108.0,0,Sector_13,Ministry_1,Agency_33,0,0,0,0,0,0,0
PRJ-C57E2165,2022-01-01,12.027043580683156,0.0,0.0,0.0,0.07050193050193049,0.0,0.0,0.0,0.719891545646533,0.0,327,0.0,0,Sector_6,Ministry_8,Agency_14,0,0,0,0,0,0,0
PRJ-C57EED2A,2022-01-01,0.0,0.1305660377358491,0.1342038216560509,0.19885350318471337,0.0,0.2222222222222222,2.433333333333333,0.0,0.9700680794430793,1.0909554140127387,764,52.25,0,Sector_16,Ministry_5,Agency_27,0,0,0,0,0,0,0
PRJ-C5A53AB6,2022-01-01,9.799999999999997,-0.11172413793103456,0.12005780346820807,0.11988439306358382,999.0,0.18181818181818182,1.8333333333333333,0.0,1.041180933899759,0.4578612716763008,620,57.7,0,Sector_12,Ministry_6,Agency_2,0,0,0,0,0,0,0
PRJ-C5E07A26,2022-01-01,5.319999999999993,0.037058823529411915,0.10098039215686279,0.0398529411764706,999.0,0.18181818181818182,13.1,51.856938643944275,1.6047848165567657,0.8641176470588237,528,68.0,0,Sector_5,Ministry_5,Agency_34,0,0,0,0,1,0,0
PRJ-C5E1AE8A,2022-01-01,6.207573221757318,0.22428571428571434,0.22428571428571434,0.22428571428571434,0.15224279835390944,0.5,12.266666666666667,0.0,3.0936364836675554,0.0,77,77.0,0,Sector_9,Ministry_8,Agency_3,0,0,0,0,1,0,0
PRJ-C634E6EB,2022-01-01,14.079636963696359,0.07450819672131151,0.062343324250681224,0.0645170068027211,0.40249999999999986,1.0,25.733333333333334,0.0,0.9544042095954355,0.43027247956403275,66,122.5,1,Sector_12,Ministry_4,Agency_12,0,0,0,0,0,1,0
PRJ-C6488722,2022-01-01,18.877582748244734,0.04162561576354679,0.04162561576354679,0.04162561576354679,0.1332460732984293,1.0,17.766666666666666,0.0,1.1434414781824958,0.0,19,203.0,0,Sector_6,Ministry_8,Agency_3,0,0,0,0,0,1,1
PRJ-C6641E79,2022-01-01,1.8604607046070463,0.0,0.0,0.0,0.06934763948497853,0.0,0.0,0.0,1.5872727321157676,0.0,74,0.0,0,Sector_9,Ministry_1,Agency_27,0,0,0,0,1,0,0
PRJ-C67A00E7,2022-01-01,0.0,0.1008163265306122,0.15393103448275858,0.1746206896551724,0.0,0.25,5.6,0.0,0.9965858148027195,3.2448275862068967,422,48.36363636363637,0,Sector_2,Ministry_10,Agency_27,0,0,0,0,0,0,0
PRJ-C6801C2A,2022-01-01,7.25,0.0843410852713178,0.15054545454545454,0.14391812865497075,999.0,0.4,13.133333333333333,126.08636074997493,2.5387716854743547,11.192571428571426,409,128.25,0,Sector_3,Ministry_3,Agency_4,0,0,0,0,1,0,0
PRJ-C68B0E0D,2022-01-01,3.6524616626311612,0.019537037037037033,0.06209230769230769,0.0759076923076923,0.08914549653579677,0.2857142857142857,21.066666666666666,0.0,1.0285325150808868,0.18664615384615382,48,108.33333333333333,0,Sector_2,Ministry_7,Agency_5,0,0,0,0,0,0,0
PRJ-C6A7C2DB,2022-01-01,8.38151067323481,0.0,0.0,0.0,0.18022944550669218,1.0,6.633333333333334,0.0,3.48882732685482,0.0,20,0.0,0,Sector_8,Ministry_6,Agency_18,0,0,0,0,1,1,0
PRJ-C6B3DE5A,2022-01-01,0.0,0.2471874999999999,0.3158510638297872,0.28132978723404256,0.0,0.0,0.0,0.0,0.9388478943291614,0.5589361702127659,367,31.272727272727273,0,Sector_11,Ministry_1,Agency_39,0,0,0,0,0,0,0
PRJ-C6FA6F43,2022-01-01,7.541533657182505,0.06430693069306932,0.07024793388429752,0.07024793388429752,0.08401162790697675,0.5,34.2,0.0,1.0843904793949632,0.3636528925619835,119,201.66666666666666,0,Sector_8,Ministry_6,Agency_19,0,0,0,0,0,0,0
PRJ-C70A00B5,2022-01-01,8.35810572687225,0.026814159292035407,0.06782352941176471,0.06782352941176471,0.08366421568627451,0.25,21.266666666666666,0.0,1.3456155438406907,2.8178235294117644,93,113.33333333333333,0,Sector_19,Ministry_1,Agency_20,0,0,0,0,0,0,0
PRJ-C72FF1D8,2022-01-01,14.355294117647055,0.003973509933774844,0.05902439024390245,0.04013315579227696,0.07811827956989247,0.8333333333333334,36.36666666666667,0.0,1.2975922397665551,0.24467849223946783,55,150.2,0,Sector_7,Ministry_10,Agency_33,0,0,0,0,0,0,0
PRJ-C7535BCF,2022-01-01,12.514794520547948,0.020428571428571424,0.020428571428571424,0.020428571428571424,0.06687010954616589,1.0,37.8,0.0,0.8404457196411944,0.0,55,210.0,0,Sector_13,Ministry_5,Agency_13,0,0,0,0,0,1,0
PRJ-C7B60FAE,2022-01-01,11.957142857142841,0.16894736842105268,0.06726562500000001,0.07245853658536586,0.522222222222222,1.0,22.9,0.0,1.0348289146704395,0.21419921875,38,170.83333333333334,1,Sector_15,Ministry_7,Agency_49,0,0,0,0,0,1,0
PRJ-C7B95F22,2022-01-01,0.0,0.15202380952380948,0.15186507936507937,0.17807539682539683,0.0,0.2857142857142857,10.666666666666666,0.0,0.9525636007827788,0.19007936507936504,197,84.0,0,Sector_18,Ministry_1,Agency_4,0,0,0,0,0,0,0
PRJ-C7F0C431,2022-01-01,19.64224516988674,0.07589090909090908,0.07589090909090908,0.07589090909090908,0.09367768595041323,1.0,35.9,0.0,1.0618939707657888,0.0,225,275.0,0,Sector_9,Ministry_6,Agency_11,0,0,0,0,0,1,0
PRJ-C85514D5,2022-01-01,4.25,-0.08864864864864867,0.22458715596330278,0.20646788990825687,999.0,0.25,2.566666666666667,0.0,1.026036518888439,2.1559633027522938,323,36.36363636363637,0,Sector_16,Ministry_4,Agency_37,0,0,0,0,0,0,0
PRJ-C8599480,2022-01-01,17.882619324796277,0.0,0.0,0.0,0.07479591836734693,1.0,40.833333333333336,0.0,1.4160794771597889,0.0,197,0.0,0,Sector_18,Ministry_9,Agency_14,0,0,0,0,0,1,1
PRJ-C8A2D094,2022-01-01,2.5600000000000023,0.6338709677419352,0.36989247311827955,0.2883783783783784,999.0,0.3,0.7333333333333333,0.0,0.9972417622511816,2.475268817204301,297,30.77777777777778,0,Sector_16,Ministry_3,Agency_39,0,0,0,0,0,0,0
PRJ-C8D21B64,2022-01-01,3.6108108108108112,0.0,0.0,0.0,0.1129161118508655,1.0,19.7,0.0,0.903434553345491,0.0,1,0.0,0,Sector_9,Ministry_4,Agency_5,0,0,0,0,0,1,0
PRJ-C8E7990B,2022-01-01,0.0,0.09175000000000004,0.23058333333333333,0.26375,0.0,0.4,1.9666666666666666,0.0,1.022171740118128,1.2600833333333332,821,40.0,0,Sector_6,Ministry_4,Agency_33,0,0,0,0,0,0,0
PRJ-C90152BE,2022-01-01,2.3089536031589333,0.0,0.0,0.0,0.10162468513853903,0.0,0.0,0.0,0.3736704949960261,0.0,76,0.0,0,Sector_17,Ministry_3,Agency_37,0,0,0,0,0,0,0
PRJ-C9333357,2022-01-01,-3.6902479338842937,0.20625,0.20625,0.20625,0.15676674364896073,0.0,0.0,0.0,2.138137289899891,0.0,13,80.0,0,Sector_17,Ministry_2,Agency_4,0,0,0,0,1,0,0
PRJ-C96FA228,2022-01-01,-3.149600296076983,0.14210810810810812,0.09138738738738739,0.1002027027027027,0.0631958762886598,0.4,31.6,156.20054777845408,2.3732417557598753,0.9996036036036036,136,185.0,0,Sector_9,Ministry_3,Agency_28,0,0,0,0,1,0,0
PRJ-C97B0AA1,2022-01-01,16.540000000000006,0.06344537815126049,0.08848314606741571,0.09495786516853932,999.0,1.0,16.1,0.0,1.008187503293142,0.7915730337078652,29,118.66666666666667,1,Sector_9,Ministry_3,Agency_3,0,0,0,0,0,1,0
PRJ-C982F116,2022-01-01,5.476827309236949,0.0981045751633987,0.0981045751633987,0.0981045751633987,0.0872715736040609,0.0,0.0,0.0,1.5272601690212624,0.0,152,153.0,0,Sector_6,Ministry_2,Agency_34,0,0,0,0,1,0,0
PRJ-C9F84BF9,2022-01-01,2.0400000000000063,0.013595505617977458,0.10424812030075184,0.0806954887218045,999.0,1.0,13.233333333333333,0.0,0.9670032448398947,5.352857142857141,326,88.7,1,Sector_1,Ministry_1,Agency_36,0,0,0,0,0,1,1
PRJ-CA02DD85,2022-01-01,6.339033255993819,0.10286624203821652,0.06482539682539681,0.06482539682539681,0.08646043165467626,0.3333333333333333,25.333333333333332,0.0,0.8896623786081868,0.0,126,157.5,0,Sector_20,Ministry_8,Agency_37,0,0,0,0,0,0,0
PRJ-CA1470D3,2022-01-01,0.08826498422712348,0.13057692307692306,0.19424050632911394,0.1664240506329114,0.15806949806949805,0.42857142857142855,7.4,0.0,1.0310940773214723,0.33601265822784815,7,52.666666666666664,0,Sector_1,Ministry_7,Agency_8,0,0,0,0,0,0,0
PRJ-CA182BAA,2022-01-01,2.480000000000004,0.23695652173913026,0.23211678832116786,0.2546153846153846,999.0,0.5,3.3,0.0,0.9543578262635026,8.673138686131386,500,45.57142857142857,0,Sector_7,Ministry_9,Agency_48,0,0,0,0,0,0,0
PRJ-CA1FA9E2,2022-01-01,13.093878627968337,0.06312080536912752,0.06516237402015677,0.06516237402015677,0.19066666666666662,0.25,8.133333333333333,0.0,0.9918092110419693,0.39646136618141103,221,297.6666666666667,0,Sector_7,Ministry_2,Agency_6,0,0,0,0,0,0,0
PRJ-CA30B57C,2022-01-01,0.0,0.10058064516129034,0.12694623655913978,0.14324193548387096,0.0,0.4,16.566666666666666,28.502532928064838,1.3320770010131713,0.41397849462365593,486,155.0,0,Sector_19,Ministry_5,Agency_42,0,0,0,0,1,0,0
PRJ-CA50D70F,2022-01-01,0.0,0.05083916083916081,0.09238317757009346,0.07407710280373832,0.0,1.0,21.633333333333333,0.0,0.9416913458374466,0.10539719626168224,153,142.625,1,Sector_1,Ministry_8,Agency_42,0,0,0,0,0,1,1
PRJ-CA76BE16,2022-01-01,3.9156097560975596,-0.07717557251908397,0.057563451776649746,0.06052096569250318,0.06881410256410256,0.5714285714285714,33.43333333333333,0.0,2.111667855358639,2.2731979695431472,57,131.16666666666666,0,Sector_16,Ministry_3,Agency_47,0,0,0,0,1,0,0
PRJ-CA938CBB,2022-01-01,3.0698039215686244,0.11807339449541285,0.11807339449541285,0.11807339449541285,0.08502164502164503,0.5,26.1,0.0,0.5503715017840444,0.0,82,109.0,0,Sector_18,Ministry_2,Agency_39,0,0,0,0,0,0,0
PRJ-CAA240CB,2022-01-01,11.683690270581465,0.04260563380281688,0.04663529411764706,0.06260930888575458,0.07288335517693316,1.0,41.1,0.0,1.0393025360690793,0.5298117647058824,124,141.8,0,Sector_6,Ministry_10,Agency_8,0,0,0,0,0,0,0
PRJ-CAA41654,2022-01-01,-6.316808510638303,0.2537142857142858,0.21440758293838866,0.21440758293838866,0.17687499999999998,0.25,5.466666666666667,0.0,1.1191941727310806,1.7581516587677724,13,70.33333333333333,0,Sector_20,Ministry_5,Agency_46,0,0,0,0,0,0,0
PRJ-CABF076E,2022-01-01,10.36,0.0510144927536232,0.067,0.07786266924564797,999.0,0.5,28.9,0.0,1.1203366297721609,0.15604838709677418,100,206.8,0,Sector_7,Ministry_8,Agency_17,0,0,0,0,0,0,0
PRJ-CAC9C19A,2022-01-01,23.779148936170216,0.05417808219178082,0.05171232876712328,0.05171232876712328,0.15523809523809526,1.0,14.933333333333334,0.0,0.9097563023523334,0.0,108,146.0,0,Sector_12,Ministry_4,Agency_46,0,0,0,0,0,1,0
PRJ-CB23A2FA,2022-01-01,0.0,0.07827586206896554,0.1779310344827586,0.14932950191570882,0.0,0.2857142857142857,7.266666666666667,0.0,1.0218332621821065,0.5444444444444445,170,87.0,0,Sector_6,Ministry_2,Agency_29,0,0,0,0,0,0,0
PRJ-CB914FD1,2022-01-01,-1.158076256499129,0.07217391304347819,0.08159420289855071,0.09896925858951175,0.08410989010989012,0.42857142857142855,23.266666666666666,0.0,0.8196410944657567,0.9768478260869565,54,92.16666666666667,0,Sector_6,Ministry_10,Agency_41,0,0,0,0,0,0,0
PRJ-CC04892E,2022-01-01,20.17703971119133,0.060058139534883724,0.060058139534883724,0.060058139534883724,0.09449723756906077,1.0,31.566666666666666,0.0,1.683339433566297,0.0,136,172.0,0,Sector_20,Ministry_1,Agency_47,0,0,0,0,0,1,0
PRJ-CC0704C9,2022-01-01,0.0,0.3716129032258063,0.283956043956044,0.28170329670329675,0.0,0.0,0.0,0.0,0.980393658573945,0.35054945054945047,1072,30.272727272727273,0,Sector_7,Ministry_2,Agency_9,0,0,0,0,0,0,0
PRJ-CC12186D,2022-01-01,10.864117647058826,0.18935714285714284,0.18935714285714284,0.18935714285714284,0.14532494758909853,1.0,16.333333333333332,0.0,1.5650631031113986,0.0,60,140.0,0,Sector_9,Ministry_2,Agency_13,0,0,0,0,1,1,0
PRJ-CC295E67,2022-01-01,9.217813765182186,0.07848484848484849,0.05560606060606061,0.05560606060606061,0.07701863354037268,0.6666666666666666,30.433333333333334,0.0,1.2575197878697972,0.0,120,132.0,0,Sector_1,Ministry_2,Agency_35,0,0,0,0,0,0,0
PRJ-CC36766C,2022-01-01,0.6899999999999977,0.016901408450704265,0.10174528301886795,0.1453191489361702,999.0,0.3,12.333333333333334,0.0,0.9714893715548609,1.1172641509433963,493,70.55555555555556,0,Sector_12,Ministry_8,Agency_31,0,0,0,0,0,0,0
PRJ-CC9A50F0,2022-01-01,3.0600000000000023,-0.011153846153846212,0.15628205128205128,0.09136752136752137,999.0,0.45454545454545453,16.666666666666668,63.049992864957424,1.665971841130782,0.5039743589743588,358,78.0,0,Sector_19,Ministry_10,Agency_30,0,0,0,0,1,0,0
PRJ-CCA29E5D,2022-01-01,2.88384615384615,0.0476,0.06877777777777778,0.06877777777777778,0.07503968253968253,0.25,20.0,0.0,1.059332174893886,0.5735777777777776,48,150.0,0,Sector_4,Ministry_5,Agency_30,0,0,0,0,0,0,0
PRJ-CCA67ABA,2022-01-01,2.0428571428571445,0.0838461538461538,0.14336182336182335,0.14336182336182335,0.146606334841629,0.0,0.0,0.0,1.0472194176885665,1.884871794871795,39,117.0,0,Sector_18,Ministry_1,Agency_49,0,0,0,0,0,0,0
PRJ-CCCCDF20,2022-01-01,12.914992319508446,0.10354838709677418,0.10354838709677418,0.10354838709677418,0.18378504672897195,1.0,1.8333333333333333,0.0,1.0821078168787883,0.0,38,93.0,0,Sector_9,Ministry_4,Agency_41,0,0,0,0,0,1,0
PRJ-CCE1D707,2022-01-01,29.930000000000007,0.14532846715328465,0.11414043583535108,0.11524500907441015,999.0,1.0,11.266666666666667,0.0,2.099914178233066,0.4550121065375303,48,137.75,1,Sector_1,Ministry_5,Agency_48,0,0,0,0,1,1,1
PRJ-CCE31653,2022-01-01,0.0,0.10204545454545459,0.15095419847328242,0.11315487571701721,0.0,0.3,17.1,0.0,0.9741983307709202,2.819503816793893,298,87.11111111111111,0,Sector_11,Ministry_7,Agency_10,0,0,0,0,0,0,0
PRJ-CD064E10,2022-01-01,18.48039145907473,0.0,0.0,0.0,0.14852750809061488,1.0,15.3,0.0,0.7838184993598339,0.0,80,0.0,0,Sector_1,Ministry_5,Agency_37,0,0,0,0,0,1,0
PRJ-CD0C4381,2022-01-01,0.7449326718639213,0.08110465116279071,0.08666666666666668,0.0871124031007752,0.07651515151515147,0.5714285714285714,33.166666666666664,0.0,0.9575778027333223,0.4433333333333333,75,172.0,0,Sector_19,Ministry_5,Agency_25,0,0,0,0,0,0,0
PRJ-CD11AC51,2022-01-01,2.770200573065903,0.0,0.0,0.0,0.059560618388934096,0.0,0.0,0.0,0.7529510551439618,0.0,174,0.0,0,Sector_15,Ministry_9,Agency_13,0,0,0,0,0,0,0
PRJ-CD11E76E,2022-01-01,16.76518518518518,0.0,0.0,0.0,0.19423809523809524,1.0,12.3,0.0,1.3329444242940895,0.0,48,0.0,0,Sector_12,Ministry_8,Agency_12,0,0,0,0,0,1,0
PRJ-CD421056,2022-01-01,8.059685230024215,0.06440677966101697,0.0739622641509434,0.08564479638009051,0.16212121212121208,0.6666666666666666,28.4,0.0,1.0455195562931672,0.21803773584905659,80,176.8,0,Sector_12,Ministry_2,Agency_31,0,0,0,0,0,0,0
PRJ-CD73D8F7,2022-01-01,0.0,0.2535593220338982,0.2790285714285714,0.2618556701030928,0.0,0.3333333333333333,3.433333333333333,0.0,1.0333748631404085,1.3365714285714285,893,58.2,0,Sector_13,Ministry_6,Agency_17,0,0,0,0,0,0,0
PRJ-CD76D0F8,2022-01-01,58.31113530326594,0.09363228699551569,0.09363228699551569,0.09363228699551569,1.0526153846153847,1.0,11.866666666666667,0.0,1.9363378578071424,0.0,132,223.0,0,Sector_10,Ministry_4,Agency_26,0,0,0,0,1,1,0
PRJ-CDAE200F,2022-01-01,0.0,0.15247524752475253,0.18894389438943895,0.19544554455445545,0.0,0.0,0.0,0.0,0.9807470441790062,4.556963696369637,768,101.0,0,Sector_19,Ministry_2,Agency_12,0,0,0,0,0,0,0
PRJ-CDD38A2D,2022-01-01,0.0799999999999983,0.09904761904761908,0.09789893617021277,0.08311170212765957,999.0,0.5555555555555556,25.0,0.0,0.9722249067225295,0.70875,244,125.375,0,Sector_17,Ministry_2,Agency_30,0,0,0,0,0,0,0
PRJ-CDE31ED5,2022-01-01,0.0,0.15370370370370373,0.13983471074380166,0.14523809523809525,0.0,1.0,12.033333333333333,0.0,0.9925672585138674,2.766033057851239,691,80.5,1,Sector_20,Ministry_9,Agency_6,0,0,0,0,0,1,1
PRJ-CDFD4FBB,2022-01-01,11.086529209621993,0.04488372093023259,0.06483720930232559,0.06483720930232559,0.07280112044817927,0.75,42.93333333333333,0.0,0.8295011927768471,0.2774108527131783,173,215.0,0,Sector_10,Ministry_3,Agency_28,0,0,0,0,0,0,0
PRJ-CE403CD0,2022-01-01,-12.07586558044806,0.36142857142857143,0.2775862068965517,0.2740495867768595,0.14267676767676768,0.8333333333333334,5.566666666666666,0.0,0.9000175531913609,0.34048275862068966,3,48.4,0,Sector_2,Ministry_10,Agency_36,0,0,0,0,0,0,0
PRJ-CE45876A,2022-01-01,27.450000000000003,0.0774358974358974,0.044246575342465747,0.0521936589545844,999.0,1.0,27.833333333333332,0.0,1.0506072455775075,0.8469863013698631,52,194.5,1,Sector_14,Ministry_8,Agency_10,0,0,0,0,0,1,0
PRJ-CE7AB95B,2022-01-01,0.7626912928759921,0.0,0.0,0.0,0.06656645569620254,0.0,0.0,0.0,1.0898844451196592,0.0,65,0.0,0,Sector_4,Ministry_3,Agency_6,0,0,0,0,0,0,0
PRJ-CEE25E7C,2022-01-01,16.346912585244887,0.04717868338557994,0.04717868338557994,0.04717868338557994,0.0828735632183908,0.5,28.266666666666666,0.0,1.1586489950627188,0.0,192,319.0,0,Sector_18,Ministry_8,Agency_27,0,0,0,0,0,0,0
PRJ-CF00CCE8,2022-01-01,2.2900000000000063,0.057889908256880625,0.11607361963190183,0.0771165644171779,999.0,0.45454545454545453,25.433333333333334,131.93940350323493,2.332085522227351,0.3927607361963189,227,108.6,0,Sector_20,Ministry_8,Agency_11,0,0,0,0,1,0,0
PRJ-CF18C62B,2022-01-01,30.678581293157563,0.028360655737704916,0.028360655737704916,0.028360655737704916,0.1336258660508083,1.0,7.233333333333333,0.0,0.9831616939337335,0.0,306,427.0,0,Sector_19,Ministry_2,Agency_25,0,0,0,0,0,1,0
PRJ-CFAB6229,2022-01-01,22.04911209766925,-0.009222222222222203,0.014611111111111113,0.03961111111111111,0.11921965317919075,1.0,43.06666666666667,111.38309532508381,2.4547053171379796,0.6325185185185186,16,180.0,1,Sector_9,Ministry_5,Agency_38,0,0,0,0,1,1,0
PRJ-CFFF8C1B,2022-01-01,-5.034740061162076,0.14005524861878454,0.09483455882352942,0.09483455882352942,0.06736462093862816,0.75,30.4,0.0,2.2660133077228206,6.970055147058823,29,181.33333333333334,0,Sector_9,Ministry_4,Agency_40,0,0,0,0,1,0,0
PRJ-D0093294,2022-01-01,16.89901577761082,0.08722727272727272,0.08722727272727272,0.08722727272727272,0.09955202312138728,1.0,31.0,0.0,1.1552088140468932,0.0,199,220.0,0,Sector_15,Ministry_1,Agency_48,0,0,0,0,0,0,0
PRJ-D09D81CA,2022-01-01,-0.2676623376623368,0.21235955056179773,0.1535393258426966,0.1535393258426966,0.10744927536231884,1.0,18.966666666666665,0.0,1.2630879032485154,0.0,45,178.0,0,Sector_4,Ministry_2,Agency_19,0,0,0,0,1,1,1
PRJ-D0CA0AFC,2022-01-01,7.757997265892001,0.0,0.0,0.0,0.07640041493775934,0.0,0.0,0.0,0.9184717756167093,0.0,214,0.0,0,Sector_12,Ministry_1,Agency_3,0,0,0,0,1,0,0
PRJ-D149DAB4,2022-01-01,1.6200000000000045,0.13580645161290314,0.17556451612903226,0.15181451612903224,999.0,0.4,9.533333333333333,0.0,1.0411479659701444,1.1031182795698926,560,124.0,0,Sector_1,Ministry_5,Agency_4,0,0,0,0,0,0,0
PRJ-D14B4B5A,2022-01-01,-3.240850202429151,0.11976878612716764,0.06226086956521739,0.06226086956521739,0.07641350210970464,0.3333333333333333,23.433333333333334,0.0,0.8338344680685758,0.0,7,172.5,0,Sector_5,Ministry_2,Agency_37,0,0,0,0,0,0,0
PRJ-D15C33B3,2022-01-01,6.424927857935629,0.036918238993710696,0.02510460251046025,0.02510460251046025,0.06159544159544159,0.25,30.233333333333334,0.0,1.7624619556141898,0.28089958158995815,112,159.33333333333334,0,Sector_15,Ministry_7,Agency_33,0,0,0,0,1,0,0
PRJ-D17F275B,2022-01-01,16.807253886010372,0.04773255813953489,0.05297872340425532,0.05290275761973875,0.09050535987748852,1.0,35.2,0.0,1.0700272691112742,1.1161895551257255,30,172.25,0,Sector_10,Ministry_5,Agency_41,0,0,0,0,0,1,0
PRJ-D18230E4,2022-01-01,10.60228650137742,0.09897435897435895,0.0692307692307692,0.07218783351120596,0.23453125000000008,0.75,29.666666666666668,0.0,0.968502187204047,0.061602564102564115,139,156.14285714285714,0,Sector_7,Ministry_8,Agency_21,0,0,0,0,0,0,0
PRJ-D1987018,2022-01-01,11.940151228733463,0.08488235294117646,0.05086274509803921,0.05374117647058824,0.09249382716049383,0.6666666666666666,33.166666666666664,0.0,1.0010149237572925,0.8237450980392157,162,170.0,0,Sector_9,Ministry_9,Agency_49,0,0,0,0,0,0,0
PRJ-D1D20619,2022-01-01,5.154226804123709,0.06551948051948052,0.06551948051948052,0.06551948051948052,0.11096183206106872,0.5,16.566666666666666,0.0,2.7821166826255403,0.0,8,154.0,0,Sector_8,Ministry_7,Agency_45,0,0,0,0,1,0,0
PRJ-D1D348B1,2022-01-01,0.0,0.1193129770992366,0.11762755102040816,0.12013761467889907,0.0,0.16666666666666666,12.9,0.0,1.094802393986958,2.4320918367346938,510,130.8,0,Sector_18,Ministry_8,Agency_49,0,0,0,0,0,0,0
PRJ-D1DF584B,2022-01-01,4.1200000000000045,0.06885714285714287,0.10074162679425835,0.11892395982783358,999.0,0.5,18.633333333333333,0.0,0.9951327845169055,0.6494019138755981,306,139.4,0,Sector_5,Ministry_3,Agency_47,0,0,0,0,0,0,0
PRJ-D23A1A2F,2022-01-01,7.84961038961039,0.0,0.0,0.0,0.17886315789473686,0.0,0.0,0.0,1.9680354525890187,0.0,58,0.0,0,Sector_14,Ministry_5,Agency_34,0,0,0,0,1,0,0
PRJ-D252B71F,2022-01-01,0.0,0.22608695652173905,0.14199029126213591,0.1596601941747573,0.0,0.7,10.3,0.0,0.9275396085740915,0.12975728155339808,704,68.66666666666667,0,Sector_6,Ministry_9,Agency_45,0,0,0,0,0,0,0
PRJ-D304027B,2022-01-01,12.542857142857137,0.11857142857142866,0.19096000000000002,0.2008133971291866,0.3289855072463768,0.3333333333333333,1.0,0.0,1.1107967103355265,0.72976,32,41.8,0,Sector_9,Ministry_7,Agency_15,0,0,0,0,0,0,0
PRJ-D31D65D7,2022-01-01,1.1700000000000017,0.06929292929292928,0.05783783783783785,0.11761421319796952,999.0,1.0,15.733333333333333,107.97140063124732,1.9508226101690245,2.79777027027027,321,98.55555555555556,1,Sector_14,Ministry_4,Agency_41,0,0,0,0,1,1,1
PRJ-D37782F1,2022-01-01,1.0469442131556974,0.05331360946745565,0.08383399209486167,0.08368577075098814,0.34499999999999886,0.42857142857142855,27.333333333333332,0.0,1.032299023575082,0.28998023715415017,17,168.66666666666666,0,Sector_16,Ministry_6,Agency_34,0,0,0,0,0,0,0
PRJ-D3BF3DA6,2022-01-01,6.359999999999999,0.030166666666666706,0.0873888888888889,0.10384401114206128,999.0,0.18181818181818182,7.133333333333334,46.22285338228674,1.3475407279070235,0.9290555555555556,334,59.8,0,Sector_9,Ministry_7,Agency_7,0,0,0,0,1,0,0
PRJ-D3D831EE,2022-01-01,17.357759103641456,0.03550847457627119,0.03550847457627119,0.03550847457627119,0.07734643734643734,0.5,31.7,0.0,2.062357982264941,0.0,263,354.0,0,Sector_9,Ministry_2,Agency_40,0,0,0,0,1,0,0
PRJ-D3DEBE54,2022-01-01,19.22368956743002,0.0,0.0,0.0,0.16089316987740807,1.0,13.6,0.0,0.7349214087126423,0.0,107,0.0,0,Sector_19,Ministry_2,Agency_44,0,0,0,0,0,1,0
PRJ-D3EFE284,2022-01-01,0.0,0.06357798165137614,0.07271056661562021,0.0750872359963269,0.0,0.16666666666666666,24.466666666666665,0.0,1.007059283758313,0.4094946401225115,79,217.8,0,Sector_13,Ministry_8,Agency_34,0,0,0,0,0,0,0
PRJ-D3F2FD30,2022-01-01,32.58621301775148,0.029786476868327392,0.029786476868327392,0.029786476868327392,0.13748538011695907,1.0,5.866666666666666,0.0,0.9376871057663243,0.0,277,281.0,0,Sector_11,Ministry_2,Agency_8,0,0,0,0,0,1,0
PRJ-D3F7CB35,2022-01-01,17.495204460966544,0.0,0.0,0.0,0.23953987730061352,1.0,2.433333333333333,0.0,0.759430955133683,0.0,32,0.0,0,Sector_12,Ministry_3,Agency_45,0,0,0,0,0,1,0
PRJ-D43BF48E,2022-01-01,10.840722891566266,0.0,0.0,0.0,0.0689694041867955,1.0,40.13333333333333,0.0,0.8852351987453929,0.0,25,0.0,0,Sector_15,Ministry_5,Agency_20,0,0,0,0,1,1,1
PRJ-D48E3BED,2022-01-01,2.0123249299719888,0.10019108280254778,0.05888888888888889,0.05888888888888889,0.05765182186234818,0.3333333333333333,38.7,0.0,0.4990614239606174,0.0,78,157.5,0,Sector_15,Ministry_6,Agency_28,0,0,0,0,0,0,0
PRJ-D4B186E0,2022-01-01,1.3100000000000023,0.03761904761904758,0.15796812749003983,0.1421556886227545,999.0,1.0,8.0,0.0,0.8636167631095755,0.6437051792828685,668,83.57142857142857,1,Sector_1,Ministry_5,Agency_41,0,0,0,0,0,1,1
PRJ-D4FB3179,2022-01-01,0.0,0.3732653061224491,0.2653424657534247,0.2616838487972509,0.0,0.5,3.3666666666666667,0.0,0.9456667288854984,2.0343835616438355,516,48.57142857142857,0,Sector_1,Ministry_7,Agency_26,0,0,0,0,0,0,0
PRJ-D511D5E2,2022-01-01,7.230000000000004,0.027007874015747974,0.07718421052631579,0.06650856389986824,999.0,0.3333333333333333,15.633333333333333,0.0,1.0595066940823332,6.52078947368421,129,126.5,0,Sector_8,Ministry_9,Agency_46,0,0,0,0,0,0,0
PRJ-D5213E32,2022-01-01,19.871179698216736,0.0,0.0,0.0,0.1847129186602871,1.0,4.633333333333334,0.0,1.0798704547559523,0.0,27,0.0,0,Sector_19,Ministry_1,Agency_35,0,0,0,0,0,1,1
PRJ-D530541B,2022-01-01,-4.6357965343767376,0.06449367088607594,0.0701694915254237,0.06486228813559321,0.042727272727272746,0.4444444444444444,43.233333333333334,89.1022864019254,1.850095521698043,0.5198305084745763,21,157.375,0,Sector_20,Ministry_5,Agency_20,0,0,0,0,1,0,0
PRJ-D55121CF,2022-01-01,2.7099999999999937,0.12480000000000019,0.1480666666666667,0.17620000000000002,999.0,0.3333333333333333,7.466666666666667,0.0,1.073647883573455,6.877666666666667,390,50.0,0,Sector_16,Ministry_5,Agency_11,0,0,0,0,0,0,0
PRJ-D5672ABF,2022-01-01,0.0,0.1531818181818182,0.1331236442516269,0.11058631921824105,0.0,0.6,12.5,0.0,1.0298011006395609,0.9532537960954447,477,153.5,0,Sector_6,Ministry_7,Agency_12,0,0,0,0,0,0,0
PRJ-D580FA3B,2022-01-01,7.025913329676364,-0.04020000000000001,0.037955555555555555,0.04192222222222222,0.06406290956749673,0.2857142857142857,35.6,0.0,1.8538667859633107,0.11502222222222223,10,150.0,0,Sector_13,Ministry_4,Agency_27,0,0,0,0,1,0,0
PRJ-D5855C91,2022-01-01,32.2673508353222,0.0,0.0,0.0,0.3887441860465116,1.0,2.3666666666666667,0.0,0.6678694472726606,0.0,87,0.0,0,Sector_14,Ministry_8,Agency_32,0,0,0,0,0,1,0
PRJ-D5B20A74,2022-01-01,-0.17703703703703866,0.04248538011695907,0.06264132553606237,0.06264132553606237,0.05731012658227848,0.25,41.1,0.0,1.0487793176242985,0.31072124756335284,44,342.0,0,Sector_13,Ministry_1,Agency_20,0,0,0,0,0,0,0
PRJ-D5F4179C,2022-01-01,2.0701038062283885,0.056534653465346474,0.08089403973509934,0.08998347107438016,0.09420074349442381,0.25,16.533333333333335,0.0,1.143814103650634,0.8956953642384106,81,100.85714285714286,0,Sector_20,Ministry_4,Agency_33,0,0,0,0,0,0,0
PRJ-D602F048,2022-01-01,1.6500000000000057,0.049298245614034876,0.15307692307692303,0.14955621301775146,999.0,0.2727272727272727,8.166666666666666,0.0,0.9347076256364286,1.287633136094674,274,56.3,0,Sector_15,Ministry_3,Agency_6,0,0,0,0,0,0,0
PRJ-D62289FE,2022-01-01,11.522295081967215,0.0,0.0,0.0,0.07983983983983985,1.0,0.9666666666666667,0.0,2.261459464303096,0.0,192,0.0,0,Sector_8,Ministry_5,Agency_18,0,0,0,0,1,1,0
PRJ-D63CF18C,2022-01-01,6.583348017621141,0.05140287769784172,0.05140287769784172,0.05140287769784172,0.06941871921182267,1.0,5.3,0.0,0.8111330405447443,0.0,18,278.0,0,Sector_8,Ministry_8,Agency_10,0,0,0,0,0,1,1
PRJ-D6700B35,2022-01-01,-1.028905950095968,0.10930232558139534,0.08613899613899613,0.08613899613899613,0.06306737588652482,0.6666666666666666,35.766666666666666,0.0,0.8132709554510503,0.0,47,129.5,0,Sector_15,Ministry_9,Agency_45,0,0,0,0,0,0,1
PRJ-D6933388,2022-01-01,0.0,0.10842105263157892,0.1479298245614035,0.1581578947368421,0.0,0.42857142857142855,13.666666666666666,0.0,0.9163148649566676,1.2674035087719295,777,95.0,0,Sector_3,Ministry_3,Agency_10,0,0,0,0,0,0,0
PRJ-D69D25D6,2022-01-01,-9.18996038483305,0.0,0.0,0.0,0.05062946138870863,0.0,0.0,0.0,0.08027817475985304,0.0,7,0.0,0,Sector_1,Ministry_4,Agency_45,0,0,0,0,1,0,0
PRJ-D71F759D,2022-01-01,17.81349862258952,0.028343558282208615,0.06541411042944786,0.06541411042944786,0.13984063745019917,1.0,3.566666666666667,0.0,0.9172117335731088,0.0,223,326.0,1,Sector_8,Ministry_4,Agency_41,0,0,0,0,0,1,0
PRJ-D731A074,2022-01-01,4.256693830034926,0.16533333333333333,0.10491666666666667,0.10491666666666667,0.12647754137115838,0.3333333333333333,14.466666666666667,0.0,1.0290433377843637,0.0,76,120.0,0,Sector_3,Ministry_5,Agency_2,0,0,0,0,0,0,0
PRJ-D7592BE1,2022-01-01,0.5400000000000063,0.10119565217391291,0.07996363636363635,0.09769090909090909,999.0,0.45454545454545453,21.033333333333335,0.0,1.0264544926655046,2.384254545454545,335,91.7,0,Sector_16,Ministry_1,Agency_12,0,0,0,0,0,0,0
PRJ-D785C634,2022-01-01,8.329493670886077,0.0,0.0,0.0,0.069944089456869,1.0,0.6666666666666666,0.0,0.9781286695228953,0.0,150,0.0,0,Sector_13,Ministry_1,Agency_45,0,0,0,0,0,1,0
PRJ-D787CB25,2022-01-01,0.0,0.34459459459459457,0.2730630630630631,0.269954954954955,0.0,0.1,0.36666666666666664,0.0,1.0166216706290043,1.318108108108108,398,37.0,0,Sector_18,Ministry_9,Agency_31,0,0,0,0,0,0,0
PRJ-D7AA9612,2022-01-01,26.64,0.07005102040816324,0.06005102040816327,0.04304421768707484,999.0,1.0,26.0,0.0,1.003504887898673,1.0913775510204085,49,196.0,1,Sector_5,Ministry_2,Agency_11,0,0,0,0,0,1,0
PRJ-D7ABF2E2,2022-01-01,1.167737556561093,-0.011666666666666652,0.06398635477582847,0.06398635477582847,0.059562982005141395,0.5,42.166666666666664,0.0,1.1344352195368927,0.2588693957115009,11,342.0,0,Sector_18,Ministry_1,Agency_41,0,0,0,0,0,0,0
PRJ-D7D59698,2022-01-01,5.370606060606065,0.0721630094043887,0.0721630094043887,0.0721630094043887,0.06712378640776699,0.0,0.0,0.0,1.815849827105289,0.0,188,319.0,0,Sector_4,Ministry_4,Agency_21,0,0,0,0,1,0,0
PRJ-D7D613CE,2022-01-01,16.179863945578234,0.05161290322580644,0.0574932614555256,0.0821010101010101,0.1213932584269663,1.0,24.666666666666668,0.0,0.8697166265513052,1.1781940700808624,113,123.75,1,Sector_15,Ministry_4,Agency_36,0,0,0,0,0,1,0
PRJ-D8259559,2022-01-01,0.0,0.06386363636363641,0.15730769230769234,0.17588461538461536,0.0,0.25,3.0,0.0,0.9709999178057024,4.374769230769231,721,43.36363636363637,0,Sector_5,Ministry_4,Agency_9,0,0,0,0,0,0,0
PRJ-D82C8BC5,2022-01-01,6.673060648801129,0.0,0.0,0.0,0.1514866979655712,1.0,9.666666666666666,0.0,3.3848419591371823,0.0,13,0.0,0,Sector_7,Ministry_9,Agency_16,0,0,0,0,0,0,0
PRJ-D87E50F5,2022-01-01,6.682903225806452,0.0,0.0,0.0,0.08730807577268195,1.0,1.2666666666666666,0.0,0.8926835860111395,0.0,62,0.0,0,Sector_15,Ministry_2,Agency_22,0,0,0,0,0,1,1
PRJ-D89C0B63,2022-01-01,19.16415300546449,0.09705069124423961,0.08885057471264368,0.08885057471264368,0.19760368663594471,1.0,19.4,0.0,0.9179452278116874,0.0,46,217.5,1,Sector_7,Ministry_4,Agency_13,0,0,0,0,0,1,0
PRJ-D8FFAD77,2022-01-01,11.74644859813084,0.0,0.0,0.0,0.0671058475203553,1.0,41.93333333333333,0.0,1.9479075604399618,0.0,122,0.0,0,Sector_5,Ministry_9,Agency_10,0,0,0,0,0,0,0
PRJ-D91E64F6,2022-01-01,-29.744242424242422,0.2731578947368421,0.13852499999999998,0.13852499999999998,0.033467153284671536,0.5,38.43333333333333,0.0,0.7831406690483592,1.995475,21,133.33333333333334,0,Sector_16,Ministry_3,Agency_43,0,0,0,0,1,0,1
PRJ-D9417E58,2022-01-01,25.939999999999998,0.008972972972972955,0.08546931407942239,0.0827063599458728,999.0,1.0,19.266666666666666,0.0,0.9945009297575975,1.5328158844765343,49,184.75,1,Sector_6,Ministry_6,Agency_12,0,0,0,0,0,1,0
PRJ-D985106D,2022-01-01,10.01315706393055,0.08732510288065841,0.0910150891632373,0.0910150891632373,0.1448026315789474,1.0,28.8,0.0,1.0362281075882396,2.204238683127572,144,243.0,0,Sector_10,Ministry_7,Agency_27,0,0,0,0,0,0,0
PRJ-D985B2EF,2022-01-01,5.609999999999999,0.18435483870967753,0.13860215053763442,0.13319892473118278,999.0,0.5,9.966666666666667,0.0,1.0396514297863575,1.4452150537634405,622,62.0,0,Sector_6,Ministry_3,Agency_15,0,0,0,0,0,0,0
PRJ-D9A142AB,2022-01-01,4.864347826086956,0.15078431372549014,0.17763157894736842,0.17435643564356434,0.24054794520547948,0.3333333333333333,6.433333333333334,0.0,0.989200526885334,1.8500657894736845,48,50.5,0,Sector_1,Ministry_5,Agency_30,0,0,0,0,0,0,0
PRJ-D9BEF80F,2022-01-01,-1.2927617602427972,0.15572649572649572,0.08428571428571427,0.08048640915593704,0.06934343434343436,0.4444444444444444,28.966666666666665,86.8812786673045,1.7700243747996818,0.5014571428571428,72,116.5,0,Sector_8,Ministry_10,Agency_24,0,0,0,0,1,0,0
PRJ-D9F888C6,2022-01-01,1.0862880475129923,0.0,0.0,0.0,0.0751877729257642,0.0,0.0,0.0,1.0935332437477732,0.0,72,0.0,0,Sector_2,Ministry_7,Agency_39,0,0,0,0,1,0,0
PRJ-DA270C97,2022-01-01,10.427055990367247,0.0,0.0,0.0,0.06936731107205624,1.0,1.2333333333333334,0.0,1.8336017019403097,0.0,210,0.0,0,Sector_20,Ministry_9,Agency_21,0,0,0,0,1,1,0
PRJ-DA6C59F3,2022-01-01,3.2809878682842264,-0.015268817204301075,-0.015268817204301075,-0.015268817204301075,0.09010515247108307,0.5,21.066666666666666,0.0,1.0854597444310012,0.0,17,93.0,0,Sector_15,Ministry_8,Agency_27,0,0,0,0,0,0,0
PRJ-DB04BC62,2022-01-01,16.899339207048456,0.07445283018867924,0.06753459119496855,0.06753459119496855,0.3563492063492064,1.0,18.466666666666665,0.0,0.9632818154079701,0.3716729559748428,12,265.0,1,Sector_18,Ministry_7,Agency_14,0,0,0,0,0,1,1
PRJ-DB4C91BB,2022-01-01,5.73891402714932,0.12975000000000003,0.13004166666666667,0.13004166666666667,0.12459999999999999,0.5,15.8,0.0,0.8230351012876193,2.147583333333333,65,80.0,0,Sector_12,Ministry_9,Agency_33,0,0,0,0,0,0,0
PRJ-DB92E673,2022-01-01,16.459999999999994,0.07310204081632657,0.0698639455782313,0.07628571428571429,999.0,1.0,28.266666666666666,0.0,0.9757287395504574,0.2583537414965986,181,245.0,1,Sector_11,Ministry_5,Agency_38,0,0,0,0,0,1,0
PRJ-DBB91FFD,2022-01-01,0.7384900284900269,0.07568548387096774,0.07295774647887324,0.07295774647887324,0.05782212086659065,0.3333333333333333,43.166666666666664,0.0,0.7824512475336788,0.0,133,248.5,0,Sector_19,Ministry_1,Agency_35,0,0,0,0,0,0,0
PRJ-DBC18EBD,2022-01-01,1.215303867403307,0.10118644067796612,0.09602816901408452,0.09602816901408452,0.0704111111111111,0.5,32.266666666666666,0.0,0.9226407579084478,0.1236901408450704,75,118.33333333333333,0,Sector_7,Ministry_1,Agency_21,0,0,0,0,0,0,0
PRJ-DC3FD19F,2022-01-01,6.042439024390248,-0.08615894039735097,0.07662251655629139,0.07662251655629139,0.10006441223832528,0.3333333333333333,16.1,0.0,1.0375270615553116,0.0,34,151.0,0,Sector_12,Ministry_1,Agency_37,0,0,0,0,0,0,0
PRJ-DC4EB563,2022-01-01,11.894028436018942,0.11349397590361447,0.12076000000000002,0.09846307385229543,0.3103225806451612,1.0,13.8,0.0,0.9118633133884473,0.25368000000000007,31,83.5,1,Sector_15,Ministry_2,Agency_9,0,0,0,0,0,1,0
PRJ-DCADA08B,2022-01-01,16.80004086398132,0.07864077669902912,0.07864077669902912,0.07864077669902912,0.07360834088848595,1.0,40.93333333333333,0.0,0.9029945141901333,0.0,199,206.0,0,Sector_10,Ministry_8,Agency_17,0,0,0,0,0,1,0
PRJ-DCC67C2C,2022-01-01,2.032214411247793,-0.09068181818181807,0.17183206106870233,0.1913688212927757,0.18920529801324498,0.7777777777777778,5.4,0.0,0.9704528854755742,0.2451145038167939,24,43.875,0,Sector_19,Ministry_1,Agency_24,0,0,0,0,0,0,0
PRJ-DD057A30,2022-01-01,10.060000000000002,-0.040499999999999974,0.04281879194630869,0.07454697986577181,999.0,1.0,22.966666666666665,77.89730810037257,1.9038300749659358,0.6924832214765101,261,99.3,1,Sector_20,Ministry_4,Agency_12,0,0,0,0,1,1,1
PRJ-DD0A8592,2022-01-01,17.93871766029246,0.0,0.0,0.0,0.14141935483870968,1.0,18.4,0.0,0.8914749051319611,0.0,68,0.0,0,Sector_14,Ministry_3,Agency_44,0,0,0,0,0,1,0
PRJ-DD22C935,2022-01-01,8.459513108614232,0.050258620689655156,0.06603448275862069,0.06603448275862069,0.10648936170212765,0.3333333333333333,16.733333333333334,0.0,0.9888706641327117,0.0,62,116.0,0,Sector_6,Ministry_5,Agency_43,0,0,0,0,0,0,0
PRJ-DD86D291,2022-01-01,7.746666666666668,0.10288461538461538,0.10288461538461538,0.10288461538461538,0.1830443974630021,1.0,7.2,0.0,1.0204846470628826,0.0,24,52.0,0,Sector_3,Ministry_7,Agency_49,0,0,0,0,0,0,0
PRJ-DDEAE812,2022-01-01,-5.323569131832798,0.13574803149606296,0.07159268929503917,0.06628422425032594,0.056156202143951,0.2857142857142857,32.2,0.0,0.9064199971452689,0.2405744125326371,8,127.83333333333333,0,Sector_1,Ministry_3,Agency_36,0,0,0,0,0,0,0
PRJ-DE0C3B5B,2022-01-01,4.680000000000007,0.13845360824742262,0.15683848797250857,0.17636597938144327,999.0,0.2,3.6,0.0,0.9508577902321064,1.6448109965635738,92,97.0,0,Sector_2,Ministry_2,Agency_23,0,0,0,0,0,0,0
PRJ-DE249578,2022-01-01,15.701642484039471,0.0,0.0,0.0,0.07159758203799654,1.0,3.0,0.0,1.3653096007842151,0.0,260,0.0,0,Sector_17,Ministry_1,Agency_46,0,0,0,0,1,1,0
PRJ-DE610DBC,2022-01-01,0.29999999999999716,0.11119565217391308,0.15312727272727272,0.13408014571948998,999.0,0.375,13.9,145.48019083177763,2.183651140103571,0.4701090909090908,51,91.57142857142857,0,Sector_3,Ministry_7,Agency_24,0,0,0,0,1,0,0
PRJ-DE8FCACB,2022-01-01,25.176644493717667,-0.009144385026737973,-0.009144385026737973,-0.009144385026737973,0.10352941176470588,1.0,26.9,0.0,2.823360633319907,0.0,129,187.0,0,Sector_20,Ministry_4,Agency_13,0,0,0,0,1,1,0
PRJ-DEBC1D62,2022-01-01,11.296619718309856,0.21147058823529413,0.18369281045751634,0.18369281045751634,0.36433333333333334,0.5,4.6,0.0,1.0673191641202215,4.94359477124183,100,102.0,0,Sector_14,Ministry_2,Agency_4,0,0,0,0,0,0,0
PRJ-DEC1CC08,2022-01-01,32.09935698447893,0.030996015936254978,0.030996015936254978,0.030996015936254978,0.1143302752293578,1.0,32.1,0.0,0.6881188988226201,0.0,256,502.0,0,Sector_15,Ministry_3,Agency_20,0,0,0,0,0,1,1
PRJ-DEC3BBEF,2022-01-01,13.48310344827587,0.06769230769230773,0.15565693430656935,0.15565693430656935,0.26111842105263156,0.5,7.9,0.0,0.9540071581465038,0.42536496350364955,63,91.33333333333333,0,Sector_2,Ministry_6,Agency_1,0,0,0,0,0,0,0
PRJ-DED911C7,2022-01-01,0.9000000000000057,0.16910256410256408,0.2218965517241379,0.2178036175710594,999.0,0.5,8.0,84.35827591732094,1.8665883244559687,3.3882327586206897,837,77.4,0,Sector_9,Ministry_9,Agency_3,0,0,0,0,1,0,0
PRJ-DF3E0C25,2022-01-01,0.0,0.11339805825242726,0.08143322475570032,0.10807504078303426,0.0,0.4444444444444444,18.8,0.0,0.8630400586447564,0.4961237785016287,341,102.125,0,Sector_3,Ministry_5,Agency_46,0,0,0,0,0,0,0
PRJ-DF6355FC,2022-01-01,-6.0637106918239,0.43949367088607594,0.43949367088607594,0.43949367088607594,0.14233415233415234,0.5,10.566666666666666,0.0,1.1071079015916037,0.0,71,79.0,0,Sector_15,Ministry_9,Agency_4,0,0,0,0,0,0,0
PRJ-DF7F1ADB,2022-01-01,1.519999999999996,0.019263157894736826,0.07929577464788735,0.09557319223985891,999.0,0.45454545454545453,21.7,0.0,0.9082323115793456,0.1464788732394366,196,94.4,0,Sector_14,Ministry_8,Agency_40,0,0,0,0,0,0,0
PRJ-DFDA74CA,2022-01-01,0.23999999999999488,0.18874999999999997,0.1358421052631579,0.14680738786279685,999.0,1.0,7.766666666666667,0.0,0.9722566723525219,0.8316315789473684,551,63.111111111111114,1,Sector_12,Ministry_7,Agency_49,0,0,0,0,0,1,1
PRJ-DFE18C84,2022-01-01,19.264710042432824,0.06969465648854961,0.0694140127388535,0.0694140127388535,0.15000000000000002,1.0,33.3,0.0,0.993965583736705,0.41782165605095545,125,261.6666666666667,1,Sector_13,Ministry_5,Agency_4,0,0,0,0,0,1,0
PRJ-E04BB0CE,2022-01-01,12.811798941798944,0.060693069306930685,0.07628712871287129,0.07628712871287129,0.12802426343154247,1.0,19.0,0.0,1.2612856939299175,0.0,65,101.0,0,Sector_9,Ministry_10,Agency_3,0,0,0,0,1,0,0
PRJ-E053F8F9,2022-01-01,57.27173913043478,0.021191709844559602,0.05086355785837651,0.05086355785837651,6.472222222222222,1.0,31.1,0.0,1.6214062156464608,0.2758031088082902,140,193.0,1,Sector_7,Ministry_4,Agency_29,0,0,0,0,1,1,0
PRJ-E1290BAF,2022-01-01,0.0,0.15229166666666671,0.20944055944055945,0.21905511811023623,0.0,0.4,7.8,125.93395374406096,2.2006282640279577,5.6907342657342666,384,95.25,0,Sector_11,Ministry_8,Agency_13,0,0,0,0,1,0,0
PRJ-E15AE1B1,2022-01-01,0.060000000000002274,0.1508547008547008,0.18302857142857143,0.17072961373390558,999.0,0.4,8.233333333333333,53.36275765477716,1.4022990812187979,2.385857142857143,194,116.5,0,Sector_2,Ministry_10,Agency_20,0,0,0,0,1,0,0
PRJ-E1CACA11,2022-01-01,10.583519553072627,0.0,0.0,0.0,0.07813971742543172,1.0,32.96666666666667,0.0,10.483923998215653,0.0,19,0.0,0,Sector_2,Ministry_4,Agency_45,0,0,0,0,0,0,0
PRJ-E1F4E4AA,2022-01-01,13.299682539682536,0.07586956521739131,0.05434782608695652,0.05434782608695652,0.08685358255451713,0.5,25.5,0.0,1.854926437970634,1.1365579710144929,134,184.0,0,Sector_7,Ministry_10,Agency_33,0,0,0,0,1,0,0
PRJ-E258A004,2022-01-01,9.049980013324458,0.06352112676056335,0.07248826291079812,0.07248826291079812,0.08002962962962963,0.0,0.0,0.0,0.8034663213928841,0.0,187,213.0,0,Sector_11,Ministry_3,Agency_41,0,0,0,0,0,0,0
PRJ-E2734A89,2022-01-01,0.0,0.15839999999999993,0.17839285714285716,0.1638255033557047,0.0,1.0,8.666666666666666,0.0,1.0218878629435977,0.6207589285714287,468,74.42857142857143,1,Sector_6,Ministry_1,Agency_7,0,0,0,0,0,1,1
PRJ-E28027E1,2022-01-01,0.0,0.11649999999999991,0.1078888888888889,0.15147222222222223,0.0,0.18181818181818182,7.1,0.0,0.9874747474747475,0.40016666666666684,777,60.0,0,Sector_2,Ministry_10,Agency_45,0,0,0,0,0,0,0
PRJ-E2AC1052,2022-01-01,9.708193832599115,0.05643478260869565,0.05643478260869565,0.05643478260869565,0.06290791599353796,1.0,4.3,0.0,1.239125535492012,0.0,119,230.0,0,Sector_17,Ministry_7,Agency_36,0,0,0,0,0,1,0
PRJ-E2D21EBC,2022-01-01,-5.819749843652282,0.06779935275080906,0.06779935275080906,0.06779935275080906,0.05643231899265477,0.0,0.0,0.0,0.9206673941234471,0.0,29,309.0,0,Sector_7,Ministry_2,Agency_41,0,0,0,0,0,0,0
PRJ-E2D46BBB,2022-01-01,-1.308085106382979,0.0,0.0,0.0,0.20947103274559192,0.0,0.0,0.0,1.803458418903209,0.0,23,0.0,0,Sector_9,Ministry_9,Agency_35,0,0,0,0,1,0,0
PRJ-E2F9C5E7,2022-01-01,-15.41455445544554,0.19184397163120565,0.16685512367491165,0.16685512367491165,0.07153297682709447,0.3333333333333333,21.866666666666667,0.0,1.468837594007831,0.0,25,141.5,0,Sector_10,Ministry_2,Agency_45,0,0,0,0,1,0,1
PRJ-E343C6D3,2022-01-01,1.3499999999999943,0.3948000000000002,0.18320000000000003,0.21344481605351173,999.0,0.25,1.9666666666666666,0.0,1.05137727220477,0.7659999999999976,694,49.857142857142854,0,Sector_16,Ministry_6,Agency_38,0,0,0,0,0,0,0
PRJ-E36E5325,2022-01-01,0.0,0.08070796460176995,0.09471810089020773,0.10664688427299703,0.0,1.0,16.433333333333334,106.3597505893758,2.1636702139379116,2.2995548961424332,56,112.25,1,Sector_14,Ministry_4,Agency_37,0,0,0,0,1,1,1
PRJ-E3715891,2022-01-01,-4.636884661117719,0.11584699453551914,0.07958181818181817,0.07136425648021828,0.05316146540027137,0.6,40.86666666666667,0.0,0.8343188392796455,0.13210909090909093,29,183.25,0,Sector_1,Ministry_7,Agency_7,0,0,0,0,0,0,0
PRJ-E39A33A8,2022-01-01,27.596956521739145,0.025038167938931308,0.07691326530612243,0.08892802450229707,2.231538461538462,1.0,19.3,0.0,1.1057896482878637,0.6406377551020409,124,130.6,0,Sector_5,Ministry_7,Agency_33,0,0,0,0,0,0,0
PRJ-E3A61821,2022-01-01,-21.482789620018544,0.3775581395348837,0.21673151750972763,0.15401941747572817,0.04002450980392156,0.7142857142857143,21.0,0.0,1.1487229083765034,2.5138132295719844,71,85.83333333333333,0,Sector_4,Ministry_7,Agency_47,0,0,0,0,0,0,1
PRJ-E3C2F955,2022-01-01,3.6099999999999994,0.06000000000000002,0.16180851063829788,0.13992021276595745,999.0,0.4,8.566666666666666,0.0,1.0142552160411158,2.7941489361702123,521,62.666666666666664,0,Sector_13,Ministry_9,Agency_5,0,0,0,0,0,0,0
PRJ-E43A25F8,2022-01-01,0.0,0.23926315789473687,0.11063380281690141,0.13091710758377426,0.0,0.375,8.033333333333333,0.0,0.9322367244770249,0.4214436619718311,399,94.57142857142857,0,Sector_16,Ministry_6,Agency_30,0,0,0,0,0,0,0
PRJ-E446BAD1,2022-01-01,28.589601837672284,0.0,0.0,0.0,0.22917553191489362,1.0,12.166666666666666,0.0,3.6988634335414527,0.0,70,0.0,0,Sector_1,Ministry_10,Agency_4,0,0,0,0,1,1,0
PRJ-E4568795,2022-01-01,14.579537366548045,0.011646341463414636,0.044857723577235775,0.044857723577235775,0.07524590163934426,0.75,40.6,0.0,1.4665623109738941,0.6859959349593496,116,164.0,0,Sector_9,Ministry_5,Agency_24,0,0,0,0,0,0,0
PRJ-E4778366,2022-01-01,-4.555206611570249,0.3309090909090908,0.23119402985074625,0.23780269058295964,0.18471153846153848,0.3333333333333333,4.533333333333333,0.0,2.1599837759589238,2.696940298507463,9,44.6,0,Sector_20,Ministry_5,Agency_23,0,0,0,0,1,0,0
PRJ-E4850FFA,2022-01-01,0.21519596864500556,0.15337500000000004,0.10241666666666668,0.1288981288981289,0.11272413793103447,0.42857142857142855,16.066666666666666,78.72017930132823,1.7096542569168482,3.7986250000000004,42,80.16666666666667,0,Sector_7,Ministry_5,Agency_28,0,0,0,0,1,0,0
PRJ-E4CB1EDE,2022-01-01,5.667903225806455,-0.014326923076923164,0.09082802547770699,0.10253184713375794,0.12900497512437814,0.7142857142857143,20.4,0.0,1.055628935826556,0.8968152866242038,59,104.66666666666667,0,Sector_1,Ministry_9,Agency_15,0,0,0,0,0,0,0
PRJ-E4D353EB,2022-01-01,0.0,0.11139664804469272,0.07366355140186916,0.08657943925233645,0.0,0.7142857142857143,30.133333333333333,0.0,0.926890213611525,1.3993644859813081,164,178.33333333333334,0,Sector_16,Ministry_9,Agency_30,0,0,0,0,0,0,0
PRJ-E52083ED,2022-01-01,25.565384615384616,0.11791044776119401,0.10473880597014924,0.10473880597014924,0.2791666666666667,1.0,9.5,0.0,1.0255110005417027,0.0,44,134.0,0,Sector_5,Ministry_1,Agency_21,0,0,0,0,0,1,0
PRJ-E54EC8A5,2022-01-01,12.647381416504222,0.0,0.0,0.0,0.07548172757475083,1.0,36.766666666666666,0.0,2.173418082523316,0.0,18,0.0,0,Sector_9,Ministry_9,Agency_39,0,0,0,0,0,1,1
PRJ-E596DAC1,2022-01-01,1.6166666666666636,0.05235714285714287,0.051111111111111114,0.051111111111111114,0.06090675791274594,0.0,0.0,0.0,1.112266170130452,0.0,93,139.5,0,Sector_4,Ministry_2,Agency_19,0,0,0,0,1,0,1
PRJ-E5D0DAA4,2022-01-01,5.729506172839507,0.0,0.0,0.0,0.08289,0.0,0.0,0.0,0.8593198191066497,0.0,83,0.0,0,Sector_14,Ministry_1,Agency_49,0,0,0,0,0,0,0
PRJ-E5DCAD27,2022-01-01,-11.189243027888448,0.0,0.0,0.0,0.17051282051282052,0.0,0.0,0.0,1.4836770260158925,0.0,17,0.0,0,Sector_12,Ministry_10,Agency_7,0,0,0,0,0,0,0
PRJ-E60CF6DA,2022-01-01,2.3240695296523484,0.0831249999999999,0.10734439834024895,0.11494802494802493,0.11933823529411768,0.4,14.466666666666667,0.0,1.1480615470401454,2.372365145228216,40,80.22222222222223,0,Sector_7,Ministry_4,Agency_17,0,0,0,0,0,0,0
PRJ-E613B135,2022-01-01,3.1166416791604163,0.21310344827586206,0.18195402298850574,0.15630372492836675,0.16396396396396395,0.5714285714285714,9.233333333333333,132.01136124552914,2.2468431060422613,0.3697126436781609,38,58.166666666666664,0,Sector_7,Ministry_6,Agency_49,0,0,0,0,1,0,0
PRJ-E63084DD,2022-01-01,1.6800707714083458,0.1193286219081272,0.1193286219081272,0.1193286219081272,0.07326409495548962,0.5,32.7,0.0,0.8748134624059468,0.0,174,283.0,0,Sector_16,Ministry_2,Agency_34,0,0,0,0,0,0,0
PRJ-E6A4E358,2022-01-01,0.0,0.13691588785046735,0.11373040752351098,0.12498432601880877,0.0,0.5,14.833333333333334,0.0,0.9080876101078122,1.2051724137931032,598,106.28571428571429,0,Sector_10,Ministry_5,Agency_48,0,0,0,0,0,0,0
PRJ-E72517DA,2022-01-01,6.79548223350254,0.0544927536231884,0.0544927536231884,0.0544927536231884,0.1383053691275168,0.5,11.5,0.0,0.8327823971723196,0.0,55,69.0,0,Sector_19,Ministry_8,Agency_5,0,0,0,0,1,0,0
PRJ-E773343A,2022-01-01,0.0,0.12159090909090896,0.2054545454545455,0.21954545454545454,0.0,0.3,2.6,122.09265053804472,2.16840418224834,2.4790151515151515,821,44.0,0,Sector_20,Ministry_5,Agency_39,0,0,0,0,1,0,0
PRJ-E78787A2,2022-01-01,4.81723427935448,0.06621118012422358,0.06515527950310558,0.060879917184265005,0.06489443378119002,0.5714285714285714,43.46666666666667,0.0,0.9799253673770777,1.5426086956521743,149,161.0,0,Sector_8,Ministry_10,Agency_4,0,0,0,0,0,0,0
PRJ-E7BCBA7E,2022-01-01,0.0,0.030925925925925957,0.09662538699690401,0.08010835913312693,0.0,1.0,24.066666666666666,17.893719806763286,1.1243800322061193,0.13727554179566565,33,107.63636363636364,1,Sector_1,Ministry_3,Agency_21,0,0,0,0,1,1,1
PRJ-E8A56561,2022-01-01,29.117832128960536,0.01634146341463413,0.0342140921409214,0.045396341463414626,0.12330232558139535,1.0,46.06666666666667,0.0,2.3084316630459085,1.4012737127371275,139,246.0,1,Sector_5,Ministry_6,Agency_5,0,0,0,0,1,1,0
PRJ-E8F6F07D,2022-01-01,44.01,0.04506493506493505,0.08499999999999999,0.11073118279569893,999.0,0.42857142857142855,17.4,0.0,1.2210744346484153,0.34198275862068966,29,77.5,1,Sector_20,Ministry_7,Agency_2,0,0,0,0,0,1,0
PRJ-E9D8DE7B,2022-01-01,46.65365296803653,0.025479452054794512,0.04445801526717557,0.051099656357388314,1.186904761904762,1.0,36.13333333333333,0.0,2.181240452271872,0.4851450381679389,181,218.25,1,Sector_8,Ministry_3,Agency_2,0,0,0,0,1,1,0
PRJ-EA11F22F,2022-01-01,-4.161821756225425,0.0,0.0,0.0,0.06214169381107492,0.0,0.0,0.0,0.47615673073982506,0.0,81,0.0,0,Sector_6,Ministry_1,Agency_16,0,0,0,0,0,0,0
PRJ-EA3E0AD2,2022-01-01,11.719371282922685,0.0,0.0,0.0,0.09799777530589543,1.0,26.7,0.0,0.6975172725886905,0.0,43,0.0,0,Sector_16,Ministry_2,Agency_40,0,0,0,0,0,1,1
PRJ-EA76D46A,2022-01-01,-8.885895478567235,0.12082840236686392,0.08550295857988166,0.07487179487179488,0.024674329501915702,0.25,36.43333333333333,0.0,1.1046413228828174,0.38514792899408284,90,169.0,0,Sector_8,Ministry_1,Agency_17,0,0,0,0,0,0,1
PRJ-EAB008A9,2022-01-01,2.683584905660375,0.0963706563706564,0.06837837837837839,0.06837837837837839,0.06654421768707483,0.6666666666666666,38.166666666666664,0.0,0.9771367326076028,0.0,79,259.0,0,Sector_14,Ministry_6,Agency_3,0,0,0,0,0,0,0
PRJ-EAE03CDE,2022-01-01,12.735244040862653,0.06513119533527698,0.06524087591240875,0.06524087591240875,0.08350840336134453,0.6666666666666666,42.0,0.0,1.011310790987389,0.0,259,342.5,0,Sector_10,Ministry_8,Agency_21,0,0,0,0,0,0,0
PRJ-EAE26D4A,2022-01-01,1.546901217861972,0.2276829268292683,0.19153374233128836,0.19153374233128836,0.13875555555555555,0.6666666666666666,12.9,0.0,0.9081900625539592,0.0,45,81.5,0,Sector_17,Ministry_8,Agency_40,0,0,0,0,0,0,0
PRJ-EAEEA5FB,2022-01-01,3.6400000000000006,0.2360000000000001,0.17850746268656717,0.16913857677902622,999.0,0.2727272727272727,4.333333333333333,0.0,0.9256054718273257,0.7355970149253731,77,44.5,0,Sector_11,Ministry_2,Agency_20,0,0,0,0,0,0,0
PRJ-EAF93B6F,2022-01-01,1.2900000000000063,0.02802325581395345,0.1747674418604651,0.14001937984496124,999.0,0.25,5.066666666666666,0.0,0.958883308506864,0.3514728682170543,57,86.0,0,Sector_17,Ministry_7,Agency_23,0,0,0,0,0,0,0
PRJ-EB1349F5,2022-01-01,0.0,0.10593750000000002,0.11954545454545454,0.08755244755244755,0.0,0.6363636363636364,21.8,0.0,1.2979158675361209,0.1710839160839161,98,95.2,0,Sector_15,Ministry_10,Agency_8,0,0,0,0,0,0,0
PRJ-EB3702B3,2022-01-01,3.13621091354997,0.0,0.0,0.0,0.063568345323741,1.0,39.6,0.0,2.3854862994571495,0.0,8,0.0,0,Sector_13,Ministry_2,Agency_36,0,0,0,0,1,1,1
PRJ-EB8EF101,2022-01-01,0.0,0.027291666666666714,0.2262676056338028,0.2128169014084507,0.0,0.7,3.8333333333333335,0.0,0.9630951318880663,0.598943661971831,64,47.22222222222222,0,Sector_6,Ministry_10,Agency_28,0,0,0,0,0,0,0
PRJ-EBA5943F,2022-01-01,11.738695652173913,0.03526748971193416,0.03526748971193416,0.03526748971193416,0.06837765957446808,0.5,35.1,0.0,1.1944240852793226,0.0,112,243.0,0,Sector_16,Ministry_6,Agency_16,0,0,0,0,0,0,0
PRJ-EBA648D3,2022-01-01,2.541135066582118,0.0,0.0,0.0,0.06523706896551724,1.0,37.333333333333336,0.0,1.3816167194573061,0.0,28,0.0,0,Sector_19,Ministry_5,Agency_47,0,0,0,0,1,0,0
PRJ-EBB2E566,2022-01-01,9.260819672131147,0.0338095238095238,0.0338095238095238,0.0338095238095238,0.07651595744680852,1.0,33.36666666666667,0.0,2.3410088212813074,0.0,42,147.0,0,Sector_4,Ministry_7,Agency_19,0,0,0,0,1,1,0
PRJ-EBBF6937,2022-01-01,34.846363636363634,0.04533333333333333,0.04533333333333333,0.04533333333333333,0.2155263157894737,1.0,14.966666666666667,0.0,1.2648551855338772,0.0,88,225.0,0,Sector_13,Ministry_8,Agency_3,0,0,0,0,0,1,0
PRJ-EBD81E46,2022-01-01,0.37000000000000455,0.05798507462686564,0.090125,0.09184999999999999,999.0,0.125,12.9,0.0,0.892389779124337,0.28540000000000004,388,133.28571428571428,0,Sector_2,Ministry_9,Agency_32,0,0,0,0,0,0,0
PRJ-EC39CB84,2022-01-01,24.833730929264902,0.1448101265822785,0.1448101265822785,0.1448101265822785,0.2209271523178808,1.0,12.366666666666667,0.0,0.8736768565811343,0.0,103,158.0,0,Sector_8,Ministry_7,Agency_46,0,0,0,0,0,1,1
PRJ-EC8A291E,2022-01-01,2.6899999999999977,-0.06897435897435891,0.16486956521739138,0.19633187772925764,999.0,0.25,1.9,0.0,0.9147417956132864,1.0184347826086957,365,38.09090909090909,0,Sector_12,Ministry_10,Agency_33,0,0,0,0,0,0,0
PRJ-EC8C4F5A,2022-01-01,1.860663811563164,0.11409638554216867,0.10804000000000001,0.1215915915915916,0.1111378555798687,0.2,17.333333333333332,0.0,1.5530712633229526,2.6218,61,83.25,0,Sector_10,Ministry_2,Agency_11,0,0,0,0,1,0,0
PRJ-ECC1692F,2022-01-01,2.9610920526014866,0.050381944444444465,0.054403244495944386,0.054403244495944386,0.06271028037383176,0.25,16.433333333333334,0.0,0.9913307403473052,0.16095017381228272,64,287.6666666666667,0,Sector_10,Ministry_8,Agency_28,0,0,0,0,0,0,0
PRJ-ECFEBD7C,2022-01-01,2.462511700468017,0.0,0.0,0.0,0.1604114490161002,0.0,0.0,0.0,1.9460995581963043,0.0,24,0.0,0,Sector_14,Ministry_6,Agency_14,0,0,0,0,0,0,0
PRJ-ED049897,2022-01-01,6.562990556138509,0.12365591397849462,0.12365591397849462,0.12365591397849462,0.11671454219030519,1.0,20.433333333333334,0.0,1.2337500728110524,0.0,24,186.0,0,Sector_17,Ministry_1,Agency_44,0,0,0,0,0,0,0
PRJ-ED1182BD,2022-01-01,0.0,0.26285714285714296,0.16086538461538458,0.18600961538461538,0.0,0.2857142857142857,4.833333333333333,0.0,0.8898183569637212,2.9747115384615386,396,69.33333333333333,0,Sector_1,Ministry_4,Agency_6,0,0,0,0,0,0,0
PRJ-ED358C85,2022-01-01,19.42996466431096,0.07888888888888888,0.07888888888888888,0.07888888888888888,0.12230769230769233,1.0,4.933333333333334,0.0,2.028162208437861,0.0,129,216.0,0,Sector_14,Ministry_8,Agency_13,0,0,0,0,1,1,0
PRJ-EDDA143C,2022-01-01,10.989999999999995,0.15437956204379566,0.08851581508515816,0.09857664233576642,999.0,1.0,20.5,0.0,0.9944588610511543,1.0257420924574208,34,137.0,1,Sector_3,Ministry_7,Agency_44,0,0,0,0,0,1,0
PRJ-EDDCAE27,2022-01-01,0.0,0.08826666666666673,0.0750222222222222,0.10821826280623609,0.0,0.16666666666666666,13.3,148.76502526441328,2.3145864063856716,2.3759999999999986,170,74.81818181818181,0,Sector_18,Ministry_9,Agency_30,0,0,0,0,1,0,0
PRJ-EDE25BCC,2022-01-01,7.942480620155035,0.09188524590163935,0.09188524590163935,0.09188524590163935,0.14627956989247312,0.5,12.2,0.0,1.430474721267793,0.0,66,122.0,0,Sector_12,Ministry_6,Agency_30,0,0,0,0,1,0,0
PRJ-EE046CE9,2022-01-01,0.0,0.0918620689655172,0.12330254041570439,0.11632963988919667,0.0,0.3333333333333333,18.633333333333333,138.8234313344078,2.467681876285222,1.0598152424942262,200,144.4,0,Sector_16,Ministry_2,Agency_17,0,0,0,0,1,0,0
PRJ-EE1E6837,2022-01-01,23.165342960288804,0.0,0.0,0.0,0.17080610021786494,1.0,1.2333333333333334,0.0,0.9160407686786162,0.0,169,0.0,0,Sector_4,Ministry_10,Agency_11,0,0,0,0,0,1,0
PRJ-EE4A4B40,2022-01-01,6.640000000000001,0.1481818181818182,0.15464285714285717,0.12959079283887467,999.0,1.0,5.5,127.48974059243416,2.5626540749308706,9.389948979591836,175,65.11111111111111,1,Sector_19,Ministry_10,Agency_37,0,0,0,0,1,1,1
PRJ-EECC0872,2022-01-01,10.803982349696646,0.06632411067193676,0.06593130779392338,0.06593130779392338,0.07381692573402418,0.75,44.8,0.0,1.0095025615009472,0.13478203434610303,225,252.33333333333334,0,Sector_9,Ministry_6,Agency_21,0,0,0,0,0,0,0
PRJ-EEEB5204,2022-01-01,4.326773455377575,0.0,0.0,0.0,0.05998715478484265,1.0,41.43333333333333,0.0,0.7639571782264533,0.0,51,0.0,0,Sector_19,Ministry_4,Agency_43,0,0,0,0,0,0,0
PRJ-EEEC1103,2022-01-01,8.95405833861763,0.0,0.0,0.0,0.07023628048780488,1.0,37.733333333333334,0.0,1.972555266795282,0.0,95,0.0,0,Sector_13,Ministry_4,Agency_27,0,0,0,0,1,0,0
PRJ-EF1F3FDC,2022-01-01,1.6863757495003355,0.06683962264150944,0.05828235294117647,0.05828235294117647,0.06868131868131869,0.0,0.0,0.0,0.895069690221054,0.0,45,212.5,0,Sector_5,Ministry_7,Agency_5,0,0,0,0,0,0,0
PRJ-EF5D6ACF,2022-01-01,8.272116182572617,0.07495652173913045,0.07495652173913045,0.07495652173913045,0.09225083986562149,1.0,26.166666666666668,0.0,1.7791760288765348,0.0,82,115.0,0,Sector_16,Ministry_1,Agency_45,0,0,0,0,1,0,0
PRJ-EFB0C6D3,2022-01-01,14.455979708306906,0.026956521739130435,0.06098684210526316,0.06098684210526316,0.09664367816091954,0.5,37.833333333333336,0.0,0.9851996785709545,0.2913421052631579,129,253.33333333333334,0,Sector_3,Ministry_7,Agency_30,0,0,0,0,0,0,0
PRJ-EFCF629C,2022-01-01,7.43084745762712,0.0,0.0,0.0,0.10461322081575246,0.0,0.0,0.0,0.736999506299126,0.0,142,0.0,0,Sector_2,Ministry_4,Agency_11,0,0,0,0,0,0,0
PRJ-EFE022A0,2022-01-01,5.7854901960784275,0.09593406593406589,0.10087912087912088,0.08836996336996338,0.1161755485893417,0.7142857142857143,17.833333333333332,0.0,1.0806032383402782,0.19263736263736264,65,91.0,0,Sector_7,Ministry_7,Agency_11,0,0,0,0,0,0,0
PRJ-F00CD484,2022-01-01,3.057204610951004,0.11042553191489372,0.10373665480427048,0.09761565836298933,0.13525641025641022,0.8,20.566666666666666,0.0,1.013025858954919,1.2189679715302495,27,93.66666666666667,0,Sector_9,Ministry_1,Agency_48,0,0,0,0,0,0,0
PRJ-F044ED54,2022-01-01,9.769283489096573,0.05852830188679244,0.05394339622641509,0.05394339622641509,0.07701807228915662,0.3333333333333333,22.766666666666666,0.0,0.9670207138211663,0.0,146,265.0,0,Sector_15,Ministry_2,Agency_4,0,0,0,0,0,0,0
PRJ-F04B2274,2022-01-01,20.26635726795096,0.047207207207207225,0.14447963800904978,0.14447963800904978,0.2877222222222222,0.6666666666666666,10.233333333333333,0.0,1.406863143003586,0.0,60,110.5,0,Sector_7,Ministry_7,Agency_21,0,0,0,0,0,0,0
PRJ-F06F0299,2022-01-01,25.42,0.0,0.0,0.0,0.18468686868686868,1.0,11.733333333333333,0.0,0.19517054491194602,0.0,125,0.0,0,Sector_7,Ministry_3,Agency_27,0,0,0,0,0,1,0
PRJ-F07D3FEF,2022-01-01,35.123359840954286,0.08248756218905472,0.06943615257048093,0.06943615257048093,0.3849593495934959,1.0,21.366666666666667,0.0,0.8945863328195971,0.3937479270315091,80,201.0,1,Sector_10,Ministry_6,Agency_26,0,0,0,0,0,1,0
PRJ-F097D742,2022-01-01,15.406126126126123,0.0,0.0,0.0,0.09898004434589801,1.0,27.9,0.0,1.2012608935189824,0.0,111,0.0,0,Sector_9,Ministry_4,Agency_4,0,0,0,0,0,1,0
PRJ-F0CAFFEA,2022-01-01,0.0,0.08916201117318433,0.10985074626865672,0.10753501400560224,0.0,0.2,9.3,0.0,0.9142243630665661,0.3205037313432836,546,178.5,0,Sector_12,Ministry_3,Agency_7,0,0,0,0,0,0,0
PRJ-F1059436,2022-01-01,0.0,0.11919191919191917,0.168013468013468,0.13915824915824915,0.0,0.2857142857142857,8.3,0.0,1.0338537397792917,2.2542087542087543,727,99.0,0,Sector_20,Ministry_8,Agency_8,0,0,0,0,0,0,0
PRJ-F10F560F,2022-01-01,8.483734743694058,0.13792134831460676,0.07585365853658536,0.07874015748031496,0.16065420560747662,1.0,23.733333333333334,0.0,0.8923959958937141,0.6185178236397749,56,177.8,1,Sector_5,Ministry_1,Agency_13,0,0,0,0,0,1,0
PRJ-F113DF8E,2022-01-01,9.426530612244896,0.11481203007518796,0.08461152882205514,0.08461152882205514,0.09777397260273973,1.0,27.3,0.0,0.8638966117481892,5.215037593984963,109,133.0,0,Sector_17,Ministry_10,Agency_11,0,0,0,0,0,0,0
PRJ-F1159D82,2022-01-01,19.709451152579582,0.021512605042016807,0.021512605042016807,0.021512605042016807,0.07473313192346426,1.0,37.4,0.0,1.024558708686773,0.0,115,357.0,0,Sector_11,Ministry_6,Agency_36,0,0,0,0,0,1,1
PRJ-F166D133,2022-01-01,0.0,0.3006382978723403,0.2553900709219858,0.1998581560283688,0.0,0.36363636363636365,2.6666666666666665,0.0,0.953766042499474,0.37687943262411355,662,47.0,0,Sector_16,Ministry_5,Agency_46,0,0,0,0,0,0,0
PRJ-F1CADA3E,2022-01-01,6.340000000000003,0.07746478873239436,0.14455399061032864,0.15134117647058823,999.0,1.0,5.2,0.0,0.9317721390135005,0.7531455399061031,531,70.85714285714286,1,Sector_5,Ministry_4,Agency_1,0,0,0,0,0,1,1
PRJ-F1F9AE63,2022-01-01,3.7641222366709997,0.1423684210526316,0.1423684210526316,0.1423684210526316,0.1392874692874693,0.0,0.0,0.0,1.3776546929669369,0.0,58,152.0,0,Sector_4,Ministry_1,Agency_10,0,0,0,0,1,0,0
PRJ-F20F879B,2022-01-01,3.719372693726939,0.1451136363636363,0.1451136363636363,0.1451136363636363,0.19544117647058826,0.0,0.0,0.0,0.8843749846806017,0.0,27,88.0,0,Sector_17,Ministry_4,Agency_23,0,0,0,0,0,0,0
PRJ-F22E2937,2022-01-01,-6.235583982202442,0.12534246575342464,0.07578587699316627,0.0731890660592255,0.040555555555555574,0.5555555555555556,38.96666666666667,0.0,0.8620241503300171,0.4674031890660591,67,146.375,0,Sector_5,Ministry_3,Agency_5,0,0,0,0,0,0,1
PRJ-F235EAC3,2022-01-01,0.0,0.08082568807339452,0.10241590214067277,0.11398162327718224,0.0,1.0,17.2,136.621155488515,2.312158250241235,5.664984709480121,564,108.85714285714286,1,Sector_9,Ministry_5,Agency_27,0,0,0,0,1,1,1
PRJ-F242499F,2022-01-01,19.447536231884058,-0.0020942408376962906,0.061064572425828974,0.0636649214659686,0.35028571428571426,0.6666666666666666,26.866666666666667,102.7117817024803,2.0232659889126974,6.57565445026178,164,191.0,0,Sector_9,Ministry_7,Agency_18,0,0,0,0,1,0,0
PRJ-F2594B9A,2022-01-01,0.0,0.20553191489361694,0.17375886524822695,0.19619217081850535,0.0,0.5,6.1,0.0,0.8995531377501457,0.9451773049645389,391,46.81818181818182,0,Sector_4,Ministry_2,Agency_40,0,0,0,0,0,0,0
PRJ-F2617B2E,2022-01-01,28.771891891891894,0.0,0.0,0.0,0.24443569553805772,1.0,9.266666666666667,0.0,2.085578921405078,0.0,99,0.0,0,Sector_15,Ministry_6,Agency_27,0,0,0,0,0,1,0
PRJ-F267BAAE,2022-01-01,15.625379369138955,0.06837837837837837,0.07407207207207207,0.07407207207207207,0.1228125,1.0,26.233333333333334,0.0,1.8751855335596606,0.3502882882882883,17,185.0,1,Sector_5,Ministry_7,Agency_3,0,0,0,0,1,1,0
PRJ-F27B90E5,2022-01-01,0.0,0.1520952380952381,0.11073015873015872,0.12103174603174603,0.0,0.5,22.1,0.0,0.8978976771537782,0.3411111111111111,114,105.0,0,Sector_10,Ministry_5,Agency_33,0,0,0,0,0,0,0
PRJ-F2ABADA3,2022-01-01,-8.823911620294595,0.22750000000000017,0.255,0.19491071428571433,0.10919753086419752,0.625,8.333333333333334,136.9812724792261,2.468170977630856,4.883511904761905,2,56.0,0,Sector_15,Ministry_2,Agency_16,0,0,0,0,1,0,0
PRJ-F3045F9C,2022-01-01,12.159999999999997,0.017252747252747332,0.1193357933579336,0.17588495575221239,999.0,0.5,10.633333333333333,0.0,1.190555503530629,2.076937269372694,586,90.4,0,Sector_8,Ministry_1,Agency_25,0,0,0,0,0,0,0
PRJ-F32E8A83,2022-01-01,5.867608695652166,0.08313807531380756,0.07391910739191075,0.0730334728033473,0.10089887640449435,0.8,34.9,0.0,1.0491791710416114,0.05377963737796374,99,239.0,0,Sector_4,Ministry_6,Agency_14,0,0,0,0,0,0,0
PRJ-F380C4AF,2022-01-01,2.625369220151832,-0.003000000000000012,0.07422434367541765,0.07422434367541765,0.0719729425028185,0.75,33.5,0.0,1.2683520380103215,0.2108114558472554,4,139.66666666666666,0,Sector_10,Ministry_8,Agency_14,0,0,0,0,0,0,0
PRJ-F3901E5E,2022-01-01,4.140000000000001,0.024249999999999973,0.11405857740585776,0.08535564853556485,999.0,0.4166666666666667,14.433333333333334,0.0,0.88442529473593,0.47552301255230117,492,79.72727272727273,0,Sector_20,Ministry_9,Agency_33,0,0,0,0,0,0,0
PRJ-F3F6C259,2022-01-01,4.1785714285714235,0.010869565217391304,0.05718072289156627,0.06613603473227207,0.06492248062015504,0.6666666666666666,39.333333333333336,0.0,1.1966387441035216,1.7186746987951806,77,138.2,0,Sector_3,Ministry_1,Agency_15,0,0,0,0,0,0,0
PRJ-F442ECF3,2022-01-01,3.897706855791963,0.05325925925925924,0.07625925925925925,0.07625925925925925,0.08334498834498835,1.0,28.6,0.0,1.5347709592030903,0.0,6,135.0,0,Sector_13,Ministry_9,Agency_15,0,0,0,0,0,0,0
PRJ-F452E130,2022-01-01,12.439999999999998,0.15870229007633593,0.0972704081632653,0.09052295918367347,999.0,1.0,19.766666666666666,0.0,0.9045076234056277,0.19043367346938772,38,130.71428571428572,1,Sector_5,Ministry_6,Agency_45,0,0,0,0,0,1,0
PRJ-F45AA28F,2022-01-01,9.684654300168638,0.1683333333333334,0.09424999999999999,0.15458646616541352,0.20816326530612245,0.8333333333333334,7.0,0.0,1.2525286489828458,0.4374375,29,53.2,0,Sector_16,Ministry_5,Agency_48,0,0,0,0,1,0,0
PRJ-F470CC8F,2022-01-01,13.544424484364601,0.0,0.0,0.0,0.08141758241758242,1.0,2.8,0.0,0.8069612650102079,0.0,209,0.0,0,Sector_5,Ministry_4,Agency_16,0,0,0,0,0,1,0
PRJ-F47D846F,2022-01-01,10.881127819548873,0.057933333333333316,0.0974581939799331,0.0974581939799331,0.1169409282700422,0.0,0.0,0.0,1.048609387713501,0.0,142,149.5,0,Sector_1,Ministry_4,Agency_27,0,0,0,0,0,0,0
PRJ-F4A40605,2022-01-01,26.14857142857143,0.06813793103448276,0.04502581755593804,0.04502581755593804,0.14913846153846153,0.6666666666666666,25.133333333333333,0.0,1.2337293812139971,0.0,260,290.5,0,Sector_7,Ministry_5,Agency_43,0,0,0,0,0,0,0
PRJ-F4B3E50E,2022-01-01,35.20056603773585,-0.0011764705882353038,0.024264705882352945,0.04096813725490196,0.22719827586206898,1.0,31.7,0.0,2.3268365073476733,3.200179738562092,73,204.0,1,Sector_14,Ministry_2,Agency_20,0,0,0,0,1,1,0
PRJ-F4C58EB6,2022-01-01,6.844303797468356,0.0,0.0,0.0,0.2758278145695364,1.0,1.4,0.0,0.6525733187782934,0.0,2,0.0,0,Sector_3,Ministry_8,Agency_28,0,0,0,0,0,1,0
PRJ-F4FA9B03,2022-01-01,18.559027911453327,0.09950980392156865,0.07950980392156862,0.07950980392156862,0.3372727272727273,0.75,16.8,0.0,0.8991495841871728,0.5519281045751634,146,204.0,0,Sector_12,Ministry_6,Agency_43,0,0,0,0,0,0,0
PRJ-F51C2258,2022-01-01,-7.7648344370860904,0.0,0.0,0.0,0.05007246376811594,0.0,0.0,0.0,0.5587972735688602,0.0,1,0.0,0,Sector_19,Ministry_7,Agency_19,0,0,0,0,0,0,0
PRJ-F53E6E94,2022-01-01,13.134678811121766,0.0,0.0,0.0,0.11491304347826085,1.0,2.2666666666666666,0.0,1.1337169456571339,0.0,77,0.0,0,Sector_9,Ministry_9,Agency_29,0,0,0,0,0,1,1
PRJ-F597F0BF,2022-01-01,12.005714285714284,0.08018181818181819,0.14063636363636364,0.14063636363636364,0.2376470588235294,0.3333333333333333,4.2,0.0,0.9535455203241416,0.0,34,55.0,0,Sector_13,Ministry_6,Agency_30,0,0,0,0,0,0,0
PRJ-F5CC3E60,2022-01-01,37.11035794183445,0.08781376518218623,0.08781376518218623,0.08781376518218623,0.27606194690265484,1.0,18.866666666666667,0.0,1.4038061225151681,0.0,174,247.0,0,Sector_9,Ministry_8,Agency_27,0,0,0,0,1,1,0
PRJ-F6296A8D,2022-01-01,5.469999999999999,-0.03538461538461527,0.17017094017094014,0.17510729613733908,999.0,0.3333333333333333,3.3666666666666667,39.0631880228974,1.4143881689023676,1.1341025641025642,263,38.90909090909091,0,Sector_18,Ministry_5,Agency_40,0,0,0,0,1,0,0
PRJ-F629D7EE,2022-01-01,0.0,0.1963953488372093,0.14961089494163426,0.14717348927875243,0.0,0.375,11.1,0.0,1.011492871194819,6.147548638132297,441,85.57142857142857,0,Sector_17,Ministry_3,Agency_33,0,0,0,0,0,0,0
PRJ-F64943E9,2022-01-01,0.0,0.10930000000000006,0.03531772575250837,0.10939799331103679,0.0,0.3333333333333333,10.966666666666667,77.97935794572041,1.7156800573492514,2.1832441471571906,459,99.75,0,Sector_4,Ministry_9,Agency_12,0,0,0,0,1,0,0
PRJ-F6DAA594,2022-01-01,12.612915921288014,0.07934426229508203,0.1871891891891892,0.16995951417004052,0.23895238095238094,0.8,7.566666666666666,0.0,1.2880413873841432,2.154864864864865,41,61.75,0,Sector_3,Ministry_8,Agency_40,0,0,0,0,0,0,0
PRJ-F7184E14,2022-01-01,32.44,0.1412867647058824,0.10330275229357799,0.10330275229357799,999.0,1.0,23.466666666666665,0.0,1.0224216350561828,0.0,255,272.5,1,Sector_4,Ministry_4,Agency_49,0,0,0,0,0,1,0
PRJ-F73D6E06,2022-01-01,16.66342489772063,0.027947598253275103,0.05069716775599128,0.05069716775599128,0.07744583808437856,1.0,41.7,0.0,1.1834106652139502,0.0,146,229.5,0,Sector_19,Ministry_6,Agency_10,0,0,0,0,0,1,0
PRJ-F74A8A2C,2022-01-01,9.283349168646083,0.09180327868852459,0.0753021978021978,0.0753021978021978,0.09299107142857144,0.75,24.7,0.0,1.7695737757602539,0.2288186813186813,106,121.33333333333333,0,Sector_3,Ministry_8,Agency_27,0,0,0,0,1,0,0
PRJ-F76E77CD,2022-01-01,6.0456511205330115,0.0,0.0,0.0,0.064645987862441,1.0,39.53333333333333,0.0,-0.04421166367044863,0.0,5,0.0,0,Sector_16,Ministry_3,Agency_11,0,0,0,0,0,0,0
PRJ-F782DEEF,2022-01-01,39.22825775656325,0.11017241379310345,0.12586206896551724,0.12482758620689655,0.722962962962963,1.0,7.866666666666666,0.0,1.0217347567549524,0.4175862068965517,49,58.0,1,Sector_17,Ministry_4,Agency_35,0,0,0,0,0,1,0
PRJ-F7882DBE,2022-01-01,15.257393364928916,0.05424242424242424,0.05424242424242424,0.05424242424242424,0.07431818181818182,1.0,41.233333333333334,0.0,0.8794052541805768,0.0,148,264.0,0,Sector_14,Ministry_8,Agency_8,0,0,0,0,0,1,0
PRJ-F7C20964,2022-01-01,11.507830950901187,0.0800632911392405,0.0800632911392405,0.0800632911392405,0.07942942942942943,0.0,0.0,0.0,1.3807584675088391,0.0,312,316.0,0,Sector_8,Ministry_6,Agency_49,0,0,0,0,1,0,0
PRJ-F80ADA62,2022-01-01,16.766066522053507,0.096878612716763,0.061483622350674366,0.061483622350674366,0.09965742251223492,1.0,31.5,0.0,0.9830467220489079,0.31057803468208084,79,173.0,0,Sector_17,Ministry_9,Agency_26,0,0,0,0,0,1,0
PRJ-F835C5C1,2022-01-01,-4.331415929203537,0.18764367816091954,0.18764367816091954,0.18764367816091954,0.059391534391534384,0.5,37.9,0.0,0.4725610477770896,0.0,101,174.0,0,Sector_1,Ministry_4,Agency_43,0,0,0,0,0,0,1
PRJ-F8452252,2022-01-01,0.30266965787997613,0.0,0.0,0.0,0.05627877237851662,0.0,0.0,0.0,0.9551241635140085,0.0,45,0.0,0,Sector_12,Ministry_9,Agency_18,0,0,0,0,0,0,0
PRJ-F84FB572,2022-01-01,5.436337448559669,0.044824120603015084,0.07726130653266332,0.07726130653266332,0.09229779411764706,0.3333333333333333,16.266666666666666,0.0,1.0139862615052864,0.0,74,199.0,0,Sector_17,Ministry_6,Agency_8,0,0,0,0,0,0,0
PRJ-F8B913A0,2022-01-01,1.6400000000000006,0.24172413793103442,0.28325581395348837,0.28452961672473864,999.0,0.5,3.933333333333333,0.0,1.0484419110206347,0.7427906976744186,383,57.4,0,Sector_16,Ministry_9,Agency_19,0,0,0,0,0,0,0
PRJ-F8F05C0C,2022-01-01,0.0,0.12182926829268287,0.29745901639344263,0.2520923076923077,0.0,0.4,6.466666666666667,0.0,0.980289572940747,0.20315573770491802,679,81.25,0,Sector_10,Ministry_10,Agency_14,0,0,0,0,0,0,0
PRJ-F90026C5,2022-01-01,3.7099999999999937,-0.017558139534883613,0.10268482490272374,0.12793774319066148,999.0,0.3333333333333333,10.533333333333333,70.5616692007768,1.7790095178228666,1.4111673151750976,635,85.75,0,Sector_2,Ministry_10,Agency_43,0,0,0,0,1,0,0
PRJ-F93C627C,2022-01-01,21.295185185185183,-0.19402877697841725,0.03719424460431655,0.03719424460431655,0.14693050193050192,1.0,13.633333333333333,0.0,0.9289633537277838,0.0,10,139.0,0,Sector_4,Ministry_9,Agency_33,0,0,0,0,0,1,0
PRJ-F9438B61,2022-01-01,5.855652173913043,0.06543103448275865,0.03798850574712646,0.07581061692969872,0.08006791171477079,0.5714285714285714,31.6,0.0,0.9275941974257742,0.7112931034482758,24,116.16666666666667,0,Sector_14,Ministry_7,Agency_23,0,0,0,0,0,0,0
PRJ-F95BBB56,2022-01-01,3.7666666666666657,0.12095652173913042,0.08695652173913043,0.08695652173913043,0.07295158286778398,1.0,32.0,0.0,0.9852610836608765,0.0,21,115.0,0,Sector_13,Ministry_3,Agency_32,0,0,0,0,0,0,0
PRJ-F9821743,2022-01-01,3.760000000000005,0.1297916666666666,0.15807692307692306,0.16015734265734266,999.0,0.5714285714285714,12.266666666666667,118.30169901187175,2.2636394172897343,2.123636363636364,136,95.33333333333333,0,Sector_10,Ministry_1,Agency_3,0,0,0,0,1,0,0
PRJ-F9BE60CF,2022-01-01,-1.8976126674786826,0.05773993808049537,0.06973140495867769,0.06973140495867769,0.05474025974025974,0.5,38.8,0.0,0.9752522656991159,0.32920454545454547,44,322.6666666666667,0,Sector_2,Ministry_4,Agency_17,0,0,0,0,0,0,0
PRJ-F9D248C8,2022-01-01,0.0,0.2724242424242423,0.13818181818181824,0.2898989898989899,0.0,0.36363636363636365,1.0,0.0,1.4002928032054245,1.8630303030303028,294,33.0,0,Sector_19,Ministry_5,Agency_27,0,0,0,0,0,0,0
PRJ-FA59675F,2022-01-01,3.187138047138049,0.10722689075630257,0.033025210084033634,0.06401122019635344,0.17724137931034484,0.5833333333333334,33.4,0.0,1.0305344885749113,0.2352380952380953,30,118.9090909090909,0,Sector_3,Ministry_6,Agency_39,0,0,0,0,0,0,0
PRJ-FAA4A1CF,2022-01-01,21.55146928435719,-0.0536607142857143,0.0567337807606264,0.0567337807606264,0.09429597701149425,1.0,37.8,0.0,1.0295636928226561,0.0,213,223.5,0,Sector_6,Ministry_2,Agency_37,0,0,0,0,0,1,0
PRJ-FAC4FEAA,2022-01-01,-0.6215074024226084,0.11456790123456792,0.11456790123456792,0.11456790123456792,0.06659955257270693,0.5,35.3,0.0,1.6392513759747098,0.0,107,243.0,0,Sector_20,Ministry_2,Agency_8,0,0,0,0,1,0,0
PRJ-FAE0C502,2022-01-01,0.0,0.10726027397260271,0.17055299539170507,0.18775981524249422,0.0,0.25,8.0,0.0,0.8981466938903723,0.3566820276497696,79,72.14285714285714,0,Sector_9,Ministry_9,Agency_21,0,0,0,0,0,0,0
PRJ-FB31F114,2022-01-01,0.0,0.10615384615384607,0.21608974358974356,0.18208333333333335,0.0,0.6363636363636364,6.566666666666666,0.0,0.9658730645722117,1.2377564102564105,507,52.0,0,Sector_6,Ministry_3,Agency_31,0,0,0,0,0,0,0
PRJ-FB6DB8AA,2022-01-01,41.27918781725889,0.08234375000000005,0.15780104712041884,0.1139607843137255,0.9655172413793104,1.0,8.633333333333333,0.0,2.0602956323472177,3.761047120418848,18,63.75,1,Sector_16,Ministry_6,Agency_43,0,0,0,0,1,1,0
PRJ-FBA86C86,2022-01-01,1.4199448867115763,0.015187969924812,0.08886934673366835,0.06217336683417086,0.06497368421052631,0.4444444444444444,37.9,0.0,1.000543856409917,2.018492462311558,60,132.625,0,Sector_7,Ministry_3,Agency_43,0,0,0,0,0,0,0
PRJ-FBE8ED94,2022-01-01,-5.325151148730356,0.11968749999999995,0.14848958333333337,0.12783854166666667,0.09918367346938774,0.3333333333333333,12.0,23.029813234340725,1.1637613069338706,9.673125,6,64.0,0,Sector_1,Ministry_2,Agency_35,0,0,0,0,1,0,0
PRJ-FBF24A77,2022-01-01,6.55012658227848,0.005977011494252909,0.06564053537284896,0.05645315487571702,0.0838244514106583,0.5714285714285714,32.96666666666667,67.4616597391429,1.6481359465450047,0.2682600382409177,41,174.33333333333334,0,Sector_7,Ministry_1,Agency_5,0,0,0,0,1,0,0
PRJ-FC364547,2022-01-01,-24.402426035502963,0.27357664233576645,0.12543689320388351,0.11398907103825137,0.03307898259705488,0.2,27.9,0.0,1.2601321059953223,0.8189563106796117,88,137.25,0,Sector_14,Ministry_7,Agency_9,0,0,0,0,0,0,1
PRJ-FC82B765,2022-01-01,6.849999999999994,0.06136363636363639,0.08981450252951097,0.09482932996207333,999.0,0.6,22.333333333333332,0.0,1.0708607907099956,0.1972175379426644,465,197.75,0,Sector_19,Ministry_7,Agency_43,0,0,0,0,0,0,0
PRJ-FCAECD78,2022-01-01,16.853558606124608,0.0,0.0,0.0,0.12974212034383956,1.0,20.333333333333332,0.0,2.737248954982341,0.0,74,0.0,0,Sector_3,Ministry_9,Agency_24,0,0,0,0,1,1,0
PRJ-FCCFA2EE,2022-01-01,28.826341030195383,0.0,0.0,0.0,0.2524935064935065,1.0,7.7,0.0,9.731075251676511,0.0,50,0.0,0,Sector_20,Ministry_8,Agency_30,0,0,0,0,1,1,0
PRJ-FCE189AF,2022-01-01,0.0,0.07493670886075951,0.13991489361702125,0.15978723404255318,0.0,0.4444444444444444,12.666666666666666,0.0,0.9338530066815145,0.4086808510638299,52,78.25,0,Sector_2,Ministry_9,Agency_10,0,0,0,0,0,0,0
PRJ-FD00D456,2022-01-01,0.0,0.0938888888888889,0.09395061728395061,0.1116358024691358,0.0,0.375,17.333333333333332,0.0,0.9563742123121668,0.03197530864197531,32,108.0,0,Sector_19,Ministry_5,Agency_29,0,0,0,0,0,0,0
PRJ-FD054A11,2022-01-01,0.0,0.034140625000000036,0.110546875,0.10501302083333335,0.0,0.42857142857142855,16.766666666666666,0.0,0.9115217391304348,0.08828124999999999,198,128.0,0,Sector_7,Ministry_6,Agency_46,0,0,0,0,0,0,0
PRJ-FD0A5F51,2022-01-01,12.29176733780761,0.07557894736842105,0.07557894736842105,0.07557894736842105,0.13190864600326263,0.5,15.2,0.0,2.7149718319156713,0.0,92,95.0,0,Sector_1,Ministry_4,Agency_23,0,0,0,0,1,0,0
PRJ-FD182EC7,2022-01-01,-0.8671261930010701,0.10513966480446932,0.10817504655493483,0.10817504655493483,0.10062499999999996,0.0,0.0,0.0,0.9413552298566128,0.20897579143389197,68,179.0,0,Sector_13,Ministry_4,Agency_13,0,0,0,0,0,0,0
PRJ-FD3AD1F2,2022-01-01,4.984702081837762,0.0,0.0,0.0,0.07608096468561584,1.0,32.63333333333333,0.0,1.273176830136592,0.0,60,0.0,0,Sector_12,Ministry_4,Agency_35,0,0,0,0,0,0,0
PRJ-FD84E8C9,2022-01-01,4.659999999999997,0.08091954022988512,0.09602316602316605,0.11949806949806951,999.0,0.3333333333333333,7.0,101.78775199695703,2.1480249301752266,0.055907335907335924,392,86.25,0,Sector_15,Ministry_10,Agency_45,0,0,0,0,1,0,0
PRJ-FD96DFEE,2022-01-01,1.3700000000000045,0.05333333333333332,0.09147426981919332,0.08375782881002088,999.0,0.4,27.533333333333335,0.0,1.006749427823876,1.2067872044506258,191,239.5,0,Sector_3,Ministry_9,Agency_15,0,0,0,0,0,0,0
PRJ-FD9A3486,2022-01-01,10.64,0.0338271604938271,0.09473251028806583,0.12443298969072164,999.0,0.625,11.133333333333333,0.0,1.0408527046927127,1.211111111111111,156,80.85714285714286,0,Sector_2,Ministry_6,Agency_28,0,0,0,0,0,0,0
PRJ-FDE07F62,2022-01-01,-0.5927102803738364,0.14914285714285716,0.09304761904761906,0.09914285714285716,0.076,0.5,29.066666666666666,0.0,0.8547770955631,0.1583809523809524,130,140.0,0,Sector_7,Ministry_3,Agency_9,0,0,0,0,0,0,0
PRJ-FDF5E46D,2022-01-01,14.399350333940497,-0.007358490566037747,0.04658490566037735,0.04658490566037735,0.08360890302066773,0.3333333333333333,23.466666666666665,0.0,2.0593163768159886,0.0,224,265.0,0,Sector_4,Ministry_4,Agency_46,0,0,0,0,1,0,0
PRJ-FE133E2F,2022-01-01,8.921168831168831,0.11134831460674158,0.11134831460674158,0.11134831460674158,0.10296000000000001,1.0,20.966666666666665,0.0,3.3639042596493542,0.0,25,89.0,0,Sector_9,Ministry_8,Agency_2,0,0,0,0,1,0,0
PRJ-FE46B746,2022-01-01,6.0153699284009505,0.3490384615384616,0.2926923076923077,0.2926923076923077,0.26588235294117646,1.0,5.0,0.0,0.8017653285220534,0.0,42,52.0,0,Sector_6,Ministry_8,Agency_24,0,0,0,0,0,0,0
PRJ-FE5BC4E4,2022-01-01,0.0,0.10304123711340203,0.10084337349397592,0.10649032258064517,0.0,0.4,21.833333333333332,0.0,0.8898228760132092,1.153063683304647,395,193.75,0,Sector_11,Ministry_7,Agency_38,0,0,0,0,0,0,0
PRJ-FE8770EB,2022-01-01,19.89747967479675,0.009166666666666663,0.009166666666666663,0.009166666666666663,0.13296062992125984,0.5,17.6,0.0,1.483296921912049,0.0,109,120.0,0,Sector_19,Ministry_6,Agency_19,0,0,0,0,0,0,0
PRJ-FE8A53E7,2022-01-01,7.315777400169921,0.0836893203883495,0.061601941747572816,0.061601941747572816,0.0940496894409938,0.6666666666666666,22.1,0.0,1.2983706644815745,0.0,64,103.0,0,Sector_20,Ministry_5,Agency_18,0,0,0,0,0,0,0
PRJ-FEC5E8B2,2022-01-01,3.1406535947712513,0.0859055118110236,0.06742782152230971,0.07801837270341207,0.07481927710843375,0.4444444444444444,28.266666666666666,0.0,0.9567172492241619,0.35149606299212593,55,127.0,0,Sector_4,Ministry_8,Agency_39,0,0,0,0,0,0,0
PRJ-FF3C061E,2022-01-01,31.407700770077007,0.10177474402730376,0.10177474402730376,0.10177474402730376,0.2602870813397129,1.0,19.266666666666666,0.0,0.8381334434286144,0.0,115,293.0,0,Sector_4,Ministry_4,Agency_23,0,0,0,0,0,1,0
PRJ-FF4BFC14,2022-01-01,40.69,0.1902608695652174,0.12107246376811595,0.0907608695652174,999.0,1.0,10.566666666666666,0.0,0.7304381918163295,0.32202898550724646,3,115.0,1,Sector_13,Ministry_3,Agency_6,0,0,0,0,0,1,0
PRJ-FFB6A52B,2022-01-01,0.9130461367426363,0.07160958904109588,0.0655125284738041,0.0655125284738041,0.05724954462659382,0.5,44.0,0.0,0.8893703419198039,0.1780068337129841,80,292.6666666666667,0,Sector_8,Ministry_7,Agency_6,0,0,0,0,0,0,0
PRJ-FFCE45B7,2022-01-01,3.769999999999996,0.15214285714285733,0.1987951807228916,0.23123867069486406,999.0,0.625,6.233333333333333,0.0,0.9730547923537829,0.7998192771084336,574,55.142857142857146,0,Sector_3,Ministry_7,Agency_15,0,0,0,0,0,0,0
PRJ-FFD7A2AB,2022-01-01,0.0,0.1777777777777778,0.0868253968253968,0.12440318302387268,0.0,0.5,11.766666666666667,0.0,0.944217843396335,0.16042328042328055,407,62.90909090909091,0,Sector_19,Ministry_6,Agency_24,0,0,0,0,0,0,0
